    3D DATASET FOR MULTALL, GENERATED BY STAGEN  
   37    0   37    0 9000    0    0    3   12    1    2   37   10   10 1000
    0    2    1    3    0    1    0   10    5    0    1    0
    3    3    3    9    9    9    1    3    1
  BLADE ROW NUMBER =        1                                           
  111   26   96  123    0    0    1    1    1    1    0    0    0    0    0    0
   12000.0   76640.2   76640.2   98467.0   98467.0   0.00000   12000.0
  1.000000
 -0.006569 -0.005829 -0.005170 -0.004583 -0.004060 -0.003593 -0.003178 -0.002808
 -0.002478 -0.002185 -0.001923 -0.001690 -0.001482 -0.001297 -0.001132 -0.000985
 -0.000854 -0.000737 -0.000633 -0.000540 -0.000458 -0.000384 -0.000318 -0.000260
 -0.000208 -0.000161 -0.000116 -0.000068 -0.000019  0.000033  0.000088  0.000145
  0.000205  0.000269  0.000336  0.000406  0.000480  0.000558  0.000640  0.000726
  0.000817  0.000912  0.001012  0.001116  0.001226  0.001341  0.001462  0.001589
  0.001722  0.001862  0.002009  0.002164  0.002327  0.002499  0.002682  0.002879
  0.003089  0.003313  0.003551  0.003800  0.004061  0.004328  0.004597  0.004868
  0.005139  0.005408  0.005676  0.005943  0.006209  0.006476  0.006744  0.007013
  0.007282  0.007551  0.007819  0.008083  0.008342  0.008596  0.008843  0.009084
  0.009318  0.009545  0.009765  0.009979  0.010187  0.010389  0.010585  0.010775
  0.010958  0.011135  0.011306  0.011470  0.011628  0.011780  0.011925  0.012064
  0.012204  0.012352  0.012509  0.012674  0.012849  0.013034  0.013230  0.013437
  0.013656  0.013888  0.014133  0.014391  0.014665  0.014954  0.015258
  1.000000
  0.016486  0.015346  0.014329  0.013423  0.012615  0.011894  0.011252  0.010680
  0.010169  0.009714  0.009309  0.008947  0.008624  0.008337  0.008081  0.007852
  0.007648  0.007466  0.007304  0.007160  0.007031  0.006916  0.006814  0.006723
  0.006641  0.006569  0.006687  0.006677  0.006651  0.006616  0.006573  0.006519
  0.006454  0.006380  0.006300  0.006216  0.006125  0.006030  0.005929  0.005821
  0.005709  0.005590  0.005465  0.005333  0.005195  0.005050  0.004897  0.004737
  0.004568  0.004392  0.004206  0.004011  0.003805  0.003588  0.003358  0.003111
  0.002847  0.002567  0.002271  0.001962  0.001640  0.001311  0.000981  0.000652
  0.000324  0.000000 -0.000321 -0.000637 -0.000951 -0.001265 -0.001578 -0.001889
 -0.002197 -0.002504 -0.002806 -0.003102 -0.003390 -0.003670 -0.003941 -0.004202
 -0.004454 -0.004696 -0.004929 -0.005155 -0.005372 -0.005581 -0.005782 -0.005975
 -0.006161 -0.006339 -0.006509 -0.006672 -0.006828 -0.006976 -0.007118 -0.007323
 -0.007429 -0.007541 -0.007660 -0.007785 -0.007918 -0.008058 -0.008206 -0.008363
 -0.008528 -0.008703 -0.008888 -0.009084 -0.009290 -0.009509 -0.009740
  1.000000
  0.000000  0.000000  0.000000  0.000000  0.000000  0.000000  0.000000  0.000000
  0.000000  0.000000  0.000000  0.000000  0.000000  0.000000  0.000000  0.000000
  0.000000  0.000000  0.000000  0.000000  0.000000  0.000000  0.000000  0.000000
  0.000000  0.000000  0.000360  0.000464  0.000544  0.000617  0.000684  0.000745
  0.000798  0.000846  0.000893  0.000940  0.000987  0.001033  0.001080  0.001126
  0.001172  0.001218  0.001264  0.001309  0.001354  0.001398  0.001442  0.001485
  0.001527  0.001568  0.001608  0.001646  0.001684  0.001719  0.001753  0.001785
  0.001815  0.001841  0.001864  0.001882  0.001894  0.001901  0.001902  0.001897
  0.001886  0.001870  0.001849  0.001824  0.001794  0.001759  0.001719  0.001675
  0.001627  0.001575  0.001519  0.001460  0.001399  0.001336  0.001271  0.001205
  0.001138  0.001072  0.001004  0.000937  0.000870  0.000803  0.000737  0.000671
  0.000606  0.000542  0.000480  0.000418  0.000358  0.000300  0.000236  0.000000
  0.000000  0.000000  0.000000  0.000000  0.000000  0.000000  0.000000  0.000000
  0.000000  0.000000  0.000000  0.000000  0.000000  0.000000  0.000000
  1.000000
  0.268335  0.268350  0.268371  0.268395  0.268421  0.268448  0.268476  0.268504
  0.268531  0.268557  0.268581  0.268604  0.268626  0.268646  0.268665  0.268682
  0.268697  0.268711  0.268724  0.268736  0.268747  0.268756  0.268765  0.268773
  0.268780  0.268786  0.268798  0.268810  0.268824  0.268838  0.268853  0.268868
  0.268885  0.268903  0.268922  0.268942  0.268963  0.268986  0.269010  0.269036
  0.269063  0.269092  0.269123  0.269156  0.269191  0.269227  0.269267  0.269308
  0.269352  0.269399  0.269449  0.269503  0.269560  0.269620  0.269685  0.269756
  0.269833  0.269915  0.270003  0.270097  0.270195  0.270297  0.270399  0.270503
  0.270606  0.270710  0.270812  0.270913  0.271013  0.271114  0.271213  0.271312
  0.271409  0.271505  0.271599  0.271690  0.271777  0.271861  0.271940  0.272015
  0.272087  0.272153  0.272216  0.272276  0.272331  0.272383  0.272432  0.272477
  0.272519  0.272558  0.272594  0.272627  0.272657  0.272684  0.272709  0.272732
  0.272749  0.272767  0.272785  0.272804  0.272823  0.272843  0.272864  0.272885
  0.272906  0.272928  0.272950  0.272973  0.272996  0.273020  0.273060
  1.000000
 -0.006286 -0.005584 -0.004957 -0.004399 -0.003901 -0.003457 -0.003061 -0.002708
 -0.002394 -0.002113 -0.001863 -0.001640 -0.001441 -0.001264 -0.001106 -0.000965
 -0.000839 -0.000727 -0.000627 -0.000538 -0.000459 -0.000388 -0.000325 -0.000268
 -0.000218 -0.000173 -0.000129 -0.000082 -0.000033  0.000018  0.000073  0.000129
  0.000189  0.000252  0.000318  0.000388  0.000462  0.000539  0.000621  0.000707
  0.000797  0.000892  0.000992  0.001096  0.001206  0.001321  0.001442  0.001569
  0.001702  0.001843  0.001990  0.002146  0.002310  0.002483  0.002667  0.002866
  0.003078  0.003305  0.003544  0.003797  0.004060  0.004331  0.004604  0.004878
  0.005152  0.005425  0.005696  0.005966  0.006235  0.006505  0.006776  0.007047
  0.007318  0.007589  0.007858  0.008123  0.008383  0.008637  0.008884  0.009124
  0.009357  0.009582  0.009801  0.010013  0.010218  0.010417  0.010610  0.010796
  0.010976  0.011149  0.011315  0.011476  0.011629  0.011777  0.011917  0.012051
  0.012186  0.012328  0.012478  0.012636  0.012804  0.012981  0.013168  0.013366
  0.013576  0.013797  0.014031  0.014278  0.014540  0.014816  0.015108
  1.000000
  0.015728  0.014641  0.013672  0.012808  0.012038  0.011352  0.010739  0.010194
  0.009707  0.009273  0.008886  0.008541  0.008234  0.007959  0.007715  0.007497
  0.007302  0.007129  0.006975  0.006837  0.006714  0.006604  0.006507  0.006420
  0.006342  0.006273  0.006385  0.006376  0.006351  0.006317  0.006275  0.006224
  0.006162  0.006091  0.006015  0.005933  0.005847  0.005756  0.005659  0.005556
  0.005448  0.005335  0.005215  0.005089  0.004957  0.004818  0.004672  0.004519
  0.004358  0.004189  0.004012  0.003825  0.003629  0.003422  0.003202  0.002966
  0.002714  0.002446  0.002164  0.001869  0.001562  0.001249  0.000935  0.000621
  0.000309  0.000000 -0.000305 -0.000606 -0.000905 -0.001203 -0.001500 -0.001795
 -0.002088 -0.002379 -0.002666 -0.002947 -0.003220 -0.003485 -0.003742 -0.003989
 -0.004228 -0.004457 -0.004678 -0.004892 -0.005097 -0.005295 -0.005486 -0.005669
 -0.005845 -0.006013 -0.006175 -0.006329 -0.006476 -0.006617 -0.006751 -0.006946
 -0.007046 -0.007153 -0.007265 -0.007384 -0.007509 -0.007642 -0.007783 -0.007931
 -0.008088 -0.008254 -0.008429 -0.008614 -0.008810 -0.009017 -0.009236
  1.000000
  0.000000  0.000000  0.000000  0.000000  0.000000  0.000000  0.000000  0.000000
  0.000000  0.000000  0.000000  0.000000  0.000000  0.000000  0.000000  0.000000
  0.000000  0.000000  0.000000  0.000000  0.000000  0.000000  0.000000  0.000000
  0.000000  0.000000  0.000343  0.000442  0.000518  0.000587  0.000651  0.000709
  0.000760  0.000805  0.000850  0.000895  0.000939  0.000984  0.001028  0.001072
  0.001116  0.001159  0.001203  0.001246  0.001288  0.001330  0.001372  0.001413
  0.001453  0.001492  0.001530  0.001567  0.001602  0.001636  0.001668  0.001699
  0.001727  0.001752  0.001774  0.001791  0.001803  0.001809  0.001810  0.001805
  0.001795  0.001780  0.001760  0.001736  0.001707  0.001674  0.001636  0.001594
  0.001548  0.001499  0.001446  0.001390  0.001331  0.001271  0.001209  0.001147
  0.001083  0.001020  0.000956  0.000892  0.000828  0.000764  0.000701  0.000639
  0.000577  0.000516  0.000456  0.000398  0.000341  0.000286  0.000225  0.000000
  0.000000  0.000000  0.000000  0.000000  0.000000  0.000000  0.000000  0.000000
  0.000000  0.000000  0.000000  0.000000  0.000000  0.000000  0.000000
  1.000000
  0.300000  0.300000  0.300000  0.300000  0.300000  0.300000  0.300000  0.300000
  0.300000  0.300000  0.300000  0.300000  0.300000  0.300000  0.300000  0.300000
  0.300000  0.300000  0.300000  0.300000  0.300000  0.300000  0.300000  0.300000
  0.300000  0.300000  0.300000  0.300000  0.300000  0.300000  0.300000  0.300000
  0.300000  0.300000  0.300000  0.300000  0.300000  0.300000  0.300000  0.300000
  0.300000  0.300000  0.300000  0.300000  0.300000  0.300000  0.300000  0.300000
  0.300000  0.300000  0.300000  0.300000  0.300000  0.300000  0.300000  0.300000
  0.300000  0.300000  0.300000  0.300000  0.300000  0.300000  0.300000  0.300000
  0.300000  0.300000  0.300000  0.300000  0.300000  0.300000  0.300000  0.300000
  0.300000  0.300000  0.300000  0.300000  0.300000  0.300000  0.300000  0.300000
  0.300000  0.300000  0.300000  0.300000  0.300000  0.300000  0.300000  0.300000
  0.300000  0.300000  0.300000  0.300000  0.300000  0.300000  0.300000  0.300000
  0.300000  0.300000  0.300000  0.300000  0.300000  0.300000  0.300000  0.300000
  0.300000  0.300000  0.300000  0.300000  0.300000  0.300000  0.300000
  1.000000
 -0.006569 -0.005829 -0.005170 -0.004583 -0.004060 -0.003593 -0.003178 -0.002808
 -0.002478 -0.002185 -0.001923 -0.001690 -0.001482 -0.001297 -0.001132 -0.000985
 -0.000854 -0.000737 -0.000633 -0.000540 -0.000458 -0.000384 -0.000318 -0.000260
 -0.000208 -0.000161 -0.000116 -0.000068 -0.000019  0.000033  0.000088  0.000145
  0.000205  0.000269  0.000336  0.000406  0.000480  0.000558  0.000640  0.000726
  0.000817  0.000912  0.001012  0.001116  0.001226  0.001341  0.001462  0.001589
  0.001722  0.001862  0.002009  0.002164  0.002327  0.002499  0.002682  0.002879
  0.003089  0.003313  0.003551  0.003800  0.004061  0.004328  0.004597  0.004868
  0.005139  0.005408  0.005676  0.005943  0.006209  0.006476  0.006744  0.007013
  0.007282  0.007551  0.007819  0.008083  0.008342  0.008596  0.008843  0.009084
  0.009318  0.009545  0.009765  0.009979  0.010187  0.010389  0.010585  0.010775
  0.010958  0.011135  0.011306  0.011470  0.011628  0.011780  0.011925  0.012064
  0.012204  0.012352  0.012509  0.012674  0.012849  0.013034  0.013230  0.013437
  0.013656  0.013888  0.014133  0.014391  0.014665  0.014954  0.015258
  1.000000
  0.016559  0.015417  0.014398  0.013489  0.012679  0.011956  0.011312  0.010737
  0.010225  0.009768  0.009361  0.008998  0.008674  0.008386  0.008128  0.007899
  0.007694  0.007512  0.007349  0.007204  0.007075  0.006959  0.006857  0.006765
  0.006683  0.006610  0.006728  0.006718  0.006692  0.006656  0.006611  0.006557
  0.006492  0.006417  0.006336  0.006251  0.006160  0.006063  0.005961  0.005853
  0.005739  0.005619  0.005493  0.005360  0.005221  0.005074  0.004920  0.004758
  0.004589  0.004411  0.004223  0.004027  0.003819  0.003601  0.003369  0.003121
  0.002856  0.002574  0.002277  0.001966  0.001643  0.001313  0.000982  0.000652
  0.000325  0.000000 -0.000321 -0.000637 -0.000951 -0.001263 -0.001575 -0.001885
 -0.002192 -0.002497 -0.002797 -0.003092 -0.003378 -0.003656 -0.003925 -0.004184
 -0.004434 -0.004674 -0.004905 -0.005128 -0.005344 -0.005551 -0.005750 -0.005942
 -0.006126 -0.006302 -0.006471 -0.006632 -0.006787 -0.006934 -0.007074 -0.007278
 -0.007384 -0.007495 -0.007613 -0.007737 -0.007869 -0.008008 -0.008155 -0.008310
 -0.008474 -0.008648 -0.008832 -0.009026 -0.009231 -0.009448 -0.009677
  1.000000
  0.000000  0.000000  0.000000  0.000000  0.000000  0.000000  0.000000  0.000000
  0.000000  0.000000  0.000000  0.000000  0.000000  0.000000  0.000000  0.000000
  0.000000  0.000000  0.000000  0.000000  0.000000  0.000000  0.000000  0.000000
  0.000000  0.000000  0.000360  0.000464  0.000544  0.000617  0.000684  0.000745
  0.000798  0.000846  0.000893  0.000940  0.000987  0.001033  0.001080  0.001126
  0.001172  0.001218  0.001264  0.001309  0.001354  0.001398  0.001442  0.001485
  0.001527  0.001568  0.001608  0.001646  0.001684  0.001719  0.001753  0.001785
  0.001815  0.001841  0.001864  0.001882  0.001894  0.001901  0.001902  0.001897
  0.001886  0.001870  0.001849  0.001824  0.001794  0.001759  0.001719  0.001675
  0.001627  0.001575  0.001519  0.001460  0.001399  0.001336  0.001271  0.001205
  0.001138  0.001072  0.001004  0.000937  0.000870  0.000803  0.000737  0.000671
  0.000606  0.000542  0.000480  0.000418  0.000358  0.000300  0.000236  0.000000
  0.000000  0.000000  0.000000  0.000000  0.000000  0.000000  0.000000  0.000000
  0.000000  0.000000  0.000000  0.000000  0.000000  0.000000  0.000000
  1.000000
  0.331665  0.331650  0.331629  0.331605  0.331579  0.331552  0.331524  0.331496
  0.331469  0.331443  0.331419  0.331396  0.331374  0.331354  0.331335  0.331318
  0.331303  0.331289  0.331276  0.331264  0.331253  0.331244  0.331235  0.331227
  0.331220  0.331214  0.331202  0.331190  0.331176  0.331162  0.331147  0.331132
  0.331115  0.331097  0.331078  0.331058  0.331037  0.331014  0.330990  0.330964
  0.330937  0.330908  0.330877  0.330844  0.330809  0.330773  0.330733  0.330692
  0.330648  0.330601  0.330551  0.330497  0.330441  0.330380  0.330315  0.330244
  0.330167  0.330085  0.329996  0.329903  0.329805  0.329703  0.329601  0.329497
  0.329394  0.329290  0.329188  0.329087  0.328986  0.328886  0.328787  0.328688
  0.328591  0.328495  0.328401  0.328310  0.328223  0.328139  0.328060  0.327985
  0.327914  0.327847  0.327784  0.327724  0.327669  0.327617  0.327568  0.327523
  0.327481  0.327442  0.327406  0.327374  0.327343  0.327316  0.327291  0.327268
  0.327251  0.327233  0.327215  0.327196  0.327177  0.327157  0.327136  0.327115
  0.327094  0.327072  0.327050  0.327027  0.327004  0.326980  0.326940
  BLADE ROW NUMBER =        2                                           
  106   21   91  112    0    0    1    1    1    1    0    0    0    0    0    0
       0.0   98467.0   98467.0  123939.0  123939.0   0.00000       0.0
  1.000000
  0.011558  0.011950  0.012305  0.012623  0.012910  0.013166  0.013397  0.013603
  0.013788  0.013954  0.014103  0.014237  0.014356  0.014464  0.014560  0.014646
  0.014724  0.014793  0.014855  0.014911  0.014961  0.015011  0.015063  0.015117
  0.015174  0.015234  0.015297  0.015363  0.015433  0.015506  0.015583  0.015665
  0.015750  0.015840  0.015935  0.016034  0.016139  0.016248  0.016363  0.016484
  0.016610  0.016743  0.016882  0.017028  0.017182  0.017343  0.017513  0.017692
  0.017880  0.018081  0.018297  0.018528  0.018773  0.019033  0.019307  0.019592
  0.019884  0.020178  0.020474  0.020769  0.021063  0.021355  0.021645  0.021935
  0.022225  0.022516  0.022808  0.023099  0.023390  0.023679  0.023964  0.024243
  0.024516  0.024782  0.025040  0.025291  0.025534  0.025769  0.025998  0.026220
  0.026435  0.026643  0.026844  0.027039  0.027226  0.027407  0.027581  0.027748
  0.027908  0.028061  0.028207  0.028353  0.028507  0.028670  0.028843  0.029026
  0.029220  0.029425  0.029643  0.029873  0.030118  0.030377  0.030653  0.030946
  0.031255  0.031583
  1.000000
 -0.014967 -0.014353 -0.013802 -0.013307 -0.012863 -0.012465 -0.012108 -0.011788
 -0.011501 -0.011244 -0.011013 -0.010806 -0.010621 -0.010455 -0.010306 -0.010172
 -0.010052 -0.009945 -0.009848 -0.009762 -0.009684 -0.009490 -0.009378 -0.009277
 -0.009175 -0.009069 -0.008958 -0.008842 -0.008720 -0.008593 -0.008460 -0.008320
 -0.008174 -0.008021 -0.007862 -0.007695 -0.007522 -0.007342 -0.007154 -0.006959
 -0.006756 -0.006545 -0.006326 -0.006098 -0.005861 -0.005615 -0.005359 -0.005093
 -0.004815 -0.004524 -0.004215 -0.003890 -0.003550 -0.003196 -0.002832 -0.002459
 -0.002085 -0.001716 -0.001354 -0.001001 -0.000657 -0.000323  0.000000  0.000315
  0.000623  0.000925  0.001218  0.001504  0.001782  0.002050  0.002307  0.002552
  0.002785  0.003004  0.003212  0.003408  0.003592  0.003765  0.003929  0.004084
  0.004229  0.004366  0.004495  0.004615  0.004729  0.004835  0.004935  0.005028
  0.005115  0.005188  0.005149  0.005263  0.005383  0.005510  0.005644  0.005786
  0.005936  0.006094  0.006261  0.006438  0.006625  0.006822  0.007031  0.007251
  0.007483  0.007729
  1.000000
  0.000000  0.000000  0.000000  0.000000  0.000000  0.000000  0.000000  0.000000
  0.000000  0.000000  0.000000  0.000000  0.000000  0.000000  0.000000  0.000000
  0.000000  0.000000  0.000000  0.000000  0.000000  0.000260  0.000355  0.000421
  0.000474  0.000519  0.000558  0.000591  0.000623  0.000657  0.000692  0.000728
  0.000765  0.000805  0.000845  0.000887  0.000930  0.000974  0.001020  0.001066
  0.001114  0.001163  0.001213  0.001264  0.001316  0.001368  0.001421  0.001474
  0.001528  0.001582  0.001637  0.001692  0.001746  0.001798  0.001846  0.001891
  0.001930  0.001963  0.001989  0.002008  0.002020  0.002025  0.002023  0.002015
  0.002000  0.001978  0.001949  0.001914  0.001871  0.001823  0.001768  0.001708
  0.001644  0.001576  0.001504  0.001429  0.001352  0.001273  0.001192  0.001109
  0.001026  0.000941  0.000857  0.000772  0.000687  0.000603  0.000520  0.000438
  0.000357  0.000270  0.000000  0.000000  0.000000  0.000000  0.000000  0.000000
  0.000000  0.000000  0.000000  0.000000  0.000000  0.000000  0.000000  0.000000
  0.000000  0.000000
  1.000000
  0.272644  0.272713  0.272761  0.272798  0.272830  0.272857  0.272881  0.272901
  0.272918  0.272934  0.272947  0.272959  0.272970  0.272979  0.272987  0.272995
  0.273001  0.273007  0.273012  0.273017  0.273021  0.273027  0.273034  0.273041
  0.273048  0.273057  0.273065  0.273074  0.273084  0.273095  0.273107  0.273119
  0.273133  0.273147  0.273163  0.273179  0.273197  0.273216  0.273237  0.273259
  0.273283  0.273309  0.273337  0.273366  0.273399  0.273433  0.273470  0.273511
  0.273554  0.273602  0.273654  0.273711  0.273774  0.273842  0.273915  0.273992
  0.274074  0.274158  0.274243  0.274330  0.274418  0.274506  0.274594  0.274683
  0.274773  0.274864  0.274955  0.275047  0.275138  0.275229  0.275318  0.275405
  0.275490  0.275573  0.275652  0.275728  0.275802  0.275872  0.275940  0.276005
  0.276068  0.276127  0.276184  0.276239  0.276290  0.276339  0.276386  0.276430
  0.276471  0.276510  0.276547  0.276588  0.276631  0.276674  0.276718  0.276762
  0.276807  0.276851  0.276894  0.276935  0.276974  0.277003  0.277024  0.277041
  0.277053  0.277063
  1.000000
  0.011659  0.012045  0.012391  0.012702  0.012980  0.013229  0.013453  0.013653
  0.013833  0.013994  0.014139  0.014268  0.014384  0.014489  0.014582  0.014666
  0.014741  0.014808  0.014868  0.014922  0.014971  0.015019  0.015070  0.015123
  0.015179  0.015237  0.015299  0.015364  0.015432  0.015504  0.015580  0.015659
  0.015743  0.015832  0.015925  0.016023  0.016125  0.016233  0.016346  0.016465
  0.016590  0.016721  0.016859  0.017003  0.017155  0.017315  0.017484  0.017662
  0.017849  0.018049  0.018264  0.018494  0.018739  0.018999  0.019273  0.019558
  0.019851  0.020147  0.020444  0.020741  0.021037  0.021331  0.021623  0.021914
  0.022207  0.022500  0.022794  0.023088  0.023381  0.023673  0.023960  0.024242
  0.024517  0.024785  0.025045  0.025297  0.025541  0.025778  0.026008  0.026230
  0.026446  0.026655  0.026856  0.027051  0.027239  0.027419  0.027593  0.027759
  0.027919  0.028071  0.028217  0.028362  0.028516  0.028679  0.028850  0.029032
  0.029224  0.029427  0.029642  0.029868  0.030108  0.030362  0.030630  0.030913
  0.031212  0.031529
  1.000000
 -0.014501 -0.013904 -0.013369 -0.012889 -0.012459 -0.012073 -0.011727 -0.011417
 -0.011139 -0.010890 -0.010666 -0.010466 -0.010286 -0.010125 -0.009981 -0.009851
 -0.009735 -0.009631 -0.009538 -0.009454 -0.009379 -0.009191 -0.009083 -0.008985
 -0.008887 -0.008784 -0.008676 -0.008564 -0.008446 -0.008322 -0.008193 -0.008058
 -0.007916 -0.007768 -0.007614 -0.007452 -0.007284 -0.007110 -0.006928 -0.006739
 -0.006542 -0.006338 -0.006125 -0.005904 -0.005675 -0.005436 -0.005188 -0.004930
 -0.004661 -0.004379 -0.004080 -0.003765 -0.003435 -0.003093 -0.002740 -0.002379
 -0.002017 -0.001660 -0.001309 -0.000967 -0.000635 -0.000312  0.000000  0.000304
  0.000602  0.000893  0.001177  0.001453  0.001720  0.001979  0.002227  0.002462
  0.002686  0.002898  0.003098  0.003286  0.003463  0.003630  0.003787  0.003935
  0.004075  0.004206  0.004330  0.004446  0.004555  0.004657  0.004752  0.004841
  0.004924  0.004994  0.004956  0.005065  0.005181  0.005302  0.005431  0.005567
  0.005711  0.005863  0.006024  0.006194  0.006374  0.006564  0.006765  0.006977
  0.007201  0.007438
  1.000000
  0.000000  0.000000  0.000000  0.000000  0.000000  0.000000  0.000000  0.000000
  0.000000  0.000000  0.000000  0.000000  0.000000  0.000000  0.000000  0.000000
  0.000000  0.000000  0.000000  0.000000  0.000000  0.000251  0.000343  0.000407
  0.000458  0.000502  0.000539  0.000571  0.000602  0.000635  0.000668  0.000703
  0.000740  0.000777  0.000817  0.000857  0.000899  0.000941  0.000985  0.001030
  0.001077  0.001124  0.001172  0.001221  0.001271  0.001322  0.001373  0.001425
  0.001477  0.001529  0.001582  0.001635  0.001687  0.001737  0.001784  0.001827
  0.001865  0.001897  0.001922  0.001940  0.001952  0.001957  0.001955  0.001947
  0.001932  0.001911  0.001883  0.001849  0.001808  0.001761  0.001709  0.001651
  0.001589  0.001523  0.001453  0.001381  0.001307  0.001230  0.001152  0.001072
  0.000991  0.000910  0.000828  0.000746  0.000664  0.000583  0.000502  0.000423
  0.000345  0.000260  0.000000  0.000000  0.000000  0.000000  0.000000  0.000000
  0.000000  0.000000  0.000000  0.000000  0.000000  0.000000  0.000000  0.000000
  0.000000  0.000000
  1.000000
  0.300000  0.300000  0.300000  0.300000  0.300000  0.300000  0.300000  0.300000
  0.300000  0.300000  0.300000  0.300000  0.300000  0.300000  0.300000  0.300000
  0.300000  0.300000  0.300000  0.300000  0.300000  0.300000  0.300000  0.300000
  0.300000  0.300000  0.300000  0.300000  0.300000  0.300000  0.300000  0.300000
  0.300000  0.300000  0.300000  0.300000  0.300000  0.300000  0.300000  0.300000
  0.300000  0.300000  0.300000  0.300000  0.300000  0.300000  0.300000  0.300000
  0.300000  0.300000  0.300000  0.300000  0.300000  0.300000  0.300000  0.300000
  0.300000  0.300000  0.300000  0.300000  0.300000  0.300000  0.300000  0.300000
  0.300000  0.300000  0.300000  0.300000  0.300000  0.300000  0.300000  0.300000
  0.300000  0.300000  0.300000  0.300000  0.300000  0.300000  0.300000  0.300000
  0.300000  0.300000  0.300000  0.300000  0.300000  0.300000  0.300000  0.300000
  0.300000  0.300000  0.300000  0.300000  0.300000  0.300000  0.300000  0.300000
  0.300000  0.300000  0.300000  0.300000  0.300000  0.300000  0.300000  0.300000
  0.300000  0.300000
  1.000000
  0.011558  0.011950  0.012305  0.012623  0.012910  0.013166  0.013397  0.013603
  0.013788  0.013954  0.014103  0.014237  0.014356  0.014464  0.014560  0.014646
  0.014724  0.014793  0.014855  0.014911  0.014961  0.015011  0.015063  0.015117
  0.015174  0.015234  0.015297  0.015363  0.015433  0.015506  0.015583  0.015665
  0.015750  0.015840  0.015935  0.016034  0.016139  0.016248  0.016363  0.016484
  0.016610  0.016743  0.016882  0.017028  0.017182  0.017343  0.017513  0.017692
  0.017880  0.018081  0.018297  0.018528  0.018773  0.019033  0.019307  0.019592
  0.019884  0.020178  0.020474  0.020769  0.021063  0.021356  0.021645  0.021935
  0.022225  0.022516  0.022808  0.023099  0.023390  0.023679  0.023964  0.024243
  0.024516  0.024782  0.025040  0.025291  0.025534  0.025769  0.025998  0.026220
  0.026435  0.026643  0.026844  0.027039  0.027226  0.027407  0.027581  0.027748
  0.027908  0.028061  0.028207  0.028353  0.028507  0.028670  0.028843  0.029026
  0.029220  0.029425  0.029643  0.029873  0.030118  0.030377  0.030653  0.030946
  0.031255  0.031583
  1.000000
 -0.015039 -0.014418 -0.013862 -0.013364 -0.012917 -0.012517 -0.012158 -0.011836
 -0.011548 -0.011290 -0.011058 -0.010850 -0.010664 -0.010497 -0.010347 -0.010213
 -0.010093 -0.009985 -0.009888 -0.009802 -0.009724 -0.009529 -0.009417 -0.009315
 -0.009213 -0.009107 -0.008995 -0.008878 -0.008756 -0.008628 -0.008494 -0.008354
 -0.008207 -0.008053 -0.007893 -0.007726 -0.007552 -0.007370 -0.007182 -0.006986
 -0.006782 -0.006570 -0.006349 -0.006120 -0.005882 -0.005634 -0.005377 -0.005109
 -0.004830 -0.004538 -0.004228 -0.003901 -0.003559 -0.003204 -0.002838 -0.002464
 -0.002089 -0.001718 -0.001356 -0.001001 -0.000657 -0.000323  0.000000  0.000315
  0.000623  0.000924  0.001217  0.001502  0.001779  0.002046  0.002301  0.002545
  0.002776  0.002994  0.003200  0.003394  0.003576  0.003748  0.003910  0.004063
  0.004206  0.004342  0.004469  0.004588  0.004700  0.004805  0.004903  0.004994
  0.005080  0.005151  0.005112  0.005224  0.005342  0.005468  0.005600  0.005740
  0.005888  0.006045  0.006211  0.006386  0.006571  0.006767  0.006974  0.007193
  0.007425  0.007671
  1.000000
  0.000000  0.000000  0.000000  0.000000  0.000000  0.000000  0.000000  0.000000
  0.000000  0.000000  0.000000  0.000000  0.000000  0.000000  0.000000  0.000000
  0.000000  0.000000  0.000000  0.000000  0.000000  0.000260  0.000355  0.000421
  0.000474  0.000519  0.000558  0.000591  0.000623  0.000657  0.000692  0.000728
  0.000765  0.000805  0.000845  0.000887  0.000930  0.000974  0.001020  0.001066
  0.001114  0.001163  0.001213  0.001264  0.001316  0.001368  0.001421  0.001474
  0.001528  0.001582  0.001637  0.001692  0.001746  0.001798  0.001846  0.001891
  0.001930  0.001963  0.001989  0.002008  0.002020  0.002025  0.002023  0.002015
  0.002000  0.001978  0.001949  0.001914  0.001871  0.001823  0.001768  0.001708
  0.001644  0.001576  0.001504  0.001429  0.001352  0.001273  0.001192  0.001109
  0.001026  0.000941  0.000857  0.000772  0.000687  0.000603  0.000520  0.000438
  0.000357  0.000270  0.000000  0.000000  0.000000  0.000000  0.000000  0.000000
  0.000000  0.000000  0.000000  0.000000  0.000000  0.000000  0.000000  0.000000
  0.000000  0.000000
  1.000000
  0.327356  0.327287  0.327239  0.327202  0.327170  0.327143  0.327119  0.327099
  0.327082  0.327066  0.327053  0.327041  0.327030  0.327021  0.327013  0.327005
  0.326999  0.326993  0.326988  0.326983  0.326979  0.326973  0.326966  0.326959
  0.326952  0.326943  0.326935  0.326926  0.326916  0.326905  0.326893  0.326881
  0.326867  0.326853  0.326837  0.326821  0.326803  0.326784  0.326763  0.326741
  0.326717  0.326691  0.326663  0.326634  0.326601  0.326567  0.326530  0.326489
  0.326446  0.326398  0.326346  0.326289  0.326226  0.326158  0.326086  0.326008
  0.325926  0.325842  0.325757  0.325670  0.325582  0.325494  0.325406  0.325317
  0.325227  0.325136  0.325045  0.324953  0.324862  0.324771  0.324682  0.324595
  0.324510  0.324427  0.324348  0.324272  0.324198  0.324128  0.324060  0.323995
  0.323932  0.323873  0.323816  0.323761  0.323710  0.323661  0.323614  0.323570
  0.323529  0.323490  0.323453  0.323412  0.323369  0.323326  0.323282  0.323238
  0.323193  0.323149  0.323106  0.323065  0.323026  0.322997  0.322976  0.322959
  0.322947  0.322937
  BLADE ROW NUMBER =        3                                           
  106   21   91  113    0    0    1    1    1    1    0    0    0    0    0    0
   12000.0  123939.0  123939.0  153762.8  153762.8   0.00000   12000.0
  1.000000
  0.030791  0.031185  0.031538  0.031856  0.032140  0.032395  0.032623  0.032827
  0.033010  0.033175  0.033322  0.033454  0.033572  0.033678  0.033773  0.033858
  0.033935  0.034003  0.034065  0.034120  0.034169  0.034218  0.034269  0.034323
  0.034380  0.034439  0.034501  0.034567  0.034636  0.034708  0.034785  0.034865
  0.034950  0.035039  0.035133  0.035232  0.035335  0.035444  0.035557  0.035677
  0.035802  0.035934  0.036072  0.036218  0.036370  0.036530  0.036699  0.036877
  0.037065  0.037265  0.037479  0.037709  0.037954  0.038213  0.038486  0.038770
  0.039062  0.039357  0.039652  0.039948  0.040242  0.040535  0.040825  0.041115
  0.041406  0.041698  0.041991  0.042283  0.042575  0.042866  0.043152  0.043433
  0.043707  0.043975  0.044235  0.044487  0.044732  0.044969  0.045199  0.045423
  0.045639  0.045849  0.046052  0.046248  0.046437  0.046619  0.046795  0.046963
  0.047124  0.047279  0.047426  0.047574  0.047731  0.047896  0.048071  0.048256
  0.048452  0.048658  0.048877  0.049108  0.049353  0.049611  0.049884  0.050173
  0.050478  0.050800
  1.000000
  0.012148  0.011539  0.010993  0.010504  0.010065  0.009671  0.009319  0.009002
  0.008719  0.008465  0.008237  0.008033  0.007850  0.007685  0.007538  0.007406
  0.007288  0.007182  0.007087  0.007001  0.006925  0.007049  0.007039  0.007011
  0.006974  0.006928  0.006871  0.006803  0.006725  0.006641  0.006551  0.006456
  0.006355  0.006248  0.006135  0.006016  0.005891  0.005759  0.005620  0.005474
  0.005321  0.005160  0.004991  0.004813  0.004627  0.004431  0.004225  0.004008
  0.003780  0.003537  0.003277  0.002999  0.002703  0.002392  0.002066  0.001727
  0.001381  0.001033  0.000686  0.000342  0.000000 -0.000338 -0.000671 -0.001001
 -0.001331 -0.001660 -0.001987 -0.002312 -0.002634 -0.002952 -0.003264 -0.003567
 -0.003861 -0.004145 -0.004420 -0.004685 -0.004939 -0.005185 -0.005422 -0.005650
 -0.005870 -0.006081 -0.006284 -0.006479 -0.006666 -0.006846 -0.007017 -0.007180
 -0.007336 -0.007485 -0.007701 -0.007812 -0.007930 -0.008055 -0.008187 -0.008326
 -0.008474 -0.008629 -0.008794 -0.008968 -0.009152 -0.009346 -0.009552 -0.009769
 -0.009999 -0.010242
  1.000000
  0.000000  0.000000  0.000000  0.000000  0.000000  0.000000  0.000000  0.000000
  0.000000  0.000000  0.000000  0.000000  0.000000  0.000000  0.000000  0.000000
  0.000000  0.000000  0.000000  0.000000  0.000000  0.000379  0.000489  0.000573
  0.000649  0.000720  0.000784  0.000840  0.000891  0.000940  0.000990  0.001039
  0.001088  0.001137  0.001186  0.001234  0.001282  0.001330  0.001378  0.001425
  0.001472  0.001517  0.001563  0.001607  0.001650  0.001692  0.001733  0.001772
  0.001810  0.001845  0.001879  0.001910  0.001938  0.001962  0.001981  0.001994
  0.002001  0.002002  0.001997  0.001986  0.001969  0.001947  0.001920  0.001888
  0.001851  0.001810  0.001763  0.001713  0.001658  0.001599  0.001537  0.001473
  0.001406  0.001338  0.001268  0.001198  0.001128  0.001057  0.000986  0.000916
  0.000846  0.000776  0.000706  0.000638  0.000571  0.000505  0.000440  0.000377
  0.000316  0.000249  0.000000  0.000000  0.000000  0.000000  0.000000  0.000000
  0.000000  0.000000  0.000000  0.000000  0.000000  0.000000  0.000000  0.000000
  0.000000  0.000000
  1.000000
  0.277032  0.277051  0.277062  0.277070  0.277076  0.277087  0.277100  0.277112
  0.277123  0.277133  0.277143  0.277152  0.277160  0.277167  0.277173  0.277179
  0.277185  0.277190  0.277194  0.277198  0.277202  0.277207  0.277213  0.277219
  0.277226  0.277233  0.277241  0.277249  0.277257  0.277267  0.277277  0.277288
  0.277300  0.277312  0.277326  0.277341  0.277356  0.277373  0.277391  0.277411
  0.277432  0.277455  0.277479  0.277505  0.277533  0.277563  0.277596  0.277631
  0.277669  0.277710  0.277756  0.277805  0.277859  0.277918  0.277980  0.278047
  0.278116  0.278187  0.278258  0.278331  0.278403  0.278476  0.278548  0.278620
  0.278691  0.278763  0.278835  0.278905  0.278975  0.279044  0.279110  0.279174
  0.279235  0.279293  0.279348  0.279400  0.279449  0.279495  0.279538  0.279579
  0.279617  0.279652  0.279685  0.279715  0.279743  0.279769  0.279792  0.279814
  0.279833  0.279851  0.279867  0.279878  0.279889  0.279901  0.279913  0.279926
  0.279939  0.279952  0.279966  0.279981  0.279995  0.280010  0.280026  0.280042
  0.280059  0.280080
  1.000000
  0.030853  0.031239  0.031586  0.031896  0.032175  0.032424  0.032648  0.032849
  0.033029  0.033190  0.033335  0.033464  0.033581  0.033685  0.033778  0.033862
  0.033937  0.034004  0.034065  0.034119  0.034167  0.034216  0.034267  0.034320
  0.034376  0.034434  0.034496  0.034561  0.034629  0.034701  0.034777  0.034856
  0.034940  0.035029  0.035122  0.035220  0.035323  0.035431  0.035544  0.035663
  0.035788  0.035919  0.036057  0.036202  0.036354  0.036514  0.036683  0.036860
  0.037048  0.037248  0.037463  0.037694  0.037939  0.038199  0.038473  0.038759
  0.039052  0.039348  0.039645  0.039942  0.040238  0.040533  0.040825  0.041116
  0.041409  0.041703  0.041997  0.042291  0.042585  0.042877  0.043164  0.043446
  0.043721  0.043989  0.044250  0.044502  0.044746  0.044983  0.045213  0.045436
  0.045652  0.045861  0.046063  0.046258  0.046445  0.046626  0.046800  0.046967
  0.047126  0.047279  0.047424  0.047570  0.047724  0.047886  0.048058  0.048240
  0.048432  0.048636  0.048850  0.049077  0.049317  0.049571  0.049839  0.050123
  0.050422  0.050739
  1.000000
  0.011929  0.011331  0.010796  0.010315  0.009885  0.009498  0.009152  0.008842
  0.008564  0.008314  0.008091  0.007890  0.007710  0.007549  0.007404  0.007275
  0.007159  0.007055  0.006961  0.006878  0.006802  0.006924  0.006914  0.006887
  0.006850  0.006805  0.006749  0.006682  0.006605  0.006522  0.006434  0.006341
  0.006242  0.006137  0.006025  0.005908  0.005785  0.005655  0.005519  0.005376
  0.005225  0.005067  0.004901  0.004726  0.004543  0.004350  0.004148  0.003935
  0.003710  0.003472  0.003216  0.002943  0.002653  0.002347  0.002027  0.001694
  0.001354  0.001013  0.000673  0.000335  0.000000 -0.000331 -0.000657 -0.000981
 -0.001305 -0.001626 -0.001947 -0.002265 -0.002580 -0.002891 -0.003195 -0.003492
 -0.003779 -0.004058 -0.004326 -0.004585 -0.004834 -0.005073 -0.005305 -0.005528
 -0.005742 -0.005949 -0.006147 -0.006338 -0.006521 -0.006696 -0.006863 -0.007023
 -0.007175 -0.007321 -0.007532 -0.007641 -0.007756 -0.007878 -0.008007 -0.008143
 -0.008287 -0.008440 -0.008601 -0.008771 -0.008951 -0.009141 -0.009342 -0.009554
 -0.009779 -0.010016
  1.000000
  0.000000  0.000000  0.000000  0.000000  0.000000  0.000000  0.000000  0.000000
  0.000000  0.000000  0.000000  0.000000  0.000000  0.000000  0.000000  0.000000
  0.000000  0.000000  0.000000  0.000000  0.000000  0.000372  0.000479  0.000562
  0.000637  0.000706  0.000768  0.000824  0.000873  0.000922  0.000970  0.001018
  0.001067  0.001114  0.001162  0.001210  0.001257  0.001304  0.001351  0.001397
  0.001443  0.001488  0.001532  0.001575  0.001618  0.001659  0.001699  0.001737
  0.001774  0.001809  0.001842  0.001873  0.001900  0.001923  0.001942  0.001955
  0.001962  0.001963  0.001957  0.001947  0.001930  0.001909  0.001882  0.001851
  0.001815  0.001774  0.001729  0.001679  0.001625  0.001568  0.001507  0.001444
  0.001378  0.001311  0.001243  0.001175  0.001106  0.001037  0.000967  0.000898
  0.000829  0.000760  0.000693  0.000626  0.000560  0.000495  0.000432  0.000370
  0.000310  0.000244  0.000000  0.000000  0.000000  0.000000  0.000000  0.000000
  0.000000  0.000000  0.000000  0.000000  0.000000  0.000000  0.000000  0.000000
  0.000000  0.000000
  1.000000
  0.300000  0.300000  0.300000  0.300000  0.300000  0.300000  0.300000  0.300000
  0.300000  0.300000  0.300000  0.300000  0.300000  0.300000  0.300000  0.300000
  0.300000  0.300000  0.300000  0.300000  0.300000  0.300000  0.300000  0.300000
  0.300000  0.300000  0.300000  0.300000  0.300000  0.300000  0.300000  0.300000
  0.300000  0.300000  0.300000  0.300000  0.300000  0.300000  0.300000  0.300000
  0.300000  0.300000  0.300000  0.300000  0.300000  0.300000  0.300000  0.300000
  0.300000  0.300000  0.300000  0.300000  0.300000  0.300000  0.300000  0.300000
  0.300000  0.300000  0.300000  0.300000  0.300000  0.300000  0.300000  0.300000
  0.300000  0.300000  0.300000  0.300000  0.300000  0.300000  0.300000  0.300000
  0.300000  0.300000  0.300000  0.300000  0.300000  0.300000  0.300000  0.300000
  0.300000  0.300000  0.300000  0.300000  0.300000  0.300000  0.300000  0.300000
  0.300000  0.300000  0.300000  0.300000  0.300000  0.300000  0.300000  0.300000
  0.300000  0.300000  0.300000  0.300000  0.300000  0.300000  0.300000  0.300000
  0.300000  0.300000
  1.000000
  0.030792  0.031186  0.031539  0.031856  0.032141  0.032395  0.032623  0.032828
  0.033011  0.033175  0.033322  0.033454  0.033572  0.033678  0.033774  0.033859
  0.033935  0.034004  0.034065  0.034120  0.034169  0.034219  0.034270  0.034324
  0.034380  0.034439  0.034501  0.034567  0.034636  0.034709  0.034785  0.034865
  0.034950  0.035039  0.035133  0.035232  0.035335  0.035444  0.035558  0.035677
  0.035803  0.035934  0.036073  0.036218  0.036370  0.036531  0.036699  0.036877
  0.037065  0.037265  0.037480  0.037709  0.037954  0.038214  0.038486  0.038771
  0.039062  0.039357  0.039652  0.039948  0.040242  0.040535  0.040825  0.041115
  0.041406  0.041698  0.041990  0.042283  0.042575  0.042865  0.043152  0.043433
  0.043707  0.043975  0.044235  0.044487  0.044731  0.044968  0.045199  0.045422
  0.045639  0.045849  0.046052  0.046248  0.046437  0.046619  0.046794  0.046962
  0.047124  0.047278  0.047425  0.047573  0.047730  0.047895  0.048070  0.048255
  0.048451  0.048658  0.048876  0.049107  0.049352  0.049610  0.049883  0.050172
  0.050477  0.050799
  1.000000
  0.012183  0.011573  0.011026  0.010536  0.010097  0.009703  0.009349  0.009032
  0.008748  0.008493  0.008265  0.008060  0.007877  0.007712  0.007565  0.007432
  0.007314  0.007207  0.007112  0.007027  0.006950  0.007074  0.007063  0.007036
  0.006998  0.006952  0.006895  0.006826  0.006748  0.006663  0.006573  0.006477
  0.006376  0.006268  0.006155  0.006035  0.005909  0.005776  0.005637  0.005491
  0.005337  0.005175  0.005005  0.004827  0.004639  0.004443  0.004236  0.004018
  0.003788  0.003545  0.003283  0.003004  0.002708  0.002396  0.002068  0.001729
  0.001382  0.001034  0.000687  0.000342  0.000000 -0.000337 -0.000670 -0.001001
 -0.001330 -0.001658 -0.001984 -0.002308 -0.002629 -0.002946 -0.003256 -0.003557
 -0.003850 -0.004133 -0.004406 -0.004669 -0.004922 -0.005166 -0.005401 -0.005628
 -0.005846 -0.006056 -0.006258 -0.006452 -0.006638 -0.006816 -0.006986 -0.007148
 -0.007303 -0.007451 -0.007666 -0.007777 -0.007895 -0.008019 -0.008150 -0.008288
 -0.008435 -0.008590 -0.008754 -0.008927 -0.009110 -0.009303 -0.009508 -0.009724
 -0.009952 -0.010194
  1.000000
  0.000000  0.000000  0.000000  0.000000  0.000000  0.000000  0.000000  0.000000
  0.000000  0.000000  0.000000  0.000000  0.000000  0.000000  0.000000  0.000000
  0.000000  0.000000  0.000000  0.000000  0.000000  0.000379  0.000489  0.000573
  0.000649  0.000720  0.000784  0.000840  0.000891  0.000940  0.000990  0.001039
  0.001088  0.001137  0.001185  0.001234  0.001282  0.001330  0.001378  0.001425
  0.001471  0.001517  0.001563  0.001607  0.001650  0.001692  0.001733  0.001772
  0.001810  0.001845  0.001879  0.001910  0.001938  0.001962  0.001980  0.001994
  0.002001  0.002002  0.001996  0.001985  0.001969  0.001947  0.001920  0.001888
  0.001851  0.001809  0.001763  0.001712  0.001657  0.001599  0.001537  0.001472
  0.001406  0.001338  0.001268  0.001198  0.001128  0.001057  0.000986  0.000916
  0.000846  0.000776  0.000706  0.000638  0.000571  0.000505  0.000440  0.000377
  0.000316  0.000249  0.000000  0.000000  0.000000  0.000000  0.000000  0.000000
  0.000000  0.000000  0.000000  0.000000  0.000000  0.000000  0.000000  0.000000
  0.000000  0.000000
  1.000000
  0.322967  0.322949  0.322938  0.322930  0.322924  0.322913  0.322900  0.322888
  0.322877  0.322867  0.322857  0.322848  0.322841  0.322833  0.322827  0.322821
  0.322815  0.322810  0.322806  0.322802  0.322798  0.322793  0.322787  0.322781
  0.322774  0.322767  0.322760  0.322751  0.322743  0.322733  0.322723  0.322712
  0.322701  0.322688  0.322674  0.322660  0.322644  0.322627  0.322609  0.322589
  0.322568  0.322546  0.322521  0.322495  0.322467  0.322437  0.322404  0.322369
  0.322331  0.322290  0.322244  0.322195  0.322141  0.322082  0.322020  0.321954
  0.321884  0.321813  0.321742  0.321669  0.321597  0.321524  0.321452  0.321381
  0.321309  0.321237  0.321165  0.321095  0.321025  0.320957  0.320890  0.320826
  0.320765  0.320707  0.320652  0.320600  0.320551  0.320505  0.320462  0.320421
  0.320383  0.320348  0.320315  0.320285  0.320257  0.320231  0.320208  0.320186
  0.320167  0.320149  0.320133  0.320122  0.320111  0.320099  0.320087  0.320074
  0.320061  0.320048  0.320034  0.320020  0.320005  0.319990  0.319974  0.319958
  0.319941  0.319920
  BLADE ROW NUMBER =        4                                           
  106   21   91  114    0    0    1    1    1    1    0    0    0    0    0    0
       0.0  153762.8  153762.8  187841.7  187841.7   0.00000       0.0
  1.000000
  0.047336  0.047725  0.048075  0.048388  0.048669  0.048921  0.049147  0.049350
  0.049532  0.049695  0.049841  0.049972  0.050089  0.050194  0.050289  0.050373
  0.050449  0.050517  0.050578  0.050633  0.050682  0.050731  0.050782  0.050835
  0.050892  0.050951  0.051013  0.051078  0.051147  0.051219  0.051295  0.051375
  0.051460  0.051549  0.051642  0.051741  0.051844  0.051952  0.052066  0.052185
  0.052310  0.052442  0.052580  0.052725  0.052877  0.053038  0.053206  0.053384
  0.053572  0.053772  0.053987  0.054217  0.054462  0.054721  0.054994  0.055279
  0.055571  0.055866  0.056162  0.056457  0.056752  0.057045  0.057335  0.057625
  0.057917  0.058209  0.058501  0.058793  0.059085  0.059375  0.059661  0.059941
  0.060214  0.060481  0.060740  0.060991  0.061234  0.061469  0.061698  0.061920
  0.062135  0.062343  0.062544  0.062738  0.062925  0.063106  0.063279  0.063445
  0.063604  0.063757  0.063902  0.064047  0.064201  0.064363  0.064535  0.064716
  0.064909  0.065112  0.065327  0.065555  0.065795  0.066050  0.066321  0.066607
  0.066910  0.067230
  1.000000
 -0.014662 -0.014059 -0.013518 -0.013033 -0.012598 -0.012208 -0.011858 -0.011545
 -0.011264 -0.011012 -0.010786 -0.010583 -0.010402 -0.010239 -0.010093 -0.009962
 -0.009844 -0.009739 -0.009645 -0.009560 -0.009484 -0.009294 -0.009184 -0.009086
 -0.008986 -0.008882 -0.008773 -0.008659 -0.008540 -0.008415 -0.008285 -0.008148
 -0.008005 -0.007855 -0.007699 -0.007536 -0.007366 -0.007190 -0.007006 -0.006815
 -0.006616 -0.006410 -0.006195 -0.005971 -0.005739 -0.005498 -0.005247 -0.004987
 -0.004715 -0.004430 -0.004127 -0.003809 -0.003476 -0.003129 -0.002772 -0.002407
 -0.002041 -0.001680 -0.001325 -0.000979 -0.000643 -0.000316  0.000000  0.000308
  0.000610  0.000905  0.001192  0.001472  0.001743  0.002005  0.002257  0.002496
  0.002723  0.002938  0.003141  0.003332  0.003512  0.003681  0.003841  0.003992
  0.004134  0.004267  0.004393  0.004511  0.004622  0.004726  0.004823  0.004914
  0.004998  0.005069  0.005032  0.005142  0.005260  0.005384  0.005515  0.005653
  0.005799  0.005954  0.006117  0.006290  0.006473  0.006666  0.006870  0.007085
  0.007312  0.007553
  1.000000
  0.000000  0.000000  0.000000  0.000000  0.000000  0.000000  0.000000  0.000000
  0.000000  0.000000  0.000000  0.000000  0.000000  0.000000  0.000000  0.000000
  0.000000  0.000000  0.000000  0.000000  0.000000  0.000254  0.000348  0.000412
  0.000464  0.000508  0.000546  0.000578  0.000610  0.000643  0.000677  0.000712
  0.000749  0.000787  0.000827  0.000868  0.000910  0.000953  0.000998  0.001043
  0.001090  0.001138  0.001187  0.001237  0.001287  0.001339  0.001391  0.001443
  0.001495  0.001548  0.001602  0.001656  0.001708  0.001759  0.001807  0.001850
  0.001889  0.001921  0.001946  0.001965  0.001976  0.001981  0.001980  0.001972
  0.001957  0.001935  0.001907  0.001872  0.001831  0.001783  0.001730  0.001672
  0.001609  0.001542  0.001472  0.001399  0.001323  0.001246  0.001166  0.001086
  0.001004  0.000921  0.000838  0.000755  0.000672  0.000590  0.000509  0.000428
  0.000349  0.000264  0.000000  0.000000  0.000000  0.000000  0.000000  0.000000
  0.000000  0.000000  0.000000  0.000000  0.000000  0.000000  0.000000  0.000000
  0.000000  0.000000
  1.000000
  0.279857  0.279889  0.279914  0.279935  0.279953  0.279969  0.279983  0.279995
  0.280005  0.280015  0.280023  0.280031  0.280037  0.280043  0.280048  0.280053
  0.280057  0.280061  0.280064  0.280067  0.280070  0.280074  0.280078  0.280083
  0.280088  0.280093  0.280098  0.280104  0.280111  0.280118  0.280125  0.280133
  0.280141  0.280151  0.280161  0.280171  0.280183  0.280195  0.280208  0.280222
  0.280237  0.280253  0.280271  0.280290  0.280310  0.280332  0.280356  0.280381
  0.280409  0.280439  0.280472  0.280508  0.280548  0.280591  0.280637  0.280687
  0.280739  0.280792  0.280847  0.280902  0.280958  0.281014  0.281071  0.281128
  0.281185  0.281243  0.281302  0.281361  0.281419  0.281478  0.281536  0.281592
  0.281647  0.281700  0.281751  0.281801  0.281849  0.281895  0.281939  0.281981
  0.282022  0.282061  0.282098  0.282134  0.282167  0.282200  0.282230  0.282259
  0.282287  0.282313  0.282337  0.282365  0.282393  0.282422  0.282452  0.282482
  0.282512  0.282542  0.282572  0.282602  0.282630  0.282657  0.282675  0.282690
  0.282701  0.282710
  1.000000
  0.047381  0.047767  0.048112  0.048422  0.048699  0.048948  0.049172  0.049372
  0.049551  0.049712  0.049856  0.049985  0.050101  0.050205  0.050298  0.050382
  0.050457  0.050524  0.050584  0.050638  0.050686  0.050735  0.050785  0.050838
  0.050894  0.050952  0.051014  0.051079  0.051147  0.051218  0.051294  0.051374
  0.051457  0.051546  0.051639  0.051736  0.051839  0.051946  0.052059  0.052178
  0.052302  0.052433  0.052571  0.052715  0.052867  0.053026  0.053195  0.053372
  0.053559  0.053759  0.053973  0.054203  0.054448  0.054707  0.054980  0.055265
  0.055557  0.055852  0.056149  0.056445  0.056740  0.057034  0.057325  0.057616
  0.057908  0.058201  0.058495  0.058788  0.059080  0.059371  0.059658  0.059939
  0.060214  0.060481  0.060741  0.060992  0.061236  0.061472  0.061702  0.061924
  0.062139  0.062347  0.062549  0.062743  0.062930  0.063110  0.063284  0.063450
  0.063609  0.063761  0.063906  0.064052  0.064205  0.064367  0.064539  0.064720
  0.064912  0.065114  0.065328  0.065555  0.065794  0.066047  0.066314  0.066597
  0.066896  0.067212
  1.000000
 -0.014473 -0.013877 -0.013343 -0.012864 -0.012434 -0.012049 -0.011704 -0.011394
 -0.011117 -0.010868 -0.010645 -0.010445 -0.010266 -0.010105 -0.009961 -0.009832
 -0.009716 -0.009612 -0.009519 -0.009436 -0.009361 -0.009173 -0.009065 -0.008967
 -0.008869 -0.008766 -0.008659 -0.008547 -0.008429 -0.008306 -0.008177 -0.008042
 -0.007901 -0.007753 -0.007599 -0.007438 -0.007270 -0.007096 -0.006914 -0.006726
 -0.006529 -0.006325 -0.006113 -0.005893 -0.005664 -0.005426 -0.005178 -0.004920
 -0.004652 -0.004370 -0.004072 -0.003758 -0.003429 -0.003087 -0.002734 -0.002374
 -0.002013 -0.001656 -0.001307 -0.000966 -0.000634 -0.000312  0.000000  0.000304
  0.000601  0.000891  0.001174  0.001450  0.001717  0.001975  0.002222  0.002458
  0.002681  0.002892  0.003092  0.003279  0.003456  0.003623  0.003780  0.003928
  0.004067  0.004198  0.004321  0.004437  0.004546  0.004647  0.004743  0.004832
  0.004915  0.004984  0.004947  0.005055  0.005170  0.005292  0.005421  0.005556
  0.005700  0.005852  0.006012  0.006182  0.006361  0.006551  0.006751  0.006963
  0.007187  0.007424
  1.000000
  0.000000  0.000000  0.000000  0.000000  0.000000  0.000000  0.000000  0.000000
  0.000000  0.000000  0.000000  0.000000  0.000000  0.000000  0.000000  0.000000
  0.000000  0.000000  0.000000  0.000000  0.000000  0.000251  0.000343  0.000406
  0.000457  0.000501  0.000538  0.000570  0.000601  0.000633  0.000667  0.000702
  0.000738  0.000776  0.000815  0.000855  0.000897  0.000939  0.000983  0.001028
  0.001075  0.001122  0.001170  0.001219  0.001269  0.001319  0.001371  0.001422
  0.001474  0.001526  0.001579  0.001632  0.001684  0.001734  0.001781  0.001824
  0.001862  0.001893  0.001918  0.001936  0.001948  0.001953  0.001951  0.001943
  0.001929  0.001907  0.001880  0.001845  0.001805  0.001758  0.001705  0.001648
  0.001586  0.001520  0.001450  0.001378  0.001304  0.001228  0.001150  0.001070
  0.000989  0.000908  0.000826  0.000744  0.000663  0.000582  0.000501  0.000422
  0.000344  0.000260  0.000000  0.000000  0.000000  0.000000  0.000000  0.000000
  0.000000  0.000000  0.000000  0.000000  0.000000  0.000000  0.000000  0.000000
  0.000000  0.000000
  1.000000
  0.300000  0.300000  0.300000  0.300000  0.300000  0.300000  0.300000  0.300000
  0.300000  0.300000  0.300000  0.300000  0.300000  0.300000  0.300000  0.300000
  0.300000  0.300000  0.300000  0.300000  0.300000  0.300000  0.300000  0.300000
  0.300000  0.300000  0.300000  0.300000  0.300000  0.300000  0.300000  0.300000
  0.300000  0.300000  0.300000  0.300000  0.300000  0.300000  0.300000  0.300000
  0.300000  0.300000  0.300000  0.300000  0.300000  0.300000  0.300000  0.300000
  0.300000  0.300000  0.300000  0.300000  0.300000  0.300000  0.300000  0.300000
  0.300000  0.300000  0.300000  0.300000  0.300000  0.300000  0.300000  0.300000
  0.300000  0.300000  0.300000  0.300000  0.300000  0.300000  0.300000  0.300000
  0.300000  0.300000  0.300000  0.300000  0.300000  0.300000  0.300000  0.300000
  0.300000  0.300000  0.300000  0.300000  0.300000  0.300000  0.300000  0.300000
  0.300000  0.300000  0.300000  0.300000  0.300000  0.300000  0.300000  0.300000
  0.300000  0.300000  0.300000  0.300000  0.300000  0.300000  0.300000  0.300000
  0.300000  0.300000
  1.000000
  0.047336  0.047725  0.048075  0.048388  0.048669  0.048921  0.049147  0.049350
  0.049532  0.049695  0.049841  0.049972  0.050089  0.050194  0.050289  0.050373
  0.050449  0.050517  0.050578  0.050633  0.050682  0.050731  0.050782  0.050835
  0.050892  0.050951  0.051013  0.051078  0.051147  0.051219  0.051295  0.051375
  0.051460  0.051549  0.051642  0.051741  0.051844  0.051952  0.052066  0.052185
  0.052310  0.052442  0.052580  0.052725  0.052877  0.053038  0.053206  0.053384
  0.053572  0.053772  0.053987  0.054217  0.054462  0.054721  0.054994  0.055279
  0.055571  0.055866  0.056162  0.056457  0.056752  0.057045  0.057335  0.057625
  0.057917  0.058209  0.058501  0.058793  0.059085  0.059375  0.059661  0.059941
  0.060214  0.060481  0.060740  0.060991  0.061234  0.061470  0.061698  0.061920
  0.062135  0.062343  0.062544  0.062738  0.062925  0.063106  0.063279  0.063445
  0.063604  0.063757  0.063902  0.064047  0.064201  0.064363  0.064535  0.064716
  0.064909  0.065112  0.065327  0.065555  0.065795  0.066050  0.066321  0.066607
  0.066910  0.067230
  1.000000
 -0.014704 -0.014098 -0.013555 -0.013068 -0.012631 -0.012240 -0.011889 -0.011575
 -0.011293 -0.011040 -0.010814 -0.010610 -0.010428 -0.010265 -0.010119 -0.009987
 -0.009870 -0.009764 -0.009670 -0.009585 -0.009509 -0.009319 -0.009209 -0.009109
 -0.009010 -0.008905 -0.008796 -0.008682 -0.008562 -0.008437 -0.008306 -0.008169
 -0.008025 -0.007875 -0.007719 -0.007555 -0.007385 -0.007208 -0.007023 -0.006832
 -0.006632 -0.006425 -0.006209 -0.005985 -0.005752 -0.005510 -0.005259 -0.004997
 -0.004724 -0.004438 -0.004135 -0.003816 -0.003481 -0.003134 -0.002776 -0.002410
 -0.002043 -0.001681 -0.001326 -0.000980 -0.000643 -0.000316  0.000000  0.000308
  0.000610  0.000904  0.001191  0.001470  0.001741  0.002002  0.002253  0.002491
  0.002717  0.002931  0.003133  0.003323  0.003502  0.003670  0.003829  0.003979
  0.004120  0.004252  0.004377  0.004494  0.004603  0.004706  0.004802  0.004892
  0.004976  0.005046  0.005008  0.005118  0.005234  0.005357  0.005486  0.005624
  0.005769  0.005922  0.006085  0.006256  0.006438  0.006629  0.006832  0.007047
  0.007274  0.007514
  1.000000
  0.000000  0.000000  0.000000  0.000000  0.000000  0.000000  0.000000  0.000000
  0.000000  0.000000  0.000000  0.000000  0.000000  0.000000  0.000000  0.000000
  0.000000  0.000000  0.000000  0.000000  0.000000  0.000254  0.000348  0.000412
  0.000464  0.000508  0.000546  0.000578  0.000610  0.000643  0.000677  0.000712
  0.000749  0.000787  0.000827  0.000868  0.000910  0.000953  0.000998  0.001043
  0.001090  0.001138  0.001187  0.001237  0.001287  0.001339  0.001391  0.001443
  0.001495  0.001548  0.001602  0.001656  0.001708  0.001759  0.001807  0.001850
  0.001889  0.001921  0.001946  0.001965  0.001976  0.001981  0.001980  0.001972
  0.001957  0.001935  0.001907  0.001872  0.001831  0.001783  0.001730  0.001672
  0.001609  0.001542  0.001472  0.001399  0.001323  0.001246  0.001166  0.001086
  0.001004  0.000921  0.000838  0.000755  0.000672  0.000590  0.000509  0.000428
  0.000349  0.000264  0.000000  0.000000  0.000000  0.000000  0.000000  0.000000
  0.000000  0.000000  0.000000  0.000000  0.000000  0.000000  0.000000  0.000000
  0.000000  0.000000
  1.000000
  0.320143  0.320111  0.320086  0.320065  0.320047  0.320031  0.320017  0.320005
  0.319995  0.319985  0.319977  0.319969  0.319963  0.319957  0.319952  0.319947
  0.319943  0.319939  0.319936  0.319933  0.319930  0.319926  0.319922  0.319917
  0.319912  0.319907  0.319902  0.319896  0.319889  0.319882  0.319875  0.319867
  0.319859  0.319849  0.319840  0.319829  0.319818  0.319805  0.319792  0.319778
  0.319763  0.319747  0.319729  0.319710  0.319690  0.319668  0.319644  0.319619
  0.319591  0.319561  0.319528  0.319492  0.319452  0.319409  0.319363  0.319313
  0.319261  0.319208  0.319154  0.319098  0.319042  0.318986  0.318929  0.318872
  0.318815  0.318756  0.318698  0.318639  0.318581  0.318522  0.318464  0.318408
  0.318353  0.318300  0.318249  0.318199  0.318151  0.318105  0.318061  0.318019
  0.317978  0.317939  0.317902  0.317866  0.317833  0.317800  0.317770  0.317741
  0.317713  0.317687  0.317663  0.317635  0.317607  0.317578  0.317548  0.317518
  0.317488  0.317458  0.317428  0.317398  0.317370  0.317343  0.317325  0.317310
  0.317299  0.317290
  BLADE ROW NUMBER =        5                                           
  106   21   91  115    0    0    1    1    1    1    0    0    0    0    0    0
   12000.0  187841.7  187841.7  226965.3  226965.3   0.00000   12000.0
  1.000000
  0.067151  0.067540  0.067888  0.068201  0.068481  0.068733  0.068958  0.069159
  0.069340  0.069502  0.069648  0.069778  0.069895  0.070000  0.070094  0.070178
  0.070253  0.070321  0.070382  0.070436  0.070485  0.070534  0.070585  0.070638
  0.070694  0.070752  0.070814  0.070879  0.070948  0.071020  0.071095  0.071175
  0.071260  0.071348  0.071441  0.071539  0.071642  0.071750  0.071863  0.071982
  0.072107  0.072238  0.072376  0.072521  0.072672  0.072832  0.073001  0.073178
  0.073365  0.073565  0.073779  0.074009  0.074254  0.074513  0.074785  0.075070
  0.075362  0.075656  0.075952  0.076248  0.076543  0.076836  0.077126  0.077417
  0.077708  0.078001  0.078293  0.078586  0.078878  0.079169  0.079455  0.079736
  0.080010  0.080278  0.080537  0.080789  0.081033  0.081269  0.081499  0.081722
  0.081938  0.082146  0.082348  0.082543  0.082731  0.082912  0.083086  0.083253
  0.083413  0.083566  0.083712  0.083858  0.084013  0.084177  0.084349  0.084532
  0.084725  0.084930  0.085146  0.085374  0.085615  0.085870  0.086140  0.086425
  0.086726  0.087045
  1.000000
  0.011993  0.011392  0.010853  0.010369  0.009936  0.009548  0.009200  0.008888
  0.008608  0.008357  0.008132  0.007931  0.007750  0.007588  0.007442  0.007312
  0.007195  0.007091  0.006997  0.006913  0.006837  0.006960  0.006949  0.006922
  0.006886  0.006840  0.006784  0.006717  0.006639  0.006556  0.006468  0.006374
  0.006274  0.006169  0.006057  0.005939  0.005815  0.005685  0.005548  0.005404
  0.005253  0.005094  0.004927  0.004752  0.004568  0.004374  0.004171  0.003957
  0.003731  0.003491  0.003234  0.002960  0.002668  0.002361  0.002039  0.001704
  0.001362  0.001020  0.000677  0.000337  0.000000 -0.000333 -0.000662 -0.000988
 -0.001313 -0.001638 -0.001960 -0.002281 -0.002598 -0.002911 -0.003218 -0.003517
 -0.003807 -0.004088 -0.004359 -0.004619 -0.004870 -0.005112 -0.005345 -0.005570
 -0.005787 -0.005995 -0.006195 -0.006388 -0.006572 -0.006748 -0.006917 -0.007079
 -0.007232 -0.007379 -0.007591 -0.007702 -0.007818 -0.007941 -0.008071 -0.008208
 -0.008353 -0.008507 -0.008669 -0.008840 -0.009022 -0.009213 -0.009416 -0.009630
 -0.009856 -0.010096
  1.000000
  0.000000  0.000000  0.000000  0.000000  0.000000  0.000000  0.000000  0.000000
  0.000000  0.000000  0.000000  0.000000  0.000000  0.000000  0.000000  0.000000
  0.000000  0.000000  0.000000  0.000000  0.000000  0.000374  0.000482  0.000565
  0.000641  0.000710  0.000773  0.000829  0.000879  0.000928  0.000977  0.001025
  0.001073  0.001122  0.001170  0.001218  0.001265  0.001313  0.001360  0.001406
  0.001452  0.001497  0.001542  0.001585  0.001628  0.001670  0.001710  0.001749
  0.001786  0.001821  0.001854  0.001885  0.001912  0.001936  0.001954  0.001967
  0.001974  0.001975  0.001970  0.001959  0.001942  0.001921  0.001894  0.001863
  0.001826  0.001785  0.001740  0.001690  0.001635  0.001578  0.001517  0.001453
  0.001387  0.001320  0.001251  0.001182  0.001113  0.001043  0.000973  0.000904
  0.000834  0.000765  0.000697  0.000630  0.000563  0.000498  0.000434  0.000372
  0.000312  0.000246  0.000000  0.000000  0.000000  0.000000  0.000000  0.000000
  0.000000  0.000000  0.000000  0.000000  0.000000  0.000000  0.000000  0.000000
  0.000000  0.000000
  1.000000
  0.282708  0.282717  0.282722  0.282727  0.282734  0.282743  0.282752  0.282760
  0.282767  0.282774  0.282780  0.282785  0.282791  0.282795  0.282800  0.282803
  0.282807  0.282810  0.282813  0.282816  0.282818  0.282822  0.282825  0.282830
  0.282834  0.282839  0.282844  0.282849  0.282855  0.282861  0.282868  0.282875
  0.282883  0.282891  0.282901  0.282910  0.282921  0.282932  0.282944  0.282957
  0.282971  0.282986  0.283002  0.283019  0.283037  0.283057  0.283079  0.283102
  0.283127  0.283154  0.283184  0.283216  0.283252  0.283290  0.283331  0.283375
  0.283420  0.283466  0.283514  0.283561  0.283609  0.283656  0.283703  0.283750
  0.283797  0.283844  0.283891  0.283937  0.283983  0.284027  0.284071  0.284112
  0.284152  0.284190  0.284226  0.284260  0.284291  0.284321  0.284350  0.284376
  0.284401  0.284423  0.284445  0.284464  0.284482  0.284499  0.284514  0.284528
  0.284541  0.284553  0.284563  0.284570  0.284577  0.284585  0.284593  0.284601
  0.284610  0.284618  0.284628  0.284637  0.284647  0.284657  0.284667  0.284678
  0.284689  0.284702
  1.000000
  0.067177  0.067563  0.067909  0.068218  0.068496  0.068745  0.068969  0.069169
  0.069348  0.069509  0.069653  0.069783  0.069899  0.070003  0.070096  0.070179
  0.070254  0.070322  0.070382  0.070436  0.070484  0.070533  0.070583  0.070636
  0.070692  0.070750  0.070812  0.070877  0.070945  0.071016  0.071092  0.071172
  0.071256  0.071344  0.071437  0.071535  0.071637  0.071745  0.071858  0.071976
  0.072101  0.072232  0.072370  0.072514  0.072666  0.072825  0.072994  0.073171
  0.073359  0.073558  0.073773  0.074002  0.074247  0.074507  0.074780  0.075065
  0.075357  0.075653  0.075949  0.076246  0.076541  0.076835  0.077126  0.077418
  0.077710  0.078003  0.078296  0.078590  0.078883  0.079174  0.079461  0.079742
  0.080017  0.080284  0.080544  0.080796  0.081039  0.081276  0.081505  0.081728
  0.081943  0.082151  0.082353  0.082547  0.082735  0.082915  0.083088  0.083254
  0.083414  0.083566  0.083711  0.083856  0.084010  0.084172  0.084344  0.084525
  0.084717  0.084920  0.085134  0.085360  0.085600  0.085853  0.086120  0.086403
  0.086702  0.087018
  1.000000
  0.011902  0.011306  0.010771  0.010292  0.009862  0.009477  0.009132  0.008822
  0.008544  0.008295  0.008072  0.007872  0.007693  0.007532  0.007388  0.007258
  0.007143  0.007039  0.006945  0.006862  0.006787  0.006909  0.006898  0.006871
  0.006835  0.006789  0.006734  0.006667  0.006590  0.006508  0.006420  0.006326
  0.006227  0.006123  0.006012  0.005895  0.005772  0.005642  0.005506  0.005363
  0.005213  0.005055  0.004889  0.004715  0.004533  0.004341  0.004139  0.003926
  0.003702  0.003464  0.003209  0.002936  0.002647  0.002342  0.002022  0.001690
  0.001351  0.001011  0.000672  0.000334  0.000000 -0.000330 -0.000656 -0.000979
 -0.001302 -0.001623 -0.001942 -0.002260 -0.002574 -0.002884 -0.003188 -0.003484
 -0.003771 -0.004049 -0.004316 -0.004574 -0.004823 -0.005062 -0.005293 -0.005515
 -0.005729 -0.005935 -0.006134 -0.006324 -0.006506 -0.006681 -0.006848 -0.007007
 -0.007159 -0.007304 -0.007515 -0.007624 -0.007739 -0.007860 -0.007989 -0.008125
 -0.008269 -0.008421 -0.008581 -0.008751 -0.008930 -0.009120 -0.009321 -0.009532
 -0.009757 -0.009993
  1.000000
  0.000000  0.000000  0.000000  0.000000  0.000000  0.000000  0.000000  0.000000
  0.000000  0.000000  0.000000  0.000000  0.000000  0.000000  0.000000  0.000000
  0.000000  0.000000  0.000000  0.000000  0.000000  0.000371  0.000478  0.000560
  0.000635  0.000704  0.000767  0.000822  0.000871  0.000920  0.000968  0.001016
  0.001064  0.001112  0.001160  0.001207  0.001254  0.001301  0.001348  0.001394
  0.001439  0.001484  0.001529  0.001572  0.001614  0.001655  0.001695  0.001734
  0.001770  0.001805  0.001838  0.001869  0.001896  0.001919  0.001937  0.001950
  0.001957  0.001958  0.001953  0.001942  0.001926  0.001904  0.001878  0.001847
  0.001811  0.001770  0.001725  0.001675  0.001621  0.001564  0.001504  0.001440
  0.001375  0.001308  0.001241  0.001172  0.001103  0.001034  0.000965  0.000896
  0.000827  0.000759  0.000691  0.000624  0.000558  0.000494  0.000431  0.000369
  0.000309  0.000243  0.000000  0.000000  0.000000  0.000000  0.000000  0.000000
  0.000000  0.000000  0.000000  0.000000  0.000000  0.000000  0.000000  0.000000
  0.000000  0.000000
  1.000000
  0.300000  0.300000  0.300000  0.300000  0.300000  0.300000  0.300000  0.300000
  0.300000  0.300000  0.300000  0.300000  0.300000  0.300000  0.300000  0.300000
  0.300000  0.300000  0.300000  0.300000  0.300000  0.300000  0.300000  0.300000
  0.300000  0.300000  0.300000  0.300000  0.300000  0.300000  0.300000  0.300000
  0.300000  0.300000  0.300000  0.300000  0.300000  0.300000  0.300000  0.300000
  0.300000  0.300000  0.300000  0.300000  0.300000  0.300000  0.300000  0.300000
  0.300000  0.300000  0.300000  0.300000  0.300000  0.300000  0.300000  0.300000
  0.300000  0.300000  0.300000  0.300000  0.300000  0.300000  0.300000  0.300000
  0.300000  0.300000  0.300000  0.300000  0.300000  0.300000  0.300000  0.300000
  0.300000  0.300000  0.300000  0.300000  0.300000  0.300000  0.300000  0.300000
  0.300000  0.300000  0.300000  0.300000  0.300000  0.300000  0.300000  0.300000
  0.300000  0.300000  0.300000  0.300000  0.300000  0.300000  0.300000  0.300000
  0.300000  0.300000  0.300000  0.300000  0.300000  0.300000  0.300000  0.300000
  0.300000  0.300000
  1.000000
  0.067151  0.067540  0.067888  0.068201  0.068481  0.068733  0.068958  0.069159
  0.069340  0.069502  0.069648  0.069778  0.069895  0.070000  0.070094  0.070178
  0.070253  0.070321  0.070382  0.070436  0.070485  0.070534  0.070585  0.070638
  0.070694  0.070752  0.070814  0.070879  0.070948  0.071020  0.071095  0.071175
  0.071260  0.071348  0.071441  0.071539  0.071642  0.071750  0.071863  0.071982
  0.072107  0.072238  0.072376  0.072521  0.072672  0.072832  0.073001  0.073178
  0.073365  0.073565  0.073779  0.074009  0.074254  0.074513  0.074785  0.075070
  0.075362  0.075656  0.075952  0.076248  0.076543  0.076836  0.077126  0.077417
  0.077708  0.078001  0.078293  0.078586  0.078878  0.079169  0.079455  0.079736
  0.080010  0.080278  0.080537  0.080789  0.081033  0.081269  0.081499  0.081722
  0.081938  0.082146  0.082348  0.082543  0.082731  0.082912  0.083086  0.083253
  0.083413  0.083566  0.083712  0.083858  0.084013  0.084177  0.084349  0.084532
  0.084725  0.084930  0.085146  0.085374  0.085615  0.085870  0.086140  0.086425
  0.086726  0.087045
  1.000000
  0.012016  0.011414  0.010875  0.010391  0.009958  0.009569  0.009220  0.008908
  0.008627  0.008376  0.008151  0.007949  0.007768  0.007606  0.007460  0.007330
  0.007213  0.007108  0.007014  0.006929  0.006854  0.006976  0.006966  0.006939
  0.006902  0.006856  0.006800  0.006732  0.006655  0.006571  0.006482  0.006388
  0.006288  0.006182  0.006070  0.005952  0.005828  0.005697  0.005560  0.005415
  0.005263  0.005104  0.004936  0.004760  0.004576  0.004382  0.004178  0.003963
  0.003737  0.003496  0.003239  0.002964  0.002671  0.002363  0.002041  0.001705
  0.001363  0.001020  0.000677  0.000337  0.000000 -0.000333 -0.000661 -0.000987
 -0.001312 -0.001636 -0.001958 -0.002278 -0.002595 -0.002907 -0.003214 -0.003511
 -0.003800 -0.004080 -0.004350 -0.004609 -0.004859 -0.005100 -0.005333 -0.005556
 -0.005772 -0.005979 -0.006179 -0.006370 -0.006554 -0.006730 -0.006898 -0.007058
 -0.007211 -0.007357 -0.007570 -0.007679 -0.007795 -0.007918 -0.008047 -0.008184
 -0.008329 -0.008482 -0.008643 -0.008814 -0.008995 -0.009186 -0.009388 -0.009602
 -0.009827 -0.010066
  1.000000
  0.000000  0.000000  0.000000  0.000000  0.000000  0.000000  0.000000  0.000000
  0.000000  0.000000  0.000000  0.000000  0.000000  0.000000  0.000000  0.000000
  0.000000  0.000000  0.000000  0.000000  0.000000  0.000374  0.000482  0.000565
  0.000641  0.000710  0.000773  0.000829  0.000879  0.000928  0.000977  0.001025
  0.001073  0.001122  0.001170  0.001218  0.001265  0.001313  0.001360  0.001406
  0.001452  0.001497  0.001542  0.001585  0.001628  0.001670  0.001710  0.001749
  0.001786  0.001821  0.001854  0.001885  0.001912  0.001936  0.001954  0.001967
  0.001974  0.001975  0.001970  0.001959  0.001942  0.001921  0.001894  0.001863
  0.001826  0.001785  0.001740  0.001690  0.001635  0.001578  0.001517  0.001453
  0.001387  0.001320  0.001251  0.001182  0.001113  0.001043  0.000973  0.000904
  0.000834  0.000765  0.000697  0.000630  0.000563  0.000498  0.000434  0.000372
  0.000312  0.000246  0.000000  0.000000  0.000000  0.000000  0.000000  0.000000
  0.000000  0.000000  0.000000  0.000000  0.000000  0.000000  0.000000  0.000000
  0.000000  0.000000
  1.000000
  0.317292  0.317283  0.317278  0.317273  0.317266  0.317257  0.317248  0.317240
  0.317233  0.317226  0.317220  0.317215  0.317209  0.317205  0.317200  0.317197
  0.317193  0.317190  0.317187  0.317184  0.317182  0.317178  0.317174  0.317170
  0.317166  0.317161  0.317156  0.317151  0.317145  0.317139  0.317132  0.317125
  0.317117  0.317109  0.317099  0.317090  0.317079  0.317068  0.317056  0.317043
  0.317029  0.317014  0.316998  0.316981  0.316963  0.316943  0.316921  0.316898
  0.316873  0.316846  0.316816  0.316784  0.316748  0.316710  0.316669  0.316625
  0.316580  0.316534  0.316486  0.316439  0.316392  0.316344  0.316297  0.316250
  0.316203  0.316156  0.316109  0.316063  0.316017  0.315973  0.315929  0.315888
  0.315848  0.315810  0.315774  0.315740  0.315709  0.315679  0.315650  0.315624
  0.315600  0.315577  0.315555  0.315536  0.315517  0.315501  0.315486  0.315472
  0.315459  0.315447  0.315437  0.315430  0.315423  0.315415  0.315407  0.315399
  0.315390  0.315381  0.315372  0.315363  0.315353  0.315343  0.315333  0.315322
  0.315311  0.315298
  BLADE ROW NUMBER =        6                                           
  106   21   91  115    0    0    1    1    1    1    0    0    0    0    0    0
       0.0  226965.3  226965.3  270959.9  270959.9   0.00000       0.0
  1.000000
  0.083669  0.084056  0.084403  0.084715  0.084994  0.085244  0.085468  0.085669
  0.085850  0.086011  0.086156  0.086286  0.086403  0.086507  0.086601  0.086685
  0.086760  0.086828  0.086888  0.086942  0.086991  0.087040  0.087090  0.087144
  0.087199  0.087258  0.087320  0.087385  0.087453  0.087525  0.087601  0.087680
  0.087765  0.087853  0.087946  0.088044  0.088147  0.088255  0.088368  0.088487
  0.088612  0.088743  0.088880  0.089025  0.089177  0.089337  0.089505  0.089682
  0.089870  0.090069  0.090284  0.090513  0.090758  0.091017  0.091290  0.091575
  0.091867  0.092162  0.092458  0.092753  0.093048  0.093341  0.093632  0.093922
  0.094214  0.094506  0.094799  0.095091  0.095383  0.095673  0.095959  0.096240
  0.096513  0.096780  0.097039  0.097290  0.097533  0.097769  0.097998  0.098220
  0.098435  0.098642  0.098843  0.099037  0.099224  0.099404  0.099577  0.099743
  0.099902  0.100054  0.100199  0.100344  0.100497  0.100659  0.100830  0.101011
  0.101203  0.101405  0.101620  0.101846  0.102086  0.102339  0.102608  0.102892
  0.103192  0.103510
  1.000000
 -0.014544 -0.013946 -0.013409 -0.012928 -0.012496 -0.012109 -0.011762 -0.011451
 -0.011173 -0.010923 -0.010699 -0.010498 -0.010317 -0.010156 -0.010011 -0.009881
 -0.009765 -0.009660 -0.009567 -0.009483 -0.009408 -0.009219 -0.009110 -0.009012
 -0.008913 -0.008810 -0.008702 -0.008589 -0.008471 -0.008347 -0.008218 -0.008082
 -0.007940 -0.007792 -0.007637 -0.007475 -0.007307 -0.007131 -0.006949 -0.006760
 -0.006563 -0.006357 -0.006144 -0.005923 -0.005693 -0.005453 -0.005205 -0.004946
 -0.004676 -0.004393 -0.004093 -0.003778 -0.003447 -0.003103 -0.002749 -0.002387
 -0.002024 -0.001666 -0.001314 -0.000971 -0.000637 -0.000314  0.000000  0.000306
  0.000605  0.000897  0.001182  0.001459  0.001728  0.001988  0.002237  0.002474
  0.002699  0.002912  0.003112  0.003302  0.003480  0.003648  0.003806  0.003955
  0.004096  0.004228  0.004353  0.004469  0.004579  0.004682  0.004778  0.004868
  0.004952  0.005022  0.004985  0.005094  0.005210  0.005333  0.005463  0.005600
  0.005745  0.005898  0.006060  0.006231  0.006412  0.006603  0.006805  0.007018
  0.007244  0.007482
  1.000000
  0.000000  0.000000  0.000000  0.000000  0.000000  0.000000  0.000000  0.000000
  0.000000  0.000000  0.000000  0.000000  0.000000  0.000000  0.000000  0.000000
  0.000000  0.000000  0.000000  0.000000  0.000000  0.000252  0.000345  0.000409
  0.000460  0.000504  0.000541  0.000573  0.000605  0.000637  0.000671  0.000706
  0.000743  0.000781  0.000820  0.000860  0.000902  0.000945  0.000989  0.001034
  0.001081  0.001128  0.001177  0.001226  0.001276  0.001327  0.001379  0.001430
  0.001483  0.001535  0.001588  0.001642  0.001694  0.001744  0.001791  0.001835
  0.001873  0.001904  0.001929  0.001948  0.001959  0.001964  0.001963  0.001955
  0.001940  0.001919  0.001891  0.001856  0.001815  0.001768  0.001715  0.001657
  0.001595  0.001529  0.001459  0.001387  0.001312  0.001235  0.001157  0.001076
  0.000995  0.000913  0.000831  0.000749  0.000666  0.000585  0.000504  0.000425
  0.000346  0.000261  0.000000  0.000000  0.000000  0.000000  0.000000  0.000000
  0.000000  0.000000  0.000000  0.000000  0.000000  0.000000  0.000000  0.000000
  0.000000  0.000000
  1.000000
  0.284560  0.284579  0.284595  0.284609  0.284621  0.284632  0.284641  0.284649
  0.284656  0.284662  0.284668  0.284672  0.284677  0.284681  0.284684  0.284687
  0.284690  0.284693  0.284695  0.284697  0.284699  0.284702  0.284704  0.284708
  0.284711  0.284714  0.284718  0.284722  0.284726  0.284731  0.284735  0.284741
  0.284746  0.284753  0.284759  0.284766  0.284774  0.284782  0.284790  0.284800
  0.284810  0.284821  0.284832  0.284845  0.284858  0.284873  0.284889  0.284906
  0.284924  0.284944  0.284966  0.284990  0.285017  0.285045  0.285076  0.285109
  0.285144  0.285180  0.285216  0.285254  0.285291  0.285329  0.285367  0.285406
  0.285445  0.285484  0.285524  0.285564  0.285604  0.285644  0.285684  0.285722
  0.285760  0.285797  0.285832  0.285867  0.285900  0.285932  0.285963  0.285992
  0.286021  0.286048  0.286075  0.286100  0.286124  0.286147  0.286168  0.286189
  0.286209  0.286227  0.286245  0.286265  0.286286  0.286308  0.286330  0.286352
  0.286375  0.286397  0.286420  0.286441  0.286462  0.286482  0.286497  0.286507
  0.286516  0.286523
  1.000000
  0.083691  0.084076  0.084421  0.084731  0.085008  0.085257  0.085480  0.085680
  0.085859  0.086020  0.086164  0.086293  0.086409  0.086513  0.086606  0.086689
  0.086764  0.086831  0.086891  0.086945  0.086993  0.087042  0.087092  0.087145
  0.087201  0.087259  0.087321  0.087385  0.087453  0.087525  0.087600  0.087680
  0.087764  0.087852  0.087945  0.088042  0.088145  0.088252  0.088365  0.088484
  0.088608  0.088739  0.088876  0.089020  0.089172  0.089331  0.089499  0.089677
  0.089864  0.090063  0.090277  0.090507  0.090751  0.091010  0.091283  0.091568
  0.091860  0.092155  0.092451  0.092747  0.093042  0.093335  0.093626  0.093917
  0.094209  0.094501  0.094795  0.095088  0.095380  0.095671  0.095957  0.096238
  0.096512  0.096779  0.097039  0.097290  0.097533  0.097770  0.097999  0.098221
  0.098436  0.098644  0.098845  0.099039  0.099226  0.099406  0.099579  0.099745
  0.099904  0.100056  0.100201  0.100346  0.100500  0.100662  0.100833  0.101014
  0.101206  0.101408  0.101622  0.101848  0.102087  0.102340  0.102607  0.102890
  0.103188  0.103504
  1.000000
 -0.014460 -0.013864 -0.013331 -0.012852 -0.012423 -0.012038 -0.011693 -0.011384
 -0.011107 -0.010858 -0.010636 -0.010436 -0.010257 -0.010096 -0.009952 -0.009823
 -0.009707 -0.009603 -0.009510 -0.009427 -0.009352 -0.009165 -0.009057 -0.008959
 -0.008861 -0.008758 -0.008651 -0.008539 -0.008421 -0.008298 -0.008169 -0.008035
 -0.007893 -0.007746 -0.007592 -0.007431 -0.007263 -0.007089 -0.006908 -0.006720
 -0.006524 -0.006320 -0.006108 -0.005887 -0.005659 -0.005421 -0.005173 -0.004916
 -0.004648 -0.004366 -0.004068 -0.003754 -0.003426 -0.003084 -0.002732 -0.002372
 -0.002011 -0.001655 -0.001306 -0.000965 -0.000633 -0.000311  0.000000  0.000304
  0.000600  0.000890  0.001173  0.001448  0.001715  0.001973  0.002220  0.002455
  0.002678  0.002890  0.003089  0.003276  0.003453  0.003619  0.003776  0.003924
  0.004063  0.004194  0.004317  0.004433  0.004541  0.004643  0.004738  0.004827
  0.004910  0.004980  0.004942  0.005051  0.005166  0.005287  0.005416  0.005551
  0.005695  0.005846  0.006007  0.006176  0.006356  0.006545  0.006745  0.006957
  0.007181  0.007417
  1.000000
  0.000000  0.000000  0.000000  0.000000  0.000000  0.000000  0.000000  0.000000
  0.000000  0.000000  0.000000  0.000000  0.000000  0.000000  0.000000  0.000000
  0.000000  0.000000  0.000000  0.000000  0.000000  0.000250  0.000342  0.000406
  0.000457  0.000500  0.000537  0.000569  0.000600  0.000633  0.000666  0.000701
  0.000738  0.000775  0.000814  0.000854  0.000896  0.000939  0.000982  0.001027
  0.001074  0.001121  0.001169  0.001218  0.001268  0.001318  0.001369  0.001421
  0.001473  0.001525  0.001578  0.001630  0.001682  0.001732  0.001779  0.001822
  0.001860  0.001891  0.001916  0.001935  0.001946  0.001951  0.001949  0.001941
  0.001927  0.001906  0.001878  0.001844  0.001803  0.001756  0.001704  0.001646
  0.001584  0.001518  0.001449  0.001377  0.001303  0.001227  0.001149  0.001069
  0.000988  0.000907  0.000825  0.000744  0.000662  0.000581  0.000501  0.000422
  0.000344  0.000260  0.000000  0.000000  0.000000  0.000000  0.000000  0.000000
  0.000000  0.000000  0.000000  0.000000  0.000000  0.000000  0.000000  0.000000
  0.000000  0.000000
  1.000000
  0.300000  0.300000  0.300000  0.300000  0.300000  0.300000  0.300000  0.300000
  0.300000  0.300000  0.300000  0.300000  0.300000  0.300000  0.300000  0.300000
  0.300000  0.300000  0.300000  0.300000  0.300000  0.300000  0.300000  0.300000
  0.300000  0.300000  0.300000  0.300000  0.300000  0.300000  0.300000  0.300000
  0.300000  0.300000  0.300000  0.300000  0.300000  0.300000  0.300000  0.300000
  0.300000  0.300000  0.300000  0.300000  0.300000  0.300000  0.300000  0.300000
  0.300000  0.300000  0.300000  0.300000  0.300000  0.300000  0.300000  0.300000
  0.300000  0.300000  0.300000  0.300000  0.300000  0.300000  0.300000  0.300000
  0.300000  0.300000  0.300000  0.300000  0.300000  0.300000  0.300000  0.300000
  0.300000  0.300000  0.300000  0.300000  0.300000  0.300000  0.300000  0.300000
  0.300000  0.300000  0.300000  0.300000  0.300000  0.300000  0.300000  0.300000
  0.300000  0.300000  0.300000  0.300000  0.300000  0.300000  0.300000  0.300000
  0.300000  0.300000  0.300000  0.300000  0.300000  0.300000  0.300000  0.300000
  0.300000  0.300000
  1.000000
  0.083669  0.084056  0.084403  0.084715  0.084994  0.085244  0.085468  0.085669
  0.085850  0.086011  0.086156  0.086286  0.086403  0.086507  0.086601  0.086685
  0.086760  0.086828  0.086888  0.086942  0.086991  0.087040  0.087090  0.087144
  0.087199  0.087258  0.087320  0.087385  0.087453  0.087525  0.087601  0.087680
  0.087765  0.087853  0.087946  0.088044  0.088147  0.088255  0.088368  0.088487
  0.088612  0.088743  0.088880  0.089025  0.089177  0.089337  0.089505  0.089682
  0.089870  0.090069  0.090284  0.090513  0.090758  0.091017  0.091290  0.091575
  0.091867  0.092162  0.092458  0.092753  0.093048  0.093341  0.093632  0.093922
  0.094214  0.094506  0.094799  0.095091  0.095383  0.095673  0.095959  0.096240
  0.096513  0.096780  0.097039  0.097290  0.097533  0.097769  0.097998  0.098220
  0.098435  0.098642  0.098843  0.099037  0.099224  0.099404  0.099577  0.099743
  0.099902  0.100054  0.100199  0.100344  0.100497  0.100659  0.100830  0.101011
  0.101203  0.101405  0.101620  0.101846  0.102086  0.102339  0.102608  0.102892
  0.103192  0.103510
  1.000000
 -0.014572 -0.013971 -0.013433 -0.012951 -0.012518 -0.012130 -0.011783 -0.011471
 -0.011192 -0.010941 -0.010717 -0.010516 -0.010335 -0.010173 -0.010028 -0.009898
 -0.009782 -0.009677 -0.009583 -0.009499 -0.009424 -0.009235 -0.009126 -0.009028
 -0.008929 -0.008826 -0.008717 -0.008604 -0.008486 -0.008362 -0.008232 -0.008096
 -0.007954 -0.007805 -0.007650 -0.007488 -0.007319 -0.007143 -0.006961 -0.006771
 -0.006573 -0.006367 -0.006154 -0.005932 -0.005701 -0.005461 -0.005212 -0.004953
 -0.004683 -0.004399 -0.004098 -0.003782 -0.003451 -0.003107 -0.002752 -0.002389
 -0.002025 -0.001667 -0.001315 -0.000971 -0.000637 -0.000314  0.000000  0.000306
  0.000604  0.000896  0.001181  0.001458  0.001726  0.001986  0.002234  0.002471
  0.002695  0.002907  0.003107  0.003296  0.003473  0.003640  0.003798  0.003946
  0.004086  0.004218  0.004341  0.004458  0.004566  0.004669  0.004764  0.004853
  0.004937  0.005006  0.004968  0.005077  0.005192  0.005314  0.005443  0.005580
  0.005724  0.005876  0.006037  0.006207  0.006387  0.006577  0.006779  0.006992
  0.007217  0.007455
  1.000000
  0.000000  0.000000  0.000000  0.000000  0.000000  0.000000  0.000000  0.000000
  0.000000  0.000000  0.000000  0.000000  0.000000  0.000000  0.000000  0.000000
  0.000000  0.000000  0.000000  0.000000  0.000000  0.000252  0.000345  0.000409
  0.000460  0.000504  0.000541  0.000573  0.000605  0.000637  0.000671  0.000706
  0.000743  0.000781  0.000820  0.000860  0.000902  0.000945  0.000989  0.001034
  0.001081  0.001128  0.001177  0.001226  0.001276  0.001327  0.001379  0.001430
  0.001483  0.001535  0.001588  0.001642  0.001694  0.001744  0.001791  0.001835
  0.001873  0.001904  0.001929  0.001948  0.001959  0.001964  0.001963  0.001955
  0.001940  0.001919  0.001891  0.001856  0.001815  0.001768  0.001715  0.001657
  0.001595  0.001529  0.001459  0.001387  0.001312  0.001235  0.001157  0.001076
  0.000995  0.000913  0.000831  0.000749  0.000666  0.000585  0.000504  0.000425
  0.000346  0.000261  0.000000  0.000000  0.000000  0.000000  0.000000  0.000000
  0.000000  0.000000  0.000000  0.000000  0.000000  0.000000  0.000000  0.000000
  0.000000  0.000000
  1.000000
  0.315440  0.315420  0.315405  0.315391  0.315379  0.315368  0.315359  0.315351
  0.315344  0.315338  0.315333  0.315328  0.315323  0.315319  0.315316  0.315313
  0.315310  0.315307  0.315305  0.315303  0.315301  0.315298  0.315295  0.315292
  0.315289  0.315286  0.315282  0.315278  0.315274  0.315269  0.315264  0.315259
  0.315254  0.315247  0.315241  0.315234  0.315226  0.315218  0.315209  0.315200
  0.315190  0.315179  0.315168  0.315155  0.315142  0.315127  0.315111  0.315094
  0.315076  0.315056  0.315034  0.315010  0.314983  0.314955  0.314924  0.314891
  0.314856  0.314820  0.314784  0.314746  0.314709  0.314671  0.314633  0.314594
  0.314555  0.314516  0.314476  0.314436  0.314396  0.314356  0.314316  0.314278
  0.314240  0.314203  0.314168  0.314133  0.314100  0.314068  0.314037  0.314008
  0.313979  0.313952  0.313926  0.313900  0.313876  0.313853  0.313832  0.313811
  0.313791  0.313773  0.313755  0.313735  0.313714  0.313692  0.313670  0.313648
  0.313625  0.313603  0.313581  0.313559  0.313538  0.313518  0.313503  0.313493
  0.313484  0.313477
  BLADE ROW NUMBER =        7                                           
  106   21   91  116    0    0    1    1    1    1    0    0    0    0    0    0
   12000.0  270959.8  270959.8  320699.8  320699.8   0.00000   12000.0
  1.000000
  0.103476  0.103863  0.104210  0.104521  0.104800  0.105049  0.105273  0.105474
  0.105654  0.105815  0.105960  0.106090  0.106206  0.106310  0.106404  0.106487
  0.106563  0.106630  0.106690  0.106744  0.106793  0.106841  0.106892  0.106945
  0.107001  0.107059  0.107121  0.107186  0.107254  0.107326  0.107401  0.107481
  0.107565  0.107653  0.107746  0.107844  0.107947  0.108054  0.108167  0.108286
  0.108411  0.108542  0.108679  0.108823  0.108975  0.109135  0.109303  0.109480
  0.109667  0.109866  0.110081  0.110310  0.110555  0.110814  0.111086  0.111371
  0.111663  0.111957  0.112253  0.112549  0.112844  0.113137  0.113428  0.113718
  0.114010  0.114302  0.114595  0.114888  0.115180  0.115471  0.115757  0.116038
  0.116312  0.116579  0.116838  0.117090  0.117333  0.117570  0.117799  0.118021
  0.118237  0.118445  0.118646  0.118841  0.119028  0.119209  0.119382  0.119549
  0.119708  0.119861  0.120006  0.120152  0.120306  0.120468  0.120640  0.120822
  0.121014  0.121218  0.121432  0.121659  0.121900  0.122153  0.122422  0.122705
  0.123005  0.123322
  1.000000
  0.011930  0.011332  0.010796  0.010316  0.009885  0.009499  0.009153  0.008842
  0.008564  0.008314  0.008090  0.007890  0.007710  0.007549  0.007404  0.007275
  0.007158  0.007054  0.006961  0.006877  0.006802  0.006924  0.006914  0.006887
  0.006850  0.006805  0.006749  0.006682  0.006605  0.006522  0.006434  0.006341
  0.006242  0.006137  0.006026  0.005909  0.005785  0.005656  0.005519  0.005376
  0.005226  0.005067  0.004901  0.004727  0.004544  0.004351  0.004149  0.003936
  0.003711  0.003473  0.003217  0.002944  0.002654  0.002348  0.002028  0.001695
  0.001355  0.001014  0.000674  0.000335  0.000000 -0.000331 -0.000658 -0.000982
 -0.001306 -0.001628 -0.001949 -0.002268 -0.002583 -0.002895 -0.003200 -0.003497
 -0.003785 -0.004064 -0.004333 -0.004592 -0.004841 -0.005082 -0.005314 -0.005537
 -0.005752 -0.005959 -0.006158 -0.006349 -0.006533 -0.006708 -0.006876 -0.007036
 -0.007189 -0.007334 -0.007546 -0.007655 -0.007771 -0.007893 -0.008022 -0.008159
 -0.008303 -0.008455 -0.008617 -0.008787 -0.008967 -0.009158 -0.009359 -0.009572
 -0.009797 -0.010035
  1.000000
  0.000000  0.000000  0.000000  0.000000  0.000000  0.000000  0.000000  0.000000
  0.000000  0.000000  0.000000  0.000000  0.000000  0.000000  0.000000  0.000000
  0.000000  0.000000  0.000000  0.000000  0.000000  0.000372  0.000479  0.000562
  0.000637  0.000706  0.000769  0.000824  0.000874  0.000923  0.000971  0.001019
  0.001067  0.001115  0.001163  0.001211  0.001258  0.001305  0.001352  0.001398
  0.001444  0.001489  0.001533  0.001577  0.001619  0.001660  0.001700  0.001739
  0.001776  0.001811  0.001844  0.001874  0.001902  0.001925  0.001943  0.001956
  0.001963  0.001964  0.001959  0.001948  0.001932  0.001910  0.001884  0.001852
  0.001816  0.001776  0.001730  0.001680  0.001626  0.001569  0.001508  0.001445
  0.001379  0.001312  0.001244  0.001176  0.001107  0.001037  0.000968  0.000899
  0.000830  0.000761  0.000693  0.000626  0.000560  0.000495  0.000432  0.000370
  0.000310  0.000244  0.000000  0.000000  0.000000  0.000000  0.000000  0.000000
  0.000000  0.000000  0.000000  0.000000  0.000000  0.000000  0.000000  0.000000
  0.000000  0.000000
  1.000000
  0.286522  0.286528  0.286532  0.286535  0.286541  0.286547  0.286553  0.286559
  0.286564  0.286568  0.286572  0.286576  0.286580  0.286583  0.286586  0.286588
  0.286591  0.286593  0.286595  0.286596  0.286598  0.286600  0.286603  0.286606
  0.286609  0.286612  0.286616  0.286619  0.286624  0.286628  0.286632  0.286637
  0.286643  0.286649  0.286655  0.286662  0.286669  0.286676  0.286685  0.286694
  0.286703  0.286713  0.286725  0.286736  0.286749  0.286763  0.286778  0.286794
  0.286811  0.286830  0.286850  0.286873  0.286897  0.286924  0.286952  0.286982
  0.287014  0.287046  0.287078  0.287111  0.287144  0.287177  0.287210  0.287242
  0.287275  0.287307  0.287339  0.287371  0.287403  0.287434  0.287464  0.287492
  0.287520  0.287546  0.287571  0.287594  0.287616  0.287637  0.287656  0.287674
  0.287691  0.287707  0.287722  0.287735  0.287748  0.287759  0.287770  0.287779
  0.287788  0.287796  0.287803  0.287808  0.287813  0.287818  0.287823  0.287829
  0.287835  0.287841  0.287847  0.287853  0.287860  0.287867  0.287874  0.287881
  0.287889  0.287898
  1.000000
  0.103489  0.103874  0.104220  0.104529  0.104807  0.105056  0.105279  0.105479
  0.105658  0.105819  0.105963  0.106092  0.106208  0.106312  0.106405  0.106488
  0.106563  0.106630  0.106690  0.106744  0.106793  0.106841  0.106892  0.106945
  0.107000  0.107059  0.107120  0.107185  0.107253  0.107324  0.107400  0.107479
  0.107563  0.107651  0.107744  0.107842  0.107944  0.108052  0.108165  0.108283
  0.108408  0.108539  0.108676  0.108820  0.108972  0.109131  0.109300  0.109477
  0.109664  0.109863  0.110078  0.110307  0.110552  0.110811  0.111084  0.111369
  0.111661  0.111956  0.112252  0.112548  0.112843  0.113137  0.113428  0.113719
  0.114011  0.114303  0.114597  0.114890  0.115182  0.115473  0.115760  0.116041
  0.116315  0.116582  0.116842  0.117093  0.117337  0.117573  0.117802  0.118024
  0.118239  0.118448  0.118649  0.118843  0.119030  0.119210  0.119383  0.119549
  0.119708  0.119861  0.120006  0.120151  0.120304  0.120466  0.120638  0.120819
  0.121010  0.121213  0.121427  0.121653  0.121892  0.122145  0.122412  0.122695
  0.122994  0.123309
  1.000000
  0.011889  0.011294  0.010760  0.010281  0.009852  0.009467  0.009122  0.008813
  0.008535  0.008287  0.008064  0.007864  0.007685  0.007524  0.007380  0.007251
  0.007135  0.007031  0.006938  0.006855  0.006780  0.006901  0.006891  0.006864
  0.006828  0.006782  0.006727  0.006660  0.006583  0.006501  0.006413  0.006320
  0.006221  0.006116  0.006005  0.005889  0.005766  0.005637  0.005501  0.005358
  0.005208  0.005050  0.004884  0.004710  0.004528  0.004336  0.004134  0.003922
  0.003698  0.003460  0.003205  0.002933  0.002644  0.002339  0.002020  0.001688
  0.001350  0.001010  0.000671  0.000334  0.000000 -0.000330 -0.000655 -0.000978
 -0.001300 -0.001621 -0.001940 -0.002257 -0.002571 -0.002881 -0.003185 -0.003480
 -0.003767 -0.004044 -0.004312 -0.004570 -0.004818 -0.005057 -0.005287 -0.005509
 -0.005723 -0.005929 -0.006127 -0.006317 -0.006499 -0.006674 -0.006840 -0.007000
 -0.007152 -0.007296 -0.007507 -0.007616 -0.007731 -0.007852 -0.007981 -0.008116
 -0.008260 -0.008412 -0.008572 -0.008742 -0.008921 -0.009110 -0.009311 -0.009522
 -0.009746 -0.009983
  1.000000
  0.000000  0.000000  0.000000  0.000000  0.000000  0.000000  0.000000  0.000000
  0.000000  0.000000  0.000000  0.000000  0.000000  0.000000  0.000000  0.000000
  0.000000  0.000000  0.000000  0.000000  0.000000  0.000371  0.000477  0.000560
  0.000635  0.000704  0.000766  0.000821  0.000871  0.000919  0.000967  0.001015
  0.001063  0.001111  0.001158  0.001206  0.001253  0.001300  0.001346  0.001392
  0.001438  0.001483  0.001527  0.001570  0.001612  0.001654  0.001693  0.001732
  0.001768  0.001803  0.001836  0.001867  0.001894  0.001917  0.001935  0.001948
  0.001955  0.001956  0.001951  0.001940  0.001924  0.001902  0.001876  0.001845
  0.001809  0.001768  0.001723  0.001673  0.001620  0.001563  0.001502  0.001439
  0.001374  0.001307  0.001239  0.001171  0.001102  0.001033  0.000964  0.000895
  0.000826  0.000758  0.000690  0.000624  0.000558  0.000493  0.000430  0.000369
  0.000309  0.000243  0.000000  0.000000  0.000000  0.000000  0.000000  0.000000
  0.000000  0.000000  0.000000  0.000000  0.000000  0.000000  0.000000  0.000000
  0.000000  0.000000
  1.000000
  0.300000  0.300000  0.300000  0.300000  0.300000  0.300000  0.300000  0.300000
  0.300000  0.300000  0.300000  0.300000  0.300000  0.300000  0.300000  0.300000
  0.300000  0.300000  0.300000  0.300000  0.300000  0.300000  0.300000  0.300000
  0.300000  0.300000  0.300000  0.300000  0.300000  0.300000  0.300000  0.300000
  0.300000  0.300000  0.300000  0.300000  0.300000  0.300000  0.300000  0.300000
  0.300000  0.300000  0.300000  0.300000  0.300000  0.300000  0.300000  0.300000
  0.300000  0.300000  0.300000  0.300000  0.300000  0.300000  0.300000  0.300000
  0.300000  0.300000  0.300000  0.300000  0.300000  0.300000  0.300000  0.300000
  0.300000  0.300000  0.300000  0.300000  0.300000  0.300000  0.300000  0.300000
  0.300000  0.300000  0.300000  0.300000  0.300000  0.300000  0.300000  0.300000
  0.300000  0.300000  0.300000  0.300000  0.300000  0.300000  0.300000  0.300000
  0.300000  0.300000  0.300000  0.300000  0.300000  0.300000  0.300000  0.300000
  0.300000  0.300000  0.300000  0.300000  0.300000  0.300000  0.300000  0.300000
  0.300000  0.300000
  1.000000
  0.103476  0.103863  0.104210  0.104521  0.104800  0.105049  0.105273  0.105474
  0.105654  0.105815  0.105960  0.106090  0.106206  0.106310  0.106404  0.106487
  0.106563  0.106630  0.106690  0.106744  0.106793  0.106841  0.106892  0.106945
  0.107001  0.107059  0.107121  0.107186  0.107254  0.107326  0.107401  0.107481
  0.107565  0.107653  0.107746  0.107844  0.107947  0.108054  0.108167  0.108286
  0.108411  0.108542  0.108679  0.108823  0.108975  0.109135  0.109303  0.109480
  0.109667  0.109866  0.110081  0.110310  0.110555  0.110814  0.111086  0.111371
  0.111663  0.111957  0.112253  0.112549  0.112844  0.113137  0.113428  0.113718
  0.114010  0.114302  0.114595  0.114888  0.115180  0.115471  0.115757  0.116038
  0.116312  0.116579  0.116838  0.117090  0.117333  0.117570  0.117799  0.118021
  0.118237  0.118445  0.118646  0.118841  0.119028  0.119209  0.119382  0.119549
  0.119708  0.119861  0.120006  0.120152  0.120306  0.120468  0.120640  0.120822
  0.121014  0.121218  0.121432  0.121659  0.121900  0.122153  0.122422  0.122705
  0.123005  0.123322
  1.000000
  0.011946  0.011348  0.010812  0.010331  0.009900  0.009513  0.009166  0.008856
  0.008577  0.008327  0.008103  0.007902  0.007722  0.007561  0.007416  0.007287
  0.007170  0.007066  0.006972  0.006889  0.006814  0.006935  0.006925  0.006898
  0.006861  0.006816  0.006760  0.006693  0.006616  0.006533  0.006444  0.006351
  0.006251  0.006146  0.006035  0.005917  0.005794  0.005664  0.005527  0.005384
  0.005233  0.005074  0.004908  0.004733  0.004549  0.004356  0.004154  0.003940
  0.003715  0.003476  0.003220  0.002947  0.002656  0.002350  0.002029  0.001696
  0.001356  0.001014  0.000674  0.000335  0.000000 -0.000331 -0.000658 -0.000982
 -0.001305 -0.001627 -0.001948 -0.002266 -0.002581 -0.002892 -0.003196 -0.003493
 -0.003780 -0.004058 -0.004327 -0.004585 -0.004834 -0.005074 -0.005305 -0.005528
 -0.005742 -0.005949 -0.006147 -0.006337 -0.006520 -0.006695 -0.006862 -0.007022
 -0.007175 -0.007320 -0.007531 -0.007640 -0.007755 -0.007877 -0.008006 -0.008142
 -0.008286 -0.008438 -0.008599 -0.008769 -0.008949 -0.009139 -0.009340 -0.009553
 -0.009777 -0.010014
  1.000000
  0.000000  0.000000  0.000000  0.000000  0.000000  0.000000  0.000000  0.000000
  0.000000  0.000000  0.000000  0.000000  0.000000  0.000000  0.000000  0.000000
  0.000000  0.000000  0.000000  0.000000  0.000000  0.000372  0.000479  0.000562
  0.000637  0.000706  0.000769  0.000824  0.000874  0.000923  0.000971  0.001019
  0.001067  0.001115  0.001163  0.001211  0.001258  0.001305  0.001352  0.001398
  0.001444  0.001489  0.001533  0.001577  0.001619  0.001660  0.001700  0.001739
  0.001776  0.001811  0.001844  0.001874  0.001902  0.001925  0.001943  0.001956
  0.001963  0.001964  0.001959  0.001948  0.001932  0.001910  0.001884  0.001852
  0.001816  0.001776  0.001730  0.001680  0.001626  0.001569  0.001508  0.001445
  0.001379  0.001312  0.001244  0.001176  0.001107  0.001037  0.000968  0.000899
  0.000830  0.000761  0.000693  0.000626  0.000560  0.000495  0.000432  0.000370
  0.000310  0.000244  0.000000  0.000000  0.000000  0.000000  0.000000  0.000000
  0.000000  0.000000  0.000000  0.000000  0.000000  0.000000  0.000000  0.000000
  0.000000  0.000000
  1.000000
  0.313478  0.313472  0.313468  0.313465  0.313459  0.313453  0.313447  0.313441
  0.313436  0.313432  0.313428  0.313424  0.313420  0.313417  0.313414  0.313412
  0.313409  0.313407  0.313405  0.313404  0.313402  0.313399  0.313397  0.313394
  0.313391  0.313388  0.313384  0.313380  0.313376  0.313372  0.313368  0.313363
  0.313357  0.313351  0.313345  0.313338  0.313331  0.313324  0.313315  0.313306
  0.313297  0.313287  0.313275  0.313264  0.313251  0.313237  0.313222  0.313206
  0.313189  0.313170  0.313150  0.313127  0.313103  0.313076  0.313048  0.313018
  0.312986  0.312954  0.312921  0.312889  0.312856  0.312823  0.312790  0.312758
  0.312725  0.312693  0.312661  0.312629  0.312597  0.312566  0.312536  0.312508
  0.312480  0.312454  0.312429  0.312406  0.312384  0.312363  0.312344  0.312326
  0.312309  0.312293  0.312278  0.312265  0.312252  0.312241  0.312230  0.312221
  0.312212  0.312204  0.312197  0.312192  0.312187  0.312182  0.312177  0.312171
  0.312165  0.312159  0.312153  0.312147  0.312140  0.312133  0.312126  0.312119
  0.312111  0.312102
  BLADE ROW NUMBER =        8                                           
  106   21   91  116    0    0    1    1    1    1    0    0    0    0    0    0
       0.0  320699.8  320699.8  375931.9  375931.9   0.00000       0.0
  1.000000
  0.119985  0.120371  0.120717  0.121027  0.121305  0.121555  0.121778  0.121979
  0.122158  0.122320  0.122464  0.122594  0.122710  0.122814  0.122907  0.122991
  0.123066  0.123133  0.123193  0.123248  0.123296  0.123344  0.123395  0.123448
  0.123504  0.123562  0.123624  0.123689  0.123757  0.123828  0.123904  0.123984
  0.124068  0.124156  0.124249  0.124347  0.124449  0.124557  0.124670  0.124789
  0.124913  0.125044  0.125181  0.125326  0.125478  0.125637  0.125805  0.125983
  0.126170  0.126369  0.126583  0.126813  0.127057  0.127317  0.127589  0.127874
  0.128166  0.128461  0.128757  0.129053  0.129347  0.129640  0.129931  0.130221
  0.130513  0.130805  0.131098  0.131391  0.131683  0.131973  0.132259  0.132540
  0.132814  0.133080  0.133340  0.133591  0.133834  0.134070  0.134298  0.134520
  0.134735  0.134943  0.135144  0.135338  0.135525  0.135704  0.135877  0.136043
  0.136202  0.136354  0.136499  0.136644  0.136797  0.136959  0.137130  0.137311
  0.137502  0.137704  0.137918  0.138145  0.138384  0.138637  0.138904  0.139187
  0.139487  0.139803
  1.000000
 -0.014495 -0.013898 -0.013363 -0.012883 -0.012453 -0.012068 -0.011722 -0.011412
 -0.011134 -0.010885 -0.010662 -0.010462 -0.010282 -0.010121 -0.009977 -0.009847
 -0.009731 -0.009627 -0.009534 -0.009450 -0.009375 -0.009187 -0.009079 -0.008981
 -0.008883 -0.008780 -0.008673 -0.008560 -0.008442 -0.008319 -0.008190 -0.008054
 -0.007913 -0.007765 -0.007611 -0.007449 -0.007282 -0.007107 -0.006925 -0.006736
 -0.006540 -0.006335 -0.006123 -0.005902 -0.005673 -0.005434 -0.005186 -0.004929
 -0.004660 -0.004378 -0.004079 -0.003764 -0.003435 -0.003092 -0.002739 -0.002379
 -0.002017 -0.001660 -0.001309 -0.000967 -0.000635 -0.000312  0.000000  0.000304
  0.000602  0.000893  0.001177  0.001453  0.001721  0.001980  0.002228  0.002464
  0.002688  0.002900  0.003100  0.003289  0.003466  0.003633  0.003791  0.003939
  0.004079  0.004211  0.004335  0.004451  0.004560  0.004663  0.004758  0.004848
  0.004931  0.005001  0.004964  0.005073  0.005188  0.005311  0.005440  0.005576
  0.005720  0.005873  0.006034  0.006205  0.006385  0.006575  0.006776  0.006989
  0.007213  0.007451
  1.000000
  0.000000  0.000000  0.000000  0.000000  0.000000  0.000000  0.000000  0.000000
  0.000000  0.000000  0.000000  0.000000  0.000000  0.000000  0.000000  0.000000
  0.000000  0.000000  0.000000  0.000000  0.000000  0.000251  0.000344  0.000407
  0.000458  0.000502  0.000539  0.000571  0.000602  0.000635  0.000668  0.000704
  0.000740  0.000778  0.000817  0.000857  0.000899  0.000942  0.000986  0.001031
  0.001077  0.001124  0.001173  0.001222  0.001272  0.001322  0.001374  0.001425
  0.001477  0.001530  0.001583  0.001635  0.001687  0.001737  0.001785  0.001828
  0.001866  0.001897  0.001922  0.001941  0.001952  0.001957  0.001955  0.001947
  0.001933  0.001912  0.001884  0.001850  0.001809  0.001762  0.001709  0.001651
  0.001589  0.001523  0.001454  0.001381  0.001307  0.001231  0.001152  0.001072
  0.000991  0.000910  0.000828  0.000746  0.000664  0.000583  0.000502  0.000423
  0.000345  0.000261  0.000000  0.000000  0.000000  0.000000  0.000000  0.000000
  0.000000  0.000000  0.000000  0.000000  0.000000  0.000000  0.000000  0.000000
  0.000000  0.000000
  1.000000
  0.287802  0.287815  0.287826  0.287835  0.287843  0.287850  0.287857  0.287862
  0.287867  0.287871  0.287875  0.287878  0.287882  0.287884  0.287887  0.287889
  0.287891  0.287893  0.287894  0.287896  0.287897  0.287899  0.287901  0.287903
  0.287905  0.287908  0.287910  0.287913  0.287916  0.287919  0.287922  0.287926
  0.287930  0.287934  0.287939  0.287944  0.287949  0.287954  0.287960  0.287967
  0.287974  0.287981  0.287989  0.287998  0.288008  0.288018  0.288029  0.288040
  0.288053  0.288067  0.288082  0.288099  0.288118  0.288138  0.288159  0.288183
  0.288207  0.288232  0.288258  0.288284  0.288310  0.288337  0.288364  0.288391
  0.288419  0.288447  0.288475  0.288503  0.288532  0.288561  0.288589  0.288616
  0.288644  0.288670  0.288696  0.288720  0.288744  0.288768  0.288790  0.288812
  0.288832  0.288852  0.288872  0.288890  0.288908  0.288925  0.288941  0.288956
  0.288971  0.288985  0.288998  0.289014  0.289030  0.289046  0.289063  0.289080
  0.289097  0.289114  0.289131  0.289148  0.289164  0.289179  0.289190  0.289199
  0.289205  0.289211
  1.000000
  0.119997  0.120381  0.120726  0.121036  0.121313  0.121562  0.121785  0.121984
  0.122164  0.122324  0.122468  0.122597  0.122713  0.122817  0.122910  0.122993
  0.123068  0.123135  0.123195  0.123249  0.123297  0.123346  0.123396  0.123449
  0.123505  0.123563  0.123625  0.123689  0.123757  0.123829  0.123904  0.123984
  0.124067  0.124156  0.124248  0.124346  0.124448  0.124556  0.124669  0.124787
  0.124911  0.125042  0.125179  0.125324  0.125475  0.125635  0.125802  0.125980
  0.126167  0.126366  0.126580  0.126809  0.127054  0.127313  0.127585  0.127870
  0.128162  0.128457  0.128753  0.129049  0.129344  0.129637  0.129928  0.130218
  0.130510  0.130803  0.131096  0.131389  0.131681  0.131971  0.132258  0.132538
  0.132813  0.133079  0.133339  0.133590  0.133833  0.134070  0.134299  0.134521
  0.134736  0.134944  0.135145  0.135339  0.135526  0.135706  0.135879  0.136045
  0.136204  0.136356  0.136500  0.136645  0.136799  0.136961  0.137132  0.137313
  0.137504  0.137707  0.137921  0.138147  0.138386  0.138638  0.138905  0.139188
  0.139486  0.139802
  1.000000
 -0.014454 -0.013859 -0.013326 -0.012847 -0.012418 -0.012034 -0.011689 -0.011380
 -0.011103 -0.010854 -0.010632 -0.010432 -0.010253 -0.010092 -0.009948 -0.009819
 -0.009704 -0.009600 -0.009507 -0.009423 -0.009349 -0.009162 -0.009053 -0.008956
 -0.008858 -0.008755 -0.008648 -0.008536 -0.008418 -0.008295 -0.008166 -0.008031
 -0.007890 -0.007743 -0.007589 -0.007428 -0.007261 -0.007087 -0.006905 -0.006717
 -0.006521 -0.006317 -0.006105 -0.005885 -0.005656 -0.005419 -0.005171 -0.004914
 -0.004646 -0.004365 -0.004067 -0.003753 -0.003424 -0.003083 -0.002731 -0.002371
 -0.002010 -0.001654 -0.001305 -0.000964 -0.000633 -0.000311  0.000000  0.000303
  0.000600  0.000890  0.001173  0.001448  0.001715  0.001972  0.002219  0.002454
  0.002677  0.002888  0.003088  0.003275  0.003452  0.003618  0.003775  0.003922
  0.004062  0.004193  0.004316  0.004431  0.004540  0.004641  0.004737  0.004825
  0.004908  0.004978  0.004940  0.005049  0.005164  0.005285  0.005414  0.005549
  0.005693  0.005844  0.006005  0.006174  0.006353  0.006542  0.006743  0.006954
  0.007178  0.007414
  1.000000
  0.000000  0.000000  0.000000  0.000000  0.000000  0.000000  0.000000  0.000000
  0.000000  0.000000  0.000000  0.000000  0.000000  0.000000  0.000000  0.000000
  0.000000  0.000000  0.000000  0.000000  0.000000  0.000250  0.000342  0.000406
  0.000457  0.000500  0.000537  0.000569  0.000600  0.000633  0.000666  0.000701
  0.000737  0.000775  0.000814  0.000854  0.000896  0.000938  0.000982  0.001027
  0.001073  0.001120  0.001168  0.001217  0.001267  0.001318  0.001369  0.001420
  0.001472  0.001524  0.001577  0.001630  0.001682  0.001731  0.001778  0.001821
  0.001859  0.001891  0.001916  0.001934  0.001945  0.001950  0.001949  0.001941
  0.001926  0.001905  0.001877  0.001843  0.001802  0.001756  0.001703  0.001646
  0.001584  0.001518  0.001449  0.001377  0.001303  0.001226  0.001148  0.001069
  0.000988  0.000907  0.000825  0.000743  0.000662  0.000581  0.000501  0.000421
  0.000344  0.000260  0.000000  0.000000  0.000000  0.000000  0.000000  0.000000
  0.000000  0.000000  0.000000  0.000000  0.000000  0.000000  0.000000  0.000000
  0.000000  0.000000
  1.000000
  0.300000  0.300000  0.300000  0.300000  0.300000  0.300000  0.300000  0.300000
  0.300000  0.300000  0.300000  0.300000  0.300000  0.300000  0.300000  0.300000
  0.300000  0.300000  0.300000  0.300000  0.300000  0.300000  0.300000  0.300000
  0.300000  0.300000  0.300000  0.300000  0.300000  0.300000  0.300000  0.300000
  0.300000  0.300000  0.300000  0.300000  0.300000  0.300000  0.300000  0.300000
  0.300000  0.300000  0.300000  0.300000  0.300000  0.300000  0.300000  0.300000
  0.300000  0.300000  0.300000  0.300000  0.300000  0.300000  0.300000  0.300000
  0.300000  0.300000  0.300000  0.300000  0.300000  0.300000  0.300000  0.300000
  0.300000  0.300000  0.300000  0.300000  0.300000  0.300000  0.300000  0.300000
  0.300000  0.300000  0.300000  0.300000  0.300000  0.300000  0.300000  0.300000
  0.300000  0.300000  0.300000  0.300000  0.300000  0.300000  0.300000  0.300000
  0.300000  0.300000  0.300000  0.300000  0.300000  0.300000  0.300000  0.300000
  0.300000  0.300000  0.300000  0.300000  0.300000  0.300000  0.300000  0.300000
  0.300000  0.300000
  1.000000
  0.119985  0.120371  0.120717  0.121027  0.121305  0.121555  0.121778  0.121979
  0.122158  0.122320  0.122464  0.122594  0.122710  0.122814  0.122907  0.122991
  0.123066  0.123133  0.123193  0.123248  0.123296  0.123344  0.123395  0.123448
  0.123504  0.123562  0.123624  0.123689  0.123757  0.123828  0.123904  0.123984
  0.124068  0.124156  0.124249  0.124347  0.124449  0.124557  0.124670  0.124789
  0.124913  0.125044  0.125181  0.125326  0.125478  0.125637  0.125805  0.125983
  0.126170  0.126369  0.126583  0.126813  0.127057  0.127317  0.127589  0.127874
  0.128166  0.128461  0.128757  0.129053  0.129347  0.129640  0.129931  0.130221
  0.130513  0.130805  0.131098  0.131391  0.131683  0.131973  0.132259  0.132540
  0.132814  0.133080  0.133340  0.133591  0.133834  0.134070  0.134298  0.134520
  0.134735  0.134943  0.135144  0.135338  0.135525  0.135704  0.135877  0.136043
  0.136202  0.136354  0.136499  0.136644  0.136797  0.136959  0.137130  0.137311
  0.137502  0.137704  0.137918  0.138145  0.138384  0.138637  0.138904  0.139187
  0.139487  0.139803
  1.000000
 -0.014514 -0.013916 -0.013380 -0.012899 -0.012469 -0.012082 -0.011736 -0.011426
 -0.011148 -0.010898 -0.010675 -0.010474 -0.010294 -0.010133 -0.009989 -0.009859
 -0.009743 -0.009639 -0.009545 -0.009462 -0.009387 -0.009199 -0.009090 -0.008992
 -0.008894 -0.008791 -0.008683 -0.008570 -0.008452 -0.008329 -0.008199 -0.008064
 -0.007922 -0.007774 -0.007619 -0.007458 -0.007290 -0.007115 -0.006933 -0.006744
 -0.006547 -0.006342 -0.006130 -0.005909 -0.005679 -0.005440 -0.005192 -0.004933
 -0.004664 -0.004382 -0.004083 -0.003767 -0.003437 -0.003095 -0.002741 -0.002380
 -0.002018 -0.001660 -0.001310 -0.000968 -0.000635 -0.000312  0.000000  0.000304
  0.000602  0.000893  0.001177  0.001453  0.001720  0.001979  0.002226  0.002462
  0.002685  0.002897  0.003097  0.003284  0.003461  0.003628  0.003785  0.003933
  0.004072  0.004204  0.004327  0.004443  0.004551  0.004653  0.004748  0.004837
  0.004920  0.004989  0.004952  0.005060  0.005175  0.005297  0.005425  0.005561
  0.005705  0.005857  0.006017  0.006187  0.006366  0.006556  0.006757  0.006969
  0.007193  0.007430
  1.000000
  0.000000  0.000000  0.000000  0.000000  0.000000  0.000000  0.000000  0.000000
  0.000000  0.000000  0.000000  0.000000  0.000000  0.000000  0.000000  0.000000
  0.000000  0.000000  0.000000  0.000000  0.000000  0.000251  0.000344  0.000407
  0.000458  0.000502  0.000539  0.000571  0.000602  0.000635  0.000668  0.000704
  0.000740  0.000778  0.000817  0.000857  0.000899  0.000942  0.000986  0.001031
  0.001077  0.001124  0.001173  0.001222  0.001272  0.001322  0.001374  0.001425
  0.001477  0.001530  0.001583  0.001635  0.001687  0.001737  0.001785  0.001828
  0.001866  0.001897  0.001922  0.001941  0.001952  0.001957  0.001955  0.001947
  0.001933  0.001912  0.001884  0.001850  0.001809  0.001762  0.001709  0.001651
  0.001589  0.001523  0.001454  0.001381  0.001307  0.001231  0.001152  0.001072
  0.000991  0.000910  0.000828  0.000746  0.000664  0.000583  0.000502  0.000423
  0.000345  0.000261  0.000000  0.000000  0.000000  0.000000  0.000000  0.000000
  0.000000  0.000000  0.000000  0.000000  0.000000  0.000000  0.000000  0.000000
  0.000000  0.000000
  1.000000
  0.312198  0.312185  0.312174  0.312165  0.312157  0.312150  0.312143  0.312138
  0.312133  0.312129  0.312125  0.312122  0.312119  0.312116  0.312113  0.312111
  0.312109  0.312107  0.312106  0.312104  0.312103  0.312101  0.312099  0.312097
  0.312095  0.312092  0.312090  0.312087  0.312084  0.312081  0.312078  0.312074
  0.312070  0.312066  0.312061  0.312056  0.312051  0.312046  0.312040  0.312033
  0.312026  0.312019  0.312011  0.312002  0.311992  0.311982  0.311971  0.311960
  0.311947  0.311933  0.311918  0.311901  0.311882  0.311862  0.311841  0.311818
  0.311793  0.311768  0.311742  0.311716  0.311690  0.311663  0.311636  0.311609
  0.311581  0.311553  0.311525  0.311497  0.311468  0.311439  0.311411  0.311383
  0.311356  0.311330  0.311304  0.311280  0.311256  0.311232  0.311210  0.311188
  0.311168  0.311148  0.311128  0.311110  0.311092  0.311075  0.311059  0.311044
  0.311029  0.311015  0.311002  0.310986  0.310970  0.310954  0.310937  0.310920
  0.310903  0.310886  0.310869  0.310852  0.310836  0.310821  0.310810  0.310801
  0.310795  0.310789
  BLADE ROW NUMBER =        9                                           
  106   21   91  117    0    0    1    1    1    1    0    0    0    0    0    0
   12000.0  375931.9  375931.9  437616.6  437616.6   0.00000   12000.0
  1.000000
  0.139787  0.140173  0.140519  0.140829  0.141107  0.141356  0.141580  0.141780
  0.141960  0.142121  0.142265  0.142394  0.142510  0.142614  0.142708  0.142791
  0.142866  0.142933  0.142994  0.143048  0.143096  0.143144  0.143195  0.143248
  0.143304  0.143362  0.143424  0.143488  0.143556  0.143628  0.143704  0.143783
  0.143867  0.143955  0.144048  0.144146  0.144248  0.144356  0.144469  0.144587
  0.144712  0.144842  0.144980  0.145124  0.145276  0.145435  0.145603  0.145780
  0.145967  0.146167  0.146381  0.146610  0.146855  0.147114  0.147386  0.147671
  0.147963  0.148258  0.148553  0.148849  0.149144  0.149437  0.149728  0.150018
  0.150310  0.150602  0.150895  0.151188  0.151480  0.151771  0.152057  0.152338
  0.152612  0.152879  0.153139  0.153390  0.153633  0.153870  0.154099  0.154321
  0.154536  0.154744  0.154945  0.155140  0.155327  0.155507  0.155680  0.155846
  0.156006  0.156158  0.156303  0.156448  0.156602  0.156764  0.156936  0.157117
  0.157309  0.157512  0.157726  0.157953  0.158192  0.158446  0.158713  0.158996
  0.159295  0.159612
  1.000000
  0.011903  0.011307  0.010772  0.010293  0.009863  0.009478  0.009132  0.008822
  0.008545  0.008296  0.008073  0.007872  0.007693  0.007532  0.007388  0.007259
  0.007143  0.007039  0.006946  0.006862  0.006787  0.006909  0.006898  0.006872
  0.006835  0.006790  0.006734  0.006667  0.006591  0.006508  0.006420  0.006327
  0.006228  0.006123  0.006012  0.005895  0.005772  0.005643  0.005507  0.005364
  0.005214  0.005056  0.004890  0.004716  0.004533  0.004341  0.004139  0.003927
  0.003703  0.003465  0.003210  0.002937  0.002648  0.002343  0.002023  0.001691
  0.001352  0.001012  0.000672  0.000334  0.000000 -0.000330 -0.000656 -0.000980
 -0.001303 -0.001624 -0.001944 -0.002262 -0.002576 -0.002887 -0.003192 -0.003488
 -0.003775 -0.004053 -0.004321 -0.004580 -0.004828 -0.005068 -0.005299 -0.005522
 -0.005737 -0.005943 -0.006142 -0.006332 -0.006515 -0.006690 -0.006857 -0.007017
 -0.007169 -0.007314 -0.007525 -0.007634 -0.007749 -0.007871 -0.008000 -0.008136
 -0.008280 -0.008432 -0.008593 -0.008763 -0.008943 -0.009133 -0.009333 -0.009546
 -0.009770 -0.010007
  1.000000
  0.000000  0.000000  0.000000  0.000000  0.000000  0.000000  0.000000  0.000000
  0.000000  0.000000  0.000000  0.000000  0.000000  0.000000  0.000000  0.000000
  0.000000  0.000000  0.000000  0.000000  0.000000  0.000371  0.000478  0.000561
  0.000636  0.000705  0.000767  0.000822  0.000872  0.000920  0.000969  0.001017
  0.001065  0.001113  0.001160  0.001208  0.001255  0.001302  0.001349  0.001395
  0.001440  0.001485  0.001529  0.001573  0.001615  0.001656  0.001696  0.001735
  0.001771  0.001806  0.001839  0.001870  0.001897  0.001920  0.001939  0.001952
  0.001959  0.001959  0.001954  0.001943  0.001927  0.001905  0.001879  0.001848
  0.001812  0.001771  0.001726  0.001676  0.001622  0.001565  0.001505  0.001441
  0.001376  0.001309  0.001241  0.001173  0.001104  0.001035  0.000966  0.000896
  0.000828  0.000759  0.000691  0.000625  0.000559  0.000494  0.000431  0.000369
  0.000309  0.000244  0.000000  0.000000  0.000000  0.000000  0.000000  0.000000
  0.000000  0.000000  0.000000  0.000000  0.000000  0.000000  0.000000  0.000000
  0.000000  0.000000
  1.000000
  0.289211  0.289215  0.289218  0.289220  0.289225  0.289229  0.289234  0.289237
  0.289241  0.289244  0.289247  0.289250  0.289252  0.289254  0.289256  0.289258
  0.289260  0.289261  0.289263  0.289264  0.289265  0.289267  0.289269  0.289271
  0.289273  0.289275  0.289278  0.289280  0.289283  0.289286  0.289290  0.289293
  0.289297  0.289301  0.289306  0.289311  0.289316  0.289321  0.289327  0.289334
  0.289340  0.289348  0.289356  0.289364  0.289373  0.289383  0.289394  0.289405
  0.289418  0.289431  0.289446  0.289462  0.289480  0.289499  0.289519  0.289541
  0.289564  0.289587  0.289610  0.289634  0.289657  0.289681  0.289705  0.289728
  0.289751  0.289775  0.289798  0.289821  0.289844  0.289866  0.289887  0.289908
  0.289928  0.289946  0.289964  0.289981  0.289997  0.290011  0.290025  0.290038
  0.290050  0.290062  0.290072  0.290082  0.290091  0.290099  0.290106  0.290113
  0.290119  0.290125  0.290130  0.290133  0.290137  0.290140  0.290144  0.290148
  0.290152  0.290156  0.290160  0.290165  0.290170  0.290175  0.290180  0.290185
  0.290191  0.290197
  1.000000
  0.139794  0.140179  0.140524  0.140833  0.141111  0.141359  0.141582  0.141782
  0.141961  0.142122  0.142266  0.142395  0.142511  0.142615  0.142708  0.142792
  0.142866  0.142933  0.142994  0.143047  0.143096  0.143144  0.143195  0.143248
  0.143303  0.143362  0.143423  0.143488  0.143556  0.143627  0.143703  0.143782
  0.143866  0.143954  0.144047  0.144145  0.144247  0.144354  0.144467  0.144586
  0.144710  0.144841  0.144978  0.145122  0.145274  0.145434  0.145602  0.145779
  0.145966  0.146165  0.146379  0.146609  0.146853  0.147112  0.147385  0.147670
  0.147962  0.148257  0.148553  0.148849  0.149144  0.149437  0.149728  0.150019
  0.150310  0.150603  0.150896  0.151189  0.151482  0.151772  0.152059  0.152340
  0.152614  0.152881  0.153140  0.153392  0.153635  0.153871  0.154100  0.154322
  0.154537  0.154745  0.154946  0.155141  0.155328  0.155508  0.155681  0.155847
  0.156006  0.156158  0.156303  0.156448  0.156601  0.156763  0.156934  0.157116
  0.157307  0.157509  0.157723  0.157949  0.158189  0.158441  0.158708  0.158991
  0.159289  0.159605
  1.000000
  0.011884  0.011289  0.010755  0.010276  0.009847  0.009463  0.009118  0.008809
  0.008531  0.008283  0.008060  0.007860  0.007681  0.007521  0.007377  0.007247
  0.007132  0.007028  0.006935  0.006852  0.006777  0.006898  0.006888  0.006861
  0.006825  0.006779  0.006724  0.006657  0.006580  0.006498  0.006410  0.006317
  0.006218  0.006113  0.006003  0.005886  0.005763  0.005634  0.005498  0.005355
  0.005205  0.005048  0.004882  0.004708  0.004526  0.004334  0.004132  0.003920
  0.003696  0.003459  0.003204  0.002932  0.002643  0.002338  0.002019  0.001688
  0.001349  0.001010  0.000671  0.000334  0.000000 -0.000330 -0.000655 -0.000978
 -0.001300 -0.001620 -0.001939 -0.002256 -0.002570 -0.002880 -0.003183 -0.003479
 -0.003765 -0.004042 -0.004310 -0.004568 -0.004815 -0.005054 -0.005285 -0.005507
 -0.005721 -0.005926 -0.006124 -0.006314 -0.006496 -0.006671 -0.006837 -0.006997
 -0.007148 -0.007293 -0.007503 -0.007612 -0.007727 -0.007849 -0.007977 -0.008113
 -0.008256 -0.008408 -0.008568 -0.008738 -0.008917 -0.009106 -0.009306 -0.009518
 -0.009742 -0.009978
  1.000000
  0.000000  0.000000  0.000000  0.000000  0.000000  0.000000  0.000000  0.000000
  0.000000  0.000000  0.000000  0.000000  0.000000  0.000000  0.000000  0.000000
  0.000000  0.000000  0.000000  0.000000  0.000000  0.000371  0.000477  0.000560
  0.000634  0.000703  0.000766  0.000821  0.000870  0.000919  0.000967  0.001015
  0.001063  0.001110  0.001158  0.001205  0.001253  0.001299  0.001346  0.001392
  0.001437  0.001482  0.001526  0.001569  0.001612  0.001653  0.001693  0.001731
  0.001768  0.001802  0.001835  0.001866  0.001893  0.001916  0.001934  0.001947
  0.001954  0.001955  0.001950  0.001939  0.001923  0.001901  0.001875  0.001844
  0.001808  0.001767  0.001722  0.001673  0.001619  0.001562  0.001501  0.001438
  0.001373  0.001306  0.001239  0.001170  0.001102  0.001033  0.000963  0.000894
  0.000826  0.000758  0.000690  0.000623  0.000558  0.000493  0.000430  0.000368
  0.000308  0.000243  0.000000  0.000000  0.000000  0.000000  0.000000  0.000000
  0.000000  0.000000  0.000000  0.000000  0.000000  0.000000  0.000000  0.000000
  0.000000  0.000000
  1.000000
  0.300000  0.300000  0.300000  0.300000  0.300000  0.300000  0.300000  0.300000
  0.300000  0.300000  0.300000  0.300000  0.300000  0.300000  0.300000  0.300000
  0.300000  0.300000  0.300000  0.300000  0.300000  0.300000  0.300000  0.300000
  0.300000  0.300000  0.300000  0.300000  0.300000  0.300000  0.300000  0.300000
  0.300000  0.300000  0.300000  0.300000  0.300000  0.300000  0.300000  0.300000
  0.300000  0.300000  0.300000  0.300000  0.300000  0.300000  0.300000  0.300000
  0.300000  0.300000  0.300000  0.300000  0.300000  0.300000  0.300000  0.300000
  0.300000  0.300000  0.300000  0.300000  0.300000  0.300000  0.300000  0.300000
  0.300000  0.300000  0.300000  0.300000  0.300000  0.300000  0.300000  0.300000
  0.300000  0.300000  0.300000  0.300000  0.300000  0.300000  0.300000  0.300000
  0.300000  0.300000  0.300000  0.300000  0.300000  0.300000  0.300000  0.300000
  0.300000  0.300000  0.300000  0.300000  0.300000  0.300000  0.300000  0.300000
  0.300000  0.300000  0.300000  0.300000  0.300000  0.300000  0.300000  0.300000
  0.300000  0.300000
  1.000000
  0.139787  0.140173  0.140519  0.140829  0.141107  0.141356  0.141580  0.141780
  0.141960  0.142121  0.142265  0.142394  0.142510  0.142614  0.142708  0.142791
  0.142866  0.142933  0.142994  0.143048  0.143096  0.143144  0.143195  0.143248
  0.143304  0.143362  0.143424  0.143488  0.143556  0.143628  0.143704  0.143783
  0.143867  0.143955  0.144048  0.144146  0.144248  0.144356  0.144469  0.144587
  0.144712  0.144842  0.144980  0.145124  0.145276  0.145435  0.145603  0.145780
  0.145967  0.146167  0.146381  0.146610  0.146855  0.147114  0.147386  0.147671
  0.147963  0.148258  0.148553  0.148849  0.149144  0.149437  0.149728  0.150018
  0.150310  0.150602  0.150895  0.151188  0.151480  0.151771  0.152057  0.152338
  0.152612  0.152879  0.153139  0.153390  0.153633  0.153870  0.154099  0.154321
  0.154536  0.154744  0.154945  0.155140  0.155327  0.155507  0.155680  0.155846
  0.156006  0.156158  0.156303  0.156448  0.156602  0.156764  0.156936  0.157117
  0.157309  0.157512  0.157726  0.157953  0.158192  0.158446  0.158713  0.158996
  0.159295  0.159612
  1.000000
  0.011915  0.011318  0.010783  0.010303  0.009873  0.009488  0.009142  0.008832
  0.008554  0.008305  0.008082  0.007881  0.007702  0.007541  0.007397  0.007267
  0.007151  0.007047  0.006954  0.006870  0.006795  0.006917  0.006906  0.006880
  0.006843  0.006797  0.006742  0.006675  0.006598  0.006515  0.006427  0.006334
  0.006235  0.006130  0.006019  0.005902  0.005778  0.005649  0.005513  0.005369
  0.005219  0.005061  0.004895  0.004720  0.004537  0.004345  0.004143  0.003930
  0.003706  0.003467  0.003212  0.002939  0.002649  0.002344  0.002024  0.001691
  0.001352  0.001012  0.000672  0.000334  0.000000 -0.000330 -0.000656 -0.000980
 -0.001302 -0.001624 -0.001943 -0.002261 -0.002575 -0.002885 -0.003189 -0.003485
 -0.003772 -0.004049 -0.004317 -0.004575 -0.004823 -0.005062 -0.005293 -0.005515
 -0.005729 -0.005935 -0.006133 -0.006324 -0.006506 -0.006680 -0.006847 -0.007007
 -0.007159 -0.007304 -0.007514 -0.007623 -0.007738 -0.007860 -0.007989 -0.008124
 -0.008268 -0.008420 -0.008581 -0.008750 -0.008930 -0.009119 -0.009320 -0.009532
 -0.009756 -0.009993
  1.000000
  0.000000  0.000000  0.000000  0.000000  0.000000  0.000000  0.000000  0.000000
  0.000000  0.000000  0.000000  0.000000  0.000000  0.000000  0.000000  0.000000
  0.000000  0.000000  0.000000  0.000000  0.000000  0.000371  0.000478  0.000561
  0.000636  0.000705  0.000767  0.000822  0.000872  0.000920  0.000969  0.001017
  0.001065  0.001113  0.001160  0.001208  0.001255  0.001302  0.001349  0.001395
  0.001440  0.001485  0.001529  0.001573  0.001615  0.001656  0.001696  0.001735
  0.001771  0.001806  0.001839  0.001870  0.001897  0.001920  0.001939  0.001952
  0.001959  0.001959  0.001954  0.001943  0.001927  0.001905  0.001879  0.001848
  0.001812  0.001771  0.001726  0.001676  0.001622  0.001565  0.001505  0.001441
  0.001376  0.001309  0.001241  0.001173  0.001104  0.001035  0.000966  0.000896
  0.000828  0.000759  0.000691  0.000625  0.000559  0.000494  0.000431  0.000369
  0.000309  0.000244  0.000000  0.000000  0.000000  0.000000  0.000000  0.000000
  0.000000  0.000000  0.000000  0.000000  0.000000  0.000000  0.000000  0.000000
  0.000000  0.000000
  1.000000
  0.310789  0.310785  0.310782  0.310780  0.310775  0.310771  0.310766  0.310763
  0.310759  0.310756  0.310753  0.310750  0.310748  0.310746  0.310744  0.310742
  0.310740  0.310739  0.310737  0.310736  0.310735  0.310733  0.310731  0.310729
  0.310727  0.310725  0.310722  0.310720  0.310717  0.310714  0.310710  0.310707
  0.310703  0.310699  0.310694  0.310689  0.310684  0.310679  0.310673  0.310666
  0.310660  0.310652  0.310644  0.310636  0.310627  0.310617  0.310606  0.310595
  0.310582  0.310569  0.310554  0.310538  0.310520  0.310501  0.310481  0.310459
  0.310436  0.310413  0.310390  0.310366  0.310342  0.310319  0.310295  0.310272
  0.310249  0.310225  0.310202  0.310179  0.310156  0.310134  0.310113  0.310092
  0.310072  0.310054  0.310036  0.310019  0.310003  0.309988  0.309975  0.309962
  0.309950  0.309938  0.309928  0.309918  0.309909  0.309901  0.309894  0.309887
  0.309881  0.309875  0.309870  0.309867  0.309863  0.309860  0.309856  0.309852
  0.309848  0.309844  0.309839  0.309835  0.309830  0.309825  0.309820  0.309815
  0.309809  0.309803
  BLADE ROW NUMBER =       10                                           
  106   21   91  117    0    0    1    1    1    1    0    0    0    0    0    0
       0.0  437616.6  437616.6  505420.2  505420.2   0.00000       0.0
  1.000000
  0.156292  0.156678  0.157023  0.157333  0.157610  0.157859  0.158083  0.158283
  0.158462  0.158623  0.158767  0.158897  0.159013  0.159117  0.159210  0.159293
  0.159368  0.159435  0.159496  0.159550  0.159598  0.159646  0.159697  0.159750
  0.159806  0.159864  0.159925  0.159990  0.160058  0.160130  0.160205  0.160285
  0.160369  0.160457  0.160550  0.160648  0.160750  0.160858  0.160970  0.161089
  0.161213  0.161344  0.161482  0.161626  0.161777  0.161937  0.162105  0.162282
  0.162469  0.162669  0.162883  0.163112  0.163357  0.163616  0.163888  0.164173
  0.164465  0.164760  0.165056  0.165352  0.165646  0.165939  0.166230  0.166521
  0.166812  0.167105  0.167397  0.167690  0.167982  0.168273  0.168559  0.168840
  0.169113  0.169380  0.169639  0.169891  0.170134  0.170370  0.170598  0.170820
  0.171035  0.171243  0.171444  0.171638  0.171825  0.172005  0.172177  0.172343
  0.172502  0.172654  0.172799  0.172944  0.173097  0.173259  0.173430  0.173611
  0.173802  0.174004  0.174218  0.174444  0.174683  0.174936  0.175203  0.175486
  0.175785  0.176101
  1.000000
 -0.014472 -0.013877 -0.013342 -0.012863 -0.012434 -0.012049 -0.011704 -0.011394
 -0.011117 -0.010868 -0.010645 -0.010445 -0.010266 -0.010105 -0.009961 -0.009832
 -0.009716 -0.009612 -0.009519 -0.009436 -0.009361 -0.009173 -0.009065 -0.008967
 -0.008869 -0.008766 -0.008659 -0.008547 -0.008429 -0.008306 -0.008177 -0.008042
 -0.007901 -0.007753 -0.007599 -0.007438 -0.007270 -0.007096 -0.006914 -0.006726
 -0.006530 -0.006326 -0.006113 -0.005893 -0.005664 -0.005426 -0.005178 -0.004921
 -0.004652 -0.004371 -0.004073 -0.003758 -0.003429 -0.003087 -0.002735 -0.002375
 -0.002013 -0.001657 -0.001307 -0.000966 -0.000634 -0.000312  0.000000  0.000304
  0.000601  0.000892  0.001175  0.001451  0.001718  0.001976  0.002224  0.002460
  0.002683  0.002895  0.003094  0.003282  0.003459  0.003626  0.003783  0.003932
  0.004071  0.004203  0.004326  0.004442  0.004551  0.004653  0.004749  0.004838
  0.004921  0.004991  0.004953  0.005063  0.005178  0.005300  0.005428  0.005565
  0.005709  0.005861  0.006022  0.006192  0.006371  0.006561  0.006762  0.006974
  0.007198  0.007435
  1.000000
  0.000000  0.000000  0.000000  0.000000  0.000000  0.000000  0.000000  0.000000
  0.000000  0.000000  0.000000  0.000000  0.000000  0.000000  0.000000  0.000000
  0.000000  0.000000  0.000000  0.000000  0.000000  0.000251  0.000343  0.000406
  0.000457  0.000501  0.000538  0.000570  0.000601  0.000634  0.000667  0.000702
  0.000739  0.000776  0.000815  0.000856  0.000897  0.000940  0.000984  0.001029
  0.001075  0.001122  0.001170  0.001219  0.001269  0.001320  0.001371  0.001423
  0.001475  0.001527  0.001580  0.001633  0.001685  0.001734  0.001782  0.001825
  0.001862  0.001894  0.001919  0.001937  0.001949  0.001954  0.001952  0.001944
  0.001929  0.001908  0.001881  0.001846  0.001806  0.001759  0.001706  0.001648
  0.001586  0.001520  0.001451  0.001379  0.001305  0.001228  0.001150  0.001071
  0.000990  0.000908  0.000826  0.000745  0.000663  0.000582  0.000501  0.000422
  0.000344  0.000260  0.000000  0.000000  0.000000  0.000000  0.000000  0.000000
  0.000000  0.000000  0.000000  0.000000  0.000000  0.000000  0.000000  0.000000
  0.000000  0.000000
  1.000000
  0.290130  0.290138  0.290146  0.290152  0.290158  0.290163  0.290168  0.290172
  0.290175  0.290178  0.290181  0.290183  0.290186  0.290188  0.290189  0.290191
  0.290193  0.290194  0.290195  0.290196  0.290197  0.290198  0.290200  0.290201
  0.290203  0.290205  0.290206  0.290208  0.290210  0.290213  0.290215  0.290218
  0.290221  0.290224  0.290227  0.290230  0.290234  0.290238  0.290243  0.290247
  0.290252  0.290258  0.290263  0.290270  0.290276  0.290284  0.290291  0.290300
  0.290309  0.290319  0.290330  0.290342  0.290356  0.290370  0.290386  0.290402
  0.290420  0.290438  0.290457  0.290476  0.290495  0.290514  0.290534  0.290554
  0.290574  0.290594  0.290615  0.290636  0.290657  0.290678  0.290699  0.290719
  0.290739  0.290759  0.290778  0.290796  0.290814  0.290832  0.290849  0.290865
  0.290881  0.290896  0.290910  0.290924  0.290938  0.290951  0.290963  0.290975
  0.290986  0.290997  0.291007  0.291019  0.291032  0.291045  0.291058  0.291072
  0.291085  0.291099  0.291112  0.291125  0.291138  0.291150  0.291159  0.291165
  0.291171  0.291175
  1.000000
  0.156299  0.156683  0.157028  0.157338  0.157615  0.157863  0.158086  0.158286
  0.158465  0.158626  0.158770  0.158899  0.159015  0.159118  0.159211  0.159295
  0.159370  0.159437  0.159497  0.159551  0.159599  0.159647  0.159698  0.159751
  0.159806  0.159865  0.159926  0.159991  0.160059  0.160130  0.160206  0.160285
  0.160369  0.160457  0.160550  0.160647  0.160750  0.160857  0.160970  0.161088
  0.161213  0.161343  0.161481  0.161625  0.161776  0.161936  0.162104  0.162281
  0.162468  0.162667  0.162881  0.163110  0.163355  0.163614  0.163886  0.164171
  0.164463  0.164757  0.165053  0.165349  0.165644  0.165937  0.166228  0.166519
  0.166810  0.167103  0.167396  0.167689  0.167981  0.168271  0.168558  0.168838
  0.169113  0.169379  0.169639  0.169890  0.170133  0.170369  0.170598  0.170820
  0.171035  0.171243  0.171444  0.171638  0.171825  0.172005  0.172178  0.172344
  0.172503  0.172655  0.172800  0.172945  0.173098  0.173260  0.173431  0.173612
  0.173804  0.174006  0.174220  0.174446  0.174685  0.174937  0.175204  0.175487
  0.175785  0.176101
  1.000000
 -0.014452 -0.013857 -0.013324 -0.012845 -0.012416 -0.012032 -0.011687 -0.011378
 -0.011101 -0.010853 -0.010630 -0.010430 -0.010251 -0.010091 -0.009947 -0.009818
 -0.009702 -0.009598 -0.009505 -0.009422 -0.009347 -0.009160 -0.009052 -0.008954
 -0.008856 -0.008754 -0.008647 -0.008534 -0.008417 -0.008294 -0.008165 -0.008030
 -0.007889 -0.007742 -0.007588 -0.007427 -0.007260 -0.007086 -0.006904 -0.006716
 -0.006520 -0.006316 -0.006104 -0.005884 -0.005656 -0.005418 -0.005170 -0.004913
 -0.004645 -0.004364 -0.004066 -0.003752 -0.003424 -0.003082 -0.002730 -0.002371
 -0.002010 -0.001654 -0.001305 -0.000964 -0.000633 -0.000311  0.000000  0.000303
  0.000600  0.000890  0.001173  0.001448  0.001714  0.001972  0.002219  0.002454
  0.002677  0.002888  0.003087  0.003275  0.003451  0.003617  0.003774  0.003922
  0.004061  0.004192  0.004315  0.004431  0.004539  0.004641  0.004736  0.004825
  0.004908  0.004977  0.004940  0.005048  0.005163  0.005284  0.005413  0.005548
  0.005692  0.005843  0.006004  0.006173  0.006352  0.006541  0.006742  0.006953
  0.007177  0.007413
  1.000000
  0.000000  0.000000  0.000000  0.000000  0.000000  0.000000  0.000000  0.000000
  0.000000  0.000000  0.000000  0.000000  0.000000  0.000000  0.000000  0.000000
  0.000000  0.000000  0.000000  0.000000  0.000000  0.000250  0.000342  0.000406
  0.000457  0.000500  0.000537  0.000569  0.000600  0.000632  0.000666  0.000701
  0.000737  0.000775  0.000814  0.000854  0.000895  0.000938  0.000982  0.001027
  0.001073  0.001120  0.001168  0.001217  0.001267  0.001318  0.001369  0.001420
  0.001472  0.001524  0.001577  0.001630  0.001681  0.001731  0.001778  0.001821
  0.001859  0.001890  0.001915  0.001934  0.001945  0.001950  0.001948  0.001940
  0.001926  0.001905  0.001877  0.001843  0.001802  0.001755  0.001703  0.001645
  0.001583  0.001517  0.001448  0.001376  0.001303  0.001226  0.001148  0.001069
  0.000988  0.000907  0.000825  0.000743  0.000662  0.000581  0.000501  0.000421
  0.000344  0.000260  0.000000  0.000000  0.000000  0.000000  0.000000  0.000000
  0.000000  0.000000  0.000000  0.000000  0.000000  0.000000  0.000000  0.000000
  0.000000  0.000000
  1.000000
  0.300000  0.300000  0.300000  0.300000  0.300000  0.300000  0.300000  0.300000
  0.300000  0.300000  0.300000  0.300000  0.300000  0.300000  0.300000  0.300000
  0.300000  0.300000  0.300000  0.300000  0.300000  0.300000  0.300000  0.300000
  0.300000  0.300000  0.300000  0.300000  0.300000  0.300000  0.300000  0.300000
  0.300000  0.300000  0.300000  0.300000  0.300000  0.300000  0.300000  0.300000
  0.300000  0.300000  0.300000  0.300000  0.300000  0.300000  0.300000  0.300000
  0.300000  0.300000  0.300000  0.300000  0.300000  0.300000  0.300000  0.300000
  0.300000  0.300000  0.300000  0.300000  0.300000  0.300000  0.300000  0.300000
  0.300000  0.300000  0.300000  0.300000  0.300000  0.300000  0.300000  0.300000
  0.300000  0.300000  0.300000  0.300000  0.300000  0.300000  0.300000  0.300000
  0.300000  0.300000  0.300000  0.300000  0.300000  0.300000  0.300000  0.300000
  0.300000  0.300000  0.300000  0.300000  0.300000  0.300000  0.300000  0.300000
  0.300000  0.300000  0.300000  0.300000  0.300000  0.300000  0.300000  0.300000
  0.300000  0.300000
  1.000000
  0.156292  0.156678  0.157023  0.157333  0.157610  0.157859  0.158083  0.158283
  0.158462  0.158623  0.158767  0.158897  0.159013  0.159117  0.159210  0.159293
  0.159368  0.159435  0.159496  0.159550  0.159598  0.159646  0.159697  0.159750
  0.159806  0.159864  0.159925  0.159990  0.160058  0.160130  0.160205  0.160285
  0.160369  0.160457  0.160550  0.160648  0.160750  0.160858  0.160970  0.161089
  0.161213  0.161344  0.161482  0.161626  0.161777  0.161937  0.162105  0.162282
  0.162469  0.162669  0.162883  0.163112  0.163357  0.163616  0.163888  0.164173
  0.164465  0.164760  0.165056  0.165352  0.165646  0.165939  0.166230  0.166521
  0.166812  0.167105  0.167397  0.167690  0.167982  0.168273  0.168559  0.168840
  0.169113  0.169380  0.169639  0.169891  0.170134  0.170370  0.170598  0.170820
  0.171035  0.171243  0.171444  0.171638  0.171825  0.172005  0.172177  0.172343
  0.172502  0.172654  0.172799  0.172944  0.173097  0.173259  0.173430  0.173611
  0.173802  0.174004  0.174218  0.174444  0.174683  0.174936  0.175203  0.175486
  0.175785  0.176101
  1.000000
 -0.014486 -0.013889 -0.013354 -0.012875 -0.012445 -0.012060 -0.011714 -0.011404
 -0.011127 -0.010878 -0.010654 -0.010454 -0.010275 -0.010114 -0.009970 -0.009840
 -0.009724 -0.009620 -0.009527 -0.009444 -0.009369 -0.009181 -0.009073 -0.008975
 -0.008877 -0.008774 -0.008667 -0.008554 -0.008436 -0.008313 -0.008184 -0.008049
 -0.007907 -0.007760 -0.007605 -0.007444 -0.007276 -0.007102 -0.006920 -0.006731
 -0.006535 -0.006331 -0.006118 -0.005897 -0.005668 -0.005430 -0.005182 -0.004924
 -0.004656 -0.004374 -0.004075 -0.003760 -0.003431 -0.003089 -0.002736 -0.002376
 -0.002014 -0.001657 -0.001307 -0.000966 -0.000634 -0.000312  0.000000  0.000304
  0.000601  0.000892  0.001175  0.001450  0.001717  0.001975  0.002223  0.002458
  0.002681  0.002892  0.003092  0.003279  0.003456  0.003622  0.003779  0.003927
  0.004066  0.004197  0.004320  0.004436  0.004544  0.004646  0.004741  0.004830
  0.004913  0.004982  0.004944  0.005053  0.005168  0.005289  0.005418  0.005553
  0.005697  0.005848  0.006009  0.006178  0.006357  0.006547  0.006747  0.006959
  0.007183  0.007420
  1.000000
  0.000000  0.000000  0.000000  0.000000  0.000000  0.000000  0.000000  0.000000
  0.000000  0.000000  0.000000  0.000000  0.000000  0.000000  0.000000  0.000000
  0.000000  0.000000  0.000000  0.000000  0.000000  0.000251  0.000343  0.000406
  0.000457  0.000501  0.000538  0.000570  0.000601  0.000634  0.000667  0.000702
  0.000739  0.000776  0.000815  0.000856  0.000897  0.000940  0.000984  0.001029
  0.001075  0.001122  0.001170  0.001219  0.001269  0.001320  0.001371  0.001423
  0.001475  0.001527  0.001580  0.001633  0.001685  0.001734  0.001782  0.001825
  0.001862  0.001894  0.001919  0.001937  0.001949  0.001954  0.001952  0.001944
  0.001929  0.001908  0.001881  0.001846  0.001806  0.001759  0.001706  0.001648
  0.001586  0.001520  0.001451  0.001379  0.001305  0.001228  0.001150  0.001071
  0.000990  0.000908  0.000826  0.000745  0.000663  0.000582  0.000501  0.000422
  0.000344  0.000260  0.000000  0.000000  0.000000  0.000000  0.000000  0.000000
  0.000000  0.000000  0.000000  0.000000  0.000000  0.000000  0.000000  0.000000
  0.000000  0.000000
  1.000000
  0.309870  0.309862  0.309854  0.309848  0.309842  0.309837  0.309832  0.309828
  0.309825  0.309822  0.309819  0.309817  0.309814  0.309812  0.309811  0.309809
  0.309807  0.309806  0.309805  0.309804  0.309803  0.309802  0.309800  0.309799
  0.309797  0.309795  0.309794  0.309792  0.309790  0.309787  0.309785  0.309782
  0.309779  0.309776  0.309773  0.309770  0.309766  0.309762  0.309757  0.309753
  0.309748  0.309742  0.309737  0.309730  0.309724  0.309716  0.309709  0.309700
  0.309691  0.309681  0.309670  0.309658  0.309645  0.309630  0.309614  0.309598
  0.309580  0.309562  0.309543  0.309524  0.309505  0.309486  0.309466  0.309446
  0.309426  0.309406  0.309385  0.309364  0.309343  0.309322  0.309301  0.309281
  0.309261  0.309241  0.309222  0.309204  0.309186  0.309168  0.309152  0.309135
  0.309119  0.309104  0.309090  0.309076  0.309062  0.309049  0.309037  0.309025
  0.309014  0.309003  0.308993  0.308981  0.308968  0.308955  0.308942  0.308929
  0.308915  0.308901  0.308888  0.308875  0.308862  0.308850  0.308841  0.308835
  0.308829  0.308825
  BLADE ROW NUMBER =       11                                           
  106   21   91  117    0    0    1    1    1    1    0    0    0    0    0    0
   12000.0  505420.1  505420.1  580389.4  580389.4   0.00000   12000.0
  1.000000
  0.176093  0.176478  0.176824  0.177134  0.177411  0.177660  0.177883  0.178083
  0.178263  0.178424  0.178568  0.178697  0.178813  0.178917  0.179010  0.179093
  0.179168  0.179236  0.179296  0.179350  0.179398  0.179446  0.179497  0.179550
  0.179605  0.179664  0.179725  0.179790  0.179858  0.179930  0.180005  0.180085
  0.180168  0.180257  0.180349  0.180447  0.180550  0.180657  0.180770  0.180888
  0.181013  0.181143  0.181281  0.181425  0.181577  0.181736  0.181904  0.182081
  0.182268  0.182467  0.182681  0.182911  0.183155  0.183414  0.183687  0.183971
  0.184263  0.184558  0.184854  0.185150  0.185445  0.185738  0.186029  0.186319
  0.186611  0.186903  0.187196  0.187489  0.187781  0.188072  0.188358  0.188639
  0.188913  0.189180  0.189439  0.189691  0.189934  0.190170  0.190399  0.190621
  0.190836  0.191044  0.191245  0.191439  0.191626  0.191807  0.191980  0.192146
  0.192305  0.192457  0.192602  0.192747  0.192901  0.193063  0.193234  0.193415
  0.193607  0.193810  0.194024  0.194250  0.194489  0.194742  0.195010  0.195292
  0.195591  0.195907
  1.000000
  0.011891  0.011295  0.010761  0.010282  0.009853  0.009468  0.009123  0.008813
  0.008536  0.008287  0.008064  0.007864  0.007685  0.007524  0.007380  0.007251
  0.007135  0.007031  0.006938  0.006855  0.006780  0.006902  0.006891  0.006864
  0.006828  0.006783  0.006727  0.006660  0.006584  0.006501  0.006413  0.006320
  0.006221  0.006117  0.006006  0.005889  0.005766  0.005637  0.005501  0.005358
  0.005208  0.005051  0.004885  0.004711  0.004528  0.004337  0.004135  0.003922
  0.003699  0.003461  0.003206  0.002934  0.002645  0.002340  0.002021  0.001689
  0.001350  0.001010  0.000671  0.000334  0.000000 -0.000330 -0.000655 -0.000979
 -0.001301 -0.001622 -0.001942 -0.002259 -0.002573 -0.002883 -0.003187 -0.003483
 -0.003770 -0.004048 -0.004316 -0.004574 -0.004822 -0.005061 -0.005292 -0.005515
 -0.005729 -0.005935 -0.006133 -0.006323 -0.006506 -0.006680 -0.006847 -0.007007
 -0.007159 -0.007304 -0.007515 -0.007623 -0.007739 -0.007860 -0.007989 -0.008125
 -0.008268 -0.008420 -0.008581 -0.008751 -0.008930 -0.009120 -0.009320 -0.009532
 -0.009756 -0.009993
  1.000000
  0.000000  0.000000  0.000000  0.000000  0.000000  0.000000  0.000000  0.000000
  0.000000  0.000000  0.000000  0.000000  0.000000  0.000000  0.000000  0.000000
  0.000000  0.000000  0.000000  0.000000  0.000000  0.000371  0.000478  0.000560
  0.000635  0.000704  0.000766  0.000821  0.000871  0.000919  0.000968  0.001016
  0.001064  0.001111  0.001159  0.001207  0.001254  0.001301  0.001347  0.001393
  0.001439  0.001483  0.001528  0.001571  0.001613  0.001654  0.001694  0.001733
  0.001769  0.001804  0.001837  0.001868  0.001895  0.001918  0.001936  0.001949
  0.001956  0.001957  0.001952  0.001941  0.001925  0.001903  0.001877  0.001846
  0.001810  0.001769  0.001724  0.001674  0.001620  0.001563  0.001503  0.001440
  0.001374  0.001308  0.001240  0.001171  0.001103  0.001034  0.000964  0.000895
  0.000827  0.000758  0.000691  0.000624  0.000558  0.000494  0.000430  0.000369
  0.000309  0.000243  0.000000  0.000000  0.000000  0.000000  0.000000  0.000000
  0.000000  0.000000  0.000000  0.000000  0.000000  0.000000  0.000000  0.000000
  0.000000  0.000000
  1.000000
  0.291175  0.291179  0.291181  0.291183  0.291186  0.291189  0.291193  0.291196
  0.291198  0.291201  0.291203  0.291205  0.291206  0.291208  0.291210  0.291211
  0.291212  0.291213  0.291214  0.291215  0.291216  0.291217  0.291219  0.291220
  0.291222  0.291224  0.291225  0.291227  0.291230  0.291232  0.291234  0.291237
  0.291240  0.291243  0.291246  0.291250  0.291254  0.291258  0.291262  0.291267
  0.291272  0.291277  0.291283  0.291289  0.291296  0.291304  0.291312  0.291320
  0.291329  0.291339  0.291350  0.291362  0.291375  0.291389  0.291404  0.291420
  0.291437  0.291454  0.291471  0.291489  0.291506  0.291524  0.291541  0.291558
  0.291575  0.291593  0.291610  0.291627  0.291644  0.291660  0.291676  0.291691
  0.291706  0.291719  0.291733  0.291745  0.291757  0.291768  0.291778  0.291787
  0.291796  0.291805  0.291812  0.291819  0.291826  0.291832  0.291838  0.291843
  0.291847  0.291851  0.291855  0.291858  0.291860  0.291863  0.291866  0.291869
  0.291872  0.291875  0.291878  0.291881  0.291884  0.291888  0.291891  0.291895
  0.291898  0.291902
  1.000000
  0.176097  0.176482  0.176827  0.177136  0.177413  0.177662  0.177885  0.178085
  0.178264  0.178424  0.178568  0.178698  0.178813  0.178917  0.179010  0.179094
  0.179168  0.179235  0.179296  0.179349  0.179398  0.179446  0.179497  0.179550
  0.179605  0.179664  0.179725  0.179789  0.179857  0.179929  0.180005  0.180084
  0.180168  0.180256  0.180349  0.180446  0.180549  0.180656  0.180769  0.180887
  0.181012  0.181143  0.181280  0.181424  0.181576  0.181735  0.181903  0.182080
  0.182267  0.182466  0.182680  0.182910  0.183154  0.183413  0.183686  0.183971
  0.184263  0.184557  0.184854  0.185150  0.185444  0.185737  0.186028  0.186319
  0.186611  0.186903  0.187196  0.187489  0.187782  0.188072  0.188359  0.188639
  0.188914  0.189181  0.189440  0.189691  0.189935  0.190171  0.190400  0.190622
  0.190837  0.191045  0.191246  0.191440  0.191627  0.191807  0.191980  0.192146
  0.192305  0.192457  0.192602  0.192747  0.192900  0.193062  0.193233  0.193414
  0.193606  0.193808  0.194022  0.194248  0.194487  0.194740  0.195007  0.195289
  0.195588  0.195903
  1.000000
  0.011881  0.011286  0.010752  0.010274  0.009845  0.009460  0.009116  0.008807
  0.008529  0.008281  0.008058  0.007858  0.007679  0.007519  0.007375  0.007246
  0.007130  0.007026  0.006933  0.006850  0.006775  0.006897  0.006886  0.006859
  0.006823  0.006778  0.006722  0.006655  0.006579  0.006496  0.006409  0.006315
  0.006217  0.006112  0.006001  0.005885  0.005762  0.005633  0.005497  0.005354
  0.005204  0.005047  0.004881  0.004707  0.004525  0.004333  0.004131  0.003919
  0.003696  0.003458  0.003203  0.002931  0.002642  0.002338  0.002019  0.001687
  0.001349  0.001009  0.000670  0.000334  0.000000 -0.000330 -0.000655 -0.000977
 -0.001299 -0.001620 -0.001939 -0.002256 -0.002570 -0.002879 -0.003183 -0.003478
 -0.003764 -0.004041 -0.004309 -0.004567 -0.004814 -0.005053 -0.005284 -0.005506
 -0.005719 -0.005925 -0.006123 -0.006313 -0.006495 -0.006669 -0.006836 -0.006995
 -0.007147 -0.007291 -0.007502 -0.007610 -0.007725 -0.007847 -0.007975 -0.008111
 -0.008254 -0.008406 -0.008566 -0.008736 -0.008915 -0.009104 -0.009304 -0.009516
 -0.009740 -0.009976
  1.000000
  0.000000  0.000000  0.000000  0.000000  0.000000  0.000000  0.000000  0.000000
  0.000000  0.000000  0.000000  0.000000  0.000000  0.000000  0.000000  0.000000
  0.000000  0.000000  0.000000  0.000000  0.000000  0.000371  0.000477  0.000559
  0.000634  0.000703  0.000765  0.000820  0.000870  0.000918  0.000966  0.001014
  0.001062  0.001110  0.001158  0.001205  0.001252  0.001299  0.001346  0.001391
  0.001437  0.001482  0.001526  0.001569  0.001611  0.001652  0.001692  0.001731
  0.001767  0.001802  0.001835  0.001865  0.001892  0.001916  0.001934  0.001947
  0.001954  0.001955  0.001950  0.001939  0.001922  0.001901  0.001875  0.001844
  0.001808  0.001767  0.001722  0.001672  0.001619  0.001562  0.001501  0.001438
  0.001373  0.001306  0.001238  0.001170  0.001101  0.001032  0.000963  0.000894
  0.000826  0.000757  0.000690  0.000623  0.000557  0.000493  0.000430  0.000368
  0.000308  0.000243  0.000000  0.000000  0.000000  0.000000  0.000000  0.000000
  0.000000  0.000000  0.000000  0.000000  0.000000  0.000000  0.000000  0.000000
  0.000000  0.000000
  1.000000
  0.300000  0.300000  0.300000  0.300000  0.300000  0.300000  0.300000  0.300000
  0.300000  0.300000  0.300000  0.300000  0.300000  0.300000  0.300000  0.300000
  0.300000  0.300000  0.300000  0.300000  0.300000  0.300000  0.300000  0.300000
  0.300000  0.300000  0.300000  0.300000  0.300000  0.300000  0.300000  0.300000
  0.300000  0.300000  0.300000  0.300000  0.300000  0.300000  0.300000  0.300000
  0.300000  0.300000  0.300000  0.300000  0.300000  0.300000  0.300000  0.300000
  0.300000  0.300000  0.300000  0.300000  0.300000  0.300000  0.300000  0.300000
  0.300000  0.300000  0.300000  0.300000  0.300000  0.300000  0.300000  0.300000
  0.300000  0.300000  0.300000  0.300000  0.300000  0.300000  0.300000  0.300000
  0.300000  0.300000  0.300000  0.300000  0.300000  0.300000  0.300000  0.300000
  0.300000  0.300000  0.300000  0.300000  0.300000  0.300000  0.300000  0.300000
  0.300000  0.300000  0.300000  0.300000  0.300000  0.300000  0.300000  0.300000
  0.300000  0.300000  0.300000  0.300000  0.300000  0.300000  0.300000  0.300000
  0.300000  0.300000
  1.000000
  0.176093  0.176478  0.176824  0.177134  0.177411  0.177660  0.177883  0.178083
  0.178263  0.178424  0.178568  0.178697  0.178813  0.178917  0.179010  0.179093
  0.179168  0.179236  0.179296  0.179350  0.179398  0.179446  0.179497  0.179550
  0.179605  0.179664  0.179725  0.179790  0.179858  0.179930  0.180005  0.180085
  0.180168  0.180257  0.180349  0.180447  0.180550  0.180657  0.180770  0.180888
  0.181013  0.181143  0.181281  0.181425  0.181577  0.181736  0.181904  0.182081
  0.182268  0.182467  0.182681  0.182911  0.183155  0.183414  0.183687  0.183971
  0.184263  0.184558  0.184854  0.185150  0.185445  0.185738  0.186029  0.186319
  0.186611  0.186903  0.187196  0.187489  0.187781  0.188072  0.188358  0.188639
  0.188913  0.189180  0.189439  0.189691  0.189934  0.190170  0.190399  0.190621
  0.190836  0.191044  0.191245  0.191439  0.191626  0.191807  0.191980  0.192146
  0.192305  0.192457  0.192602  0.192747  0.192901  0.193063  0.193234  0.193415
  0.193607  0.193810  0.194024  0.194250  0.194489  0.194742  0.195010  0.195292
  0.195591  0.195907
  1.000000
  0.011899  0.011303  0.010769  0.010290  0.009860  0.009475  0.009130  0.008820
  0.008543  0.008294  0.008071  0.007871  0.007692  0.007531  0.007387  0.007257
  0.007142  0.007038  0.006945  0.006861  0.006786  0.006908  0.006897  0.006870
  0.006834  0.006788  0.006733  0.006666  0.006589  0.006507  0.006419  0.006325
  0.006226  0.006121  0.006011  0.005894  0.005771  0.005641  0.005505  0.005362
  0.005212  0.005054  0.004888  0.004714  0.004531  0.004339  0.004137  0.003925
  0.003701  0.003463  0.003208  0.002935  0.002646  0.002341  0.002021  0.001689
  0.001351  0.001011  0.000671  0.000334  0.000000 -0.000330 -0.000655 -0.000979
 -0.001301 -0.001622 -0.001941 -0.002258 -0.002572 -0.002882 -0.003186 -0.003481
 -0.003768 -0.004045 -0.004312 -0.004570 -0.004818 -0.005057 -0.005287 -0.005510
 -0.005723 -0.005929 -0.006127 -0.006317 -0.006499 -0.006674 -0.006840 -0.007000
 -0.007152 -0.007296 -0.007507 -0.007615 -0.007730 -0.007852 -0.007980 -0.008116
 -0.008260 -0.008411 -0.008572 -0.008741 -0.008921 -0.009110 -0.009310 -0.009522
 -0.009746 -0.009983
  1.000000
  0.000000  0.000000  0.000000  0.000000  0.000000  0.000000  0.000000  0.000000
  0.000000  0.000000  0.000000  0.000000  0.000000  0.000000  0.000000  0.000000
  0.000000  0.000000  0.000000  0.000000  0.000000  0.000371  0.000478  0.000560
  0.000635  0.000704  0.000766  0.000821  0.000871  0.000919  0.000968  0.001016
  0.001064  0.001111  0.001159  0.001207  0.001254  0.001301  0.001347  0.001393
  0.001439  0.001483  0.001528  0.001571  0.001613  0.001654  0.001694  0.001733
  0.001769  0.001804  0.001837  0.001868  0.001895  0.001918  0.001936  0.001949
  0.001956  0.001957  0.001952  0.001941  0.001925  0.001903  0.001877  0.001846
  0.001810  0.001769  0.001724  0.001674  0.001620  0.001563  0.001503  0.001440
  0.001374  0.001308  0.001240  0.001171  0.001103  0.001034  0.000964  0.000895
  0.000827  0.000758  0.000691  0.000624  0.000558  0.000494  0.000430  0.000369
  0.000309  0.000243  0.000000  0.000000  0.000000  0.000000  0.000000  0.000000
  0.000000  0.000000  0.000000  0.000000  0.000000  0.000000  0.000000  0.000000
  0.000000  0.000000
  1.000000
  0.308825  0.308821  0.308819  0.308817  0.308814  0.308811  0.308807  0.308804
  0.308802  0.308799  0.308797  0.308795  0.308793  0.308792  0.308790  0.308789
  0.308788  0.308787  0.308786  0.308785  0.308784  0.308783  0.308781  0.308780
  0.308778  0.308776  0.308775  0.308773  0.308771  0.308768  0.308766  0.308763
  0.308760  0.308757  0.308754  0.308750  0.308746  0.308742  0.308738  0.308733
  0.308728  0.308723  0.308717  0.308710  0.308704  0.308696  0.308689  0.308680
  0.308671  0.308661  0.308650  0.308638  0.308625  0.308611  0.308596  0.308580
  0.308563  0.308546  0.308529  0.308511  0.308494  0.308477  0.308459  0.308442
  0.308424  0.308407  0.308390  0.308373  0.308356  0.308340  0.308324  0.308309
  0.308294  0.308280  0.308267  0.308255  0.308243  0.308233  0.308222  0.308213
  0.308204  0.308195  0.308188  0.308181  0.308174  0.308168  0.308163  0.308157
  0.308153  0.308149  0.308145  0.308142  0.308140  0.308137  0.308134  0.308131
  0.308128  0.308125  0.308122  0.308119  0.308116  0.308112  0.308109  0.308105
  0.308102  0.308098
  BLADE ROW NUMBER =       12                                           
  111   21   91  118    0    0    1    1    1    1    0    0    0    0    0    0
       0.0  580389.4  580389.4  662108.5  662108.5   0.00000       0.0
  1.000000
  0.192596  0.192981  0.193326  0.193636  0.193913  0.194162  0.194385  0.194585
  0.194764  0.194925  0.195069  0.195198  0.195314  0.195418  0.195511  0.195595
  0.195669  0.195737  0.195797  0.195851  0.195899  0.195947  0.195998  0.196051
  0.196106  0.196165  0.196226  0.196291  0.196359  0.196431  0.196506  0.196586
  0.196669  0.196757  0.196850  0.196948  0.197050  0.197158  0.197271  0.197389
  0.197514  0.197644  0.197782  0.197926  0.198077  0.198237  0.198405  0.198582
  0.198769  0.198968  0.199183  0.199412  0.199657  0.199916  0.200188  0.200473
  0.200765  0.201059  0.201356  0.201651  0.201946  0.202239  0.202530  0.202821
  0.203112  0.203405  0.203698  0.203991  0.204283  0.204574  0.204860  0.205141
  0.205415  0.205682  0.205941  0.206193  0.206436  0.206672  0.206901  0.207123
  0.207338  0.207546  0.207747  0.207941  0.208128  0.208308  0.208481  0.208647
  0.208806  0.208958  0.209103  0.209248  0.209405  0.209574  0.209756  0.209953
  0.210166  0.210396  0.210644  0.210911  0.211200  0.211512  0.211849  0.212212
  0.212605  0.213029  0.213486  0.213980  0.214513  0.215088  0.215710
  1.000000
 -0.014461 -0.013866 -0.013332 -0.012853 -0.012424 -0.012040 -0.011695 -0.011385
 -0.011108 -0.010860 -0.010637 -0.010437 -0.010258 -0.010097 -0.009953 -0.009824
 -0.009708 -0.009605 -0.009512 -0.009428 -0.009353 -0.009166 -0.009058 -0.008960
 -0.008862 -0.008759 -0.008652 -0.008540 -0.008422 -0.008299 -0.008170 -0.008035
 -0.007894 -0.007747 -0.007593 -0.007432 -0.007264 -0.007090 -0.006909 -0.006720
 -0.006524 -0.006320 -0.006108 -0.005888 -0.005659 -0.005422 -0.005174 -0.004917
 -0.004649 -0.004367 -0.004069 -0.003755 -0.003426 -0.003085 -0.002733 -0.002373
 -0.002012 -0.001655 -0.001306 -0.000965 -0.000633 -0.000312  0.000000  0.000304
  0.000601  0.000891  0.001174  0.001449  0.001716  0.001974  0.002222  0.002457
  0.002680  0.002891  0.003091  0.003279  0.003456  0.003622  0.003779  0.003927
  0.004066  0.004198  0.004321  0.004437  0.004545  0.004647  0.004743  0.004832
  0.004915  0.004984  0.004947  0.005056  0.005173  0.005300  0.005437  0.005584
  0.005744  0.005916  0.006102  0.006303  0.006519  0.006753  0.007005  0.007278
  0.007572  0.007890  0.008233  0.008603  0.009002  0.009434  0.009899
  1.000000
  0.000000  0.000000  0.000000  0.000000  0.000000  0.000000  0.000000  0.000000
  0.000000  0.000000  0.000000  0.000000  0.000000  0.000000  0.000000  0.000000
  0.000000  0.000000  0.000000  0.000000  0.000000  0.000250  0.000343  0.000406
  0.000457  0.000501  0.000538  0.000570  0.000601  0.000633  0.000667  0.000702
  0.000738  0.000776  0.000815  0.000855  0.000896  0.000939  0.000983  0.001028
  0.001074  0.001121  0.001169  0.001218  0.001268  0.001319  0.001370  0.001421
  0.001473  0.001525  0.001578  0.001631  0.001683  0.001733  0.001780  0.001823
  0.001861  0.001892  0.001917  0.001935  0.001947  0.001952  0.001950  0.001942
  0.001928  0.001907  0.001879  0.001845  0.001804  0.001757  0.001704  0.001647
  0.001585  0.001519  0.001450  0.001378  0.001304  0.001227  0.001149  0.001070
  0.000989  0.000907  0.000826  0.000744  0.000662  0.000581  0.000501  0.000422
  0.000344  0.000260  0.000000  0.000000  0.000000  0.000000  0.000000  0.000000
  0.000000  0.000000  0.000000  0.000000  0.000000  0.000000  0.000000  0.000000
  0.000000  0.000000  0.000000  0.000000  0.000000  0.000000  0.000000
  1.000000
  0.291855  0.291862  0.291867  0.291872  0.291876  0.291880  0.291883  0.291886
  0.291888  0.291890  0.291892  0.291893  0.291895  0.291896  0.291897  0.291898
  0.291899  0.291900  0.291901  0.291901  0.291902  0.291903  0.291904  0.291905
  0.291906  0.291907  0.291909  0.291910  0.291911  0.291913  0.291915  0.291917
  0.291919  0.291921  0.291923  0.291925  0.291928  0.291931  0.291934  0.291937
  0.291941  0.291945  0.291949  0.291953  0.291958  0.291963  0.291969  0.291975
  0.291981  0.291988  0.291996  0.292004  0.292014  0.292024  0.292035  0.292046
  0.292058  0.292071  0.292083  0.292096  0.292109  0.292122  0.292135  0.292148
  0.292161  0.292175  0.292188  0.292201  0.292214  0.292227  0.292240  0.292253
  0.292265  0.292276  0.292287  0.292298  0.292308  0.292318  0.292327  0.292336
  0.292344  0.292352  0.292360  0.292367  0.292373  0.292380  0.292386  0.292391
  0.292397  0.292401  0.292406  0.292408  0.292411  0.292413  0.292416  0.292418
  0.292421  0.292424  0.292427  0.292430  0.292433  0.292436  0.292439  0.292442
  0.292445  0.292447  0.292450  0.292452  0.292454  0.292455  0.292456
  1.000000
  0.192598  0.192983  0.193328  0.193637  0.193915  0.194163  0.194386  0.194586
  0.194765  0.194926  0.195070  0.195199  0.195315  0.195419  0.195512  0.195595
  0.195670  0.195737  0.195797  0.195851  0.195899  0.195948  0.195998  0.196051
  0.196107  0.196165  0.196226  0.196291  0.196359  0.196431  0.196506  0.196585
  0.196669  0.196757  0.196850  0.196948  0.197050  0.197158  0.197270  0.197389
  0.197513  0.197644  0.197781  0.197925  0.198077  0.198236  0.198404  0.198582
  0.198769  0.198968  0.199182  0.199411  0.199656  0.199915  0.200187  0.200472
  0.200764  0.201059  0.201355  0.201651  0.201946  0.202239  0.202530  0.202821
  0.203112  0.203405  0.203698  0.203991  0.204283  0.204574  0.204860  0.205141
  0.205415  0.205682  0.205941  0.206193  0.206436  0.206672  0.206901  0.207123
  0.207338  0.207546  0.207747  0.207941  0.208128  0.208308  0.208481  0.208647
  0.208806  0.208958  0.209103  0.209248  0.209405  0.209574  0.209756  0.209953
  0.210166  0.210395  0.210643  0.210910  0.211199  0.211511  0.211847  0.212211
  0.212603  0.213026  0.213483  0.213977  0.214509  0.215084  0.215705
  1.000000
 -0.014455 -0.013860 -0.013327 -0.012848 -0.012419 -0.012035 -0.011690 -0.011381
 -0.011104 -0.010855 -0.010632 -0.010433 -0.010254 -0.010093 -0.009949 -0.009820
 -0.009704 -0.009601 -0.009508 -0.009424 -0.009349 -0.009162 -0.009054 -0.008957
 -0.008858 -0.008756 -0.008649 -0.008536 -0.008419 -0.008296 -0.008167 -0.008032
 -0.007891 -0.007744 -0.007589 -0.007429 -0.007261 -0.007087 -0.006906 -0.006718
 -0.006522 -0.006318 -0.006106 -0.005886 -0.005657 -0.005419 -0.005172 -0.004914
 -0.004646 -0.004365 -0.004067 -0.003753 -0.003425 -0.003083 -0.002731 -0.002371
 -0.002010 -0.001654 -0.001305 -0.000964 -0.000633 -0.000311  0.000000  0.000303
  0.000600  0.000890  0.001173  0.001448  0.001715  0.001973  0.002220  0.002455
  0.002678  0.002889  0.003088  0.003275  0.003452  0.003618  0.003775  0.003923
  0.004062  0.004193  0.004316  0.004432  0.004540  0.004642  0.004737  0.004826
  0.004909  0.004978  0.004941  0.005049  0.005167  0.005293  0.005430  0.005578
  0.005737  0.005909  0.006095  0.006295  0.006511  0.006745  0.006997  0.007270
  0.007563  0.007881  0.008223  0.008593  0.008992  0.009423  0.009889
  1.000000
  0.000000  0.000000  0.000000  0.000000  0.000000  0.000000  0.000000  0.000000
  0.000000  0.000000  0.000000  0.000000  0.000000  0.000000  0.000000  0.000000
  0.000000  0.000000  0.000000  0.000000  0.000000  0.000250  0.000342  0.000406
  0.000457  0.000500  0.000537  0.000569  0.000600  0.000633  0.000666  0.000701
  0.000737  0.000775  0.000814  0.000854  0.000896  0.000938  0.000982  0.001027
  0.001073  0.001120  0.001169  0.001217  0.001267  0.001318  0.001369  0.001420
  0.001472  0.001524  0.001577  0.001630  0.001682  0.001732  0.001779  0.001822
  0.001859  0.001891  0.001916  0.001934  0.001946  0.001950  0.001949  0.001941
  0.001926  0.001905  0.001877  0.001843  0.001803  0.001756  0.001703  0.001646
  0.001584  0.001518  0.001449  0.001377  0.001303  0.001226  0.001148  0.001069
  0.000988  0.000907  0.000825  0.000743  0.000662  0.000581  0.000501  0.000422
  0.000344  0.000260  0.000000  0.000000  0.000000  0.000000  0.000000  0.000000
  0.000000  0.000000  0.000000  0.000000  0.000000  0.000000  0.000000  0.000000
  0.000000  0.000000  0.000000  0.000000  0.000000  0.000000  0.000000
  1.000000
  0.300000  0.300000  0.300000  0.300000  0.300000  0.300000  0.300000  0.300000
  0.300000  0.300000  0.300000  0.300000  0.300000  0.300000  0.300000  0.300000
  0.300000  0.300000  0.300000  0.300000  0.300000  0.300000  0.300000  0.300000
  0.300000  0.300000  0.300000  0.300000  0.300000  0.300000  0.300000  0.300000
  0.300000  0.300000  0.300000  0.300000  0.300000  0.300000  0.300000  0.300000
  0.300000  0.300000  0.300000  0.300000  0.300000  0.300000  0.300000  0.300000
  0.300000  0.300000  0.300000  0.300000  0.300000  0.300000  0.300000  0.300000
  0.300000  0.300000  0.300000  0.300000  0.300000  0.300000  0.300000  0.300000
  0.300000  0.300000  0.300000  0.300000  0.300000  0.300000  0.300000  0.300000
  0.300000  0.300000  0.300000  0.300000  0.300000  0.300000  0.300000  0.300000
  0.300000  0.300000  0.300000  0.300000  0.300000  0.300000  0.300000  0.300000
  0.300000  0.300000  0.300000  0.300000  0.300000  0.300000  0.300000  0.300000
  0.300000  0.300000  0.300000  0.300000  0.300000  0.300000  0.300000  0.300000
  0.300000  0.300000  0.300000  0.300000  0.300000  0.300000  0.300000
  1.000000
  0.192596  0.192981  0.193326  0.193636  0.193913  0.194162  0.194385  0.194585
  0.194764  0.194925  0.195069  0.195198  0.195314  0.195418  0.195511  0.195595
  0.195669  0.195737  0.195797  0.195851  0.195899  0.195947  0.195998  0.196051
  0.196106  0.196165  0.196226  0.196291  0.196359  0.196431  0.196506  0.196586
  0.196669  0.196757  0.196850  0.196948  0.197050  0.197158  0.197271  0.197389
  0.197514  0.197644  0.197782  0.197926  0.198077  0.198237  0.198405  0.198582
  0.198769  0.198968  0.199183  0.199412  0.199657  0.199916  0.200188  0.200473
  0.200765  0.201059  0.201356  0.201651  0.201946  0.202239  0.202530  0.202821
  0.203112  0.203405  0.203698  0.203991  0.204283  0.204574  0.204860  0.205141
  0.205415  0.205682  0.205941  0.206193  0.206436  0.206672  0.206901  0.207123
  0.207338  0.207546  0.207747  0.207941  0.208128  0.208308  0.208481  0.208647
  0.208806  0.208958  0.209103  0.209248  0.209405  0.209574  0.209756  0.209953
  0.210166  0.210396  0.210644  0.210911  0.211200  0.211512  0.211849  0.212212
  0.212605  0.213029  0.213486  0.213980  0.214513  0.215088  0.215710
  1.000000
 -0.014470 -0.013875 -0.013340 -0.012861 -0.012432 -0.012047 -0.011702 -0.011392
 -0.011115 -0.010866 -0.010643 -0.010443 -0.010264 -0.010103 -0.009959 -0.009830
 -0.009714 -0.009610 -0.009517 -0.009434 -0.009359 -0.009172 -0.009063 -0.008966
 -0.008867 -0.008765 -0.008657 -0.008545 -0.008427 -0.008304 -0.008175 -0.008040
 -0.007899 -0.007751 -0.007597 -0.007436 -0.007269 -0.007094 -0.006913 -0.006724
 -0.006528 -0.006324 -0.006112 -0.005891 -0.005662 -0.005424 -0.005177 -0.004919
 -0.004651 -0.004369 -0.004071 -0.003757 -0.003428 -0.003086 -0.002733 -0.002373
 -0.002012 -0.001656 -0.001306 -0.000965 -0.000633 -0.000312  0.000000  0.000304
  0.000601  0.000891  0.001174  0.001449  0.001716  0.001974  0.002221  0.002456
  0.002679  0.002890  0.003089  0.003277  0.003453  0.003620  0.003776  0.003924
  0.004063  0.004194  0.004317  0.004433  0.004542  0.004643  0.004738  0.004827
  0.004910  0.004979  0.004942  0.005051  0.005168  0.005295  0.005431  0.005579
  0.005738  0.005910  0.006096  0.006297  0.006513  0.006747  0.006999  0.007272
  0.007566  0.007883  0.008226  0.008596  0.008995  0.009427  0.009892
  1.000000
  0.000000  0.000000  0.000000  0.000000  0.000000  0.000000  0.000000  0.000000
  0.000000  0.000000  0.000000  0.000000  0.000000  0.000000  0.000000  0.000000
  0.000000  0.000000  0.000000  0.000000  0.000000  0.000250  0.000343  0.000406
  0.000457  0.000501  0.000538  0.000570  0.000601  0.000633  0.000667  0.000702
  0.000738  0.000776  0.000815  0.000855  0.000896  0.000939  0.000983  0.001028
  0.001074  0.001121  0.001169  0.001218  0.001268  0.001319  0.001370  0.001421
  0.001473  0.001525  0.001578  0.001631  0.001683  0.001733  0.001780  0.001823
  0.001861  0.001892  0.001917  0.001935  0.001947  0.001952  0.001950  0.001942
  0.001928  0.001907  0.001879  0.001845  0.001804  0.001757  0.001704  0.001647
  0.001585  0.001519  0.001450  0.001378  0.001304  0.001227  0.001149  0.001070
  0.000989  0.000907  0.000826  0.000744  0.000662  0.000581  0.000501  0.000422
  0.000344  0.000260  0.000000  0.000000  0.000000  0.000000  0.000000  0.000000
  0.000000  0.000000  0.000000  0.000000  0.000000  0.000000  0.000000  0.000000
  0.000000  0.000000  0.000000  0.000000  0.000000  0.000000  0.000000
  1.000000
  0.308145  0.308138  0.308133  0.308128  0.308124  0.308120  0.308117  0.308114
  0.308112  0.308110  0.308108  0.308107  0.308105  0.308104  0.308103  0.308102
  0.308101  0.308100  0.308099  0.308099  0.308098  0.308097  0.308096  0.308095
  0.308094  0.308093  0.308091  0.308090  0.308089  0.308087  0.308085  0.308083
  0.308081  0.308079  0.308077  0.308075  0.308072  0.308069  0.308066  0.308063
  0.308059  0.308055  0.308051  0.308047  0.308042  0.308037  0.308031  0.308025
  0.308019  0.308012  0.308004  0.307995  0.307986  0.307976  0.307965  0.307954
  0.307942  0.307929  0.307916  0.307904  0.307891  0.307878  0.307865  0.307852
  0.307838  0.307825  0.307812  0.307799  0.307786  0.307773  0.307760  0.307747
  0.307735  0.307724  0.307713  0.307702  0.307692  0.307682  0.307673  0.307664
  0.307656  0.307648  0.307640  0.307633  0.307626  0.307620  0.307614  0.307609
  0.307603  0.307599  0.307594  0.307592  0.307589  0.307587  0.307584  0.307582
  0.307579  0.307576  0.307573  0.307570  0.307567  0.307564  0.307561  0.307558
  0.307555  0.307553  0.307550  0.307548  0.307546  0.307545  0.307544
   1005.03   1.40000   0.40000   0.00500   0.00500   2.00000
 10.000000**********  0.400000  0.200000  0.100000  0.000000  0.001000  0.500000
   76640.2   76640.2  662108.5  662108.5
  101320.0  101320.0  101320.0  101320.0  101320.0  101320.0  101320.0  101320.0
  101320.0  101320.0  101320.0  101320.0  101320.0  101320.0  101320.0  101320.0
  101320.0  101320.0  101320.0  101320.0  101320.0  101320.0  101320.0  101320.0
  101320.0  101320.0  101320.0  101320.0  101320.0  101320.0  101320.0  101320.0
  101320.0  101320.0  101320.0  101320.0  101320.0
     288.1     288.1     288.1     288.1     288.1     288.1     288.1     288.1
     288.1     288.1     288.1     288.1     288.1     288.1     288.1     288.1
     288.1     288.1     288.1     288.1     288.1     288.1     288.1     288.1
     288.1     288.1     288.1     288.1     288.1     288.1     288.1     288.1
     288.1     288.1     288.1     288.1     288.1
  0.000000  0.000000  0.000000  0.000000  0.000000  0.000000  0.000000  0.000000
  0.000000  0.000000  0.000000  0.000000  0.000000  0.000000  0.000000  0.000000
  0.000000  0.000000  0.000000  0.000000  0.000000  0.000000  0.000000  0.000000
  0.000000  0.000000  0.000000  0.000000  0.000000  0.000000  0.000000  0.000000
  0.000000  0.000000  0.000000  0.000000  0.000000
166.026749166.026749166.026764166.026764166.026749166.026749166.026749166.026749
166.026749166.026749166.026749166.026749166.026749166.026749166.026749166.026749
166.026749166.026749166.026749166.026749166.026749166.026749166.026749166.026749
166.026749166.026749166.026749166.026749166.026749166.026749166.026749166.026749
166.026749166.026749166.026749166.026749166.026749
 38.009865 38.009869 38.009865 38.009865 38.009865 38.009861 38.009865 38.009865
 38.009865 38.009865 38.009865 38.009865 38.009865 38.009865 38.009865 38.009865
 38.009869 38.009865 38.009865 38.009865 38.009865 38.009865 38.009865 38.009865
 38.009865 38.009865 38.009865 38.009865 38.009865 38.009865 38.009865 38.009865
 38.009865 38.009865 38.009865 38.009865 38.009865
 -0.669694 -0.665683 -0.660669 -0.654401 -0.646566 -0.636773 -0.624531 -0.609229
 -0.590102 -0.566192 -0.536305 -0.498946 -0.452248 -0.393875 -0.320909 -0.240682
 -0.160454 -0.080227  0.000000  0.080227  0.160454  0.240682  0.320909  0.393875
  0.452248  0.498946  0.536305  0.566192  0.590102  0.609229  0.624531  0.636773
  0.646566  0.654401  0.660669  0.665683  0.669694
  1.000000  1.250000  1.562500  1.953125  2.441406  3.051758  3.814697  4.768372
  5.960464  7.450581  9.313226 11.641532 14.551915 18.189894 20.000000 20.000000
 20.000000 20.000000 20.000000 20.000000 20.000000 20.000000 18.189894 14.551915
 11.641532  9.313226  7.450581  5.960464  4.768372  3.814697  3.051758  2.441406
  1.953125  1.562500  1.250000  1.000000
  1.000000  1.250000  1.562500  1.953125  2.441406  3.051758  3.814697  4.768372
  5.960464  7.450581  9.313226 11.641532 14.551915 18.189894 20.000000 20.000000
 20.000000 20.000000 20.000000 20.000000 20.000000 20.000000 18.189894 14.551915
 11.641532  9.313226  7.450581  5.960464  4.768372  3.814697  3.051758  2.441406
  1.953125  1.562500  1.250000  1.000000
 9000 9000 9000 9000 9000
 0 0 0 0 0 0 0 0 0 0 0 0 0 0 0 0 0 0 0 0
 0 0 0 0 0 0 0 0 0 0 0 0 0 0 0 0 0 0 0 0 0 0 0 0 0 0 0 0 0 0 0 0 0 0 0 0 0
  800000.0     0.500     0.000     0.800    3000.0     1.000     0.000
  0.025000  0.800000  1.000000  0.800000
  0.050000  0.050000  0.050000  0.050000  0.050000  0.030000
  0.050000  0.050000  0.050000  0.050000  0.050000  0.030000
  0.050000  0.050000  0.050000  0.050000  0.050000  0.030000
  0.050000  0.050000  0.050000  0.050000  0.050000  0.030000
  0.050000  0.050000  0.050000  0.050000  0.050000  0.030000
  0.050000  0.050000  0.050000  0.050000  0.050000  0.030000
  0.050000  0.050000  0.050000  0.050000  0.050000  0.030000
  0.050000  0.050000  0.050000  0.050000  0.050000  0.030000
  0.050000  0.050000  0.050000  0.050000  0.050000  0.030000
  0.050000  0.050000  0.050000  0.050000  0.050000  0.030000
  0.050000  0.050000  0.050000  0.050000  0.050000  0.030000
  0.050000  0.050000  0.050000  0.050000  0.050000  0.030000
   2.00000 1000
   1   1   2   2   3   3   4   4   5   5   6   6
  7.500000 25.000000
