 DATA SET FOR "multall" . GENERATED BY "stagen" .                       
    CP   and   GAMMA 
 1005.0250    1.4000
       ITIMST 
         3
     CFL,    DAMP,    MACHLIM,    F_PDOWN 
  0.400000 10.000000  2.000000  0.000000
  IF_RESTART 
         0
  NSTEPS_MAX, CONLIM 
      9000  0.001000
   SFX,      SFT,      FAC_4TH,     NCHANGE 
  0.005000  0.005000  0.800000      1000
       NUMBER OF BLADE ROWS 
        22
        IM        KM 
        37        37
  FP(I),I=1,IMM1 
  1.000000  1.250000  1.562500  1.953125  2.441406  3.051758  3.814697  4.768372
  5.960464  7.450581  9.313226 11.641532 14.551915 18.189894 20.000000 20.000000
 20.000000 20.000000 20.000000 20.000000 20.000000 20.000000 18.189894 14.551915
 11.641532  9.313226  7.450581  5.960464  4.768372  3.814697  3.051758  2.441406
  1.953125  1.562500  1.250000  1.000000
  FR(K),K=1,KMM1 
  1.000000  1.250000  1.562500  1.953125  2.441406  3.051758  3.814697  4.768372
  5.960464  7.450581  9.313226 11.641532 14.551915 18.189894 20.000000 20.000000
 20.000000 20.000000 20.000000 20.000000 20.000000 20.000000 18.189894 14.551915
 11.641532  9.313226  7.450581  5.960464  4.768372  3.814697  3.051758  2.441406
  1.953125  1.562500  1.250000  1.000000
        IR        JR        KR        IRBB      JRBB      KRBB 
         3         3         3         9         9         9
   FBLK1,     FBLK2,     FBLK3  
  0.400000  0.200000  0.100000
       IFMIX 
         1
   RFMIX,    FEXTRAP,   FSMTHB,    FANGLE 
  0.025000  0.800000  1.000000  0.800000
      IFCOOL    IFBLEED    IF_ROUGH 
         0         0         0
       NSECS_IN 
         3
       IN_PRESS  IN_VTAN   IN_VR    IN_FLOW  IF_REPEAT  RFIN 
         0         0         1         0         0   0.50000
  IPOUT  SFEXIT  NSFEXIT 
    1  0.000000    0
  PLATE_LOSS  THROTTLE_EXIT 
  0.000000  0.000000
        ILOS      NLOS      IBOUND 
        10         5         0
   REYNO,     RF_VIS,   FTRANS, TURBVIS_LIM, PRANDTL, YPLUSWALL
  800000.0     0.500     0.000  3000.000       1.0     0.000
   YPLAM      YPTURB 
  5.000000 25.000000
      ISHIFT    NEXTRAP_LE  NEXTRAP_TE 
         2        10        10
  (NSTG(N),N=1,NROWS) 
         1         1         2         2         3         3         4         4
         5         5         6         6         7         7         8         8
         9         9        10        10        11        11
  5  TIME STEPS FOR PRINTOUT 
      9000      9000      9000      9000      9000
  MARKER FOR VARIABLES TO BE SENT TO THE OUTPUT FILE.
 0 0 0 0 0 0 0 0 0 0 0 0 0 0 0 0 0 0 0 0
  STREAM SURFACES ON WHICH RESULTS ARE TO BE SENT TO   THE OUTPUT FILE 
 0 0 0 0 0 0 0 0 0 0 0 0 0 0 0 0 0 0 0 0 0 0 0 0 0 0 0 0 0 0 0 0 0 0 0 0 0
 ***************************************************************
 ************STARTING THE INPUT FOR EACH BLADE ROW**************
  BLADE ROW NUMBER =        1                                           
    NUMBER OF BLADES IN ROW 
       187
        JM        JLE       JTE 
        40         9        34
      KTIPSTART  KTIPEND 
         0         0
       BOUNDARY LAYER TRANSITION POINTS 
         0         0         0         0
  SET NEWGRID= 1 TO GENERATE A NEW GRID WITH DIFFERENT "J" POINTS AND SPACINGS.
         0
   RPMROW,    RPMHUB 
    6930.4    6930.4
       JROTHS    JROTHE    JROTTS    JROTTE 
         1         1         1         1
   PUPROW    PLEROW   PTEROW    PDROW 
   43914.0   43914.0   59065.6   59065.6
      NSECS_ROW   INSURF  
         3         0
  IF_CUSP_OUT   IFANGLES 
         1         0
         0         3         0
 ***************************************************************
  ROW NUMBER           1  SECTION NUMBER            1
           0           0           0  IF_DESIGN etc 
   1.00000   0.00000    0
 -0.011125 -0.007509 -0.005099 -0.003497 -0.002431 -0.001721 -0.001248 -0.000931
 -0.000720 -0.000526 -0.000305 -0.000052  0.000240  0.000577  0.000964  0.001405
  0.001908  0.002482  0.003142  0.003923  0.004857  0.005915  0.006992  0.008057
  0.009124  0.010206  0.011281  0.012305  0.013261  0.014153  0.014983  0.015746
  0.016439  0.017059  0.017699  0.018414  0.019215  0.020110  0.021104  0.022185
  1.000000  0.000000
  0.018830  0.014590  0.011756  0.009860  0.008591  0.007741  0.007172  0.006791
  0.006536  0.006604  0.006464  0.006236  0.005959  0.005641  0.005278  0.004871
  0.004417  0.003915  0.003358  0.002730  0.002023  0.001284  0.000603  0.000000
 -0.000532 -0.000998 -0.001389 -0.001697 -0.001930 -0.002103 -0.002226 -0.002309
 -0.002361 -0.002508 -0.002434 -0.002352 -0.002260 -0.002157 -0.002042 -0.001914
  1.000000
  0.000000  0.000000  0.000000  0.000000  0.000000  0.000000  0.000000  0.000000
  0.000000  0.000639  0.000863  0.001028  0.001184  0.001339  0.001494  0.001645
  0.001792  0.001931  0.002058  0.002169  0.002251  0.002286  0.002264  0.002190
  0.002073  0.001911  0.001715  0.001499  0.001275  0.001049  0.000827  0.000613
  0.000412  0.000000  0.000000  0.000000  0.000000  0.000000  0.000000  0.000000
  1.000000  0.000000
  0.348905  0.349030  0.349252  0.349468  0.349645  0.349779  0.349876  0.349943
  0.349990  0.350076  0.350178  0.350300  0.350445  0.350621  0.350833  0.351086
  0.351390  0.351756  0.352199  0.352751  0.353442  0.354255  0.355099  0.355933
  0.356751  0.357548  0.358290  0.358941  0.359490  0.359946  0.360319  0.360615
  0.360845  0.361018  0.361141  0.361270  0.361402  0.361538  0.361698  0.361969
 ***************************************************************
  ROW NUMBER           1  SECTION NUMBER            2
           0           0           0  IF_DESIGN etc 
   1.00000   0.00000    0
 -0.009670 -0.006609 -0.004559 -0.003187 -0.002268 -0.001653 -0.001241 -0.000965
 -0.000781 -0.000596 -0.000386 -0.000142  0.000141  0.000469  0.000848  0.001284
  0.001786  0.002365  0.003037  0.003840  0.004809  0.005916  0.007047  0.008164
  0.009279  0.010397  0.011494  0.012520  0.013461  0.014322  0.015106  0.015814
  0.016444  0.016998  0.017552  0.018170  0.018859  0.019628  0.020487  0.021444
  1.000000  0.000000
  0.023815  0.018897  0.015605  0.013401  0.011926  0.010938  0.010277  0.009834
  0.009537  0.009576  0.009397  0.009118  0.008774  0.008373  0.007910  0.007382
  0.006781  0.006100  0.005326  0.004424  0.003369  0.002209  0.001074  0.000000
 -0.001023 -0.002002 -0.002916 -0.003731 -0.004444 -0.005068 -0.005612 -0.006083
 -0.006488 -0.006933 -0.007171 -0.007436 -0.007732 -0.008063 -0.008431 -0.008842
  1.000000
  0.000000  0.000000  0.000000  0.000000  0.000000  0.000000  0.000000  0.000000
  0.000000  0.000675  0.000915  0.001094  0.001260  0.001425  0.001590  0.001751
  0.001907  0.002055  0.002190  0.002308  0.002395  0.002432  0.002408  0.002330
  0.002205  0.002034  0.001824  0.001595  0.001357  0.001116  0.000879  0.000652
  0.000438  0.000000  0.000000  0.000000  0.000000  0.000000  0.000000  0.000000
  1.000000  0.000000
  0.421200  0.421200  0.421200  0.421200  0.421200  0.421200  0.421200  0.421200
  0.421200  0.421200  0.421200  0.421200  0.421200  0.421200  0.421200  0.421200
  0.421200  0.421200  0.421200  0.421200  0.421200  0.421200  0.421200  0.421200
  0.421200  0.421200  0.421200  0.421200  0.421200  0.421200  0.421200  0.421200
  0.421200  0.421200  0.421200  0.421200  0.421200  0.421200  0.421200  0.421200
 ***************************************************************
  ROW NUMBER           1  SECTION NUMBER            3
           0           0           0  IF_DESIGN etc 
   1.00000   0.00000    0
 -0.011124 -0.007508 -0.005098 -0.003496 -0.002430 -0.001720 -0.001247 -0.000930
 -0.000719 -0.000525 -0.000304 -0.000051  0.000241  0.000578  0.000965  0.001406
  0.001909  0.002483  0.003143  0.003924  0.004857  0.005916  0.006993  0.008057
  0.009125  0.010206  0.011281  0.012305  0.013261  0.014153  0.014983  0.015746
  0.016439  0.017059  0.017698  0.018414  0.019215  0.020110  0.021104  0.022185
  1.000000  0.000000
  0.036551  0.029303  0.024444  0.021189  0.019009  0.017550  0.016573  0.015919
  0.015481  0.015527  0.015260  0.014845  0.014324  0.013711  0.012999  0.012181
  0.011241  0.010166  0.008929  0.007469  0.005736  0.003797  0.001864  0.000000
 -0.001813 -0.003585 -0.005277 -0.006820 -0.008200 -0.009436 -0.010539 -0.011515
 -0.012370 -0.013225 -0.013814 -0.014471 -0.015204 -0.016022 -0.016934 -0.017949
  1.000000
  0.000000  0.000000  0.000000  0.000000  0.000000  0.000000  0.000000  0.000000
  0.000000  0.000981  0.001336  0.001606  0.001848  0.002091  0.002332  0.002568
  0.002797  0.003013  0.003211  0.003383  0.003511  0.003565  0.003530  0.003418
  0.003232  0.002981  0.002674  0.002337  0.001987  0.001634  0.001287  0.000953
  0.000640  0.000000  0.000000  0.000000  0.000000  0.000000  0.000000  0.000000
  1.000000  0.000000
  0.493495  0.493370  0.493148  0.492932  0.492755  0.492621  0.492524  0.492457
  0.492410  0.492324  0.492222  0.492100  0.491955  0.491779  0.491567  0.491314
  0.491010  0.490644  0.490201  0.489649  0.488958  0.488145  0.487301  0.486467
  0.485649  0.484852  0.484110  0.483459  0.482910  0.482454  0.482081  0.481785
  0.481555  0.481382  0.481259  0.481130  0.480998  0.480862  0.480702  0.480431
 ***************************************************************
 ************STARTING THE INPUT FOR EACH BLADE ROW**************
  BLADE ROW NUMBER =        2                                           
    NUMBER OF BLADES IN ROW 
       171
        JM        JLE       JTE 
        40         9        34
      KTIPSTART  KTIPEND 
         0         0
       BOUNDARY LAYER TRANSITION POINTS 
         0         0         0         0
  SET NEWGRID= 1 TO GENERATE A NEW GRID WITH DIFFERENT "J" POINTS AND SPACINGS.
         0
   RPMROW,    RPMHUB 
       0.0       0.0
       JROTHS    JROTHE    JROTTS    JROTTE 
         1         1         1         1
   PUPROW    PLEROW   PTEROW    PDROW 
   59065.6   59065.6   77297.7   77297.7
      NSECS_ROW   INSURF  
         3         0
  IF_CUSP_OUT   IFANGLES 
         1         0
         0         3         0
 ***************************************************************
  ROW NUMBER           2  SECTION NUMBER            1
           0           0           0  IF_DESIGN etc 
   1.00000   0.00000    0
  0.015763  0.017059  0.018097  0.018896  0.019511  0.019984  0.020347  0.020626
  0.020840  0.021050  0.021289  0.021563  0.021880  0.022247  0.022667  0.023148
  0.023696  0.024324  0.025045  0.025900  0.026919  0.028073  0.029241  0.030388
  0.031528  0.032672  0.033794  0.034849  0.035822  0.036718  0.037542  0.038290
  0.038963  0.039558  0.040155  0.040830  0.041593  0.042461  0.043457  0.044581
  1.000000  0.000000
 -0.025763 -0.023214 -0.021249 -0.019738 -0.018578 -0.017686 -0.017002 -0.016476
 -0.016073 -0.015350 -0.014841 -0.014265 -0.013611 -0.012871 -0.012040 -0.011115
 -0.010089 -0.008954 -0.007699 -0.006279 -0.004677 -0.002988 -0.001413  0.000000
  0.001272  0.002412  0.003400  0.004211  0.004857  0.005369  0.005770  0.006077
  0.006308  0.006290  0.006611  0.006969  0.007368  0.007811  0.008304  0.008853
  1.000000
  0.000000  0.000000  0.000000  0.000000  0.000000  0.000000  0.000000  0.000000
  0.000000  0.000622  0.000817  0.000954  0.001100  0.001263  0.001443  0.001638
  0.001847  0.002068  0.002296  0.002529  0.002755  0.002937  0.003039  0.003057
  0.002993  0.002847  0.002623  0.002343  0.002024  0.001681  0.001327  0.000972
  0.000628  0.000000  0.000000  0.000000  0.000000  0.000000  0.000000  0.000000
  1.000000  0.000000
  0.360590  0.361018  0.361215  0.361351  0.361448  0.361519  0.361572  0.361612
  0.361642  0.361689  0.361745  0.361815  0.361901  0.362007  0.362139  0.362301
  0.362501  0.362747  0.363052  0.363440  0.363937  0.364537  0.365177  0.365827
  0.366487  0.367153  0.367803  0.368405  0.368944  0.369424  0.369846  0.370212
  0.370525  0.370787  0.371059  0.371333  0.371593  0.371813  0.371919  0.371973
 ***************************************************************
  ROW NUMBER           2  SECTION NUMBER            2
           0           0           0  IF_DESIGN etc 
   1.00000   0.00000    0
  0.016199  0.017435  0.018384  0.019113  0.019672  0.020101  0.020431  0.020684
  0.020878  0.021073  0.021295  0.021551  0.021848  0.022194  0.022593  0.023052
  0.023581  0.024190  0.024898  0.025743  0.026763  0.027929  0.029120  0.030296
  0.031469  0.032647  0.033801  0.034882  0.035872  0.036779  0.037605  0.038350
  0.039013  0.039596  0.040179  0.040830  0.041555  0.042365  0.043269  0.044277
  1.000000  0.000000
 -0.020084 -0.018098 -0.016574 -0.015404 -0.014506 -0.013816 -0.013287 -0.012880
 -0.012568 -0.011992 -0.011594 -0.011144 -0.010633 -0.010054 -0.009403 -0.008680
 -0.007877 -0.006989 -0.006006 -0.004895 -0.003643 -0.002325 -0.001098  0.000000
  0.000985  0.001867  0.002626  0.003246  0.003738  0.004126  0.004426  0.004655
  0.004825  0.004804  0.005054  0.005333  0.005645  0.005992  0.006381  0.006813
  1.000000
  0.000000  0.000000  0.000000  0.000000  0.000000  0.000000  0.000000  0.000000
  0.000000  0.000519  0.000682  0.000796  0.000918  0.001055  0.001205  0.001368
  0.001542  0.001727  0.001917  0.002112  0.002300  0.002452  0.002537  0.002552
  0.002499  0.002378  0.002191  0.001956  0.001690  0.001404  0.001108  0.000812
  0.000525  0.000000  0.000000  0.000000  0.000000  0.000000  0.000000  0.000000
  1.000000  0.000000
  0.421200  0.421200  0.421200  0.421200  0.421200  0.421200  0.421200  0.421200
  0.421200  0.421200  0.421200  0.421200  0.421200  0.421200  0.421200  0.421200
  0.421200  0.421200  0.421200  0.421200  0.421200  0.421200  0.421200  0.421200
  0.421200  0.421200  0.421200  0.421200  0.421200  0.421200  0.421200  0.421200
  0.421200  0.421200  0.421200  0.421200  0.421200  0.421200  0.421200  0.421200
 ***************************************************************
  ROW NUMBER           2  SECTION NUMBER            3
           0           0           0  IF_DESIGN etc 
   1.00000   0.00000    0
  0.015763  0.017059  0.018097  0.018896  0.019511  0.019984  0.020347  0.020626
  0.020840  0.021050  0.021288  0.021563  0.021880  0.022246  0.022667  0.023147
  0.023696  0.024323  0.025045  0.025899  0.026919  0.028073  0.029241  0.030388
  0.031528  0.032671  0.033794  0.034849  0.035822  0.036718  0.037541  0.038290
  0.038962  0.039558  0.040155  0.040830  0.041593  0.042460  0.043457  0.044581
  1.000000  0.000000
 -0.019768 -0.017818 -0.016325 -0.015181 -0.014303 -0.013628 -0.013111 -0.012714
 -0.012409 -0.011828 -0.011435 -0.010991 -0.010486 -0.009914 -0.009271 -0.008556
 -0.007763 -0.006886 -0.005915 -0.004818 -0.003582 -0.002283 -0.001077  0.000000
  0.000964  0.001821  0.002558  0.003157  0.003629  0.003998  0.004282  0.004496
  0.004653  0.004611  0.004857  0.005131  0.005438  0.005781  0.006166  0.006596
  1.000000
  0.000000  0.000000  0.000000  0.000000  0.000000  0.000000  0.000000  0.000000
  0.000000  0.000547  0.000719  0.000839  0.000967  0.001111  0.001269  0.001441
  0.001625  0.001818  0.002019  0.002225  0.002423  0.002583  0.002673  0.002689
  0.002633  0.002504  0.002307  0.002060  0.001780  0.001479  0.001167  0.000855
  0.000553  0.000000  0.000000  0.000000  0.000000  0.000000  0.000000  0.000000
  1.000000  0.000000
  0.481810  0.481382  0.481185  0.481049  0.480952  0.480881  0.480828  0.480788
  0.480758  0.480711  0.480655  0.480585  0.480499  0.480393  0.480261  0.480099
  0.479899  0.479653  0.479348  0.478960  0.478463  0.477863  0.477224  0.476573
  0.475914  0.475247  0.474596  0.473995  0.473456  0.472976  0.472554  0.472188
  0.471875  0.471613  0.471341  0.471067  0.470807  0.470587  0.470481  0.470427
 ***************************************************************
 ************STARTING THE INPUT FOR EACH BLADE ROW**************
  BLADE ROW NUMBER =        3                                           
    NUMBER OF BLADES IN ROW 
       172
        JM        JLE       JTE 
        40         9        34
      KTIPSTART  KTIPEND 
         0         0
       BOUNDARY LAYER TRANSITION POINTS 
         0         0         0         0
  SET NEWGRID= 1 TO GENERATE A NEW GRID WITH DIFFERENT "J" POINTS AND SPACINGS.
         0
   RPMROW,    RPMHUB 
    6930.4    6930.4
       JROTHS    JROTHE    JROTTS    JROTTE 
         1         1         1         1
   PUPROW    PLEROW   PTEROW    PDROW 
   77297.7   77297.7   99207.2   99207.2
      NSECS_ROW   INSURF  
         3         0
  IF_CUSP_OUT   IFANGLES 
         1         0
         0         3         0
 ***************************************************************
  ROW NUMBER           3  SECTION NUMBER            1
           0           0           0  IF_DESIGN etc 
   1.00000   0.00000    0
  0.042816  0.044126  0.045139  0.045910  0.046502  0.046955  0.047303  0.047570
  0.047775  0.047977  0.048207  0.048471  0.048778  0.049132  0.049540  0.050007
  0.050542  0.051156  0.051865  0.052708  0.053719  0.054869  0.056039  0.057193
  0.058344  0.059502  0.060642  0.061715  0.062705  0.063618  0.064455  0.065217
  0.065901  0.066506  0.067121  0.067808  0.068575  0.069431  0.070388  0.071450
  1.000000  0.000000
  0.014232  0.012501  0.011172  0.010152  0.009369  0.008767  0.008306  0.007952
  0.007680  0.007732  0.007574  0.007323  0.007019  0.006666  0.006263  0.005808
  0.005296  0.004725  0.004085  0.003353  0.002517  0.001622  0.000774  0.000000
 -0.000710 -0.001360 -0.001938 -0.002427 -0.002831 -0.003163 -0.003435 -0.003656
 -0.003832 -0.004081 -0.004117 -0.004157 -0.004202 -0.004252 -0.004307 -0.004369
  1.000000
  0.000000  0.000000  0.000000  0.000000  0.000000  0.000000  0.000000  0.000000
  0.000000  0.000647  0.000874  0.001043  0.001201  0.001359  0.001515  0.001669
  0.001818  0.001959  0.002088  0.002200  0.002284  0.002318  0.002296  0.002222
  0.002102  0.001938  0.001740  0.001521  0.001293  0.001065  0.000839  0.000622
  0.000418  0.000000  0.000000  0.000000  0.000000  0.000000  0.000000  0.000000
  1.000000  0.000000
  0.371860  0.371956  0.371994  0.372068  0.372130  0.372181  0.372223  0.372257
  0.372283  0.372322  0.372370  0.372428  0.372500  0.372588  0.372698  0.372832
  0.372997  0.373200  0.373451  0.373769  0.374174  0.374659  0.375170  0.375682
  0.376192  0.376696  0.377172  0.377596  0.377959  0.378265  0.378518  0.378721
  0.378880  0.379000  0.379077  0.379157  0.379241  0.379328  0.379420  0.379547
 ***************************************************************
  ROW NUMBER           3  SECTION NUMBER            2
           0           0           0  IF_DESIGN etc 
   1.00000   0.00000    0
  0.043085  0.044322  0.045272  0.046001  0.046561  0.046991  0.047320  0.047574
  0.047768  0.047963  0.048185  0.048441  0.048739  0.049085  0.049484  0.049944
  0.050473  0.051082  0.051790  0.052637  0.053657  0.054824  0.056015  0.057192
  0.058366  0.059545  0.060700  0.061782  0.062773  0.063680  0.064506  0.065252
  0.065916  0.066499  0.067082  0.067733  0.068460  0.069270  0.070174  0.071184
  1.000000  0.000000
  0.017569  0.015582  0.014057  0.012886  0.011987  0.011297  0.010767  0.010360
  0.010048  0.010089  0.009900  0.009606  0.009244  0.008821  0.008333  0.007777
  0.007144  0.006427  0.005612  0.004661  0.003549  0.002327  0.001131  0.000000
 -0.001078 -0.002110 -0.003072 -0.003931 -0.004682 -0.005339 -0.005912 -0.006409
 -0.006836 -0.007305 -0.007555 -0.007835 -0.008146 -0.008494 -0.008883 -0.009316
  1.000000
  0.000000  0.000000  0.000000  0.000000  0.000000  0.000000  0.000000  0.000000
  0.000000  0.000711  0.000964  0.001153  0.001327  0.001502  0.001675  0.001845
  0.002009  0.002165  0.002307  0.002431  0.002523  0.002562  0.002537  0.002455
  0.002323  0.002142  0.001922  0.001680  0.001429  0.001176  0.000926  0.000687
  0.000462  0.000000  0.000000  0.000000  0.000000  0.000000  0.000000  0.000000
  1.000000  0.000000
  0.421200  0.421200  0.421200  0.421200  0.421200  0.421200  0.421200  0.421200
  0.421200  0.421200  0.421200  0.421200  0.421200  0.421200  0.421200  0.421200
  0.421200  0.421200  0.421200  0.421200  0.421200  0.421200  0.421200  0.421200
  0.421200  0.421200  0.421200  0.421200  0.421200  0.421200  0.421200  0.421200
  0.421200  0.421200  0.421200  0.421200  0.421200  0.421200  0.421200  0.421200
 ***************************************************************
  ROW NUMBER           3  SECTION NUMBER            3
           0           0           0  IF_DESIGN etc 
   1.00000   0.00000    0
  0.042818  0.044128  0.045141  0.045912  0.046503  0.046957  0.047305  0.047572
  0.047777  0.047979  0.048208  0.048473  0.048779  0.049134  0.049542  0.050009
  0.050544  0.051158  0.051867  0.052710  0.053721  0.054871  0.056041  0.057195
  0.058346  0.059504  0.060644  0.061717  0.062707  0.063619  0.064457  0.065219
  0.065903  0.066508  0.067123  0.067809  0.068576  0.069433  0.070389  0.071452
  1.000000  0.000000
  0.022851  0.020374  0.018474  0.017013  0.015892  0.015032  0.014371  0.013864
  0.013474  0.013518  0.013282  0.012914  0.012454  0.011915  0.011288  0.010569
  0.009745  0.008804  0.007724  0.006452  0.004947  0.003269  0.001602  0.000000
 -0.001552 -0.003063 -0.004499 -0.005804 -0.006966 -0.008003 -0.008923 -0.009735
 -0.010444 -0.011175 -0.011651 -0.012182 -0.012774 -0.013435 -0.014173 -0.014995
  1.000000
  0.000000  0.000000  0.000000  0.000000  0.000000  0.000000  0.000000  0.000000
  0.000000  0.000876  0.001193  0.001432  0.001648  0.001864  0.002079  0.002290
  0.002494  0.002688  0.002864  0.003018  0.003132  0.003180  0.003149  0.003048
  0.002883  0.002658  0.002385  0.002085  0.001773  0.001458  0.001149  0.000851
  0.000571  0.000000  0.000000  0.000000  0.000000  0.000000  0.000000  0.000000
  1.000000  0.000000
  0.470540  0.470444  0.470406  0.470332  0.470270  0.470218  0.470177  0.470143
  0.470117  0.470077  0.470030  0.469972  0.469900  0.469811  0.469702  0.469567
  0.469402  0.469199  0.468949  0.468631  0.468226  0.467741  0.467229  0.466717
  0.466207  0.465704  0.465227  0.464804  0.464440  0.464134  0.463882  0.463679
  0.463520  0.463400  0.463323  0.463243  0.463158  0.463071  0.462980  0.462853
 ***************************************************************
 ************STARTING THE INPUT FOR EACH BLADE ROW**************
  BLADE ROW NUMBER =        4                                           
    NUMBER OF BLADES IN ROW 
       172
        JM        JLE       JTE 
        40         9        34
      KTIPSTART  KTIPEND 
         0         0
       BOUNDARY LAYER TRANSITION POINTS 
         0         0         0         0
  SET NEWGRID= 1 TO GENERATE A NEW GRID WITH DIFFERENT "J" POINTS AND SPACINGS.
         0
   RPMROW,    RPMHUB 
       0.0       0.0
       JROTHS    JROTHE    JROTTS    JROTTE 
         1         1         1         1
   PUPROW    PLEROW   PTEROW    PDROW 
   99207.2   99207.2  124834.0  124834.0
      NSECS_ROW   INSURF  
         3         0
  IF_CUSP_OUT   IFANGLES 
         1         0
         0         3         0
 ***************************************************************
  ROW NUMBER           4  SECTION NUMBER            1
           0           0           0  IF_DESIGN etc 
   1.00000   0.00000    0
  0.066143  0.067408  0.068384  0.069134  0.069711  0.070153  0.070493  0.070754
  0.070954  0.071152  0.071379  0.071640  0.071942  0.072293  0.072697  0.073161
  0.073693  0.074305  0.075013  0.075856  0.076870  0.078024  0.079199  0.080357
  0.081511  0.082669  0.083804  0.084868  0.085845  0.086741  0.087560  0.088300
  0.088962  0.089544  0.090127  0.090780  0.091512  0.092334  0.093261  0.094303
  1.000000  0.000000
 -0.022932 -0.020659 -0.018912 -0.017571 -0.016540 -0.015749 -0.015142 -0.014675
 -0.014317 -0.013670 -0.013217 -0.012704 -0.012122 -0.011463 -0.010722 -0.009898
 -0.008984 -0.007973 -0.006854 -0.005589 -0.004162 -0.002658 -0.001256  0.000000
  0.001130  0.002142  0.003017  0.003735  0.004306  0.004758  0.005111  0.005381
  0.005583  0.005560  0.005846  0.006165  0.006520  0.006917  0.007358  0.007850
  1.000000
  0.000000  0.000000  0.000000  0.000000  0.000000  0.000000  0.000000  0.000000
  0.000000  0.000564  0.000742  0.000866  0.000999  0.001147  0.001310  0.001488
  0.001678  0.001878  0.002085  0.002297  0.002502  0.002667  0.002760  0.002776
  0.002718  0.002585  0.002382  0.002128  0.001838  0.001527  0.001205  0.000883
  0.000570  0.000000  0.000000  0.000000  0.000000  0.000000  0.000000  0.000000
  1.000000  0.000000
  0.378930  0.379111  0.379221  0.379299  0.379356  0.379398  0.379430  0.379454
  0.379473  0.379501  0.379535  0.379577  0.379628  0.379691  0.379768  0.379863
  0.379979  0.380123  0.380301  0.380528  0.380819  0.381173  0.381553  0.381941
  0.382336  0.382737  0.383129  0.383492  0.383818  0.384109  0.384365  0.384587
  0.384778  0.384938  0.385107  0.385279  0.385448  0.385603  0.385703  0.385754
 ***************************************************************
  ROW NUMBER           4  SECTION NUMBER            2
           0           0           0  IF_DESIGN etc 
   1.00000   0.00000    0
  0.066321  0.067549  0.068492  0.069215  0.069771  0.070197  0.070525  0.070776
  0.070969  0.071162  0.071382  0.071637  0.071932  0.072275  0.072672  0.073128
  0.073653  0.074258  0.074961  0.075801  0.076814  0.077971  0.079154  0.080322
  0.081487  0.082657  0.083804  0.084877  0.085860  0.086761  0.087581  0.088321
  0.088980  0.089559  0.090138  0.090784  0.091505  0.092309  0.093206  0.094208
  1.000000  0.000000
 -0.019947 -0.017975 -0.016461 -0.015299 -0.014407 -0.013722 -0.013196 -0.012792
 -0.012482 -0.011910 -0.011515 -0.011068 -0.010560 -0.009985 -0.009339 -0.008620
 -0.007823 -0.006941 -0.005965 -0.004861 -0.003618 -0.002309 -0.001091  0.000000
  0.000979  0.001854  0.002608  0.003224  0.003712  0.004097  0.004396  0.004623
  0.004792  0.004771  0.005019  0.005297  0.005606  0.005951  0.006337  0.006767
  1.000000
  0.000000  0.000000  0.000000  0.000000  0.000000  0.000000  0.000000  0.000000
  0.000000  0.000515  0.000677  0.000791  0.000912  0.001047  0.001197  0.001358
  0.001532  0.001715  0.001904  0.002098  0.002284  0.002435  0.002520  0.002535
  0.002482  0.002361  0.002176  0.001943  0.001678  0.001395  0.001100  0.000806
  0.000521  0.000000  0.000000  0.000000  0.000000  0.000000  0.000000  0.000000
  1.000000  0.000000
  0.421200  0.421200  0.421200  0.421200  0.421200  0.421200  0.421200  0.421200
  0.421200  0.421200  0.421200  0.421200  0.421200  0.421200  0.421200  0.421200
  0.421200  0.421200  0.421200  0.421200  0.421200  0.421200  0.421200  0.421200
  0.421200  0.421200  0.421200  0.421200  0.421200  0.421200  0.421200  0.421200
  0.421200  0.421200  0.421200  0.421200  0.421200  0.421200  0.421200  0.421200
 ***************************************************************
  ROW NUMBER           4  SECTION NUMBER            3
           0           0           0  IF_DESIGN etc 
   1.00000   0.00000    0
  0.066143  0.067408  0.068384  0.069134  0.069711  0.070153  0.070493  0.070754
  0.070954  0.071152  0.071379  0.071640  0.071942  0.072293  0.072697  0.073161
  0.073693  0.074305  0.075013  0.075856  0.076870  0.078024  0.079199  0.080357
  0.081511  0.082669  0.083804  0.084868  0.085845  0.086741  0.087560  0.088300
  0.088961  0.089544  0.090127  0.090780  0.091512  0.092334  0.093261  0.094303
  1.000000  0.000000
 -0.019028 -0.017152 -0.015714 -0.014610 -0.013762 -0.013112 -0.012613 -0.012229
 -0.011935 -0.011380 -0.011002 -0.010574 -0.010089 -0.009539 -0.008920 -0.008233
 -0.007470 -0.006626 -0.005693 -0.004638 -0.003449 -0.002200 -0.001038  0.000000
  0.000930  0.001759  0.002471  0.003051  0.003509  0.003868  0.004145  0.004354
  0.004508  0.004473  0.004710  0.004974  0.005269  0.005599  0.005968  0.006380
  1.000000
  0.000000  0.000000  0.000000  0.000000  0.000000  0.000000  0.000000  0.000000
  0.000000  0.000516  0.000678  0.000792  0.000913  0.001049  0.001198  0.001360
  0.001533  0.001716  0.001906  0.002100  0.002287  0.002437  0.002522  0.002537
  0.002485  0.002364  0.002178  0.001945  0.001681  0.001396  0.001101  0.000807
  0.000522  0.000000  0.000000  0.000000  0.000000  0.000000  0.000000  0.000000
  1.000000  0.000000
  0.463470  0.463289  0.463179  0.463101  0.463044  0.463002  0.462970  0.462946
  0.462927  0.462899  0.462865  0.462823  0.462772  0.462709  0.462632  0.462537
  0.462421  0.462277  0.462099  0.461873  0.461581  0.461226  0.460847  0.460459
  0.460064  0.459663  0.459271  0.458908  0.458582  0.458291  0.458035  0.457813
  0.457623  0.457462  0.457293  0.457121  0.456952  0.456797  0.456697  0.456646
 ***************************************************************
 ************STARTING THE INPUT FOR EACH BLADE ROW**************
  BLADE ROW NUMBER =        5                                           
    NUMBER OF BLADES IN ROW 
       173
        JM        JLE       JTE 
        40         9        34
      KTIPSTART  KTIPEND 
         0         0
       BOUNDARY LAYER TRANSITION POINTS 
         0         0         0         0
  SET NEWGRID= 1 TO GENERATE A NEW GRID WITH DIFFERENT "J" POINTS AND SPACINGS.
         0
   RPMROW,    RPMHUB 
    6930.4    6930.4
       JROTHS    JROTHE    JROTTS    JROTTE 
         1         1         1         1
   PUPROW    PLEROW   PTEROW    PDROW 
  124834.0  124834.0  154848.4  154848.4
      NSECS_ROW   INSURF  
         3         0
  IF_CUSP_OUT   IFANGLES 
         1         0
         0         3         0
 ***************************************************************
  ROW NUMBER           5  SECTION NUMBER            1
           0           0           0  IF_DESIGN etc 
   1.00000   0.00000    0
  0.093961  0.095220  0.096187  0.096927  0.097495  0.097931  0.098265  0.098522
  0.098719  0.098915  0.099138  0.099396  0.099695  0.100041  0.100441  0.100900
  0.101427  0.102034  0.102737  0.103576  0.104586  0.105738  0.106913  0.108073
  0.109231  0.110394  0.111535  0.112606  0.113590  0.114493  0.115318  0.116064
  0.116732  0.117319  0.117910  0.118570  0.119307  0.120130  0.121048  0.122072
  1.000000  0.000000
  0.014830  0.013069  0.011716  0.010679  0.009882  0.009270  0.008801  0.008440
  0.008163  0.008209  0.008045  0.007788  0.007474  0.007110  0.006692  0.006219
  0.005685  0.005086  0.004413  0.003637  0.002743  0.001779  0.000854  0.000000
 -0.000795 -0.001535 -0.002205 -0.002785 -0.003274 -0.003688 -0.004036 -0.004327
 -0.004568 -0.004876 -0.004971 -0.005076 -0.005194 -0.005326 -0.005472 -0.005636
  1.000000
  0.000000  0.000000  0.000000  0.000000  0.000000  0.000000  0.000000  0.000000
  0.000000  0.000645  0.000873  0.001041  0.001199  0.001357  0.001513  0.001667
  0.001815  0.001956  0.002085  0.002197  0.002281  0.002316  0.002293  0.002219
  0.002100  0.001937  0.001737  0.001519  0.001292  0.001063  0.000838  0.000621
  0.000418  0.000000  0.000000  0.000000  0.000000  0.000000  0.000000  0.000000
  1.000000  0.000000
  0.385742  0.385778  0.385818  0.385864  0.385904  0.385936  0.385961  0.385982
  0.385998  0.386023  0.386053  0.386089  0.386134  0.386189  0.386256  0.386339
  0.386441  0.386566  0.386720  0.386915  0.387165  0.387464  0.387779  0.388096
  0.388410  0.388720  0.389012  0.389271  0.389493  0.389679  0.389832  0.389955
  0.390052  0.390125  0.390172  0.390222  0.390275  0.390330  0.390388  0.390458
 ***************************************************************
  ROW NUMBER           5  SECTION NUMBER            2
           0           0           0  IF_DESIGN etc 
   1.00000   0.00000    0
  0.094067  0.095295  0.096238  0.096962  0.097518  0.097945  0.098272  0.098524
  0.098717  0.098910  0.099130  0.099385  0.099681  0.100024  0.100421  0.100877
  0.101402  0.102008  0.102711  0.103551  0.104565  0.105723  0.106906  0.108075
  0.109241  0.110411  0.111558  0.112632  0.113616  0.114517  0.115338  0.116078
  0.116737  0.117317  0.117896  0.118542  0.119263  0.120068  0.120966  0.121968
  1.000000  0.000000
  0.017446  0.015473  0.013959  0.012796  0.011903  0.011218  0.010692  0.010288
  0.009978  0.010018  0.009831  0.009539  0.009179  0.008760  0.008275  0.007722
  0.007094  0.006382  0.005572  0.004628  0.003525  0.002311  0.001123  0.000000
 -0.001070 -0.002095 -0.003051 -0.003904 -0.004649 -0.005302 -0.005871 -0.006364
 -0.006788 -0.007254 -0.007502 -0.007780 -0.008089 -0.008435 -0.008821 -0.009251
  1.000000
  0.000000  0.000000  0.000000  0.000000  0.000000  0.000000  0.000000  0.000000
  0.000000  0.000706  0.000957  0.001145  0.001318  0.001491  0.001663  0.001832
  0.001995  0.002150  0.002291  0.002414  0.002506  0.002544  0.002519  0.002438
  0.002307  0.002127  0.001909  0.001668  0.001419  0.001168  0.000920  0.000682
  0.000458  0.000000  0.000000  0.000000  0.000000  0.000000  0.000000  0.000000
  1.000000  0.000000
  0.421200  0.421200  0.421200  0.421200  0.421200  0.421200  0.421200  0.421200
  0.421200  0.421200  0.421200  0.421200  0.421200  0.421200  0.421200  0.421200
  0.421200  0.421200  0.421200  0.421200  0.421200  0.421200  0.421200  0.421200
  0.421200  0.421200  0.421200  0.421200  0.421200  0.421200  0.421200  0.421200
  0.421200  0.421200  0.421200  0.421200  0.421200  0.421200  0.421200  0.421200
 ***************************************************************
  ROW NUMBER           5  SECTION NUMBER            3
           0           0           0  IF_DESIGN etc 
   1.00000   0.00000    0
  0.093962  0.095222  0.096188  0.096929  0.097497  0.097933  0.098267  0.098524
  0.098721  0.098917  0.099140  0.099398  0.099696  0.100043  0.100443  0.100902
  0.101429  0.102036  0.102739  0.103578  0.104588  0.105740  0.106915  0.108075
  0.109233  0.110395  0.111537  0.112608  0.113592  0.114495  0.115320  0.116066
  0.116733  0.117321  0.117912  0.118572  0.119309  0.120132  0.121050  0.122074
  1.000000  0.000000
  0.020785  0.018512  0.016766  0.015426  0.014397  0.013607  0.013000  0.012535
  0.012177  0.012219  0.012003  0.011665  0.011245  0.010752  0.010181  0.009526
  0.008777  0.007923  0.006944  0.005794  0.004437  0.002928  0.001432  0.000000
 -0.001384 -0.002727 -0.003999 -0.005151 -0.006174 -0.007083 -0.007888 -0.008596
 -0.009212 -0.009851 -0.010255 -0.010707 -0.011210 -0.011772 -0.012399 -0.013099
  1.000000
  0.000000  0.000000  0.000000  0.000000  0.000000  0.000000  0.000000  0.000000
  0.000000  0.000807  0.001097  0.001316  0.001515  0.001714  0.001911  0.002105
  0.002293  0.002471  0.002633  0.002775  0.002880  0.002924  0.002895  0.002802
  0.002650  0.002444  0.002193  0.001917  0.001630  0.001341  0.001056  0.000783
  0.000526  0.000000  0.000000  0.000000  0.000000  0.000000  0.000000  0.000000
  1.000000  0.000000
  0.456658  0.456621  0.456582  0.456535  0.456496  0.456464  0.456439  0.456418
  0.456402  0.456377  0.456347  0.456311  0.456266  0.456211  0.456143  0.456060
  0.455959  0.455834  0.455680  0.455484  0.455235  0.454936  0.454620  0.454304
  0.453989  0.453680  0.453387  0.453128  0.452907  0.452721  0.452568  0.452445
  0.452348  0.452275  0.452228  0.452178  0.452125  0.452070  0.452012  0.451942
 ***************************************************************
 ************STARTING THE INPUT FOR EACH BLADE ROW**************
  BLADE ROW NUMBER =        6                                           
    NUMBER OF BLADES IN ROW 
       174
        JM        JLE       JTE 
        40         9        34
      KTIPSTART  KTIPEND 
         0         0
       BOUNDARY LAYER TRANSITION POINTS 
         0         0         0         0
  SET NEWGRID= 1 TO GENERATE A NEW GRID WITH DIFFERENT "J" POINTS AND SPACINGS.
         0
   RPMROW,    RPMHUB 
       0.0       0.0
       JROTHS    JROTHE    JROTTS    JROTTE 
         1         1         1         1
   PUPROW    PLEROW   PTEROW    PDROW 
  154848.4  154848.4  189231.4  189231.4
      NSECS_ROW   INSURF  
         3         0
  IF_CUSP_OUT   IFANGLES 
         1         0
         0         3         0
 ***************************************************************
  ROW NUMBER           6  SECTION NUMBER            1
           0           0           0  IF_DESIGN etc 
   1.00000   0.00000    0
  0.117164  0.118406  0.119360  0.120093  0.120655  0.121087  0.121419  0.121674
  0.121869  0.122064  0.122286  0.122543  0.122840  0.123186  0.123584  0.124042
  0.124569  0.125175  0.125878  0.126718  0.127728  0.128882  0.130058  0.131219
  0.132376  0.133538  0.134676  0.135742  0.136719  0.137615  0.138431  0.139168
  0.139825  0.140403  0.140980  0.141626  0.142348  0.143156  0.144062  0.145078
  1.000000  0.000000
 -0.021747 -0.019592 -0.017938 -0.016667 -0.015691 -0.014942 -0.014366 -0.013925
 -0.013586 -0.012970 -0.012539 -0.012053 -0.011501 -0.010875 -0.010172 -0.009391
 -0.008523 -0.007563 -0.006501 -0.005301 -0.003946 -0.002520 -0.001191  0.000000
  0.001070  0.002028  0.002857  0.003535  0.004074  0.004500  0.004833  0.005087
  0.005277  0.005266  0.005537  0.005840  0.006177  0.006554  0.006973  0.007440
  1.000000
  0.000000  0.000000  0.000000  0.000000  0.000000  0.000000  0.000000  0.000000
  0.000000  0.000542  0.000712  0.000832  0.000959  0.001102  0.001259  0.001429
  0.001611  0.001803  0.002002  0.002206  0.002402  0.002561  0.002650  0.002666
  0.002610  0.002483  0.002288  0.002043  0.001765  0.001466  0.001157  0.000848
  0.000548  0.000000  0.000000  0.000000  0.000000  0.000000  0.000000  0.000000
  1.000000  0.000000
  0.390107  0.390210  0.390278  0.390327  0.390363  0.390390  0.390411  0.390427
  0.390439  0.390457  0.390479  0.390505  0.390537  0.390577  0.390625  0.390685
  0.390758  0.390849  0.390961  0.391104  0.391289  0.391514  0.391756  0.392005
  0.392259  0.392518  0.392773  0.393010  0.393224  0.393416  0.393586  0.393734
  0.393862  0.393971  0.394089  0.394210  0.394328  0.394437  0.394511  0.394549
 ***************************************************************
  ROW NUMBER           6  SECTION NUMBER            2
           0           0           0  IF_DESIGN etc 
   1.00000   0.00000    0
  0.117243  0.118467  0.119407  0.120128  0.120682  0.121107  0.121434  0.121684
  0.121877  0.122069  0.122289  0.122543  0.122837  0.123179  0.123575  0.124029
  0.124553  0.125156  0.125856  0.126694  0.127704  0.128858  0.130037  0.131202
  0.132363  0.133530  0.134673  0.135743  0.136723  0.137621  0.138439  0.139176
  0.139833  0.140411  0.140988  0.141632  0.142350  0.143152  0.144047  0.145046
  1.000000  0.000000
 -0.019886 -0.017921 -0.016411 -0.015253 -0.014363 -0.013680 -0.013156 -0.012754
 -0.012445 -0.011874 -0.011480 -0.011034 -0.010528 -0.009955 -0.009311 -0.008595
 -0.007799 -0.006920 -0.005947 -0.004847 -0.003607 -0.002302 -0.001087  0.000000
  0.000976  0.001848  0.002600  0.003214  0.003701  0.004085  0.004383  0.004609
  0.004778  0.004756  0.005004  0.005281  0.005589  0.005934  0.006318  0.006747
  1.000000
  0.000000  0.000000  0.000000  0.000000  0.000000  0.000000  0.000000  0.000000
  0.000000  0.000514  0.000675  0.000788  0.000909  0.001044  0.001193  0.001354
  0.001527  0.001710  0.001898  0.002092  0.002277  0.002428  0.002512  0.002527
  0.002475  0.002354  0.002169  0.001937  0.001673  0.001390  0.001097  0.000804
  0.000519  0.000000  0.000000  0.000000  0.000000  0.000000  0.000000  0.000000
  1.000000  0.000000
  0.421200  0.421200  0.421200  0.421200  0.421200  0.421200  0.421200  0.421200
  0.421200  0.421200  0.421200  0.421200  0.421200  0.421200  0.421200  0.421200
  0.421200  0.421200  0.421200  0.421200  0.421200  0.421200  0.421200  0.421200
  0.421200  0.421200  0.421200  0.421200  0.421200  0.421200  0.421200  0.421200
  0.421200  0.421200  0.421200  0.421200  0.421200  0.421200  0.421200  0.421200
 ***************************************************************
  ROW NUMBER           6  SECTION NUMBER            3
           0           0           0  IF_DESIGN etc 
   1.00000   0.00000    0
  0.117164  0.118406  0.119360  0.120093  0.120655  0.121087  0.121419  0.121673
  0.121869  0.122064  0.122286  0.122543  0.122840  0.123185  0.123584  0.124042
  0.124569  0.125175  0.125878  0.126718  0.127728  0.128881  0.130058  0.131219
  0.132376  0.133537  0.134676  0.135742  0.136719  0.137614  0.138431  0.139168
  0.139825  0.140403  0.140980  0.141626  0.142348  0.143156  0.144062  0.145078
  1.000000  0.000000
 -0.018943 -0.017075 -0.015641 -0.014541 -0.013696 -0.013048 -0.012550 -0.012168
 -0.011874 -0.011324 -0.010948 -0.010523 -0.010039 -0.009492 -0.008877 -0.008193
 -0.007434 -0.006595 -0.005667 -0.004617 -0.003434 -0.002191 -0.001034  0.000000
  0.000927  0.001753  0.002465  0.003044  0.003502  0.003861  0.004139  0.004349
  0.004504  0.004473  0.004709  0.004972  0.005266  0.005594  0.005960  0.006370
  1.000000
  0.000000  0.000000  0.000000  0.000000  0.000000  0.000000  0.000000  0.000000
  0.000000  0.000507  0.000667  0.000778  0.000898  0.001031  0.001178  0.001337
  0.001508  0.001688  0.001874  0.002065  0.002249  0.002397  0.002480  0.002495
  0.002444  0.002324  0.002142  0.001912  0.001652  0.001373  0.001083  0.000794
  0.000513  0.000000  0.000000  0.000000  0.000000  0.000000  0.000000  0.000000
  1.000000  0.000000
  0.452293  0.452190  0.452122  0.452073  0.452037  0.452010  0.451989  0.451973
  0.451961  0.451943  0.451921  0.451895  0.451863  0.451823  0.451775  0.451715
  0.451642  0.451551  0.451439  0.451296  0.451111  0.450886  0.450644  0.450395
  0.450141  0.449882  0.449627  0.449390  0.449176  0.448984  0.448814  0.448666
  0.448538  0.448429  0.448311  0.448190  0.448072  0.447963  0.447889  0.447851
 ***************************************************************
 ************STARTING THE INPUT FOR EACH BLADE ROW**************
  BLADE ROW NUMBER =        7                                           
    NUMBER OF BLADES IN ROW 
       174
        JM        JLE       JTE 
        40         9        34
      KTIPSTART  KTIPEND 
         0         0
       BOUNDARY LAYER TRANSITION POINTS 
         0         0         0         0
  SET NEWGRID= 1 TO GENERATE A NEW GRID WITH DIFFERENT "J" POINTS AND SPACINGS.
         0
   RPMROW,    RPMHUB 
    6930.4    6930.4
       JROTHS    JROTHE    JROTTS    JROTTE 
         1         1         1         1
   PUPROW    PLEROW   PTEROW    PDROW 
  189231.4  189231.4  228727.6  228727.6
      NSECS_ROW   INSURF  
         3         0
  IF_CUSP_OUT   IFANGLES 
         1         0
         0         3         0
 ***************************************************************
  ROW NUMBER           7  SECTION NUMBER            1
           0           0           0  IF_DESIGN etc 
   1.00000   0.00000    0
  0.144941  0.146180  0.147130  0.147859  0.148419  0.148848  0.149178  0.149431
  0.149625  0.149819  0.150040  0.150295  0.150591  0.150935  0.151332  0.151788
  0.152313  0.152917  0.153618  0.154455  0.155464  0.156616  0.157792  0.158954
  0.160113  0.161276  0.162417  0.163487  0.164468  0.165367  0.166187  0.166928
  0.167589  0.168170  0.168753  0.169403  0.170129  0.170939  0.171844  0.172852
  1.000000  0.000000
  0.015337  0.013540  0.012160  0.011101  0.010288  0.009664  0.009185  0.008817
  0.008535  0.008578  0.008409  0.008145  0.007823  0.007448  0.007017  0.006529
  0.005977  0.005355  0.004655  0.003845  0.002908  0.001891  0.000912  0.000000
 -0.000854 -0.001657 -0.002390 -0.003029 -0.003576 -0.004043 -0.004442 -0.004779
 -0.005061 -0.005403 -0.005534 -0.005680 -0.005843 -0.006025 -0.006228 -0.006455
  1.000000
  0.000000  0.000000  0.000000  0.000000  0.000000  0.000000  0.000000  0.000000
  0.000000  0.000652  0.000883  0.001054  0.001213  0.001373  0.001531  0.001686
  0.001837  0.001979  0.002110  0.002223  0.002307  0.002343  0.002321  0.002246
  0.002124  0.001959  0.001758  0.001537  0.001308  0.001076  0.000848  0.000628
  0.000423  0.000000  0.000000  0.000000  0.000000  0.000000  0.000000  0.000000
  1.000000  0.000000
  0.394545  0.394570  0.394598  0.394629  0.394655  0.394676  0.394692  0.394706
  0.394716  0.394732  0.394752  0.394776  0.394805  0.394841  0.394886  0.394940
  0.395007  0.395089  0.395190  0.395319  0.395484  0.395682  0.395890  0.396099
  0.396307  0.396511  0.396704  0.396875  0.397020  0.397142  0.397242  0.397323
  0.397386  0.397434  0.397464  0.397497  0.397531  0.397567  0.397606  0.397651
 ***************************************************************
  ROW NUMBER           7  SECTION NUMBER            2
           0           0           0  IF_DESIGN etc 
   1.00000   0.00000    0
  0.144988  0.146213  0.147153  0.147875  0.148429  0.148855  0.149181  0.149432
  0.149624  0.149817  0.150037  0.150291  0.150586  0.150928  0.151324  0.151778
  0.152302  0.152906  0.153607  0.154445  0.155455  0.156610  0.157790  0.158955
  0.160117  0.161284  0.162428  0.163499  0.164480  0.165378  0.166196  0.166934
  0.167592  0.168169  0.168747  0.169391  0.170110  0.170913  0.171808  0.172807
  1.000000  0.000000
  0.017395  0.015428  0.013917  0.012758  0.011868  0.011185  0.010660  0.010257
  0.009948  0.009989  0.009802  0.009511  0.009152  0.008734  0.008250  0.007700
  0.007073  0.006363  0.005556  0.004615  0.003514  0.002304  0.001120  0.000000
 -0.001067 -0.002089 -0.003042 -0.003892 -0.004635 -0.005286 -0.005854 -0.006346
 -0.006768 -0.007232 -0.007480 -0.007757 -0.008065 -0.008410 -0.008794 -0.009223
  1.000000
  0.000000  0.000000  0.000000  0.000000  0.000000  0.000000  0.000000  0.000000
  0.000000  0.000704  0.000954  0.001142  0.001314  0.001487  0.001658  0.001826
  0.001989  0.002144  0.002284  0.002407  0.002498  0.002536  0.002512  0.002431
  0.002300  0.002121  0.001903  0.001663  0.001415  0.001164  0.000917  0.000680
  0.000457  0.000000  0.000000  0.000000  0.000000  0.000000  0.000000  0.000000
  1.000000  0.000000
  0.421200  0.421200  0.421200  0.421200  0.421200  0.421200  0.421200  0.421200
  0.421200  0.421200  0.421200  0.421200  0.421200  0.421200  0.421200  0.421200
  0.421200  0.421200  0.421200  0.421200  0.421200  0.421200  0.421200  0.421200
  0.421200  0.421200  0.421200  0.421200  0.421200  0.421200  0.421200  0.421200
  0.421200  0.421200  0.421200  0.421200  0.421200  0.421200  0.421200  0.421200
 ***************************************************************
  ROW NUMBER           7  SECTION NUMBER            3
           0           0           0  IF_DESIGN etc 
   1.00000   0.00000    0
  0.144943  0.146181  0.147132  0.147861  0.148420  0.148850  0.149179  0.149432
  0.149627  0.149820  0.150041  0.150297  0.150593  0.150936  0.151333  0.151789
  0.152314  0.152918  0.153619  0.154457  0.155465  0.156618  0.157794  0.158955
  0.160114  0.161278  0.162419  0.163488  0.164470  0.165369  0.166189  0.166930
  0.167591  0.168172  0.168754  0.169405  0.170131  0.170941  0.171845  0.172854
  1.000000  0.000000
  0.019752  0.017577  0.015907  0.014625  0.013640  0.012884  0.012304  0.011859
  0.011517  0.011558  0.011352  0.011029  0.010628  0.010158  0.009614  0.008991
  0.008280  0.007469  0.006542  0.005454  0.004172  0.002750  0.001344  0.000000
 -0.001295 -0.002549 -0.003733 -0.004803 -0.005750 -0.006590 -0.007332 -0.007983
 -0.008548 -0.009136 -0.009500 -0.009907 -0.010360 -0.010866 -0.011431 -0.012061
  1.000000
  0.000000  0.000000  0.000000  0.000000  0.000000  0.000000  0.000000  0.000000
  0.000000  0.000774  0.001052  0.001260  0.001451  0.001641  0.001830  0.002016
  0.002196  0.002366  0.002521  0.002657  0.002758  0.002800  0.002772  0.002683
  0.002538  0.002340  0.002100  0.001835  0.001561  0.001284  0.001012  0.000750
  0.000504  0.000000  0.000000  0.000000  0.000000  0.000000  0.000000  0.000000
  1.000000  0.000000
  0.447855  0.447830  0.447802  0.447771  0.447745  0.447724  0.447708  0.447694
  0.447684  0.447668  0.447648  0.447624  0.447595  0.447559  0.447514  0.447460
  0.447393  0.447311  0.447209  0.447080  0.446916  0.446718  0.446510  0.446301
  0.446093  0.445888  0.445696  0.445525  0.445380  0.445258  0.445157  0.445077
  0.445014  0.444966  0.444936  0.444903  0.444869  0.444833  0.444794  0.444749
 ***************************************************************
 ************STARTING THE INPUT FOR EACH BLADE ROW**************
  BLADE ROW NUMBER =        8                                           
    NUMBER OF BLADES IN ROW 
       175
        JM        JLE       JTE 
        40         9        34
      KTIPSTART  KTIPEND 
         0         0
       BOUNDARY LAYER TRANSITION POINTS 
         0         0         0         0
  SET NEWGRID= 1 TO GENERATE A NEW GRID WITH DIFFERENT "J" POINTS AND SPACINGS.
         0
   RPMROW,    RPMHUB 
       0.0       0.0
       JROTHS    JROTHE    JROTTS    JROTTE 
         1         1         1         1
   PUPROW    PLEROW   PTEROW    PDROW 
  228727.6  228727.6  273256.5  273256.5
      NSECS_ROW   INSURF  
         3         0
  IF_CUSP_OUT   IFANGLES 
         1         0
         0         3         0
 ***************************************************************
  ROW NUMBER           8  SECTION NUMBER            1
           0           0           0  IF_DESIGN etc 
   1.00000   0.00000    0
  0.168098  0.169329  0.170274  0.171000  0.171558  0.171986  0.172314  0.172566
  0.172760  0.172953  0.173174  0.173429  0.173725  0.174068  0.174465  0.174920
  0.175445  0.176049  0.176750  0.177588  0.178597  0.179750  0.180927  0.182089
  0.183247  0.184410  0.185549  0.186616  0.187594  0.188490  0.189305  0.190041
  0.190698  0.191274  0.191850  0.192493  0.193212  0.194015  0.194914  0.195919
  1.000000  0.000000
 -0.021155 -0.019060 -0.017451 -0.016216 -0.015267 -0.014539 -0.013980 -0.013551
 -0.013221 -0.012620 -0.012202 -0.011728 -0.011191 -0.010582 -0.009898 -0.009137
 -0.008292 -0.007359 -0.006325 -0.005157 -0.003839 -0.002451 -0.001158  0.000000
  0.001040  0.001971  0.002776  0.003434  0.003957  0.004370  0.004692  0.004938
  0.005122  0.005108  0.005372  0.005667  0.005995  0.006362  0.006770  0.007225
  1.000000
  0.000000  0.000000  0.000000  0.000000  0.000000  0.000000  0.000000  0.000000
  0.000000  0.000532  0.000699  0.000816  0.000941  0.001081  0.001235  0.001401
  0.001580  0.001769  0.001964  0.002164  0.002357  0.002512  0.002600  0.002615
  0.002561  0.002435  0.002245  0.002004  0.001731  0.001438  0.001135  0.000832
  0.000537  0.000000  0.000000  0.000000  0.000000  0.000000  0.000000  0.000000
  1.000000  0.000000
  0.397428  0.397493  0.397537  0.397570  0.397594  0.397612  0.397626  0.397637
  0.397645  0.397657  0.397671  0.397689  0.397710  0.397737  0.397769  0.397809
  0.397858  0.397918  0.397992  0.398088  0.398211  0.398362  0.398525  0.398693
  0.398865  0.399042  0.399216  0.399379  0.399527  0.399661  0.399780  0.399885
  0.399976  0.400054  0.400141  0.400230  0.400317  0.400398  0.400453  0.400482
 ***************************************************************
  ROW NUMBER           8  SECTION NUMBER            2
           0           0           0  IF_DESIGN etc 
   1.00000   0.00000    0
  0.168136  0.169358  0.170297  0.171018  0.171571  0.171996  0.172322  0.172572
  0.172764  0.172956  0.173176  0.173429  0.173724  0.174065  0.174461  0.174915
  0.175437  0.176040  0.176740  0.177576  0.178585  0.179738  0.180916  0.182079
  0.183240  0.184405  0.185546  0.186615  0.187595  0.188492  0.189308  0.190045
  0.190702  0.191278  0.191855  0.192498  0.193216  0.194017  0.194911  0.195908
  1.000000  0.000000
 -0.019865 -0.017901 -0.016394 -0.015236 -0.014348 -0.013665 -0.013142 -0.012740
 -0.012431 -0.011861 -0.011468 -0.011022 -0.010517 -0.009944 -0.009301 -0.008585
 -0.007791 -0.006913 -0.005941 -0.004842 -0.003603 -0.002300 -0.001086  0.000000
  0.000975  0.001846  0.002597  0.003211  0.003697  0.004081  0.004378  0.004604
  0.004773  0.004751  0.004999  0.005275  0.005583  0.005927  0.006311  0.006739
  1.000000
  0.000000  0.000000  0.000000  0.000000  0.000000  0.000000  0.000000  0.000000
  0.000000  0.000513  0.000675  0.000788  0.000908  0.001043  0.001192  0.001353
  0.001526  0.001708  0.001896  0.002089  0.002275  0.002425  0.002510  0.002525
  0.002472  0.002352  0.002167  0.001935  0.001672  0.001389  0.001096  0.000803
  0.000519  0.000000  0.000000  0.000000  0.000000  0.000000  0.000000  0.000000
  1.000000  0.000000
  0.421200  0.421200  0.421200  0.421200  0.421200  0.421200  0.421200  0.421200
  0.421200  0.421200  0.421200  0.421200  0.421200  0.421200  0.421200  0.421200
  0.421200  0.421200  0.421200  0.421200  0.421200  0.421200  0.421200  0.421200
  0.421200  0.421200  0.421200  0.421200  0.421200  0.421200  0.421200  0.421200
  0.421200  0.421200  0.421200  0.421200  0.421200  0.421200  0.421200  0.421200
 ***************************************************************
  ROW NUMBER           8  SECTION NUMBER            3
           0           0           0  IF_DESIGN etc 
   1.00000   0.00000    0
  0.168098  0.169329  0.170274  0.171000  0.171558  0.171986  0.172314  0.172566
  0.172760  0.172953  0.173174  0.173429  0.173725  0.174068  0.174465  0.174920
  0.175445  0.176049  0.176750  0.177588  0.178597  0.179750  0.180927  0.182089
  0.183247  0.184410  0.185549  0.186616  0.187594  0.188490  0.189305  0.190041
  0.190698  0.191274  0.191850  0.192493  0.193212  0.194015  0.194914  0.195919
  1.000000  0.000000
 -0.019027 -0.017150 -0.015709 -0.014603 -0.013754 -0.013102 -0.012601 -0.012217
 -0.011922 -0.011371 -0.010993 -0.010566 -0.010081 -0.009532 -0.008915 -0.008228
 -0.007466 -0.006623 -0.005691 -0.004637 -0.003450 -0.002201 -0.001039  0.000000
  0.000931  0.001763  0.002478  0.003061  0.003523  0.003886  0.004166  0.004378
  0.004535  0.004506  0.004743  0.005007  0.005302  0.005632  0.005999  0.006410
  1.000000
  0.000000  0.000000  0.000000  0.000000  0.000000  0.000000  0.000000  0.000000
  0.000000  0.000505  0.000664  0.000775  0.000894  0.001027  0.001173  0.001332
  0.001502  0.001681  0.001867  0.002057  0.002240  0.002388  0.002471  0.002486
  0.002434  0.002315  0.002133  0.001905  0.001646  0.001367  0.001079  0.000790
  0.000511  0.000000  0.000000  0.000000  0.000000  0.000000  0.000000  0.000000
  1.000000  0.000000
  0.444972  0.444907  0.444863  0.444830  0.444806  0.444788  0.444774  0.444763
  0.444755  0.444743  0.444728  0.444711  0.444690  0.444663  0.444631  0.444591
  0.444542  0.444482  0.444408  0.444312  0.444189  0.444038  0.443875  0.443707
  0.443535  0.443358  0.443184  0.443021  0.442872  0.442739  0.442620  0.442515
  0.442424  0.442346  0.442259  0.442170  0.442083  0.442002  0.441947  0.441918
 ***************************************************************
 ************STARTING THE INPUT FOR EACH BLADE ROW**************
  BLADE ROW NUMBER =        9                                           
    NUMBER OF BLADES IN ROW 
       175
        JM        JLE       JTE 
        40         9        34
      KTIPSTART  KTIPEND 
         0         0
       BOUNDARY LAYER TRANSITION POINTS 
         0         0         0         0
  SET NEWGRID= 1 TO GENERATE A NEW GRID WITH DIFFERENT "J" POINTS AND SPACINGS.
         0
   RPMROW,    RPMHUB 
    6930.4    6930.4
       JROTHS    JROTHE    JROTTS    JROTTE 
         1         1         1         1
   PUPROW    PLEROW   PTEROW    PDROW 
  273256.5  273256.5  323638.4  323638.4
      NSECS_ROW   INSURF  
         3         0
  IF_CUSP_OUT   IFANGLES 
         1         0
         0         3         0
 ***************************************************************
  ROW NUMBER           9  SECTION NUMBER            1
           0           0           0  IF_DESIGN etc 
   1.00000   0.00000    0
  0.195859  0.197089  0.198033  0.198758  0.199314  0.199741  0.200068  0.200320
  0.200513  0.200706  0.200926  0.201180  0.201475  0.201818  0.202214  0.202669
  0.203192  0.203795  0.204495  0.205332  0.206340  0.207493  0.208669  0.209831
  0.210990  0.212154  0.213295  0.214364  0.215344  0.216242  0.217060  0.217798
  0.218456  0.219035  0.219614  0.220261  0.220982  0.221787  0.222686  0.223688
  1.000000  0.000000
  0.015732  0.013904  0.012501  0.011424  0.010597  0.009962  0.009475  0.009101
  0.008813  0.008855  0.008683  0.008414  0.008084  0.007701  0.007260  0.006760
  0.006194  0.005555  0.004833  0.003998  0.003028  0.001974  0.000953  0.000000
 -0.000897 -0.001744 -0.002522 -0.003204 -0.003791 -0.004296 -0.004730 -0.005099
 -0.005410 -0.005780 -0.005936 -0.006110 -0.006304 -0.006520 -0.006761 -0.007031
  1.000000
  0.000000  0.000000  0.000000  0.000000  0.000000  0.000000  0.000000  0.000000
  0.000000  0.000660  0.000894  0.001067  0.001229  0.001390  0.001551  0.001708
  0.001861  0.002005  0.002137  0.002251  0.002337  0.002372  0.002350  0.002275
  0.002151  0.001984  0.001781  0.001556  0.001324  0.001090  0.000858  0.000636
  0.000428  0.000000  0.000000  0.000000  0.000000  0.000000  0.000000  0.000000
  1.000000  0.000000
  0.400481  0.400499  0.400519  0.400541  0.400558  0.400572  0.400583  0.400592
  0.400599  0.400610  0.400624  0.400640  0.400660  0.400685  0.400716  0.400753
  0.400799  0.400856  0.400926  0.401014  0.401128  0.401265  0.401409  0.401553
  0.401697  0.401839  0.401972  0.402090  0.402190  0.402274  0.402344  0.402399
  0.402443  0.402476  0.402497  0.402519  0.402543  0.402568  0.402594  0.402624
 ***************************************************************
  ROW NUMBER           9  SECTION NUMBER            2
           0           0           0  IF_DESIGN etc 
   1.00000   0.00000    0
  0.195883  0.197106  0.198045  0.198766  0.199319  0.199744  0.200070  0.200321
  0.200513  0.200705  0.200925  0.201179  0.201473  0.201815  0.202210  0.202664
  0.203187  0.203790  0.204490  0.205327  0.206336  0.207490  0.208668  0.209832
  0.210993  0.212159  0.213301  0.214370  0.215350  0.216247  0.217064  0.217801
  0.218458  0.219035  0.219612  0.220255  0.220974  0.221775  0.222669  0.223667
  1.000000  0.000000
  0.017373  0.015408  0.013900  0.012742  0.011853  0.011171  0.010647  0.010245
  0.009936  0.009976  0.009790  0.009499  0.009141  0.008723  0.008240  0.007690
  0.007064  0.006355  0.005549  0.004609  0.003510  0.002301  0.001118  0.000000
 -0.001066 -0.002086 -0.003038 -0.003887 -0.004629 -0.005279 -0.005847 -0.006338
 -0.006759 -0.007223 -0.007471 -0.007747 -0.008055 -0.008400 -0.008784 -0.009212
  1.000000
  0.000000  0.000000  0.000000  0.000000  0.000000  0.000000  0.000000  0.000000
  0.000000  0.000703  0.000953  0.001140  0.001313  0.001485  0.001656  0.001824
  0.001987  0.002141  0.002282  0.002404  0.002495  0.002533  0.002509  0.002428
  0.002298  0.002119  0.001901  0.001661  0.001413  0.001163  0.000916  0.000679
  0.000457  0.000000  0.000000  0.000000  0.000000  0.000000  0.000000  0.000000
  1.000000  0.000000
  0.421200  0.421200  0.421200  0.421200  0.421200  0.421200  0.421200  0.421200
  0.421200  0.421200  0.421200  0.421200  0.421200  0.421200  0.421200  0.421200
  0.421200  0.421200  0.421200  0.421200  0.421200  0.421200  0.421200  0.421200
  0.421200  0.421200  0.421200  0.421200  0.421200  0.421200  0.421200  0.421200
  0.421200  0.421200  0.421200  0.421200  0.421200  0.421200  0.421200  0.421200
 ***************************************************************
  ROW NUMBER           9  SECTION NUMBER            3
           0           0           0  IF_DESIGN etc 
   1.00000   0.00000    0
  0.195861  0.197091  0.198035  0.198759  0.199315  0.199742  0.200070  0.200321
  0.200514  0.200707  0.200927  0.201182  0.201477  0.201819  0.202215  0.202670
  0.203194  0.203797  0.204497  0.205333  0.206342  0.207494  0.208670  0.209833
  0.210992  0.212156  0.213297  0.214366  0.215346  0.216243  0.217061  0.217799
  0.218458  0.219036  0.219616  0.220262  0.220984  0.221789  0.222687  0.223690
  1.000000  0.000000
  0.019149  0.017029  0.015402  0.014153  0.013194  0.012457  0.011892  0.011458
  0.011125  0.011166  0.010964  0.010650  0.010261  0.009804  0.009276  0.008672
  0.007982  0.007197  0.006300  0.005249  0.004012  0.002642  0.001290  0.000000
 -0.001241 -0.002440 -0.003570 -0.004589 -0.005489 -0.006285 -0.006987 -0.007602
 -0.008134 -0.008691 -0.009030 -0.009407 -0.009829 -0.010299 -0.010823 -0.011409
  1.000000
  0.000000  0.000000  0.000000  0.000000  0.000000  0.000000  0.000000  0.000000
  0.000000  0.000755  0.001025  0.001229  0.001414  0.001600  0.001784  0.001965
  0.002141  0.002306  0.002458  0.002590  0.002688  0.002729  0.002703  0.002616
  0.002474  0.002282  0.002048  0.001789  0.001522  0.001252  0.000986  0.000731
  0.000491  0.000000  0.000000  0.000000  0.000000  0.000000  0.000000  0.000000
  1.000000  0.000000
  0.441919  0.441901  0.441881  0.441859  0.441842  0.441828  0.441817  0.441808
  0.441801  0.441790  0.441776  0.441760  0.441740  0.441715  0.441684  0.441647
  0.441601  0.441544  0.441474  0.441385  0.441272  0.441135  0.440991  0.440847
  0.440703  0.440561  0.440428  0.440310  0.440210  0.440125  0.440056  0.440001
  0.439957  0.439924  0.439903  0.439881  0.439857  0.439832  0.439806  0.439776
 ***************************************************************
 ************STARTING THE INPUT FOR EACH BLADE ROW**************
  BLADE ROW NUMBER =       10                                           
    NUMBER OF BLADES IN ROW 
       176
        JM        JLE       JTE 
        40         9        34
      KTIPSTART  KTIPEND 
         0         0
       BOUNDARY LAYER TRANSITION POINTS 
         0         0         0         0
  SET NEWGRID= 1 TO GENERATE A NEW GRID WITH DIFFERENT "J" POINTS AND SPACINGS.
         0
   RPMROW,    RPMHUB 
       0.0       0.0
       JROTHS    JROTHE    JROTTS    JROTTE 
         1         1         1         1
   PUPROW    PLEROW   PTEROW    PDROW 
  323638.4  323638.4  379728.5  379728.5
      NSECS_ROW   INSURF  
         3         0
  IF_CUSP_OUT   IFANGLES 
         1         0
         0         3         0
 ***************************************************************
  ROW NUMBER          10  SECTION NUMBER            1
           0           0           0  IF_DESIGN etc 
   1.00000   0.00000    0
  0.218998  0.220225  0.221166  0.221890  0.222445  0.222871  0.223198  0.223449
  0.223642  0.223835  0.224055  0.224309  0.224604  0.224946  0.225342  0.225797
  0.226320  0.226923  0.227624  0.228461  0.229469  0.230622  0.231799  0.232961
  0.234120  0.235284  0.236424  0.237491  0.238469  0.239365  0.240180  0.240916
  0.241572  0.242148  0.242724  0.243366  0.244084  0.244885  0.245781  0.246782
  1.000000  0.000000
 -0.020814 -0.018754 -0.017172 -0.015957 -0.015024 -0.014308 -0.013758 -0.013336
 -0.013012 -0.012420 -0.012008 -0.011542 -0.011013 -0.010414 -0.009740 -0.008991
 -0.008160 -0.007241 -0.006224 -0.005074 -0.003777 -0.002411 -0.001139  0.000000
  0.001023  0.001938  0.002729  0.003376  0.003889  0.004295  0.004611  0.004852
  0.005032  0.005016  0.005276  0.005566  0.005889  0.006250  0.006652  0.007100
  1.000000
  0.000000  0.000000  0.000000  0.000000  0.000000  0.000000  0.000000  0.000000
  0.000000  0.000526  0.000691  0.000807  0.000931  0.001069  0.001222  0.001387
  0.001564  0.001751  0.001944  0.002141  0.002332  0.002486  0.002573  0.002588
  0.002534  0.002410  0.002222  0.001983  0.001713  0.001424  0.001123  0.000823
  0.000532  0.000000  0.000000  0.000000  0.000000  0.000000  0.000000  0.000000
  1.000000  0.000000
  0.402474  0.402518  0.402549  0.402571  0.402587  0.402600  0.402609  0.402616
  0.402622  0.402630  0.402640  0.402652  0.402667  0.402685  0.402707  0.402735
  0.402768  0.402810  0.402862  0.402928  0.403014  0.403120  0.403234  0.403352
  0.403474  0.403600  0.403725  0.403842  0.403949  0.404046  0.404133  0.404211
  0.404278  0.404336  0.404402  0.404470  0.404537  0.404599  0.404641  0.404664
 ***************************************************************
  ROW NUMBER          10  SECTION NUMBER            2
           0           0           0  IF_DESIGN etc 
   1.00000   0.00000    0
  0.219018  0.220240  0.221179  0.221899  0.222452  0.222876  0.223202  0.223452
  0.223645  0.223837  0.224056  0.224310  0.224604  0.224945  0.225340  0.225794
  0.226317  0.226919  0.227618  0.228455  0.229463  0.230615  0.231793  0.232956
  0.234116  0.235280  0.236421  0.237490  0.238469  0.239365  0.240182  0.240918
  0.241574  0.242151  0.242727  0.243370  0.244087  0.244888  0.245782  0.246779
  1.000000  0.000000
 -0.019856 -0.017893 -0.016386 -0.015230 -0.014341 -0.013660 -0.013136 -0.012734
 -0.012426 -0.011856 -0.011463 -0.011018 -0.010512 -0.009940 -0.009297 -0.008582
 -0.007787 -0.006910 -0.005938 -0.004839 -0.003602 -0.002299 -0.001086  0.000000
  0.000974  0.001845  0.002596  0.003209  0.003696  0.004079  0.004376  0.004602
  0.004770  0.004749  0.004997  0.005273  0.005581  0.005925  0.006308  0.006736
  1.000000
  0.000000  0.000000  0.000000  0.000000  0.000000  0.000000  0.000000  0.000000
  0.000000  0.000513  0.000674  0.000787  0.000908  0.001043  0.001191  0.001352
  0.001525  0.001707  0.001896  0.002088  0.002274  0.002424  0.002508  0.002523
  0.002471  0.002351  0.002166  0.001934  0.001671  0.001388  0.001095  0.000802
  0.000519  0.000000  0.000000  0.000000  0.000000  0.000000  0.000000  0.000000
  1.000000  0.000000
  0.421200  0.421200  0.421200  0.421200  0.421200  0.421200  0.421200  0.421200
  0.421200  0.421200  0.421200  0.421200  0.421200  0.421200  0.421200  0.421200
  0.421200  0.421200  0.421200  0.421200  0.421200  0.421200  0.421200  0.421200
  0.421200  0.421200  0.421200  0.421200  0.421200  0.421200  0.421200  0.421200
  0.421200  0.421200  0.421200  0.421200  0.421200  0.421200  0.421200  0.421200
 ***************************************************************
  ROW NUMBER          10  SECTION NUMBER            3
           0           0           0  IF_DESIGN etc 
   1.00000   0.00000    0
  0.218998  0.220225  0.221166  0.221890  0.222445  0.222871  0.223198  0.223449
  0.223642  0.223835  0.224055  0.224309  0.224604  0.224946  0.225342  0.225797
  0.226320  0.226923  0.227624  0.228461  0.229469  0.230622  0.231799  0.232961
  0.234120  0.235284  0.236424  0.237491  0.238469  0.239365  0.240180  0.240916
  0.241572  0.242148  0.242724  0.243366  0.244084  0.244885  0.245781  0.246782
  1.000000  0.000000
 -0.019141 -0.017252 -0.015802 -0.014688 -0.013834 -0.013177 -0.012674 -0.012287
 -0.011990 -0.011437 -0.011057 -0.010628 -0.010140 -0.009588 -0.008967 -0.008276
 -0.007510 -0.006663 -0.005725 -0.004665 -0.003471 -0.002214 -0.001045  0.000000
  0.000937  0.001775  0.002495  0.003083  0.003548  0.003914  0.004196  0.004411
  0.004570  0.004543  0.004781  0.005047  0.005343  0.005675  0.006044  0.006457
  1.000000
  0.000000  0.000000  0.000000  0.000000  0.000000  0.000000  0.000000  0.000000
  0.000000  0.000506  0.000664  0.000776  0.000895  0.001027  0.001174  0.001332
  0.001502  0.001682  0.001867  0.002058  0.002240  0.002388  0.002471  0.002486
  0.002434  0.002316  0.002134  0.001905  0.001646  0.001368  0.001079  0.000791
  0.000511  0.000000  0.000000  0.000000  0.000000  0.000000  0.000000  0.000000
  1.000000  0.000000
  0.439926  0.439882  0.439851  0.439829  0.439813  0.439800  0.439791  0.439784
  0.439778  0.439770  0.439760  0.439748  0.439733  0.439715  0.439693  0.439665
  0.439632  0.439590  0.439538  0.439472  0.439386  0.439280  0.439166  0.439048
  0.438926  0.438800  0.438675  0.438558  0.438451  0.438354  0.438267  0.438190
  0.438122  0.438064  0.437998  0.437930  0.437863  0.437802  0.437759  0.437737
 ***************************************************************
 ************STARTING THE INPUT FOR EACH BLADE ROW**************
  BLADE ROW NUMBER =       11                                           
    NUMBER OF BLADES IN ROW 
       176
        JM        JLE       JTE 
        40         9        34
      KTIPSTART  KTIPEND 
         0         0
       BOUNDARY LAYER TRANSITION POINTS 
         0         0         0         0
  SET NEWGRID= 1 TO GENERATE A NEW GRID WITH DIFFERENT "J" POINTS AND SPACINGS.
         0
   RPMROW,    RPMHUB 
    6930.4    6930.4
       JROTHS    JROTHE    JROTTS    JROTTE 
         1         1         1         1
   PUPROW    PLEROW   PTEROW    PDROW 
  379728.5  379728.5  442423.9  442423.9
      NSECS_ROW   INSURF  
         3         0
  IF_CUSP_OUT   IFANGLES 
         1         0
         0         3         0
 ***************************************************************
  ROW NUMBER          11  SECTION NUMBER            1
           0           0           0  IF_DESIGN etc 
   1.00000   0.00000    0
  0.246753  0.247979  0.248920  0.249643  0.250197  0.250623  0.250950  0.251200
  0.251393  0.251585  0.251805  0.252059  0.252354  0.252696  0.253091  0.253545
  0.254068  0.254671  0.255371  0.256207  0.257215  0.258367  0.259544  0.260707
  0.261866  0.263030  0.264171  0.265240  0.266219  0.267116  0.267933  0.268670
  0.269328  0.269905  0.270483  0.271128  0.271847  0.272650  0.273546  0.274546
  1.000000  0.000000
  0.016033  0.014181  0.012759  0.011668  0.010830  0.010187  0.009693  0.009314
  0.009023  0.009063  0.008889  0.008615  0.008281  0.007891  0.007443  0.006933
  0.006356  0.005704  0.004967  0.004112  0.003118  0.002035  0.000984  0.000000
 -0.000929 -0.001808 -0.002619 -0.003333 -0.003949 -0.004482 -0.004940 -0.005333
 -0.005665 -0.006042 -0.006215 -0.006409 -0.006625 -0.006866 -0.007135 -0.007435
  1.000000
  0.000000  0.000000  0.000000  0.000000  0.000000  0.000000  0.000000  0.000000
  0.000000  0.000667  0.000903  0.001079  0.001242  0.001405  0.001568  0.001727
  0.001881  0.002027  0.002160  0.002276  0.002362  0.002398  0.002376  0.002299
  0.002175  0.002006  0.001800  0.001573  0.001338  0.001101  0.000868  0.000643
  0.000433  0.000000  0.000000  0.000000  0.000000  0.000000  0.000000  0.000000
  1.000000  0.000000
  0.404663  0.404676  0.404691  0.404707  0.404719  0.404729  0.404737  0.404743
  0.404748  0.404756  0.404766  0.404777  0.404792  0.404810  0.404832  0.404858
  0.404891  0.404932  0.404982  0.405046  0.405128  0.405226  0.405329  0.405433
  0.405536  0.405637  0.405733  0.405817  0.405889  0.405949  0.405999  0.406039
  0.406069  0.406093  0.406108  0.406123  0.406140  0.406158  0.406177  0.406199
 ***************************************************************
  ROW NUMBER          11  SECTION NUMBER            2
           0           0           0  IF_DESIGN etc 
   1.00000   0.00000    0
  0.246766  0.247988  0.248927  0.249647  0.250201  0.250625  0.250951  0.251202
  0.251394  0.251586  0.251805  0.252059  0.252353  0.252695  0.253090  0.253544
  0.254067  0.254669  0.255369  0.256205  0.257214  0.258366  0.259544  0.260707
  0.261868  0.263032  0.264174  0.265243  0.266222  0.267119  0.267935  0.268672
  0.269328  0.269905  0.270481  0.271124  0.271842  0.272643  0.273537  0.274534
  1.000000  0.000000
  0.017363  0.015399  0.013892  0.012735  0.011846  0.011164  0.010641  0.010239
  0.009930  0.009970  0.009784  0.009493  0.009136  0.008718  0.008235  0.007685
  0.007060  0.006351  0.005546  0.004606  0.003508  0.002300  0.001118  0.000000
 -0.001065 -0.002085 -0.003036 -0.003885 -0.004627 -0.005276 -0.005843 -0.006334
 -0.006755 -0.007219 -0.007466 -0.007743 -0.008051 -0.008395 -0.008778 -0.009207
  1.000000
  0.000000  0.000000  0.000000  0.000000  0.000000  0.000000  0.000000  0.000000
  0.000000  0.000703  0.000953  0.001140  0.001312  0.001484  0.001655  0.001823
  0.001986  0.002140  0.002280  0.002403  0.002494  0.002532  0.002507  0.002426
  0.002296  0.002117  0.001900  0.001660  0.001412  0.001162  0.000915  0.000679
  0.000456  0.000000  0.000000  0.000000  0.000000  0.000000  0.000000  0.000000
  1.000000  0.000000
  0.421200  0.421200  0.421200  0.421200  0.421200  0.421200  0.421200  0.421200
  0.421200  0.421200  0.421200  0.421200  0.421200  0.421200  0.421200  0.421200
  0.421200  0.421200  0.421200  0.421200  0.421200  0.421200  0.421200  0.421200
  0.421200  0.421200  0.421200  0.421200  0.421200  0.421200  0.421200  0.421200
  0.421200  0.421200  0.421200  0.421200  0.421200  0.421200  0.421200  0.421200
 ***************************************************************
  ROW NUMBER          11  SECTION NUMBER            3
           0           0           0  IF_DESIGN etc 
   1.00000   0.00000    0
  0.246755  0.247981  0.248922  0.249644  0.250199  0.250625  0.250951  0.251202
  0.251395  0.251587  0.251807  0.252061  0.252355  0.252697  0.253093  0.253547
  0.254070  0.254673  0.255372  0.256208  0.257217  0.258369  0.259545  0.260708
  0.261867  0.263031  0.264172  0.265241  0.266220  0.267117  0.267934  0.268671
  0.269328  0.269906  0.270483  0.271128  0.271848  0.272651  0.273546  0.274546
  1.000000  0.000000
  0.018756  0.016673  0.015073  0.013844  0.012901  0.012177  0.011622  0.011195
  0.010867  0.010908  0.010710  0.010401  0.010019  0.009571  0.009053  0.008461
  0.007785  0.007017  0.006140  0.005113  0.003906  0.002570  0.001254  0.000000
 -0.001204 -0.002366 -0.003460 -0.004444 -0.005312 -0.006079 -0.006754 -0.007343
 -0.007854 -0.008389 -0.008709 -0.009067 -0.009466 -0.009911 -0.010408 -0.010962
  1.000000
  0.000000  0.000000  0.000000  0.000000  0.000000  0.000000  0.000000  0.000000
  0.000000  0.000743  0.001009  0.001209  0.001391  0.001574  0.001755  0.001933
  0.002106  0.002269  0.002418  0.002548  0.002644  0.002685  0.002658  0.002573
  0.002434  0.002245  0.002014  0.001760  0.001497  0.001232  0.000970  0.000719
  0.000483  0.000000  0.000000  0.000000  0.000000  0.000000  0.000000  0.000000
  1.000000  0.000000
  0.437737  0.437724  0.437709  0.437693  0.437681  0.437671  0.437663  0.437657
  0.437652  0.437644  0.437634  0.437622  0.437608  0.437590  0.437568  0.437542
  0.437508  0.437468  0.437418  0.437354  0.437272  0.437174  0.437071  0.436967
  0.436864  0.436763  0.436667  0.436583  0.436511  0.436450  0.436401  0.436361
  0.436331  0.436307  0.436292  0.436277  0.436260  0.436242  0.436223  0.436201
 ***************************************************************
 ************STARTING THE INPUT FOR EACH BLADE ROW**************
  BLADE ROW NUMBER =       12                                           
    NUMBER OF BLADES IN ROW 
       176
        JM        JLE       JTE 
        40         9        34
      KTIPSTART  KTIPEND 
         0         0
       BOUNDARY LAYER TRANSITION POINTS 
         0         0         0         0
  SET NEWGRID= 1 TO GENERATE A NEW GRID WITH DIFFERENT "J" POINTS AND SPACINGS.
         0
   RPMROW,    RPMHUB 
       0.0       0.0
       JROTHS    JROTHE    JROTTS    JROTTE 
         1         1         1         1
   PUPROW    PLEROW   PTEROW    PDROW 
  442423.9  442423.9  511513.5  511513.5
      NSECS_ROW   INSURF  
         3         0
  IF_CUSP_OUT   IFANGLES 
         1         0
         0         3         0
 ***************************************************************
  ROW NUMBER          12  SECTION NUMBER            1
           0           0           0  IF_DESIGN etc 
   1.00000   0.00000    0
  0.269886  0.271110  0.272050  0.272772  0.273326  0.273751  0.274078  0.274329
  0.274521  0.274713  0.274933  0.275187  0.275481  0.275823  0.276219  0.276673
  0.277196  0.277799  0.278498  0.279335  0.280343  0.281496  0.282673  0.283835
  0.284994  0.286158  0.287298  0.288366  0.289344  0.290240  0.291056  0.291791
  0.292447  0.293023  0.293598  0.294241  0.294958  0.295759  0.296653  0.297652
  1.000000  0.000000
 -0.020597 -0.018558 -0.016993 -0.015792 -0.014869 -0.014161 -0.013617 -0.013199
 -0.012879 -0.012292 -0.011884 -0.011423 -0.010899 -0.010306 -0.009640 -0.008898
 -0.008076 -0.007166 -0.006159 -0.005021 -0.003737 -0.002386 -0.001127  0.000000
  0.001012  0.001917  0.002699  0.003338  0.003846  0.004247  0.004558  0.004796
  0.004973  0.004957  0.005214  0.005501  0.005821  0.006177  0.006575  0.007019
  1.000000
  0.000000  0.000000  0.000000  0.000000  0.000000  0.000000  0.000000  0.000000
  0.000000  0.000523  0.000687  0.000802  0.000925  0.001063  0.001214  0.001378
  0.001554  0.001740  0.001931  0.002128  0.002317  0.002470  0.002556  0.002572
  0.002518  0.002395  0.002208  0.001971  0.001703  0.001415  0.001116  0.000818
  0.000528  0.000000  0.000000  0.000000  0.000000  0.000000  0.000000  0.000000
  1.000000  0.000000
  0.406092  0.406123  0.406144  0.406160  0.406172  0.406181  0.406188  0.406194
  0.406198  0.406204  0.406211  0.406220  0.406230  0.406244  0.406259  0.406279
  0.406303  0.406333  0.406370  0.406418  0.406480  0.406556  0.406639  0.406724
  0.406813  0.406905  0.406997  0.407084  0.407163  0.407236  0.407302  0.407361
  0.407412  0.407457  0.407509  0.407563  0.407615  0.407664  0.407698  0.407716
 ***************************************************************
  ROW NUMBER          12  SECTION NUMBER            2
           0           0           0  IF_DESIGN etc 
   1.00000   0.00000    0
  0.269897  0.271119  0.272057  0.272777  0.273330  0.273755  0.274080  0.274331
  0.274523  0.274715  0.274934  0.275187  0.275482  0.275823  0.276218  0.276672
  0.277194  0.277796  0.278496  0.279332  0.280340  0.281492  0.282669  0.283832
  0.284991  0.286155  0.287297  0.288365  0.289344  0.290240  0.291056  0.291792
  0.292448  0.293025  0.293601  0.294244  0.294961  0.295762  0.296655  0.297652
  1.000000  0.000000
 -0.019852 -0.017890 -0.016383 -0.015226 -0.014338 -0.013657 -0.013133 -0.012731
 -0.012423 -0.011854 -0.011460 -0.011015 -0.010510 -0.009938 -0.009295 -0.008580
 -0.007786 -0.006908 -0.005937 -0.004838 -0.003601 -0.002298 -0.001085  0.000000
  0.000974  0.001845  0.002596  0.003208  0.003695  0.004078  0.004375  0.004601
  0.004769  0.004748  0.004996  0.005272  0.005580  0.005923  0.006307  0.006735
  1.000000
  0.000000  0.000000  0.000000  0.000000  0.000000  0.000000  0.000000  0.000000
  0.000000  0.000513  0.000674  0.000787  0.000908  0.001043  0.001191  0.001352
  0.001525  0.001707  0.001895  0.002088  0.002273  0.002423  0.002508  0.002523
  0.002470  0.002350  0.002166  0.001933  0.001670  0.001388  0.001095  0.000802
  0.000519  0.000000  0.000000  0.000000  0.000000  0.000000  0.000000  0.000000
  1.000000  0.000000
  0.421200  0.421200  0.421200  0.421200  0.421200  0.421200  0.421200  0.421200
  0.421200  0.421200  0.421200  0.421200  0.421200  0.421200  0.421200  0.421200
  0.421200  0.421200  0.421200  0.421200  0.421200  0.421200  0.421200  0.421200
  0.421200  0.421200  0.421200  0.421200  0.421200  0.421200  0.421200  0.421200
  0.421200  0.421200  0.421200  0.421200  0.421200  0.421200  0.421200  0.421200
 ***************************************************************
  ROW NUMBER          12  SECTION NUMBER            3
           0           0           0  IF_DESIGN etc 
   1.00000   0.00000    0
  0.269886  0.271110  0.272050  0.272772  0.273326  0.273751  0.274078  0.274329
  0.274521  0.274713  0.274933  0.275187  0.275481  0.275823  0.276219  0.276673
  0.277196  0.277799  0.278498  0.279335  0.280343  0.281496  0.282673  0.283835
  0.284994  0.286158  0.287298  0.288366  0.289344  0.290240  0.291056  0.291791
  0.292447  0.293023  0.293599  0.294241  0.294958  0.295759  0.296653  0.297652
  1.000000  0.000000
 -0.019247 -0.017346 -0.015888 -0.014768 -0.013908 -0.013248 -0.012741 -0.012352
 -0.012054 -0.011498 -0.011116 -0.010685 -0.010194 -0.009639 -0.009015 -0.008321
 -0.007550 -0.006699 -0.005756 -0.004691 -0.003490 -0.002227 -0.001051  0.000000
  0.000943  0.001785  0.002510  0.003102  0.003570  0.003939  0.004224  0.004440
  0.004601  0.004574  0.004814  0.005081  0.005380  0.005713  0.006084  0.006500
  1.000000
  0.000000  0.000000  0.000000  0.000000  0.000000  0.000000  0.000000  0.000000
  0.000000  0.000506  0.000665  0.000777  0.000896  0.001029  0.001175  0.001334
  0.001504  0.001684  0.001870  0.002060  0.002243  0.002391  0.002475  0.002490
  0.002438  0.002319  0.002137  0.001908  0.001648  0.001370  0.001081  0.000792
  0.000512  0.000000  0.000000  0.000000  0.000000  0.000000  0.000000  0.000000
  1.000000  0.000000
  0.436308  0.436277  0.436256  0.436240  0.436228  0.436219  0.436212  0.436206
  0.436202  0.436196  0.436189  0.436180  0.436170  0.436157  0.436141  0.436121
  0.436097  0.436067  0.436030  0.435982  0.435920  0.435844  0.435761  0.435676
  0.435587  0.435495  0.435403  0.435316  0.435237  0.435164  0.435098  0.435039
  0.434988  0.434943  0.434891  0.434837  0.434785  0.434736  0.434702  0.434684
 ***************************************************************
 ************STARTING THE INPUT FOR EACH BLADE ROW**************
  BLADE ROW NUMBER =       13                                           
    NUMBER OF BLADES IN ROW 
       177
        JM        JLE       JTE 
        40         9        34
      KTIPSTART  KTIPEND 
         0         0
       BOUNDARY LAYER TRANSITION POINTS 
         0         0         0         0
  SET NEWGRID= 1 TO GENERATE A NEW GRID WITH DIFFERENT "J" POINTS AND SPACINGS.
         0
   RPMROW,    RPMHUB 
    6930.4    6930.4
       JROTHS    JROTHE    JROTTS    JROTTE 
         1         1         1         1
   PUPROW    PLEROW   PTEROW    PDROW 
  511513.5  511513.5  587972.2  587972.2
      NSECS_ROW   INSURF  
         3         0
  IF_CUSP_OUT   IFANGLES 
         1         0
         0         3         0
 ***************************************************************
  ROW NUMBER          13  SECTION NUMBER            1
           0           0           0  IF_DESIGN etc 
   1.00000   0.00000    0
  0.297638  0.298862  0.299802  0.300523  0.301077  0.301502  0.301828  0.302079
  0.302271  0.302463  0.302683  0.302937  0.303231  0.303573  0.303968  0.304422
  0.304945  0.305547  0.306246  0.307083  0.308091  0.309243  0.310420  0.311582
  0.312742  0.313906  0.315047  0.316115  0.317094  0.317991  0.318808  0.319544
  0.320201  0.320778  0.321355  0.321999  0.322717  0.323519  0.324414  0.325412
  1.000000  0.000000
  0.016263  0.014392  0.012956  0.011853  0.011007  0.010357  0.009858  0.009475
  0.009181  0.009221  0.009045  0.008768  0.008430  0.008035  0.007581  0.007064
  0.006479  0.005817  0.005068  0.004198  0.003186  0.002081  0.001007  0.000000
 -0.000953 -0.001857 -0.002692 -0.003429 -0.004068 -0.004621 -0.005098 -0.005508
 -0.005856 -0.006248 -0.006435 -0.006643 -0.006875 -0.007134 -0.007424 -0.007746
  1.000000
  0.000000  0.000000  0.000000  0.000000  0.000000  0.000000  0.000000  0.000000
  0.000000  0.000673  0.000911  0.001089  0.001253  0.001418  0.001581  0.001742
  0.001897  0.002045  0.002179  0.002296  0.002383  0.002419  0.002396  0.002320
  0.002194  0.002023  0.001816  0.001587  0.001350  0.001111  0.000875  0.000649
  0.000436  0.000000  0.000000  0.000000  0.000000  0.000000  0.000000  0.000000
  1.000000  0.000000
  0.407716  0.407726  0.407737  0.407749  0.407758  0.407765  0.407771  0.407775
  0.407779  0.407785  0.407792  0.407801  0.407811  0.407825  0.407841  0.407861
  0.407885  0.407915  0.407952  0.407999  0.408060  0.408132  0.408209  0.408285
  0.408361  0.408436  0.408507  0.408569  0.408622  0.408667  0.408703  0.408732
  0.408755  0.408772  0.408783  0.408794  0.408806  0.408819  0.408833  0.408849
 ***************************************************************
  ROW NUMBER          13  SECTION NUMBER            2
           0           0           0  IF_DESIGN etc 
   1.00000   0.00000    0
  0.297645  0.298867  0.299805  0.300526  0.301079  0.301503  0.301829  0.302079
  0.302271  0.302464  0.302683  0.302936  0.303231  0.303572  0.303967  0.304421
  0.304944  0.305546  0.306245  0.307082  0.308090  0.309243  0.310420  0.311583
  0.312743  0.313907  0.315049  0.316117  0.317096  0.317993  0.318809  0.319546
  0.320202  0.320778  0.321355  0.321998  0.322715  0.323516  0.324410  0.325407
  1.000000  0.000000
  0.017359  0.015396  0.013889  0.012732  0.011844  0.011162  0.010638  0.010236
  0.009928  0.009968  0.009782  0.009491  0.009134  0.008716  0.008234  0.007684
  0.007059  0.006350  0.005545  0.004605  0.003507  0.002299  0.001117  0.000000
 -0.001065 -0.002084 -0.003036 -0.003884 -0.004626 -0.005275 -0.005842 -0.006333
 -0.006754 -0.007217 -0.007465 -0.007741 -0.008049 -0.008393 -0.008776 -0.009205
  1.000000
  0.000000  0.000000  0.000000  0.000000  0.000000  0.000000  0.000000  0.000000
  0.000000  0.000703  0.000952  0.001139  0.001312  0.001484  0.001655  0.001823
  0.001985  0.002139  0.002280  0.002402  0.002493  0.002531  0.002507  0.002426
  0.002296  0.002117  0.001899  0.001660  0.001412  0.001162  0.000915  0.000679
  0.000456  0.000000  0.000000  0.000000  0.000000  0.000000  0.000000  0.000000
  1.000000  0.000000
  0.421200  0.421200  0.421200  0.421200  0.421200  0.421200  0.421200  0.421200
  0.421200  0.421200  0.421200  0.421200  0.421200  0.421200  0.421200  0.421200
  0.421200  0.421200  0.421200  0.421200  0.421200  0.421200  0.421200  0.421200
  0.421200  0.421200  0.421200  0.421200  0.421200  0.421200  0.421200  0.421200
  0.421200  0.421200  0.421200  0.421200  0.421200  0.421200  0.421200  0.421200
 ***************************************************************
  ROW NUMBER          13  SECTION NUMBER            3
           0           0           0  IF_DESIGN etc 
   1.00000   0.00000    0
  0.297639  0.298863  0.299803  0.300524  0.301078  0.301503  0.301829  0.302080
  0.302272  0.302464  0.302684  0.302938  0.303232  0.303574  0.303969  0.304423
  0.304946  0.305548  0.306247  0.307084  0.308092  0.309244  0.310421  0.311583
  0.312743  0.313907  0.315048  0.316116  0.317095  0.317992  0.318809  0.319545
  0.320202  0.320779  0.321356  0.322000  0.322718  0.323520  0.324415  0.325413
  1.000000  0.000000
  0.018485  0.016426  0.014844  0.013630  0.012698  0.011983  0.011433  0.011012
  0.010688  0.010729  0.010533  0.010228  0.009850  0.009408  0.008897  0.008313
  0.007648  0.006891  0.006028  0.005018  0.003831  0.002519  0.001228  0.000000
 -0.001179 -0.002314 -0.003382 -0.004341 -0.005186 -0.005931 -0.006587 -0.007158
 -0.007653 -0.008172 -0.008480 -0.008823 -0.009206 -0.009633 -0.010109 -0.010641
  1.000000
  0.000000  0.000000  0.000000  0.000000  0.000000  0.000000  0.000000  0.000000
  0.000000  0.000735  0.000998  0.001195  0.001376  0.001556  0.001735  0.001911
  0.002082  0.002243  0.002391  0.002519  0.002614  0.002654  0.002628  0.002544
  0.002406  0.002220  0.001991  0.001740  0.001480  0.001218  0.000959  0.000711
  0.000478  0.000000  0.000000  0.000000  0.000000  0.000000  0.000000  0.000000
  1.000000  0.000000
  0.434684  0.434674  0.434663  0.434651  0.434642  0.434635  0.434629  0.434624
  0.434621  0.434615  0.434608  0.434599  0.434589  0.434575  0.434559  0.434539
  0.434515  0.434485  0.434448  0.434401  0.434340  0.434268  0.434191  0.434115
  0.434038  0.433964  0.433893  0.433831  0.433778  0.433733  0.433697  0.433668
  0.433645  0.433628  0.433617  0.433606  0.433594  0.433581  0.433567  0.433551
 ***************************************************************
 ************STARTING THE INPUT FOR EACH BLADE ROW**************
  BLADE ROW NUMBER =       14                                           
    NUMBER OF BLADES IN ROW 
       177
        JM        JLE       JTE 
        40         9        34
      KTIPSTART  KTIPEND 
         0         0
       BOUNDARY LAYER TRANSITION POINTS 
         0         0         0         0
  SET NEWGRID= 1 TO GENERATE A NEW GRID WITH DIFFERENT "J" POINTS AND SPACINGS.
         0
   RPMROW,    RPMHUB 
       0.0       0.0
       JROTHS    JROTHE    JROTTS    JROTTE 
         1         1         1         1
   PUPROW    PLEROW   PTEROW    PDROW 
  587972.2  587972.2  671520.9  671520.9
      NSECS_ROW   INSURF  
         3         0
  IF_CUSP_OUT   IFANGLES 
         1         0
         0         3         0
 ***************************************************************
  ROW NUMBER          14  SECTION NUMBER            1
           0           0           0  IF_DESIGN etc 
   1.00000   0.00000    0
  0.320768  0.321991  0.322930  0.323651  0.324204  0.324629  0.324955  0.325206
  0.325398  0.325590  0.325810  0.326063  0.326358  0.326699  0.327094  0.327548
  0.328071  0.328674  0.329373  0.330209  0.331218  0.332370  0.333547  0.334709
  0.335869  0.337032  0.338173  0.339241  0.340219  0.341115  0.341931  0.342666
  0.343322  0.343898  0.344474  0.345116  0.345833  0.346633  0.347527  0.348525
  1.000000  0.000000
 -0.020448 -0.018425 -0.016871 -0.015679 -0.014763 -0.014060 -0.013520 -0.013106
 -0.012788 -0.012204 -0.011799 -0.011342 -0.010822 -0.010233 -0.009571 -0.008835
 -0.008018 -0.007115 -0.006115 -0.004984 -0.003710 -0.002368 -0.001119  0.000000
  0.001005  0.001903  0.002679  0.003313  0.003816  0.004214  0.004522  0.004757
  0.004933  0.004916  0.005171  0.005456  0.005773  0.006128  0.006523  0.006963
  1.000000
  0.000000  0.000000  0.000000  0.000000  0.000000  0.000000  0.000000  0.000000
  0.000000  0.000521  0.000684  0.000799  0.000921  0.001058  0.001209  0.001372
  0.001548  0.001732  0.001923  0.002120  0.002308  0.002460  0.002546  0.002561
  0.002508  0.002385  0.002198  0.001963  0.001696  0.001409  0.001112  0.000814
  0.000526  0.000000  0.000000  0.000000  0.000000  0.000000  0.000000  0.000000
  1.000000  0.000000
  0.408772  0.408794  0.408809  0.408821  0.408830  0.408837  0.408842  0.408846
  0.408849  0.408853  0.408859  0.408865  0.408873  0.408882  0.408894  0.408909
  0.408926  0.408948  0.408976  0.409011  0.409057  0.409113  0.409175  0.409239
  0.409306  0.409375  0.409444  0.409510  0.409571  0.409628  0.409679  0.409724
  0.409765  0.409800  0.409842  0.409885  0.409927  0.409967  0.409994  0.410008
 ***************************************************************
  ROW NUMBER          14  SECTION NUMBER            2
           0           0           0  IF_DESIGN etc 
   1.00000   0.00000    0
  0.320774  0.321996  0.322934  0.323654  0.324207  0.324631  0.324957  0.325207
  0.325399  0.325591  0.325810  0.326064  0.326358  0.326699  0.327094  0.327548
  0.328070  0.328672  0.329371  0.330208  0.331215  0.332368  0.333544  0.334707
  0.335867  0.337031  0.338172  0.339240  0.340219  0.341115  0.341931  0.342667
  0.343323  0.343899  0.344475  0.345118  0.345835  0.346636  0.347529  0.348526
  1.000000  0.000000
 -0.019850 -0.017888 -0.016381 -0.015225 -0.014337 -0.013655 -0.013132 -0.012730
 -0.012422 -0.011852 -0.011459 -0.011014 -0.010509 -0.009937 -0.009294 -0.008579
 -0.007785 -0.006907 -0.005936 -0.004838 -0.003601 -0.002298 -0.001085  0.000000
  0.000974  0.001845  0.002595  0.003208  0.003694  0.004078  0.004375  0.004601
  0.004769  0.004748  0.004995  0.005271  0.005579  0.005923  0.006306  0.006734
  1.000000
  0.000000  0.000000  0.000000  0.000000  0.000000  0.000000  0.000000  0.000000
  0.000000  0.000513  0.000674  0.000787  0.000908  0.001042  0.001191  0.001352
  0.001524  0.001706  0.001895  0.002088  0.002273  0.002423  0.002508  0.002523
  0.002470  0.002350  0.002165  0.001933  0.001670  0.001388  0.001095  0.000802
  0.000518  0.000000  0.000000  0.000000  0.000000  0.000000  0.000000  0.000000
  1.000000  0.000000
  0.421200  0.421200  0.421200  0.421200  0.421200  0.421200  0.421200  0.421200
  0.421200  0.421200  0.421200  0.421200  0.421200  0.421200  0.421200  0.421200
  0.421200  0.421200  0.421200  0.421200  0.421200  0.421200  0.421200  0.421200
  0.421200  0.421200  0.421200  0.421200  0.421200  0.421200  0.421200  0.421200
  0.421200  0.421200  0.421200  0.421200  0.421200  0.421200  0.421200  0.421200
 ***************************************************************
  ROW NUMBER          14  SECTION NUMBER            3
           0           0           0  IF_DESIGN etc 
   1.00000   0.00000    0
  0.320768  0.321991  0.322930  0.323651  0.324204  0.324629  0.324955  0.325206
  0.325398  0.325590  0.325810  0.326063  0.326358  0.326699  0.327094  0.327548
  0.328071  0.328674  0.329373  0.330209  0.331218  0.332370  0.333547  0.334709
  0.335869  0.337032  0.338173  0.339241  0.340219  0.341115  0.341931  0.342666
  0.343322  0.343898  0.344474  0.345116  0.345833  0.346633  0.347527  0.348525
  1.000000  0.000000
 -0.019336 -0.017427 -0.015961 -0.014835 -0.013972 -0.013308 -0.012799 -0.012408
 -0.012108 -0.011551 -0.011167 -0.010733 -0.010241 -0.009683 -0.009056 -0.008359
 -0.007585 -0.006730 -0.005783 -0.004712 -0.003507 -0.002237 -0.001056  0.000000
  0.000948  0.001794  0.002523  0.003118  0.003589  0.003960  0.004247  0.004464
  0.004626  0.004601  0.004841  0.005110  0.005410  0.005744  0.006118  0.006535
  1.000000
  0.000000  0.000000  0.000000  0.000000  0.000000  0.000000  0.000000  0.000000
  0.000000  0.000507  0.000666  0.000778  0.000897  0.001030  0.001177  0.001336
  0.001507  0.001687  0.001873  0.002064  0.002247  0.002395  0.002479  0.002493
  0.002441  0.002323  0.002140  0.001911  0.001651  0.001372  0.001082  0.000793
  0.000513  0.000000  0.000000  0.000000  0.000000  0.000000  0.000000  0.000000
  1.000000  0.000000
  0.433628  0.433606  0.433591  0.433579  0.433570  0.433563  0.433558  0.433554
  0.433551  0.433547  0.433541  0.433535  0.433527  0.433518  0.433506  0.433491
  0.433473  0.433451  0.433424  0.433389  0.433343  0.433287  0.433225  0.433161
  0.433094  0.433025  0.432956  0.432890  0.432829  0.432773  0.432721  0.432676
  0.432635  0.432600  0.432558  0.432515  0.432473  0.432433  0.432406  0.432392
 ***************************************************************
 ************STARTING THE INPUT FOR EACH BLADE ROW**************
  BLADE ROW NUMBER =       15                                           
    NUMBER OF BLADES IN ROW 
       177
        JM        JLE       JTE 
        40         9        34
      KTIPSTART  KTIPEND 
         0         0
       BOUNDARY LAYER TRANSITION POINTS 
         0         0         0         0
  SET NEWGRID= 1 TO GENERATE A NEW GRID WITH DIFFERENT "J" POINTS AND SPACINGS.
         0
   RPMROW,    RPMHUB 
    6930.4    6930.4
       JROTHS    JROTHE    JROTTS    JROTTE 
         1         1         1         1
   PUPROW    PLEROW   PTEROW    PDROW 
  671520.9  671520.9  763212.6  763212.6
      NSECS_ROW   INSURF  
         3         0
  IF_CUSP_OUT   IFANGLES 
         1         0
         0         3         0
 ***************************************************************
  ROW NUMBER          15  SECTION NUMBER            1
           0           0           0  IF_DESIGN etc 
   1.00000   0.00000    0
  0.348518  0.349741  0.350680  0.351401  0.351954  0.352379  0.352705  0.352956
  0.353148  0.353340  0.353560  0.353813  0.354107  0.354449  0.354844  0.355298
  0.355821  0.356423  0.357122  0.357958  0.358966  0.360119  0.361295  0.362458
  0.363617  0.364781  0.365922  0.366991  0.367970  0.368866  0.369683  0.370419
  0.371076  0.371652  0.372229  0.372872  0.373590  0.374391  0.375285  0.376283
  1.000000  0.000000
  0.016441  0.014555  0.013107  0.011996  0.011143  0.010488  0.009985  0.009599
  0.009303  0.009343  0.009165  0.008886  0.008544  0.008146  0.007687  0.007165
  0.006573  0.005904  0.005145  0.004264  0.003238  0.002116  0.001025  0.000000
 -0.000971 -0.001894 -0.002748 -0.003503 -0.004158 -0.004727 -0.005219 -0.005642
 -0.006002 -0.006405 -0.006602 -0.006821 -0.007066 -0.007339 -0.007644 -0.007984
  1.000000
  0.000000  0.000000  0.000000  0.000000  0.000000  0.000000  0.000000  0.000000
  0.000000  0.000677  0.000917  0.001096  0.001262  0.001428  0.001593  0.001754
  0.001911  0.002059  0.002194  0.002312  0.002400  0.002436  0.002413  0.002336
  0.002210  0.002037  0.001828  0.001598  0.001359  0.001118  0.000882  0.000653
  0.000439  0.000000  0.000000  0.000000  0.000000  0.000000  0.000000  0.000000
  1.000000  0.000000
  0.410008  0.410017  0.410025  0.410034  0.410041  0.410046  0.410050  0.410053
  0.410056  0.410060  0.410066  0.410072  0.410080  0.410090  0.410103  0.410118
  0.410136  0.410159  0.410187  0.410223  0.410269  0.410324  0.410382  0.410441
  0.410499  0.410556  0.410609  0.410656  0.410697  0.410730  0.410757  0.410779
  0.410796  0.410809  0.410817  0.410825  0.410834  0.410843  0.410854  0.410866
 ***************************************************************
  ROW NUMBER          15  SECTION NUMBER            2
           0           0           0  IF_DESIGN etc 
   1.00000   0.00000    0
  0.348522  0.349744  0.350683  0.351403  0.351956  0.352380  0.352706  0.352956
  0.353148  0.353340  0.353560  0.353813  0.354107  0.354449  0.354844  0.355298
  0.355820  0.356422  0.357122  0.357958  0.358966  0.360118  0.361296  0.362458
  0.363618  0.364782  0.365924  0.366992  0.367971  0.368867  0.369684  0.370420
  0.371076  0.371652  0.372229  0.372872  0.373589  0.374390  0.375283  0.376280
  1.000000  0.000000
  0.017356  0.015393  0.013887  0.012730  0.011842  0.011160  0.010637  0.010235
  0.009926  0.009967  0.009780  0.009490  0.009132  0.008714  0.008232  0.007683
  0.007057  0.006349  0.005544  0.004604  0.003506  0.002299  0.001117  0.000000
 -0.001065 -0.002084 -0.003035 -0.003883 -0.004625 -0.005274 -0.005841 -0.006332
 -0.006753 -0.007216 -0.007464 -0.007740 -0.008048 -0.008391 -0.008775 -0.009203
  1.000000
  0.000000  0.000000  0.000000  0.000000  0.000000  0.000000  0.000000  0.000000
  0.000000  0.000703  0.000952  0.001139  0.001311  0.001483  0.001654  0.001822
  0.001985  0.002139  0.002279  0.002402  0.002493  0.002531  0.002506  0.002425
  0.002295  0.002116  0.001899  0.001660  0.001412  0.001162  0.000915  0.000679
  0.000456  0.000000  0.000000  0.000000  0.000000  0.000000  0.000000  0.000000
  1.000000  0.000000
  0.421200  0.421200  0.421200  0.421200  0.421200  0.421200  0.421200  0.421200
  0.421200  0.421200  0.421200  0.421200  0.421200  0.421200  0.421200  0.421200
  0.421200  0.421200  0.421200  0.421200  0.421200  0.421200  0.421200  0.421200
  0.421200  0.421200  0.421200  0.421200  0.421200  0.421200  0.421200  0.421200
  0.421200  0.421200  0.421200  0.421200  0.421200  0.421200  0.421200  0.421200
 ***************************************************************
  ROW NUMBER          15  SECTION NUMBER            3
           0           0           0  IF_DESIGN etc 
   1.00000   0.00000    0
  0.348519  0.349742  0.350681  0.351402  0.351955  0.352380  0.352706  0.352957
  0.353149  0.353341  0.353561  0.353814  0.354108  0.354450  0.354845  0.355299
  0.355821  0.356424  0.357123  0.357959  0.358967  0.360119  0.361296  0.362459
  0.363618  0.364782  0.365923  0.366992  0.367970  0.368867  0.369683  0.370420
  0.371076  0.371653  0.372229  0.372873  0.373591  0.374392  0.375286  0.376284
  1.000000  0.000000
  0.018286  0.016244  0.014676  0.013473  0.012548  0.011839  0.011294  0.010876
  0.010555  0.010596  0.010402  0.010100  0.009725  0.009288  0.008782  0.008204
  0.007546  0.006798  0.005945  0.004947  0.003775  0.002482  0.001209  0.000000
 -0.001159 -0.002275 -0.003323 -0.004264 -0.005091 -0.005821 -0.006461 -0.007020
 -0.007502 -0.008010 -0.008308 -0.008640 -0.009010 -0.009424 -0.009885 -0.010400
  1.000000
  0.000000  0.000000  0.000000  0.000000  0.000000  0.000000  0.000000  0.000000
  0.000000  0.000730  0.000990  0.001185  0.001364  0.001543  0.001721  0.001895
  0.002065  0.002225  0.002371  0.002498  0.002593  0.002632  0.002607  0.002523
  0.002386  0.002201  0.001975  0.001726  0.001468  0.001208  0.000952  0.000705
  0.000474  0.000000  0.000000  0.000000  0.000000  0.000000  0.000000  0.000000
  1.000000  0.000000
  0.432392  0.432383  0.432375  0.432366  0.432359  0.432354  0.432350  0.432347
  0.432344  0.432339  0.432334  0.432328  0.432319  0.432310  0.432297  0.432282
  0.432264  0.432241  0.432213  0.432177  0.432131  0.432076  0.432018  0.431959
  0.431901  0.431844  0.431791  0.431744  0.431704  0.431670  0.431643  0.431621
  0.431604  0.431591  0.431583  0.431575  0.431567  0.431557  0.431546  0.431534
 ***************************************************************
 ************STARTING THE INPUT FOR EACH BLADE ROW**************
  BLADE ROW NUMBER =       16                                           
    NUMBER OF BLADES IN ROW 
       177
        JM        JLE       JTE 
        40         9        34
      KTIPSTART  KTIPEND 
         0         0
       BOUNDARY LAYER TRANSITION POINTS 
         0         0         0         0
  SET NEWGRID= 1 TO GENERATE A NEW GRID WITH DIFFERENT "J" POINTS AND SPACINGS.
         0
   RPMROW,    RPMHUB 
       0.0       0.0
       JROTHS    JROTHE    JROTTS    JROTTE 
         1         1         1         1
   PUPROW    PLEROW   PTEROW    PDROW 
  763212.6  763212.6  862699.5  862699.5
      NSECS_ROW   INSURF  
         3         0
  IF_CUSP_OUT   IFANGLES 
         1         0
         0         3         0
 ***************************************************************
  ROW NUMBER          16  SECTION NUMBER            1
           0           0           0  IF_DESIGN etc 
   1.00000   0.00000    0
  0.371646  0.372868  0.373807  0.374528  0.375081  0.375506  0.375831  0.376082
  0.376274  0.376466  0.376686  0.376939  0.377233  0.377575  0.377970  0.378424
  0.378947  0.379549  0.380248  0.381084  0.382092  0.383245  0.384422  0.385584
  0.386744  0.387908  0.389048  0.390116  0.391095  0.391991  0.392806  0.393542
  0.394198  0.394774  0.395350  0.395992  0.396709  0.397510  0.398403  0.399400
  1.000000  0.000000
 -0.020343 -0.018330 -0.016785 -0.015598 -0.014688 -0.013988 -0.013452 -0.013039
 -0.012723 -0.012142 -0.011739 -0.011284 -0.010766 -0.010181 -0.009522 -0.008790
 -0.007977 -0.007078 -0.006083 -0.004958 -0.003691 -0.002356 -0.001113  0.000000
  0.000999  0.001892  0.002664  0.003294  0.003795  0.004190  0.004496  0.004730
  0.004904  0.004887  0.005140  0.005423  0.005739  0.006092  0.006485  0.006923
  1.000000
  0.000000  0.000000  0.000000  0.000000  0.000000  0.000000  0.000000  0.000000
  0.000000  0.000519  0.000682  0.000797  0.000919  0.001055  0.001206  0.001369
  0.001543  0.001728  0.001918  0.002114  0.002301  0.002453  0.002539  0.002554
  0.002501  0.002378  0.002192  0.001957  0.001691  0.001405  0.001108  0.000812
  0.000525  0.000000  0.000000  0.000000  0.000000  0.000000  0.000000  0.000000
  1.000000  0.000000
  0.410809  0.410825  0.410836  0.410845  0.410851  0.410857  0.410860  0.410864
  0.410866  0.410869  0.410873  0.410878  0.410884  0.410891  0.410900  0.410911
  0.410924  0.410941  0.410961  0.410988  0.411023  0.411065  0.411112  0.411161
  0.411212  0.411265  0.411319  0.411371  0.411419  0.411463  0.411503  0.411540
  0.411573  0.411601  0.411636  0.411671  0.411706  0.411738  0.411761  0.411772
 ***************************************************************
  ROW NUMBER          16  SECTION NUMBER            2
           0           0           0  IF_DESIGN etc 
   1.00000   0.00000    0
  0.371650  0.372872  0.373809  0.374530  0.375082  0.375507  0.375833  0.376083
  0.376275  0.376467  0.376686  0.376940  0.377234  0.377575  0.377970  0.378423
  0.378946  0.379548  0.380247  0.381083  0.382091  0.383243  0.384420  0.385583
  0.386742  0.387906  0.389047  0.390115  0.391094  0.391990  0.392806  0.393543
  0.394199  0.394775  0.395351  0.395994  0.396711  0.397511  0.398405  0.399401
  1.000000  0.000000
 -0.019850 -0.017888 -0.016381 -0.015225 -0.014337 -0.013655 -0.013132 -0.012730
 -0.012422 -0.011852 -0.011459 -0.011014 -0.010509 -0.009937 -0.009294 -0.008579
 -0.007785 -0.006907 -0.005936 -0.004838 -0.003601 -0.002298 -0.001085  0.000000
  0.000974  0.001845  0.002595  0.003208  0.003694  0.004078  0.004375  0.004601
  0.004769  0.004748  0.004995  0.005271  0.005579  0.005923  0.006306  0.006734
  1.000000
  0.000000  0.000000  0.000000  0.000000  0.000000  0.000000  0.000000  0.000000
  0.000000  0.000513  0.000674  0.000787  0.000908  0.001042  0.001191  0.001352
  0.001524  0.001706  0.001895  0.002088  0.002273  0.002423  0.002508  0.002523
  0.002470  0.002350  0.002165  0.001933  0.001670  0.001388  0.001095  0.000802
  0.000518  0.000000  0.000000  0.000000  0.000000  0.000000  0.000000  0.000000
  1.000000  0.000000
  0.421200  0.421200  0.421200  0.421200  0.421200  0.421200  0.421200  0.421200
  0.421200  0.421200  0.421200  0.421200  0.421200  0.421200  0.421200  0.421200
  0.421200  0.421200  0.421200  0.421200  0.421200  0.421200  0.421200  0.421200
  0.421200  0.421200  0.421200  0.421200  0.421200  0.421200  0.421200  0.421200
  0.421200  0.421200  0.421200  0.421200  0.421200  0.421200  0.421200  0.421200
 ***************************************************************
  ROW NUMBER          16  SECTION NUMBER            3
           0           0           0  IF_DESIGN etc 
   1.00000   0.00000    0
  0.371646  0.372868  0.373807  0.374528  0.375081  0.375505  0.375831  0.376082
  0.376274  0.376466  0.376686  0.376939  0.377233  0.377575  0.377970  0.378424
  0.378947  0.379549  0.380248  0.381084  0.382092  0.383245  0.384422  0.385584
  0.386744  0.387908  0.389048  0.390116  0.391095  0.391991  0.392806  0.393542
  0.394198  0.394774  0.395350  0.395992  0.396709  0.397510  0.398403  0.399400
  1.000000  0.000000
 -0.019411 -0.017494 -0.016022 -0.014892 -0.014025 -0.013359 -0.012848 -0.012455
 -0.012154 -0.011595 -0.011210 -0.010774 -0.010280 -0.009720 -0.009091 -0.008391
 -0.007614 -0.006756 -0.005805 -0.004731 -0.003520 -0.002246 -0.001061  0.000000
  0.000951  0.001802  0.002534  0.003131  0.003605  0.003977  0.004266  0.004485
  0.004647  0.004622  0.004864  0.005134  0.005435  0.005771  0.006145  0.006564
  1.000000
  0.000000  0.000000  0.000000  0.000000  0.000000  0.000000  0.000000  0.000000
  0.000000  0.000508  0.000667  0.000779  0.000899  0.001032  0.001179  0.001338
  0.001509  0.001689  0.001876  0.002067  0.002250  0.002399  0.002482  0.002497
  0.002445  0.002326  0.002143  0.001914  0.001653  0.001374  0.001084  0.000794
  0.000513  0.000000  0.000000  0.000000  0.000000  0.000000  0.000000  0.000000
  1.000000  0.000000
  0.431591  0.431575  0.431564  0.431555  0.431549  0.431543  0.431539  0.431536
  0.431534  0.431531  0.431527  0.431522  0.431516  0.431509  0.431500  0.431489
  0.431476  0.431459  0.431439  0.431412  0.431377  0.431335  0.431288  0.431239
  0.431188  0.431135  0.431081  0.431029  0.430981  0.430937  0.430897  0.430860
  0.430828  0.430799  0.430764  0.430729  0.430694  0.430662  0.430639  0.430627
 ***************************************************************
 ************STARTING THE INPUT FOR EACH BLADE ROW**************
  BLADE ROW NUMBER =       17                                           
    NUMBER OF BLADES IN ROW 
       178
        JM        JLE       JTE 
        40         9        34
      KTIPSTART  KTIPEND 
         0         0
       BOUNDARY LAYER TRANSITION POINTS 
         0         0         0         0
  SET NEWGRID= 1 TO GENERATE A NEW GRID WITH DIFFERENT "J" POINTS AND SPACINGS.
         0
   RPMROW,    RPMHUB 
    6930.4    6930.4
       JROTHS    JROTHE    JROTTS    JROTTE 
         1         1         1         1
   PUPROW    PLEROW   PTEROW    PDROW 
  862699.5  862699.5  971113.4  971113.4
      NSECS_ROW   INSURF  
         3         0
  IF_CUSP_OUT   IFANGLES 
         1         0
         0         3         0
 ***************************************************************
  ROW NUMBER          17  SECTION NUMBER            1
           0           0           0  IF_DESIGN etc 
   1.00000   0.00000    0
  0.399396  0.400619  0.401557  0.402278  0.402831  0.403256  0.403582  0.403832
  0.404024  0.404216  0.404436  0.404689  0.404983  0.405325  0.405720  0.406173
  0.406696  0.407298  0.407997  0.408833  0.409841  0.410994  0.412170  0.413333
  0.414492  0.415656  0.416797  0.417866  0.418845  0.419741  0.420557  0.421293
  0.421950  0.422526  0.423102  0.423746  0.424463  0.425264  0.426158  0.427155
  1.000000  0.000000
  0.016580  0.014683  0.013226  0.012108  0.011250  0.010591  0.010085  0.009696
  0.009398  0.009438  0.009259  0.008978  0.008634  0.008233  0.007770  0.007244
  0.006647  0.005972  0.005206  0.004316  0.003279  0.002144  0.001039  0.000000
 -0.000985 -0.001922 -0.002791 -0.003560 -0.004229 -0.004810 -0.005313 -0.005746
 -0.006115 -0.006528 -0.006732 -0.006960 -0.007214 -0.007498 -0.007815 -0.008168
  1.000000
  0.000000  0.000000  0.000000  0.000000  0.000000  0.000000  0.000000  0.000000
  0.000000  0.000681  0.000922  0.001103  0.001269  0.001436  0.001601  0.001764
  0.001921  0.002070  0.002206  0.002325  0.002413  0.002450  0.002426  0.002349
  0.002222  0.002049  0.001838  0.001607  0.001367  0.001124  0.000886  0.000657
  0.000442  0.000000  0.000000  0.000000  0.000000  0.000000  0.000000  0.000000
  1.000000  0.000000
  0.411772  0.411779  0.411786  0.411792  0.411797  0.411801  0.411805  0.411807
  0.411809  0.411812  0.411817  0.411822  0.411828  0.411836  0.411845  0.411857
  0.411871  0.411889  0.411910  0.411938  0.411974  0.412016  0.412061  0.412107
  0.412151  0.412195  0.412237  0.412273  0.412304  0.412330  0.412351  0.412368
  0.412381  0.412391  0.412397  0.412403  0.412410  0.412417  0.412425  0.412435
 ***************************************************************
  ROW NUMBER          17  SECTION NUMBER            2
           0           0           0  IF_DESIGN etc 
   1.00000   0.00000    0
  0.399399  0.400621  0.401559  0.402279  0.402832  0.403256  0.403582  0.403832
  0.404024  0.404216  0.404436  0.404689  0.404983  0.405325  0.405720  0.406173
  0.406696  0.407298  0.407997  0.408833  0.409841  0.410994  0.412171  0.413333
  0.414493  0.415657  0.416798  0.417866  0.418845  0.419742  0.420558  0.421294
  0.421950  0.422526  0.423102  0.423745  0.424463  0.425263  0.426157  0.427153
  1.000000  0.000000
  0.017354  0.015392  0.013885  0.012729  0.011841  0.011159  0.010635  0.010234
  0.009925  0.009965  0.009779  0.009489  0.009131  0.008713  0.008231  0.007682
  0.007057  0.006348  0.005543  0.004604  0.003506  0.002299  0.001117  0.000000
 -0.001065 -0.002084 -0.003035 -0.003883 -0.004624 -0.005274 -0.005840 -0.006331
 -0.006752 -0.007215 -0.007463 -0.007739 -0.008047 -0.008390 -0.008774 -0.009202
  1.000000
  0.000000  0.000000  0.000000  0.000000  0.000000  0.000000  0.000000  0.000000
  0.000000  0.000702  0.000952  0.001139  0.001311  0.001483  0.001654  0.001822
  0.001985  0.002139  0.002279  0.002402  0.002493  0.002531  0.002506  0.002425
  0.002295  0.002116  0.001899  0.001660  0.001412  0.001161  0.000915  0.000679
  0.000456  0.000000  0.000000  0.000000  0.000000  0.000000  0.000000  0.000000
  1.000000  0.000000
  0.421200  0.421200  0.421200  0.421200  0.421200  0.421200  0.421200  0.421200
  0.421200  0.421200  0.421200  0.421200  0.421200  0.421200  0.421200  0.421200
  0.421200  0.421200  0.421200  0.421200  0.421200  0.421200  0.421200  0.421200
  0.421200  0.421200  0.421200  0.421200  0.421200  0.421200  0.421200  0.421200
  0.421200  0.421200  0.421200  0.421200  0.421200  0.421200  0.421200  0.421200
 ***************************************************************
  ROW NUMBER          17  SECTION NUMBER            3
           0           0           0  IF_DESIGN etc 
   1.00000   0.00000    0
  0.399397  0.400619  0.401558  0.402278  0.402832  0.403256  0.403582  0.403832
  0.404025  0.404217  0.404436  0.404690  0.404984  0.405325  0.405720  0.406174
  0.406697  0.407299  0.407998  0.408834  0.409842  0.410994  0.412171  0.413333
  0.414493  0.415657  0.416798  0.417866  0.418845  0.419741  0.420558  0.421294
  0.421950  0.422527  0.423103  0.423746  0.424464  0.425265  0.426158  0.427156
  1.000000  0.000000
  0.018136  0.016107  0.014549  0.013353  0.012435  0.011730  0.011189  0.010773
  0.010455  0.010495  0.010303  0.010002  0.009631  0.009196  0.008694  0.008121
  0.007468  0.006726  0.005881  0.004892  0.003733  0.002453  0.001195  0.000000
 -0.001145 -0.002245 -0.003278 -0.004205 -0.005019 -0.005736 -0.006365 -0.006913
 -0.007386 -0.007885 -0.008175 -0.008499 -0.008860 -0.009262 -0.009712 -0.010213
  1.000000
  0.000000  0.000000  0.000000  0.000000  0.000000  0.000000  0.000000  0.000000
  0.000000  0.000725  0.000984  0.001177  0.001355  0.001533  0.001710  0.001883
  0.002052  0.002211  0.002356  0.002482  0.002576  0.002616  0.002590  0.002507
  0.002371  0.002187  0.001962  0.001715  0.001459  0.001200  0.000946  0.000701
  0.000471  0.000000  0.000000  0.000000  0.000000  0.000000  0.000000  0.000000
  1.000000  0.000000
  0.430627  0.430621  0.430614  0.430608  0.430603  0.430599  0.430595  0.430593
  0.430591  0.430588  0.430583  0.430578  0.430572  0.430564  0.430555  0.430543
  0.430529  0.430511  0.430490  0.430462  0.430426  0.430384  0.430339  0.430293
  0.430249  0.430204  0.430163  0.430127  0.430096  0.430070  0.430049  0.430032
  0.430019  0.430009  0.430003  0.429997  0.429990  0.429983  0.429975  0.429965
 ***************************************************************
 ************STARTING THE INPUT FOR EACH BLADE ROW**************
  BLADE ROW NUMBER =       18                                           
    NUMBER OF BLADES IN ROW 
       178
        JM        JLE       JTE 
        40         9        34
      KTIPSTART  KTIPEND 
         0         0
       BOUNDARY LAYER TRANSITION POINTS 
         0         0         0         0
  SET NEWGRID= 1 TO GENERATE A NEW GRID WITH DIFFERENT "J" POINTS AND SPACINGS.
         0
   RPMROW,    RPMHUB 
       0.0       0.0
       JROTHS    JROTHE    JROTTS    JROTTE 
         1         1         1         1
   PUPROW    PLEROW   PTEROW    PDROW 
  971113.4  971113.4 1088035.5 1088035.5
      NSECS_ROW   INSURF  
         3         0
  IF_CUSP_OUT   IFANGLES 
         1         0
         0         3         0
 ***************************************************************
  ROW NUMBER          18  SECTION NUMBER            1
           0           0           0  IF_DESIGN etc 
   1.00000   0.00000    0
  0.422522  0.423744  0.424683  0.425403  0.425956  0.426381  0.426707  0.426957
  0.427149  0.427341  0.427561  0.427814  0.428108  0.428450  0.428845  0.429298
  0.429821  0.430423  0.431123  0.431959  0.432967  0.434119  0.435296  0.436458
  0.437618  0.438782  0.439923  0.440991  0.441969  0.442865  0.443681  0.444417
  0.445073  0.445649  0.446225  0.446867  0.447584  0.448385  0.449278  0.450275
  1.000000  0.000000
 -0.020263 -0.018259 -0.016720 -0.015538 -0.014631 -0.013935 -0.013400 -0.012990
 -0.012674 -0.012095 -0.011694 -0.011240 -0.010725 -0.010141 -0.009485 -0.008756
 -0.007946 -0.007051 -0.006060 -0.004939 -0.003676 -0.002346 -0.001108  0.000000
  0.000995  0.001885  0.002653  0.003280  0.003779  0.004172  0.004477  0.004709
  0.004883  0.004864  0.005117  0.005399  0.005714  0.006065  0.006456  0.006893
  1.000000
  0.000000  0.000000  0.000000  0.000000  0.000000  0.000000  0.000000  0.000000
  0.000000  0.000518  0.000681  0.000795  0.000917  0.001053  0.001203  0.001366
  0.001540  0.001724  0.001914  0.002109  0.002297  0.002448  0.002533  0.002549
  0.002495  0.002373  0.002188  0.001953  0.001687  0.001402  0.001106  0.000810
  0.000524  0.000000  0.000000  0.000000  0.000000  0.000000  0.000000  0.000000
  1.000000  0.000000
  0.412391  0.412403  0.412412  0.412418  0.412423  0.412427  0.412431  0.412433
  0.412435  0.412438  0.412441  0.412444  0.412449  0.412454  0.412461  0.412470
  0.412480  0.412493  0.412509  0.412529  0.412556  0.412589  0.412625  0.412663
  0.412703  0.412745  0.412787  0.412828  0.412866  0.412902  0.412935  0.412964
  0.412991  0.413014  0.413043  0.413072  0.413101  0.413128  0.413147  0.413157
 ***************************************************************
  ROW NUMBER          18  SECTION NUMBER            2
           0           0           0  IF_DESIGN etc 
   1.00000   0.00000    0
  0.422524  0.423746  0.424684  0.425404  0.425957  0.426381  0.426707  0.426957
  0.427149  0.427341  0.427561  0.427814  0.428108  0.428450  0.428844  0.429298
  0.429821  0.430423  0.431122  0.431958  0.432966  0.434118  0.435295  0.436457
  0.437617  0.438781  0.439922  0.440990  0.441969  0.442865  0.443681  0.444417
  0.445073  0.445649  0.446226  0.446868  0.447586  0.448386  0.449279  0.450276
  1.000000  0.000000
 -0.019850 -0.017888 -0.016381 -0.015225 -0.014337 -0.013655 -0.013132 -0.012730
 -0.012422 -0.011852 -0.011459 -0.011014 -0.010509 -0.009937 -0.009294 -0.008579
 -0.007785 -0.006907 -0.005936 -0.004838 -0.003601 -0.002298 -0.001085  0.000000
  0.000974  0.001845  0.002595  0.003208  0.003694  0.004078  0.004375  0.004601
  0.004769  0.004748  0.004995  0.005271  0.005579  0.005923  0.006306  0.006734
  1.000000
  0.000000  0.000000  0.000000  0.000000  0.000000  0.000000  0.000000  0.000000
  0.000000  0.000513  0.000674  0.000787  0.000908  0.001042  0.001191  0.001352
  0.001524  0.001706  0.001895  0.002088  0.002273  0.002423  0.002508  0.002523
  0.002470  0.002350  0.002165  0.001933  0.001670  0.001388  0.001095  0.000802
  0.000518  0.000000  0.000000  0.000000  0.000000  0.000000  0.000000  0.000000
  1.000000  0.000000
  0.421200  0.421200  0.421200  0.421200  0.421200  0.421200  0.421200  0.421200
  0.421200  0.421200  0.421200  0.421200  0.421200  0.421200  0.421200  0.421200
  0.421200  0.421200  0.421200  0.421200  0.421200  0.421200  0.421200  0.421200
  0.421200  0.421200  0.421200  0.421200  0.421200  0.421200  0.421200  0.421200
  0.421200  0.421200  0.421200  0.421200  0.421200  0.421200  0.421200  0.421200
 ***************************************************************
  ROW NUMBER          18  SECTION NUMBER            3
           0           0           0  IF_DESIGN etc 
   1.00000   0.00000    0
  0.422522  0.423744  0.424683  0.425403  0.425956  0.426381  0.426707  0.426957
  0.427149  0.427341  0.427561  0.427814  0.428108  0.428450  0.428845  0.429298
  0.429821  0.430423  0.431123  0.431959  0.432967  0.434119  0.435296  0.436458
  0.437618  0.438782  0.439923  0.440991  0.441969  0.442865  0.443681  0.444417
  0.445073  0.445649  0.446225  0.446867  0.447584  0.448385  0.449278  0.450275
  1.000000  0.000000
 -0.019473 -0.017549 -0.016072 -0.014939 -0.014068 -0.013400 -0.012887 -0.012493
 -0.012191 -0.011631 -0.011244 -0.010808 -0.010312 -0.009750 -0.009119 -0.008417
 -0.007638 -0.006777 -0.005824 -0.004746 -0.003532 -0.002253 -0.001064  0.000000
  0.000955  0.001808  0.002542  0.003142  0.003617  0.003991  0.004281  0.004501
  0.004664  0.004640  0.004883  0.005153  0.005455  0.005792  0.006168  0.006588
  1.000000
  0.000000  0.000000  0.000000  0.000000  0.000000  0.000000  0.000000  0.000000
  0.000000  0.000508  0.000668  0.000780  0.000900  0.001033  0.001180  0.001340
  0.001511  0.001691  0.001878  0.002069  0.002253  0.002402  0.002486  0.002500
  0.002448  0.002329  0.002146  0.001916  0.001656  0.001376  0.001085  0.000795
  0.000514  0.000000  0.000000  0.000000  0.000000  0.000000  0.000000  0.000000
  1.000000  0.000000
  0.430009  0.429997  0.429988  0.429982  0.429977  0.429972  0.429969  0.429967
  0.429965  0.429962  0.429959  0.429956  0.429951  0.429945  0.429939  0.429930
  0.429920  0.429907  0.429891  0.429871  0.429844  0.429811  0.429775  0.429737
  0.429697  0.429655  0.429612  0.429572  0.429533  0.429498  0.429465  0.429436
  0.429409  0.429386  0.429357  0.429328  0.429299  0.429272  0.429253  0.429243
 ***************************************************************
 ************STARTING THE INPUT FOR EACH BLADE ROW**************
  BLADE ROW NUMBER =       19                                           
    NUMBER OF BLADES IN ROW 
       178
        JM        JLE       JTE 
        40         9        34
      KTIPSTART  KTIPEND 
         0         0
       BOUNDARY LAYER TRANSITION POINTS 
         0         0         0         0
  SET NEWGRID= 1 TO GENERATE A NEW GRID WITH DIFFERENT "J" POINTS AND SPACINGS.
         0
   RPMROW,    RPMHUB 
    6930.4    6930.4
       JROTHS    JROTHE    JROTTS    JROTTE 
         1         1         1         1
   PUPROW    PLEROW   PTEROW    PDROW 
 1088035.5 1088035.5 1214677.8 1214677.8
      NSECS_ROW   INSURF  
         3         0
  IF_CUSP_OUT   IFANGLES 
         1         0
         0         3         0
 ***************************************************************
  ROW NUMBER          19  SECTION NUMBER            1
           0           0           0  IF_DESIGN etc 
   1.00000   0.00000    0
  0.450272  0.451494  0.452433  0.453153  0.453706  0.454131  0.454457  0.454707
  0.454899  0.455091  0.455310  0.455564  0.455858  0.456200  0.456595  0.457048
  0.457571  0.458173  0.458872  0.459708  0.460716  0.461868  0.463045  0.464208
  0.465368  0.466532  0.467673  0.468741  0.469720  0.470616  0.471432  0.472169
  0.472825  0.473401  0.473977  0.474620  0.475338  0.476139  0.477032  0.478029
  1.000000  0.000000
  0.016692  0.014785  0.013321  0.012198  0.011335  0.010673  0.010164  0.009774
  0.009474  0.009514  0.009334  0.009052  0.008705  0.008302  0.007836  0.007307
  0.006706  0.006026  0.005254  0.004357  0.003312  0.002166  0.001051  0.000000
 -0.000996 -0.001945 -0.002826 -0.003606 -0.004285 -0.004876 -0.005388 -0.005829
 -0.006206 -0.006626 -0.006836 -0.007071 -0.007333 -0.007625 -0.007952 -0.008316
  1.000000
  0.000000  0.000000  0.000000  0.000000  0.000000  0.000000  0.000000  0.000000
  0.000000  0.000684  0.000926  0.001108  0.001275  0.001442  0.001609  0.001772
  0.001930  0.002080  0.002217  0.002336  0.002424  0.002461  0.002437  0.002359
  0.002232  0.002058  0.001847  0.001615  0.001373  0.001130  0.000890  0.000660
  0.000444  0.000000  0.000000  0.000000  0.000000  0.000000  0.000000  0.000000
  1.000000  0.000000
  0.413157  0.413163  0.413168  0.413174  0.413177  0.413181  0.413183  0.413185
  0.413186  0.413189  0.413192  0.413196  0.413201  0.413207  0.413214  0.413223
  0.413234  0.413248  0.413265  0.413287  0.413315  0.413349  0.413384  0.413420
  0.413455  0.413490  0.413523  0.413551  0.413576  0.413596  0.413613  0.413626
  0.413636  0.413644  0.413648  0.413653  0.413658  0.413664  0.413671  0.413678
 ***************************************************************
  ROW NUMBER          19  SECTION NUMBER            2
           0           0           0  IF_DESIGN etc 
   1.00000   0.00000    0
  0.450274  0.451496  0.452434  0.453154  0.453707  0.454131  0.454457  0.454707
  0.454899  0.455091  0.455311  0.455564  0.455858  0.456200  0.456595  0.457048
  0.457571  0.458173  0.458872  0.459708  0.460716  0.461869  0.463046  0.464208
  0.465368  0.466532  0.467673  0.468741  0.469720  0.470617  0.471433  0.472169
  0.472825  0.473401  0.473977  0.474620  0.475338  0.476138  0.477032  0.478028
  1.000000  0.000000
  0.017354  0.015392  0.013885  0.012729  0.011841  0.011159  0.010635  0.010234
  0.009925  0.009965  0.009779  0.009489  0.009131  0.008713  0.008231  0.007682
  0.007057  0.006348  0.005543  0.004604  0.003506  0.002299  0.001117  0.000000
 -0.001065 -0.002084 -0.003035 -0.003883 -0.004624 -0.005274 -0.005840 -0.006331
 -0.006752 -0.007215 -0.007463 -0.007739 -0.008047 -0.008390 -0.008774 -0.009202
  1.000000
  0.000000  0.000000  0.000000  0.000000  0.000000  0.000000  0.000000  0.000000
  0.000000  0.000702  0.000952  0.001139  0.001311  0.001483  0.001654  0.001822
  0.001985  0.002139  0.002279  0.002402  0.002493  0.002531  0.002506  0.002425
  0.002295  0.002116  0.001899  0.001660  0.001412  0.001161  0.000915  0.000679
  0.000456  0.000000  0.000000  0.000000  0.000000  0.000000  0.000000  0.000000
  1.000000  0.000000
  0.421200  0.421200  0.421200  0.421200  0.421200  0.421200  0.421200  0.421200
  0.421200  0.421200  0.421200  0.421200  0.421200  0.421200  0.421200  0.421200
  0.421200  0.421200  0.421200  0.421200  0.421200  0.421200  0.421200  0.421200
  0.421200  0.421200  0.421200  0.421200  0.421200  0.421200  0.421200  0.421200
  0.421200  0.421200  0.421200  0.421200  0.421200  0.421200  0.421200  0.421200
 ***************************************************************
  ROW NUMBER          19  SECTION NUMBER            3
           0           0           0  IF_DESIGN etc 
   1.00000   0.00000    0
  0.450273  0.451495  0.452433  0.453154  0.453707  0.454131  0.454457  0.454707
  0.454900  0.455092  0.455311  0.455564  0.455859  0.456200  0.456595  0.457049
  0.457571  0.458174  0.458873  0.459709  0.460717  0.461869  0.463046  0.464208
  0.465368  0.466532  0.467673  0.468741  0.469720  0.470616  0.471433  0.472169
  0.472825  0.473402  0.473978  0.474621  0.475339  0.476139  0.477033  0.478030
  1.000000  0.000000
  0.018020  0.016001  0.014451  0.013261  0.012347  0.011646  0.011108  0.010694
  0.010377  0.010418  0.010226  0.009927  0.009557  0.009126  0.008627  0.008057
  0.007408  0.006671  0.005832  0.004850  0.003700  0.002431  0.001184  0.000000
 -0.001133 -0.002222 -0.003243 -0.004158 -0.004962 -0.005670 -0.006290 -0.006830
 -0.007295 -0.007787 -0.008071 -0.008388 -0.008742 -0.009136 -0.009576 -0.010067
  1.000000
  0.000000  0.000000  0.000000  0.000000  0.000000  0.000000  0.000000  0.000000
  0.000000  0.000722  0.000979  0.001172  0.001349  0.001526  0.001702  0.001874
  0.002042  0.002200  0.002344  0.002470  0.002564  0.002603  0.002578  0.002495
  0.002360  0.002177  0.001953  0.001707  0.001452  0.001195  0.000941  0.000698
  0.000469  0.000000  0.000000  0.000000  0.000000  0.000000  0.000000  0.000000
  1.000000  0.000000
  0.429243  0.429238  0.429232  0.429227  0.429223  0.429220  0.429217  0.429215
  0.429214  0.429211  0.429208  0.429204  0.429199  0.429193  0.429186  0.429176
  0.429165  0.429151  0.429134  0.429112  0.429084  0.429050  0.429015  0.428979
  0.428944  0.428909  0.428877  0.428848  0.428824  0.428804  0.428787  0.428774
  0.428764  0.428756  0.428752  0.428747  0.428742  0.428736  0.428729  0.428722
 ***************************************************************
 ************STARTING THE INPUT FOR EACH BLADE ROW**************
  BLADE ROW NUMBER =       20                                           
    NUMBER OF BLADES IN ROW 
       178
        JM        JLE       JTE 
        40         9        34
      KTIPSTART  KTIPEND 
         0         0
       BOUNDARY LAYER TRANSITION POINTS 
         0         0         0         0
  SET NEWGRID= 1 TO GENERATE A NEW GRID WITH DIFFERENT "J" POINTS AND SPACINGS.
         0
   RPMROW,    RPMHUB 
       0.0       0.0
       JROTHS    JROTHE    JROTTS    JROTTE 
         1         1         1         1
   PUPROW    PLEROW   PTEROW    PDROW 
 1214677.8 1214677.8 1350549.1 1350549.1
      NSECS_ROW   INSURF  
         3         0
  IF_CUSP_OUT   IFANGLES 
         1         0
         0         3         0
 ***************************************************************
  ROW NUMBER          20  SECTION NUMBER            1
           0           0           0  IF_DESIGN etc 
   1.00000   0.00000    0
  0.473398  0.474620  0.475558  0.476278  0.476831  0.477256  0.477582  0.477832
  0.478024  0.478216  0.478435  0.478689  0.478983  0.479325  0.479719  0.480173
  0.480696  0.481298  0.481997  0.482833  0.483842  0.484994  0.486171  0.487333
  0.488493  0.489657  0.490797  0.491866  0.492844  0.493740  0.494556  0.495292
  0.495948  0.496524  0.497100  0.497743  0.498460  0.499260  0.500153  0.501150
  1.000000  0.000000
 -0.020202 -0.018203 -0.016669 -0.015491 -0.014587 -0.013893 -0.013360 -0.012951
 -0.012637 -0.012059 -0.011659 -0.011207 -0.010693 -0.010111 -0.009457 -0.008729
 -0.007922 -0.007029 -0.006041 -0.004924 -0.003665 -0.002339 -0.001105  0.000000
  0.000992  0.001879  0.002645  0.003270  0.003766  0.004158  0.004462  0.004693
  0.004866  0.004847  0.005099  0.005380  0.005694  0.006044  0.006434  0.006870
  1.000000
  0.000000  0.000000  0.000000  0.000000  0.000000  0.000000  0.000000  0.000000
  0.000000  0.000517  0.000680  0.000794  0.000916  0.001051  0.001201  0.001364
  0.001538  0.001721  0.001911  0.002106  0.002293  0.002444  0.002529  0.002545
  0.002491  0.002370  0.002184  0.001950  0.001685  0.001400  0.001104  0.000809
  0.000523  0.000000  0.000000  0.000000  0.000000  0.000000  0.000000  0.000000
  1.000000  0.000000
  0.413644  0.413653  0.413660  0.413665  0.413669  0.413672  0.413675  0.413676
  0.413678  0.413680  0.413682  0.413685  0.413689  0.413693  0.413698  0.413705
  0.413713  0.413723  0.413735  0.413751  0.413772  0.413798  0.413827  0.413857
  0.413889  0.413923  0.413957  0.413990  0.414021  0.414050  0.414077  0.414101
  0.414123  0.414142  0.414166  0.414191  0.414215  0.414238  0.414254  0.414262
 ***************************************************************
  ROW NUMBER          20  SECTION NUMBER            2
           0           0           0  IF_DESIGN etc 
   1.00000   0.00000    0
  0.473399  0.474621  0.475559  0.476279  0.476832  0.477256  0.477582  0.477832
  0.478024  0.478216  0.478436  0.478689  0.478983  0.479324  0.479719  0.480173
  0.480695  0.481298  0.481997  0.482833  0.483841  0.484993  0.486170  0.487332
  0.488492  0.489656  0.490797  0.491865  0.492844  0.493740  0.494556  0.495292
  0.495948  0.496524  0.497100  0.497743  0.498460  0.499261  0.500154  0.501151
  1.000000  0.000000
 -0.019850 -0.017888 -0.016381 -0.015225 -0.014337 -0.013655 -0.013132 -0.012730
 -0.012422 -0.011852 -0.011459 -0.011014 -0.010509 -0.009937 -0.009294 -0.008579
 -0.007785 -0.006907 -0.005936 -0.004838 -0.003601 -0.002298 -0.001085  0.000000
  0.000974  0.001845  0.002595  0.003208  0.003694  0.004078  0.004375  0.004601
  0.004769  0.004748  0.004995  0.005271  0.005579  0.005923  0.006306  0.006734
  1.000000
  0.000000  0.000000  0.000000  0.000000  0.000000  0.000000  0.000000  0.000000
  0.000000  0.000513  0.000674  0.000787  0.000908  0.001042  0.001191  0.001352
  0.001524  0.001706  0.001895  0.002088  0.002273  0.002423  0.002508  0.002523
  0.002470  0.002350  0.002165  0.001933  0.001670  0.001388  0.001095  0.000802
  0.000518  0.000000  0.000000  0.000000  0.000000  0.000000  0.000000  0.000000
  1.000000  0.000000
  0.421200  0.421200  0.421200  0.421200  0.421200  0.421200  0.421200  0.421200
  0.421200  0.421200  0.421200  0.421200  0.421200  0.421200  0.421200  0.421200
  0.421200  0.421200  0.421200  0.421200  0.421200  0.421200  0.421200  0.421200
  0.421200  0.421200  0.421200  0.421200  0.421200  0.421200  0.421200  0.421200
  0.421200  0.421200  0.421200  0.421200  0.421200  0.421200  0.421200  0.421200
 ***************************************************************
  ROW NUMBER          20  SECTION NUMBER            3
           0           0           0  IF_DESIGN etc 
   1.00000   0.00000    0
  0.473398  0.474620  0.475558  0.476278  0.476831  0.477256  0.477582  0.477832
  0.478024  0.478216  0.478435  0.478689  0.478983  0.479324  0.479719  0.480173
  0.480696  0.481298  0.481997  0.482833  0.483841  0.484994  0.486170  0.487333
  0.488493  0.489657  0.490797  0.491865  0.492844  0.493740  0.494556  0.495292
  0.495948  0.496524  0.497100  0.497742  0.498459  0.499260  0.500153  0.501150
  1.000000  0.000000
 -0.019523 -0.017594 -0.016113 -0.014977 -0.014104 -0.013434 -0.012920 -0.012525
 -0.012222 -0.011660 -0.011273 -0.010835 -0.010338 -0.009775 -0.009142 -0.008439
 -0.007657 -0.006794 -0.005838 -0.004758 -0.003541 -0.002259 -0.001067  0.000000
  0.000957  0.001813  0.002550  0.003151  0.003628  0.004003  0.004293  0.004514
  0.004678  0.004654  0.004898  0.005169  0.005471  0.005809  0.006186  0.006607
  1.000000
  0.000000  0.000000  0.000000  0.000000  0.000000  0.000000  0.000000  0.000000
  0.000000  0.000509  0.000669  0.000781  0.000901  0.001034  0.001182  0.001341
  0.001513  0.001693  0.001880  0.002072  0.002256  0.002405  0.002488  0.002503
  0.002451  0.002332  0.002149  0.001918  0.001657  0.001377  0.001087  0.000796
  0.000515  0.000000  0.000000  0.000000  0.000000  0.000000  0.000000  0.000000
  1.000000  0.000000
  0.428756  0.428747  0.428740  0.428735  0.428731  0.428728  0.428725  0.428724
  0.428722  0.428720  0.428718  0.428715  0.428711  0.428707  0.428702  0.428695
  0.428687  0.428677  0.428665  0.428649  0.428628  0.428602  0.428573  0.428543
  0.428511  0.428477  0.428443  0.428410  0.428379  0.428350  0.428324  0.428299
  0.428277  0.428258  0.428234  0.428209  0.428185  0.428162  0.428146  0.428138
 ***************************************************************
 ************STARTING THE INPUT FOR EACH BLADE ROW**************
  BLADE ROW NUMBER =       21                                           
    NUMBER OF BLADES IN ROW 
       178
        JM        JLE       JTE 
        40         9        34
      KTIPSTART  KTIPEND 
         0         0
       BOUNDARY LAYER TRANSITION POINTS 
         0         0         0         0
  SET NEWGRID= 1 TO GENERATE A NEW GRID WITH DIFFERENT "J" POINTS AND SPACINGS.
         0
   RPMROW,    RPMHUB 
    6930.4    6930.4
       JROTHS    JROTHE    JROTTS    JROTTE 
         1         1         1         1
   PUPROW    PLEROW   PTEROW    PDROW 
 1350549.1 1350549.1 1496942.9 1496942.9
      NSECS_ROW   INSURF  
         3         0
  IF_CUSP_OUT   IFANGLES 
         1         0
         0         3         0
 ***************************************************************
  ROW NUMBER          21  SECTION NUMBER            1
           0           0           0  IF_DESIGN etc 
   1.00000   0.00000    0
  0.501148  0.502370  0.503308  0.504028  0.504581  0.505006  0.505332  0.505582
  0.505774  0.505966  0.506185  0.506439  0.506733  0.507074  0.507469  0.507923
  0.508446  0.509048  0.509747  0.510583  0.511591  0.512743  0.513920  0.515082
  0.516242  0.517406  0.518547  0.519615  0.520594  0.521490  0.522306  0.523043
  0.523699  0.524275  0.524851  0.525494  0.526212  0.527012  0.527906  0.528903
  1.000000  0.000000
  0.016781  0.014867  0.013397  0.012269  0.011403  0.010738  0.010227  0.009835
  0.009535  0.009575  0.009393  0.009110  0.008762  0.008357  0.007889  0.007357
  0.006753  0.006069  0.005293  0.004390  0.003338  0.002184  0.001059  0.000000
 -0.001005 -0.001964 -0.002854 -0.003643 -0.004330 -0.004929 -0.005448 -0.005896
 -0.006279 -0.006704 -0.006920 -0.007160 -0.007428 -0.007727 -0.008061 -0.008434
  1.000000
  0.000000  0.000000  0.000000  0.000000  0.000000  0.000000  0.000000  0.000000
  0.000000  0.000686  0.000930  0.001112  0.001280  0.001448  0.001615  0.001779
  0.001937  0.002087  0.002225  0.002344  0.002433  0.002470  0.002446  0.002368
  0.002240  0.002066  0.001853  0.001620  0.001378  0.001134  0.000894  0.000662
  0.000445  0.000000  0.000000  0.000000  0.000000  0.000000  0.000000  0.000000
  1.000000  0.000000
  0.414262  0.414267  0.414272  0.414276  0.414279  0.414282  0.414283  0.414285
  0.414286  0.414288  0.414291  0.414294  0.414298  0.414303  0.414309  0.414316
  0.414325  0.414336  0.414350  0.414367  0.414390  0.414417  0.414445  0.414474
  0.414502  0.414530  0.414556  0.414579  0.414598  0.414614  0.414627  0.414638
  0.414646  0.414652  0.414655  0.414659  0.414663  0.414667  0.414672  0.414677
 ***************************************************************
  ROW NUMBER          21  SECTION NUMBER            2
           0           0           0  IF_DESIGN etc 
   1.00000   0.00000    0
  0.501149  0.502371  0.503309  0.504029  0.504582  0.505006  0.505332  0.505582
  0.505774  0.505966  0.506186  0.506439  0.506733  0.507075  0.507469  0.507923
  0.508446  0.509048  0.509747  0.510583  0.511591  0.512743  0.513920  0.515083
  0.516243  0.517406  0.518547  0.519616  0.520595  0.521491  0.522307  0.523043
  0.523699  0.524275  0.524851  0.525494  0.526212  0.527012  0.527905  0.528902
  1.000000  0.000000
  0.017353  0.015391  0.013884  0.012728  0.011840  0.011158  0.010635  0.010233
  0.009925  0.009965  0.009779  0.009488  0.009131  0.008713  0.008231  0.007681
  0.007056  0.006348  0.005543  0.004604  0.003506  0.002298  0.001117  0.000000
 -0.001065 -0.002084 -0.003035 -0.003883 -0.004624 -0.005273 -0.005840 -0.006331
 -0.006752 -0.007215 -0.007462 -0.007738 -0.008046 -0.008390 -0.008774 -0.009202
  1.000000
  0.000000  0.000000  0.000000  0.000000  0.000000  0.000000  0.000000  0.000000
  0.000000  0.000702  0.000952  0.001139  0.001311  0.001483  0.001654  0.001822
  0.001985  0.002138  0.002279  0.002401  0.002492  0.002530  0.002506  0.002425
  0.002295  0.002116  0.001899  0.001660  0.001412  0.001161  0.000915  0.000678
  0.000456  0.000000  0.000000  0.000000  0.000000  0.000000  0.000000  0.000000
  1.000000  0.000000
  0.421200  0.421200  0.421200  0.421200  0.421200  0.421200  0.421200  0.421200
  0.421200  0.421200  0.421200  0.421200  0.421200  0.421200  0.421200  0.421200
  0.421200  0.421200  0.421200  0.421200  0.421200  0.421200  0.421200  0.421200
  0.421200  0.421200  0.421200  0.421200  0.421200  0.421200  0.421200  0.421200
  0.421200  0.421200  0.421200  0.421200  0.421200  0.421200  0.421200  0.421200
 ***************************************************************
  ROW NUMBER          21  SECTION NUMBER            3
           0           0           0  IF_DESIGN etc 
   1.00000   0.00000    0
  0.501148  0.502370  0.503309  0.504029  0.504582  0.505006  0.505332  0.505582
  0.505775  0.505967  0.506186  0.506440  0.506733  0.507075  0.507470  0.507924
  0.508446  0.509048  0.509748  0.510583  0.511591  0.512744  0.513920  0.515083
  0.516243  0.517407  0.518548  0.519616  0.520595  0.521491  0.522307  0.523043
  0.523699  0.524276  0.524852  0.525495  0.526212  0.527013  0.527906  0.528903
  1.000000  0.000000
  0.017927  0.015916  0.014372  0.013187  0.012277  0.011579  0.011042  0.010630
  0.010314  0.010355  0.010164  0.009866  0.009499  0.009069  0.008572  0.008005
  0.007360  0.006627  0.005792  0.004817  0.003673  0.002412  0.001175  0.000000
 -0.001124 -0.002203 -0.003215 -0.004121 -0.004917 -0.005616 -0.006229 -0.006763
 -0.007222 -0.007723 -0.008002 -0.008313 -0.008661 -0.009049 -0.009481 -0.009964
  1.000000
  0.000000  0.000000  0.000000  0.000000  0.000000  0.000000  0.000000  0.000000
  0.000000  0.000719  0.000975  0.001167  0.001344  0.001520  0.001695  0.001867
  0.002034  0.002191  0.002335  0.002461  0.002554  0.002593  0.002568  0.002485
  0.002351  0.002168  0.001945  0.001700  0.001446  0.001190  0.000937  0.000695
  0.000467  0.000000  0.000000  0.000000  0.000000  0.000000  0.000000  0.000000
  1.000000  0.000000
  0.428138  0.428133  0.428128  0.428124  0.428121  0.428118  0.428117  0.428115
  0.428114  0.428112  0.428109  0.428106  0.428102  0.428097  0.428091  0.428084
  0.428075  0.428064  0.428050  0.428032  0.428010  0.427983  0.427955  0.427926
  0.427898  0.427870  0.427844  0.427821  0.427802  0.427786  0.427773  0.427762
  0.427754  0.427748  0.427745  0.427741  0.427737  0.427733  0.427728  0.427723
 ***************************************************************
 ************STARTING THE INPUT FOR EACH BLADE ROW**************
  BLADE ROW NUMBER =       22                                           
    NUMBER OF BLADES IN ROW 
       179
        JM        JLE       JTE 
        40         9        34
      KTIPSTART  KTIPEND 
         0         0
       BOUNDARY LAYER TRANSITION POINTS 
         0         0         0         0
  SET NEWGRID= 1 TO GENERATE A NEW GRID WITH DIFFERENT "J" POINTS AND SPACINGS.
         0
   RPMROW,    RPMHUB 
       0.0       0.0
       JROTHS    JROTHE    JROTTS    JROTTE 
         1         1         1         1
   PUPROW    PLEROW   PTEROW    PDROW 
 1496942.9 1496942.9 1653293.8 1653293.8
      NSECS_ROW   INSURF  
         3         0
  IF_CUSP_OUT   IFANGLES 
         1         0
         0         3         0
 ***************************************************************
  ROW NUMBER          22  SECTION NUMBER            1
           0           0           0  IF_DESIGN etc 
   1.00000   0.00000    0
  0.524274  0.525496  0.526434  0.527155  0.527707  0.528132  0.528458  0.528708
  0.528900  0.529092  0.529311  0.529565  0.529859  0.530200  0.530595  0.531049
  0.531571  0.532174  0.532873  0.533709  0.534717  0.535869  0.537046  0.538208
  0.539368  0.540532  0.541673  0.542741  0.543720  0.544616  0.545433  0.546169
  0.546825  0.547401  0.547977  0.548780  0.549898  0.551457  0.553628  0.556653
  1.000000  0.000000
 -0.020153 -0.018159 -0.016629 -0.015454 -0.014552 -0.013860 -0.013328 -0.012920
 -0.012607 -0.012030 -0.011631 -0.011180 -0.010667 -0.010087 -0.009434 -0.008708
 -0.007903 -0.007012 -0.006027 -0.004912 -0.003656 -0.002333 -0.001102  0.000000
  0.000989  0.001874  0.002638  0.003261  0.003756  0.004146  0.004449  0.004680
  0.004852  0.004833  0.005084  0.005434  0.005921  0.006600  0.007546  0.008864
  1.000000
  0.000000  0.000000  0.000000  0.000000  0.000000  0.000000  0.000000  0.000000
  0.000000  0.000517  0.000679  0.000793  0.000914  0.001050  0.001200  0.001362
  0.001536  0.001719  0.001909  0.002103  0.002290  0.002441  0.002526  0.002541
  0.002488  0.002367  0.002181  0.001948  0.001683  0.001398  0.001103  0.000808
  0.000522  0.000000  0.000000  0.000000  0.000000  0.000000  0.000000  0.000000
  1.000000  0.000000
  0.414652  0.414659  0.414664  0.414668  0.414671  0.414673  0.414675  0.414676
  0.414677  0.414679  0.414680  0.414683  0.414686  0.414689  0.414693  0.414698
  0.414705  0.414713  0.414723  0.414736  0.414752  0.414772  0.414793  0.414815
  0.414837  0.414859  0.414881  0.414900  0.414918  0.414933  0.414946  0.414957
  0.414966  0.414974  0.414977  0.414982  0.414987  0.414992  0.414997  0.414998
 ***************************************************************
  ROW NUMBER          22  SECTION NUMBER            2
           0           0           0  IF_DESIGN etc 
   1.00000   0.00000    0
  0.524275  0.525496  0.526434  0.527155  0.527707  0.528132  0.528458  0.528708
  0.528900  0.529092  0.529311  0.529565  0.529859  0.530200  0.530595  0.531049
  0.531571  0.532173  0.532873  0.533709  0.534716  0.535869  0.537046  0.538208
  0.539368  0.540532  0.541673  0.542741  0.543720  0.544616  0.545433  0.546169
  0.546825  0.547401  0.547977  0.548780  0.549898  0.551456  0.553627  0.556651
  1.000000  0.000000
 -0.019851 -0.017889 -0.016382 -0.015225 -0.014338 -0.013656 -0.013133 -0.012731
 -0.012422 -0.011853 -0.011460 -0.011015 -0.010510 -0.009937 -0.009294 -0.008579
 -0.007785 -0.006908 -0.005937 -0.004838 -0.003601 -0.002298 -0.001085  0.000000
  0.000974  0.001845  0.002596  0.003208  0.003695  0.004078  0.004375  0.004601
  0.004769  0.004748  0.004995  0.005340  0.005820  0.006489  0.007421  0.008720
  1.000000
  0.000000  0.000000  0.000000  0.000000  0.000000  0.000000  0.000000  0.000000
  0.000000  0.000513  0.000674  0.000787  0.000908  0.001042  0.001191  0.001352
  0.001525  0.001707  0.001895  0.002088  0.002273  0.002423  0.002508  0.002523
  0.002470  0.002350  0.002166  0.001933  0.001670  0.001388  0.001095  0.000802
  0.000518  0.000000  0.000000  0.000000  0.000000  0.000000  0.000000  0.000000
  1.000000  0.000000
  0.421200  0.421200  0.421200  0.421200  0.421200  0.421200  0.421200  0.421200
  0.421200  0.421200  0.421200  0.421200  0.421200  0.421200  0.421200  0.421200
  0.421200  0.421200  0.421200  0.421200  0.421200  0.421200  0.421200  0.421200
  0.421200  0.421200  0.421200  0.421200  0.421200  0.421200  0.421200  0.421200
  0.421200  0.421200  0.421200  0.421200  0.421200  0.421200  0.421200  0.421200
 ***************************************************************
  ROW NUMBER          22  SECTION NUMBER            3
           0           0           0  IF_DESIGN etc 
   1.00000   0.00000    0
  0.524274  0.525496  0.526434  0.527154  0.527707  0.528132  0.528458  0.528708
  0.528900  0.529092  0.529311  0.529565  0.529859  0.530200  0.530595  0.531049
  0.531571  0.532174  0.532873  0.533709  0.534717  0.535869  0.537046  0.538208
  0.539368  0.540532  0.541673  0.542741  0.543720  0.544616  0.545432  0.546169
  0.546825  0.547401  0.547977  0.548780  0.549898  0.551457  0.553628  0.556653
  1.000000  0.000000
 -0.019563 -0.017631 -0.016147 -0.015007 -0.014133 -0.013462 -0.012946 -0.012550
 -0.012247 -0.011684 -0.011296 -0.010857 -0.010359 -0.009795 -0.009161 -0.008456
 -0.007673 -0.006808 -0.005851 -0.004768 -0.003548 -0.002264 -0.001069  0.000000
  0.000959  0.001817  0.002555  0.003158  0.003636  0.004012  0.004304  0.004526
  0.004690  0.004667  0.004911  0.005250  0.005723  0.006383  0.007301  0.008581
  1.000000
  0.000000  0.000000  0.000000  0.000000  0.000000  0.000000  0.000000  0.000000
  0.000000  0.000509  0.000669  0.000782  0.000902  0.001035  0.001183  0.001343
  0.001514  0.001695  0.001882  0.002074  0.002258  0.002407  0.002491  0.002506
  0.002453  0.002334  0.002151  0.001920  0.001659  0.001378  0.001088  0.000797
  0.000515  0.000000  0.000000  0.000000  0.000000  0.000000  0.000000  0.000000
  1.000000  0.000000
  0.427748  0.427741  0.427736  0.427732  0.427729  0.427727  0.427725  0.427724
  0.427723  0.427721  0.427720  0.427717  0.427715  0.427711  0.427707  0.427702
  0.427695  0.427687  0.427677  0.427664  0.427648  0.427628  0.427607  0.427585
  0.427563  0.427541  0.427519  0.427500  0.427482  0.427467  0.427454  0.427443
  0.427434  0.427426  0.427423  0.427418  0.427413  0.427408  0.427403  0.427402
  STARTING INLET BOUNDARY CONDITION DATA .
  NUMBER OF POINTS FOR INLET BOUNDARY CONDITIONS 
        37
  SPACING OF INLET BOUNDARY CONDITION POINTS 
  1.000000  1.250000  1.562500  1.953125  2.441406  3.051758  3.814697  4.768372
  5.960464  7.450581  9.313226 11.641532 14.551915 18.189894 20.000000 20.000000
 20.000000 20.000000 20.000000 20.000000 20.000000 20.000000 18.189894 14.551915
 11.641532  9.313226  7.450581  5.960464  4.768372  3.814697  3.051758  2.441406
  1.953125  1.562500  1.250000  1.000000
   INLET STAGNATION PRESSURES 
   52730.0   52730.0   52730.0   52730.0   52730.0   52730.0   52730.0   52730.0
   52730.0   52730.0   52730.0   52730.0   52730.0   52730.0   52730.0   52730.0
   52730.0   52730.0   52730.0   52730.0   52730.0   52730.0   52730.0   52730.0
   52730.0   52730.0   52730.0   52730.0   52730.0   52730.0   52730.0   52730.0
   52730.0   52730.0   52730.0   52730.0   52730.0
   INLET STAGNATION TEMPERATURES 
  275.2970  275.2970  275.2970  275.2970  275.2970  275.2970  275.2970  275.2970
  275.2970  275.2970  275.2970  275.2970  275.2970  275.2970  275.2970  275.2970
  275.2970  275.2970  275.2970  275.2970  275.2970  275.2970  275.2970  275.2970
  275.2970  275.2970  275.2970  275.2970  275.2970  275.2970  275.2970  275.2970
  275.2970  275.2970  275.2970  275.2970  275.2970
   INLET ABSOLUTE TANGENTIAL VELOCITY 
    0.0000    0.0000    0.0000    0.0000    0.0000    0.0000    0.0000    0.0000
    0.0000    0.0000    0.0000    0.0000    0.0000    0.0000    0.0000    0.0000
    0.0000    0.0000    0.0000    0.0000    0.0000    0.0000    0.0000    0.0000
    0.0000    0.0000    0.0000    0.0000    0.0000    0.0000    0.0000    0.0000
    0.0000    0.0000    0.0000    0.0000    0.0000
   INLET MERIDIONAL VELOCITY 
  152.7520  152.7520  152.7520  152.7520  152.7520  152.7520  152.7520  152.7520
  152.7520  152.7520  152.7521  152.7520  152.7520  152.7520  152.7520  152.7520
  152.7520  152.7520  152.7520  152.7520  152.7520  152.7520  152.7520  152.7520
  152.7520  152.7520  152.7520  152.7520  152.7520  152.7520  152.7520  152.7520
  152.7520  152.7520  152.7520  152.7520  152.7520
   INLET MERIDIONAL YAW ANGLE  
   24.5070   24.5070   24.5070   24.5070   24.5070   24.5070   24.5070   24.5070
   24.5070   24.5070   24.5070   24.5070   24.5070   24.5070   24.5070   24.5070
   24.5070   24.5070   24.5070   24.5070   24.5070   24.5070   24.5070   24.5070
   24.5070   24.5070   24.5070   24.5070   24.5070   24.5070   24.5070   24.5070
   24.5070   24.5070   24.5070   24.5070   24.5070
   INLET PITCH ANGLE 
   -1.0784   -1.0720   -1.0639   -1.0538   -1.0412   -1.0254   -1.0057   -0.9811
   -0.9503   -0.9118   -0.8636   -0.8035   -0.7283   -0.6343   -0.5168   -0.3876
   -0.2584   -0.1292   -0.0000    0.1292    0.2584    0.3876    0.5168    0.6343
    0.7283    0.8035    0.8636    0.9118    0.9503    0.9811    1.0057    1.0254
    1.0412    1.0538    1.0639    1.0720    1.0784
   PDOWN_HUB   PDOWN_TIP 
 1653293.8 1653293.8
 MIXING LENGTH LIMITS ON ALL BLADE ROWS
  0.050000  0.050000  0.050000  0.050000  0.050000  0.030000
  0.050000  0.050000  0.050000  0.050000  0.050000  0.030000
  0.050000  0.050000  0.050000  0.050000  0.050000  0.030000
  0.050000  0.050000  0.050000  0.050000  0.050000  0.030000
  0.050000  0.050000  0.050000  0.050000  0.050000  0.030000
  0.050000  0.050000  0.050000  0.050000  0.050000  0.030000
  0.050000  0.050000  0.050000  0.050000  0.050000  0.030000
  0.050000  0.050000  0.050000  0.050000  0.050000  0.030000
  0.050000  0.050000  0.050000  0.050000  0.050000  0.030000
  0.050000  0.050000  0.050000  0.050000  0.050000  0.030000
  0.050000  0.050000  0.050000  0.050000  0.050000  0.030000
  0.050000  0.050000  0.050000  0.050000  0.050000  0.030000
  0.050000  0.050000  0.050000  0.050000  0.050000  0.030000
  0.050000  0.050000  0.050000  0.050000  0.050000  0.030000
  0.050000  0.050000  0.050000  0.050000  0.050000  0.030000
  0.050000  0.050000  0.050000  0.050000  0.050000  0.030000
  0.050000  0.050000  0.050000  0.050000  0.050000  0.030000
  0.050000  0.050000  0.050000  0.050000  0.050000  0.030000
  0.050000  0.050000  0.050000  0.050000  0.050000  0.030000
  0.050000  0.050000  0.050000  0.050000  0.050000  0.030000
  0.050000  0.050000  0.050000  0.050000  0.050000  0.030000
  0.050000  0.050000  0.050000  0.050000  0.050000  0.030000
  FACTOR TO INCREASE THE TURBULENT VISCOSITY OVER THE FIRST NMIXUP STEPS 
   2.00000 1000
