 DATA SET FOR "multall" . GENERATED BY "stagen" .                       
    CP   and   GAMMA 
 1005.0250    1.4000
       ITIMST 
         3
     CFL,    DAMP,    MACHLIM,    F_PDOWN 
  0.400000 10.000000  2.000000  0.000000
  IF_RESTART 
         0
  NSTEPS_MAX, CONLIM 
      9000  0.001000
   SFX,      SFT,      FAC_4TH,     NCHANGE 
  0.005000  0.005000  0.800000      1000
       NUMBER OF BLADE ROWS 
        12
        IM        KM 
        37        37
  FP(I),I=1,IMM1 
  1.000000  1.250000  1.562500  1.953125  2.441406  3.051758  3.814697  4.768372
  5.960464  7.450581  9.313226 11.641532 14.551915 18.189894 20.000000 20.000000
 20.000000 20.000000 20.000000 20.000000 20.000000 20.000000 18.189894 14.551915
 11.641532  9.313226  7.450581  5.960464  4.768372  3.814697  3.051758  2.441406
  1.953125  1.562500  1.250000  1.000000
  FR(K),K=1,KMM1 
  1.000000  1.250000  1.562500  1.953125  2.441406  3.051758  3.814697  4.768372
  5.960464  7.450581  9.313226 11.641532 14.551915 18.189894 20.000000 20.000000
 20.000000 20.000000 20.000000 20.000000 20.000000 20.000000 18.189894 14.551915
 11.641532  9.313226  7.450581  5.960464  4.768372  3.814697  3.051758  2.441406
  1.953125  1.562500  1.250000  1.000000
        IR        JR        KR        IRBB      JRBB      KRBB 
         3         3         3         9         9         9
   FBLK1,     FBLK2,     FBLK3  
  0.400000  0.200000  0.100000
       IFMIX 
         1
   RFMIX,    FEXTRAP,   FSMTHB,    FANGLE 
  0.025000  0.800000  1.000000  0.800000
      IFCOOL    IFBLEED    IF_ROUGH 
         0         0         0
       NSECS_IN 
         3
       IN_PRESS  IN_VTAN   IN_VR    IN_FLOW  IF_REPEAT  RFIN 
         0         0         1         0         0   0.50000
  IPOUT  SFEXIT  NSFEXIT 
    1  0.000000    0
  PLATE_LOSS  THROTTLE_EXIT 
  0.000000  0.000000
        ILOS      NLOS      IBOUND 
        10         5         0
   REYNO,     RF_VIS,   FTRANS, TURBVIS_LIM, PRANDTL, YPLUSWALL
  800000.0     0.500     0.000  3000.000       1.0     0.000
   YPLAM      YPTURB 
  5.000000 25.000000
      ISHIFT    NEXTRAP_LE  NEXTRAP_TE 
         2        10        10
  (NSTG(N),N=1,NROWS) 
         1         1         2         2         3         3         4         4
         5         5         6         6
  5  TIME STEPS FOR PRINTOUT 
      9000      9000      9000      9000      9000
  MARKER FOR VARIABLES TO BE SENT TO THE OUTPUT FILE.
 0 0 0 0 0 0 0 0 0 0 0 0 0 0 0 0 0 0 0 0
  STREAM SURFACES ON WHICH RESULTS ARE TO BE SENT TO   THE OUTPUT FILE 
 0 0 0 0 0 0 0 0 0 0 0 0 0 0 0 0 0 0 0 0 0 0 0 0 0 0 0 0 0 0 0 0 0 0 0 0 0
 ***************************************************************
 ************STARTING THE INPUT FOR EACH BLADE ROW**************
  BLADE ROW NUMBER =        1                                           
    NUMBER OF BLADES IN ROW 
       390
        JM        JLE       JTE 
       111        26        96
      KTIPSTART  KTIPEND 
         0         0
       BOUNDARY LAYER TRANSITION POINTS 
         0         0         0         0
  SET NEWGRID= 1 TO GENERATE A NEW GRID WITH DIFFERENT "J" POINTS AND SPACINGS.
         0
   RPMROW,    RPMHUB 
    3600.0    3600.0
       JROTHS    JROTHE    JROTTS    JROTTE 
         1         1         1         1
   PUPROW    PLEROW   PTEROW    PDROW 
   67782.9   67782.9   87921.4   87921.4
      NSECS_ROW   INSURF  
         3         0
  IF_CUSP_OUT   IFANGLES 
         1         0
         0         3         0
 ***************************************************************
  ROW NUMBER           1  SECTION NUMBER            1
           0           0           0  IF_DESIGN etc 
   1.00000   0.00000    0
 -0.006200 -0.005519 -0.004913 -0.004372 -0.003891 -0.003463 -0.003082 -0.002742
 -0.002440 -0.002171 -0.001932 -0.001719 -0.001529 -0.001360 -0.001209 -0.001075
 -0.000956 -0.000850 -0.000755 -0.000671 -0.000596 -0.000529 -0.000469 -0.000416
 -0.000368 -0.000326 -0.000286 -0.000245 -0.000202 -0.000156 -0.000109 -0.000059
 -0.000006  0.000049  0.000107  0.000168  0.000232  0.000300  0.000371  0.000445
  0.000523  0.000605  0.000691  0.000781  0.000875  0.000974  0.001077  0.001186
  0.001299  0.001418  0.001544  0.001675  0.001813  0.001959  0.002113  0.002279
  0.002457  0.002645  0.002845  0.003054  0.003272  0.003496  0.003721  0.003947
  0.004174  0.004399  0.004623  0.004846  0.005069  0.005293  0.005518  0.005744
  0.005970  0.006197  0.006423  0.006647  0.006868  0.007084  0.007295  0.007502
  0.007703  0.007899  0.008090  0.008276  0.008457  0.008633  0.008805  0.008972
  0.009134  0.009290  0.009442  0.009588  0.009730  0.009865  0.009996  0.010121
  0.010249  0.010384  0.010526  0.010677  0.010837  0.011006  0.011185  0.011374
  0.011574  0.011786  0.012010  0.012247  0.012496  0.012755  0.013028
  1.000000  0.000000
  0.014066  0.012867  0.011799  0.010848  0.009999  0.009243  0.008569  0.007968
  0.007432  0.006954  0.006528  0.006148  0.005810  0.005508  0.005239  0.004998
  0.004784  0.004594  0.004423  0.004272  0.004136  0.004016  0.003908  0.003812
  0.003727  0.003651  0.003686  0.003648  0.003600  0.003545  0.003483  0.003412
  0.003335  0.003254  0.003169  0.003082  0.002991  0.002896  0.002799  0.002698
  0.002595  0.002488  0.002380  0.002269  0.002155  0.002040  0.001923  0.001804
  0.001684  0.001563  0.001442  0.001319  0.001197  0.001074  0.000952  0.000829
  0.000707  0.000587  0.000474  0.000368  0.000271  0.000187  0.000118  0.000064
  0.000025  0.000000 -0.000010 -0.000006  0.000011  0.000043  0.000088  0.000147
  0.000219  0.000306  0.000405  0.000515  0.000635  0.000763  0.000900  0.001042
  0.001190  0.001342  0.001498  0.001657  0.001818  0.001982  0.002146  0.002310
  0.002475  0.002639  0.002801  0.002962  0.003120  0.003275  0.003425  0.003506
  0.003673  0.003848  0.004034  0.004231  0.004438  0.004658  0.004890  0.005135
  0.005395  0.005669  0.005959  0.006265  0.006589  0.006933  0.007296
  1.000000
  0.000000  0.000000  0.000000  0.000000  0.000000  0.000000  0.000000  0.000000
  0.000000  0.000000  0.000000  0.000000  0.000000  0.000000  0.000000  0.000000
  0.000000  0.000000  0.000000  0.000000  0.000000  0.000000  0.000000  0.000000
  0.000000  0.000000  0.000220  0.000294  0.000347  0.000392  0.000431  0.000464
  0.000495  0.000524  0.000553  0.000583  0.000612  0.000641  0.000670  0.000698
  0.000727  0.000756  0.000784  0.000812  0.000840  0.000868  0.000895  0.000922
  0.000948  0.000973  0.000998  0.001022  0.001045  0.001067  0.001088  0.001109
  0.001127  0.001143  0.001158  0.001169  0.001177  0.001181  0.001181  0.001179
  0.001172  0.001162  0.001150  0.001133  0.001114  0.001093  0.001069  0.001041
  0.001010  0.000979  0.000944  0.000908  0.000870  0.000830  0.000790  0.000749
  0.000708  0.000666  0.000625  0.000583  0.000541  0.000499  0.000458  0.000417
  0.000377  0.000337  0.000298  0.000260  0.000223  0.000186  0.000150  0.000000
  0.000000  0.000000  0.000000  0.000000  0.000000  0.000000  0.000000  0.000000
  0.000000  0.000000  0.000000  0.000000  0.000000  0.000000  0.000000
  1.000000  0.000000
  0.208502  0.208515  0.208536  0.208563  0.208594  0.208628  0.208663  0.208698
  0.208733  0.208766  0.208797  0.208827  0.208855  0.208881  0.208906  0.208928
  0.208948  0.208967  0.208984  0.208999  0.209013  0.209026  0.209037  0.209047
  0.209057  0.209065  0.209080  0.209097  0.209114  0.209132  0.209151  0.209172
  0.209194  0.209217  0.209242  0.209269  0.209297  0.209327  0.209359  0.209393
  0.209430  0.209469  0.209510  0.209554  0.209601  0.209651  0.209704  0.209761
  0.209822  0.209886  0.209955  0.210028  0.210107  0.210191  0.210282  0.210381
  0.210488  0.210604  0.210728  0.210860  0.210999  0.211143  0.211289  0.211436
  0.211583  0.211730  0.211876  0.212020  0.212164  0.212306  0.212448  0.212588
  0.212727  0.212863  0.212996  0.213124  0.213247  0.213364  0.213475  0.213580
  0.213679  0.213772  0.213858  0.213940  0.214016  0.214087  0.214153  0.214214
  0.214270  0.214322  0.214370  0.214413  0.214453  0.214489  0.214522  0.214551
  0.214573  0.214597  0.214620  0.214645  0.214670  0.214697  0.214723  0.214751
  0.214779  0.214807  0.214837  0.214868  0.214904  0.214956  0.215016
 ***************************************************************
  ROW NUMBER           1  SECTION NUMBER            2
           0           0           0  IF_DESIGN etc 
   1.00000   0.00000    0
 -0.005576 -0.004976 -0.004441 -0.003963 -0.003538 -0.003159 -0.002820 -0.002519
 -0.002250 -0.002010 -0.001796 -0.001606 -0.001436 -0.001284 -0.001149 -0.001029
 -0.000921 -0.000826 -0.000740 -0.000664 -0.000596 -0.000536 -0.000482 -0.000434
 -0.000391 -0.000353 -0.000314 -0.000274 -0.000233 -0.000189 -0.000142 -0.000094
 -0.000043  0.000011  0.000068  0.000127  0.000190  0.000257  0.000326  0.000400
  0.000477  0.000558  0.000643  0.000732  0.000826  0.000924  0.001028  0.001136
  0.001250  0.001370  0.001497  0.001629  0.001770  0.001918  0.002075  0.002245
  0.002426  0.002620  0.002825  0.003040  0.003265  0.003496  0.003730  0.003964
  0.004198  0.004431  0.004663  0.004894  0.005124  0.005354  0.005586  0.005818
  0.006049  0.006281  0.006511  0.006737  0.006959  0.007176  0.007387  0.007593
  0.007792  0.007984  0.008171  0.008352  0.008528  0.008698  0.008862  0.009021
  0.009175  0.009323  0.009465  0.009602  0.009734  0.009859  0.009980  0.010094
  0.010209  0.010330  0.010459  0.010594  0.010737  0.010889  0.011049  0.011218
  0.011397  0.011586  0.011786  0.011997  0.012221  0.012457  0.012706
  1.000000  0.000000
  0.012483  0.011421  0.010475  0.009631  0.008878  0.008207  0.007609  0.007076
  0.006600  0.006176  0.005798  0.005461  0.005161  0.004893  0.004654  0.004441
  0.004251  0.004082  0.003931  0.003796  0.003676  0.003569  0.003474  0.003388
  0.003313  0.003245  0.003276  0.003242  0.003200  0.003151  0.003095  0.003032
  0.002964  0.002891  0.002816  0.002738  0.002657  0.002574  0.002487  0.002397
  0.002305  0.002211  0.002114  0.002015  0.001915  0.001812  0.001708  0.001603
  0.001496  0.001388  0.001280  0.001171  0.001062  0.000954  0.000845  0.000735
  0.000627  0.000521  0.000420  0.000326  0.000240  0.000166  0.000105  0.000056
  0.000022  0.000000 -0.000009 -0.000005  0.000010  0.000038  0.000078  0.000130
  0.000194  0.000271  0.000358  0.000455  0.000561  0.000674  0.000795  0.000921
  0.001051  0.001185  0.001322  0.001463  0.001605  0.001749  0.001894  0.002039
  0.002184  0.002329  0.002472  0.002614  0.002753  0.002890  0.003022  0.003094
  0.003241  0.003396  0.003560  0.003734  0.003917  0.004111  0.004316  0.004533
  0.004762  0.005004  0.005260  0.005530  0.005816  0.006119  0.006438
  1.000000
  0.000000  0.000000  0.000000  0.000000  0.000000  0.000000  0.000000  0.000000
  0.000000  0.000000  0.000000  0.000000  0.000000  0.000000  0.000000  0.000000
  0.000000  0.000000  0.000000  0.000000  0.000000  0.000000  0.000000  0.000000
  0.000000  0.000000  0.000195  0.000260  0.000307  0.000347  0.000381  0.000411
  0.000438  0.000464  0.000490  0.000516  0.000542  0.000567  0.000593  0.000618
  0.000644  0.000669  0.000694  0.000719  0.000744  0.000768  0.000792  0.000816
  0.000839  0.000862  0.000884  0.000905  0.000925  0.000945  0.000964  0.000982
  0.000998  0.001012  0.001025  0.001035  0.001042  0.001046  0.001046  0.001044
  0.001038  0.001028  0.001018  0.001003  0.000986  0.000968  0.000946  0.000921
  0.000895  0.000866  0.000836  0.000804  0.000770  0.000735  0.000700  0.000663
  0.000627  0.000590  0.000553  0.000516  0.000479  0.000442  0.000405  0.000369
  0.000333  0.000298  0.000264  0.000230  0.000197  0.000165  0.000133  0.000000
  0.000000  0.000000  0.000000  0.000000  0.000000  0.000000  0.000000  0.000000
  0.000000  0.000000  0.000000  0.000000  0.000000  0.000000  0.000000
  1.000000  0.000000
  0.250000  0.250000  0.250000  0.250000  0.250000  0.250000  0.250000  0.250000
  0.250000  0.250000  0.250000  0.250000  0.250000  0.250000  0.250000  0.250000
  0.250000  0.250000  0.250000  0.250000  0.250000  0.250000  0.250000  0.250000
  0.250000  0.250000  0.250000  0.250000  0.250000  0.250000  0.250000  0.250000
  0.250000  0.250000  0.250000  0.250000  0.250000  0.250000  0.250000  0.250000
  0.250000  0.250000  0.250000  0.250000  0.250000  0.250000  0.250000  0.250000
  0.250000  0.250000  0.250000  0.250000  0.250000  0.250000  0.250000  0.250000
  0.250000  0.250000  0.250000  0.250000  0.250000  0.250000  0.250000  0.250000
  0.250000  0.250000  0.250000  0.250000  0.250000  0.250000  0.250000  0.250000
  0.250000  0.250000  0.250000  0.250000  0.250000  0.250000  0.250000  0.250000
  0.250000  0.250000  0.250000  0.250000  0.250000  0.250000  0.250000  0.250000
  0.250000  0.250000  0.250000  0.250000  0.250000  0.250000  0.250000  0.250000
  0.250000  0.250000  0.250000  0.250000  0.250000  0.250000  0.250000  0.250000
  0.250000  0.250000  0.250000  0.250000  0.250000  0.250000  0.250000
 ***************************************************************
  ROW NUMBER           1  SECTION NUMBER            3
           0           0           0  IF_DESIGN etc 
   1.00000   0.00000    0
 -0.006200 -0.005519 -0.004913 -0.004372 -0.003891 -0.003463 -0.003082 -0.002742
 -0.002440 -0.002171 -0.001932 -0.001719 -0.001529 -0.001360 -0.001209 -0.001075
 -0.000956 -0.000850 -0.000755 -0.000671 -0.000596 -0.000529 -0.000469 -0.000416
 -0.000368 -0.000326 -0.000286 -0.000245 -0.000202 -0.000156 -0.000109 -0.000059
 -0.000006  0.000049  0.000107  0.000168  0.000232  0.000300  0.000371  0.000445
  0.000523  0.000605  0.000691  0.000781  0.000875  0.000974  0.001077  0.001186
  0.001299  0.001418  0.001544  0.001675  0.001813  0.001959  0.002113  0.002279
  0.002457  0.002645  0.002845  0.003054  0.003272  0.003496  0.003721  0.003947
  0.004174  0.004399  0.004623  0.004846  0.005069  0.005293  0.005518  0.005744
  0.005970  0.006197  0.006423  0.006647  0.006868  0.007084  0.007295  0.007502
  0.007703  0.007899  0.008090  0.008276  0.008457  0.008633  0.008805  0.008972
  0.009134  0.009290  0.009442  0.009588  0.009730  0.009865  0.009996  0.010121
  0.010249  0.010384  0.010526  0.010677  0.010837  0.011006  0.011185  0.011374
  0.011574  0.011786  0.012010  0.012247  0.012496  0.012755  0.013028
  1.000000  0.000000
  0.014124  0.012924  0.011854  0.010900  0.010049  0.009290  0.008613  0.008010
  0.007472  0.006992  0.006564  0.006183  0.005843  0.005540  0.005270  0.005029
  0.004814  0.004622  0.004451  0.004299  0.004163  0.004042  0.003934  0.003838
  0.003752  0.003676  0.003711  0.003672  0.003624  0.003569  0.003505  0.003434
  0.003356  0.003275  0.003190  0.003101  0.003009  0.002914  0.002816  0.002715
  0.002610  0.002503  0.002394  0.002282  0.002168  0.002052  0.001934  0.001814
  0.001693  0.001571  0.001449  0.001326  0.001202  0.001079  0.000956  0.000832
  0.000709  0.000589  0.000476  0.000369  0.000271  0.000188  0.000118  0.000064
  0.000025  0.000000 -0.000010 -0.000006  0.000011  0.000043  0.000088  0.000147
  0.000219  0.000305  0.000404  0.000513  0.000633  0.000761  0.000896  0.001038
  0.001185  0.001336  0.001491  0.001649  0.001809  0.001971  0.002134  0.002298
  0.002461  0.002624  0.002785  0.002945  0.003102  0.003256  0.003405  0.003486
  0.003651  0.003826  0.004011  0.004207  0.004414  0.004632  0.004863  0.005108
  0.005366  0.005639  0.005927  0.006232  0.006555  0.006895  0.007254
  1.000000
  0.000000  0.000000  0.000000  0.000000  0.000000  0.000000  0.000000  0.000000
  0.000000  0.000000  0.000000  0.000000  0.000000  0.000000  0.000000  0.000000
  0.000000  0.000000  0.000000  0.000000  0.000000  0.000000  0.000000  0.000000
  0.000000  0.000000  0.000220  0.000294  0.000347  0.000392  0.000431  0.000464
  0.000495  0.000524  0.000553  0.000583  0.000612  0.000641  0.000670  0.000698
  0.000727  0.000756  0.000784  0.000812  0.000840  0.000868  0.000895  0.000922
  0.000948  0.000973  0.000998  0.001022  0.001045  0.001067  0.001088  0.001109
  0.001127  0.001143  0.001158  0.001169  0.001177  0.001181  0.001181  0.001179
  0.001172  0.001162  0.001150  0.001133  0.001114  0.001093  0.001069  0.001041
  0.001010  0.000979  0.000944  0.000908  0.000870  0.000830  0.000790  0.000749
  0.000708  0.000666  0.000625  0.000583  0.000541  0.000499  0.000458  0.000417
  0.000377  0.000337  0.000298  0.000260  0.000223  0.000186  0.000150  0.000000
  0.000000  0.000000  0.000000  0.000000  0.000000  0.000000  0.000000  0.000000
  0.000000  0.000000  0.000000  0.000000  0.000000  0.000000  0.000000
  1.000000  0.000000
  0.291498  0.291485  0.291464  0.291437  0.291406  0.291372  0.291337  0.291302
  0.291267  0.291234  0.291203  0.291173  0.291145  0.291119  0.291094  0.291072
  0.291052  0.291033  0.291016  0.291001  0.290987  0.290974  0.290963  0.290953
  0.290943  0.290935  0.290920  0.290903  0.290886  0.290868  0.290849  0.290828
  0.290806  0.290783  0.290758  0.290731  0.290703  0.290673  0.290641  0.290607
  0.290570  0.290531  0.290490  0.290446  0.290399  0.290349  0.290296  0.290239
  0.290178  0.290114  0.290045  0.289972  0.289893  0.289809  0.289718  0.289619
  0.289512  0.289396  0.289272  0.289140  0.289001  0.288857  0.288711  0.288564
  0.288417  0.288270  0.288124  0.287980  0.287836  0.287694  0.287552  0.287412
  0.287273  0.287137  0.287004  0.286876  0.286753  0.286636  0.286525  0.286420
  0.286321  0.286228  0.286142  0.286060  0.285984  0.285913  0.285847  0.285786
  0.285730  0.285678  0.285630  0.285587  0.285547  0.285511  0.285478  0.285449
  0.285427  0.285404  0.285380  0.285355  0.285330  0.285303  0.285277  0.285249
  0.285221  0.285192  0.285163  0.285132  0.285096  0.285044  0.284984
 ***************************************************************
 ************STARTING THE INPUT FOR EACH BLADE ROW**************
  BLADE ROW NUMBER =        2                                           
    NUMBER OF BLADES IN ROW 
       358
        JM        JLE       JTE 
       106        21        91
      KTIPSTART  KTIPEND 
         0         0
       BOUNDARY LAYER TRANSITION POINTS 
         0         0         0         0
  SET NEWGRID= 1 TO GENERATE A NEW GRID WITH DIFFERENT "J" POINTS AND SPACINGS.
         0
   RPMROW,    RPMHUB 
       0.0       0.0
       JROTHS    JROTHE    JROTTS    JROTTE 
         1         1         1         1
   PUPROW    PLEROW   PTEROW    PDROW 
   87921.4   87921.4  111572.3  111572.3
      NSECS_ROW   INSURF  
         3         0
  IF_CUSP_OUT   IFANGLES 
         1         0
         0         3         0
 ***************************************************************
  ROW NUMBER           2  SECTION NUMBER            1
           0           0           0  IF_DESIGN etc 
   1.00000   0.00000    0
  0.009459  0.009794  0.010097  0.010376  0.010626  0.010850  0.011052  0.011233
  0.011395  0.011540  0.011671  0.011788  0.011893  0.011987  0.012071  0.012147
  0.012215  0.012276  0.012330  0.012379  0.012423  0.012466  0.012511  0.012559
  0.012608  0.012660  0.012714  0.012772  0.012832  0.012896  0.012962  0.013032
  0.013106  0.013184  0.013265  0.013351  0.013441  0.013535  0.013633  0.013736
  0.013844  0.013957  0.014076  0.014201  0.014331  0.014468  0.014612  0.014764
  0.014923  0.015092  0.015274  0.015468  0.015674  0.015892  0.016121  0.016358
  0.016602  0.016847  0.017093  0.017338  0.017582  0.017824  0.018064  0.018303
  0.018543  0.018783  0.019024  0.019265  0.019505  0.019744  0.019979  0.020210
  0.020436  0.020656  0.020870  0.021078  0.021280  0.021475  0.021666  0.021850
  0.022030  0.022204  0.022372  0.022535  0.022692  0.022843  0.022989  0.023130
  0.023265  0.023394  0.023517  0.023640  0.023770  0.023908  0.024054  0.024209
  0.024375  0.024550  0.024736  0.024935  0.025146  0.025372  0.025614  0.025871
  0.026144  0.026433
  1.000000  0.000000
 -0.010263 -0.009645 -0.009091 -0.008593 -0.008146 -0.007745 -0.007385 -0.007063
 -0.006774 -0.006515 -0.006282 -0.006074 -0.005887 -0.005720 -0.005569 -0.005435
 -0.005314 -0.005206 -0.005109 -0.005022 -0.004943 -0.004788 -0.004684 -0.004589
 -0.004494 -0.004397 -0.004296 -0.004192 -0.004084 -0.003972 -0.003856 -0.003737
 -0.003614 -0.003487 -0.003357 -0.003223 -0.003086 -0.002947 -0.002805 -0.002660
 -0.002513 -0.002364 -0.002214 -0.002062 -0.001909 -0.001755 -0.001601 -0.001447
 -0.001294 -0.001141 -0.000988 -0.000837 -0.000690 -0.000551 -0.000421 -0.000304
 -0.000204 -0.000123 -0.000060 -0.000018  0.000006  0.000013  0.000000 -0.000030
 -0.000077 -0.000142 -0.000225 -0.000325 -0.000441 -0.000575 -0.000722 -0.000882
 -0.001053 -0.001234 -0.001422 -0.001617 -0.001816 -0.002021 -0.002229 -0.002441
 -0.002654 -0.002869 -0.003084 -0.003299 -0.003512 -0.003724 -0.003933 -0.004139
 -0.004341 -0.004538 -0.004782 -0.004953 -0.005134 -0.005325 -0.005527 -0.005740
 -0.005966 -0.006204 -0.006457 -0.006723 -0.007004 -0.007301 -0.007615 -0.007946
 -0.008296 -0.008666
  1.000000
  0.000000  0.000000  0.000000  0.000000  0.000000  0.000000  0.000000  0.000000
  0.000000  0.000000  0.000000  0.000000  0.000000  0.000000  0.000000  0.000000
  0.000000  0.000000  0.000000  0.000000  0.000000  0.000165  0.000225  0.000264
  0.000293  0.000316  0.000336  0.000354  0.000373  0.000393  0.000414  0.000436
  0.000458  0.000481  0.000506  0.000530  0.000556  0.000582  0.000610  0.000637
  0.000666  0.000695  0.000725  0.000755  0.000786  0.000817  0.000849  0.000881
  0.000913  0.000945  0.000978  0.001010  0.001042  0.001073  0.001101  0.001128
  0.001151  0.001171  0.001187  0.001198  0.001204  0.001208  0.001207  0.001201
  0.001193  0.001180  0.001162  0.001141  0.001117  0.001088  0.001055  0.001019
  0.000981  0.000940  0.000897  0.000853  0.000807  0.000760  0.000711  0.000662
  0.000612  0.000562  0.000512  0.000461  0.000410  0.000360  0.000310  0.000262
  0.000214  0.000164  0.000000  0.000000  0.000000  0.000000  0.000000  0.000000
  0.000000  0.000000  0.000000  0.000000  0.000000  0.000000  0.000000  0.000000
  0.000000  0.000000
  1.000000  0.000000
  0.214365  0.214466  0.214545  0.214595  0.214637  0.214673  0.214704  0.214730
  0.214754  0.214774  0.214792  0.214808  0.214821  0.214834  0.214845  0.214855
  0.214863  0.214871  0.214878  0.214884  0.214890  0.214898  0.214907  0.214917
  0.214927  0.214938  0.214950  0.214962  0.214976  0.214990  0.215006  0.215023
  0.215041  0.215061  0.215082  0.215105  0.215130  0.215156  0.215184  0.215215
  0.215248  0.215283  0.215321  0.215362  0.215406  0.215454  0.215505  0.215560
  0.215620  0.215685  0.215757  0.215836  0.215921  0.216014  0.216113  0.216219
  0.216330  0.216444  0.216560  0.216678  0.216796  0.216915  0.217035  0.217155
  0.217276  0.217398  0.217521  0.217643  0.217766  0.217888  0.218008  0.218125
  0.218239  0.218350  0.218456  0.218559  0.218657  0.218752  0.218843  0.218931
  0.219015  0.219095  0.219171  0.219244  0.219314  0.219380  0.219442  0.219501
  0.219557  0.219610  0.219659  0.219714  0.219770  0.219828  0.219886  0.219945
  0.220005  0.220063  0.220120  0.220175  0.220227  0.220263  0.220289  0.220310
  0.220325  0.220337
 ***************************************************************
  ROW NUMBER           2  SECTION NUMBER            2
           0           0           0  IF_DESIGN etc 
   1.00000   0.00000    0
  0.009670  0.009994  0.010283  0.010543  0.010776  0.010985  0.011172  0.011340
  0.011491  0.011626  0.011747  0.011855  0.011953  0.012040  0.012118  0.012188
  0.012251  0.012307  0.012358  0.012403  0.012444  0.012484  0.012527  0.012571
  0.012618  0.012667  0.012719  0.012773  0.012830  0.012890  0.012954  0.013020
  0.013091  0.013165  0.013243  0.013325  0.013411  0.013501  0.013596  0.013695
  0.013800  0.013910  0.014025  0.014146  0.014273  0.014407  0.014549  0.014697
  0.014855  0.015022  0.015202  0.015395  0.015600  0.015818  0.016047  0.016286
  0.016531  0.016779  0.017028  0.017276  0.017524  0.017770  0.018015  0.018259
  0.018504  0.018750  0.018996  0.019242  0.019488  0.019732  0.019973  0.020209
  0.020439  0.020663  0.020881  0.021092  0.021297  0.021495  0.021688  0.021874
  0.022055  0.022230  0.022398  0.022561  0.022719  0.022870  0.023015  0.023155
  0.023288  0.023416  0.023538  0.023660  0.023788  0.023924  0.024068  0.024220
  0.024381  0.024551  0.024731  0.024921  0.025122  0.025334  0.025558  0.025796
  0.026046  0.026312
  1.000000  0.000000
 -0.009457 -0.008885 -0.008372 -0.007913 -0.007501 -0.007131 -0.006800 -0.006503
 -0.006237 -0.005998 -0.005784 -0.005592 -0.005420 -0.005266 -0.005128 -0.005004
 -0.004893 -0.004793 -0.004704 -0.004623 -0.004552 -0.004408 -0.004313 -0.004225
 -0.004138 -0.004049 -0.003956 -0.003860 -0.003760 -0.003657 -0.003551 -0.003441
 -0.003328 -0.003211 -0.003091 -0.002968 -0.002842 -0.002713 -0.002582 -0.002449
 -0.002314 -0.002177 -0.002038 -0.001898 -0.001757 -0.001615 -0.001474 -0.001332
 -0.001191 -0.001050 -0.000909 -0.000770 -0.000635 -0.000506 -0.000387 -0.000279
 -0.000188 -0.000113 -0.000055 -0.000016  0.000006  0.000012  0.000000 -0.000027
 -0.000071 -0.000130 -0.000207 -0.000299 -0.000405 -0.000527 -0.000662 -0.000809
 -0.000966 -0.001131 -0.001303 -0.001481 -0.001664 -0.001851 -0.002042 -0.002235
 -0.002430 -0.002627 -0.002823 -0.003020 -0.003215 -0.003409 -0.003600 -0.003788
 -0.003972 -0.004152 -0.004375 -0.004531 -0.004696 -0.004871 -0.005055 -0.005250
 -0.005455 -0.005673 -0.005903 -0.006146 -0.006404 -0.006675 -0.006963 -0.007266
 -0.007587 -0.007927
  1.000000
  0.000000  0.000000  0.000000  0.000000  0.000000  0.000000  0.000000  0.000000
  0.000000  0.000000  0.000000  0.000000  0.000000  0.000000  0.000000  0.000000
  0.000000  0.000000  0.000000  0.000000  0.000000  0.000152  0.000207  0.000243
  0.000269  0.000291  0.000309  0.000325  0.000343  0.000361  0.000381  0.000400
  0.000421  0.000442  0.000464  0.000487  0.000511  0.000535  0.000560  0.000586
  0.000612  0.000639  0.000666  0.000694  0.000722  0.000751  0.000780  0.000809
  0.000839  0.000868  0.000898  0.000928  0.000957  0.000985  0.001012  0.001037
  0.001058  0.001076  0.001090  0.001100  0.001106  0.001110  0.001109  0.001103
  0.001096  0.001084  0.001067  0.001048  0.001026  0.000999  0.000969  0.000936
  0.000901  0.000863  0.000824  0.000783  0.000741  0.000698  0.000653  0.000608
  0.000563  0.000516  0.000470  0.000424  0.000377  0.000331  0.000285  0.000240
  0.000196  0.000151  0.000000  0.000000  0.000000  0.000000  0.000000  0.000000
  0.000000  0.000000  0.000000  0.000000  0.000000  0.000000  0.000000  0.000000
  0.000000  0.000000
  1.000000  0.000000
  0.250000  0.250000  0.250000  0.250000  0.250000  0.250000  0.250000  0.250000
  0.250000  0.250000  0.250000  0.250000  0.250000  0.250000  0.250000  0.250000
  0.250000  0.250000  0.250000  0.250000  0.250000  0.250000  0.250000  0.250000
  0.250000  0.250000  0.250000  0.250000  0.250000  0.250000  0.250000  0.250000
  0.250000  0.250000  0.250000  0.250000  0.250000  0.250000  0.250000  0.250000
  0.250000  0.250000  0.250000  0.250000  0.250000  0.250000  0.250000  0.250000
  0.250000  0.250000  0.250000  0.250000  0.250000  0.250000  0.250000  0.250000
  0.250000  0.250000  0.250000  0.250000  0.250000  0.250000  0.250000  0.250000
  0.250000  0.250000  0.250000  0.250000  0.250000  0.250000  0.250000  0.250000
  0.250000  0.250000  0.250000  0.250000  0.250000  0.250000  0.250000  0.250000
  0.250000  0.250000  0.250000  0.250000  0.250000  0.250000  0.250000  0.250000
  0.250000  0.250000  0.250000  0.250000  0.250000  0.250000  0.250000  0.250000
  0.250000  0.250000  0.250000  0.250000  0.250000  0.250000  0.250000  0.250000
  0.250000  0.250000
 ***************************************************************
  ROW NUMBER           2  SECTION NUMBER            3
           0           0           0  IF_DESIGN etc 
   1.00000   0.00000    0
  0.009459  0.009794  0.010097  0.010376  0.010626  0.010850  0.011052  0.011233
  0.011395  0.011540  0.011671  0.011788  0.011893  0.011987  0.012071  0.012147
  0.012215  0.012276  0.012330  0.012379  0.012423  0.012466  0.012511  0.012559
  0.012608  0.012660  0.012714  0.012772  0.012832  0.012896  0.012962  0.013032
  0.013106  0.013184  0.013265  0.013351  0.013441  0.013535  0.013633  0.013736
  0.013844  0.013957  0.014076  0.014201  0.014331  0.014468  0.014612  0.014764
  0.014923  0.015092  0.015274  0.015468  0.015674  0.015892  0.016121  0.016358
  0.016602  0.016847  0.017093  0.017338  0.017582  0.017824  0.018064  0.018303
  0.018543  0.018783  0.019024  0.019265  0.019505  0.019744  0.019979  0.020210
  0.020436  0.020656  0.020870  0.021078  0.021280  0.021475  0.021666  0.021850
  0.022030  0.022204  0.022372  0.022535  0.022692  0.022843  0.022989  0.023130
  0.023265  0.023394  0.023517  0.023640  0.023770  0.023908  0.024054  0.024209
  0.024375  0.024550  0.024736  0.024935  0.025146  0.025372  0.025614  0.025871
  0.026144  0.026433
  1.000000  0.000000
 -0.010316 -0.009691 -0.009130 -0.008628 -0.008179 -0.007775 -0.007414 -0.007090
 -0.006800 -0.006539 -0.006306 -0.006097 -0.005909 -0.005741 -0.005591 -0.005455
 -0.005334 -0.005226 -0.005128 -0.005041 -0.004963 -0.004806 -0.004703 -0.004607
 -0.004512 -0.004414 -0.004313 -0.004209 -0.004100 -0.003988 -0.003872 -0.003752
 -0.003628 -0.003501 -0.003370 -0.003236 -0.003098 -0.002958 -0.002815 -0.002670
 -0.002523 -0.002373 -0.002222 -0.002069 -0.001915 -0.001761 -0.001606 -0.001452
 -0.001298 -0.001145 -0.000991 -0.000839 -0.000692 -0.000552 -0.000422 -0.000304
 -0.000204 -0.000123 -0.000060 -0.000018  0.000006  0.000013  0.000000 -0.000030
 -0.000077 -0.000142 -0.000225 -0.000325 -0.000440 -0.000573 -0.000720 -0.000879
 -0.001049 -0.001229 -0.001416 -0.001609 -0.001808 -0.002011 -0.002217 -0.002427
 -0.002639 -0.002852 -0.003065 -0.003278 -0.003490 -0.003699 -0.003906 -0.004110
 -0.004310 -0.004505 -0.004748 -0.004916 -0.005095 -0.005283 -0.005483 -0.005694
 -0.005917 -0.006152 -0.006401 -0.006665 -0.006944 -0.007239 -0.007551 -0.007881
 -0.008230 -0.008599
  1.000000
  0.000000  0.000000  0.000000  0.000000  0.000000  0.000000  0.000000  0.000000
  0.000000  0.000000  0.000000  0.000000  0.000000  0.000000  0.000000  0.000000
  0.000000  0.000000  0.000000  0.000000  0.000000  0.000165  0.000225  0.000264
  0.000293  0.000316  0.000336  0.000354  0.000373  0.000393  0.000414  0.000436
  0.000458  0.000481  0.000506  0.000530  0.000556  0.000582  0.000610  0.000637
  0.000666  0.000695  0.000725  0.000755  0.000786  0.000817  0.000849  0.000881
  0.000913  0.000945  0.000978  0.001010  0.001042  0.001073  0.001101  0.001128
  0.001151  0.001171  0.001187  0.001198  0.001204  0.001208  0.001207  0.001201
  0.001193  0.001180  0.001162  0.001141  0.001117  0.001088  0.001055  0.001019
  0.000981  0.000940  0.000897  0.000853  0.000807  0.000760  0.000711  0.000662
  0.000612  0.000562  0.000512  0.000461  0.000410  0.000360  0.000310  0.000262
  0.000214  0.000164  0.000000  0.000000  0.000000  0.000000  0.000000  0.000000
  0.000000  0.000000  0.000000  0.000000  0.000000  0.000000  0.000000  0.000000
  0.000000  0.000000
  1.000000  0.000000
  0.285635  0.285534  0.285455  0.285405  0.285363  0.285327  0.285296  0.285270
  0.285246  0.285226  0.285208  0.285192  0.285179  0.285166  0.285155  0.285145
  0.285137  0.285129  0.285122  0.285116  0.285110  0.285102  0.285093  0.285083
  0.285073  0.285062  0.285051  0.285038  0.285024  0.285010  0.284994  0.284977
  0.284959  0.284939  0.284918  0.284895  0.284870  0.284844  0.284816  0.284785
  0.284752  0.284717  0.284679  0.284638  0.284594  0.284546  0.284495  0.284439
  0.284380  0.284315  0.284243  0.284164  0.284079  0.283986  0.283887  0.283781
  0.283670  0.283556  0.283440  0.283322  0.283204  0.283084  0.282965  0.282845
  0.282724  0.282602  0.282480  0.282357  0.282234  0.282112  0.281992  0.281875
  0.281761  0.281650  0.281544  0.281441  0.281343  0.281248  0.281157  0.281069
  0.280985  0.280905  0.280829  0.280756  0.280686  0.280620  0.280558  0.280499
  0.280443  0.280390  0.280341  0.280286  0.280230  0.280172  0.280114  0.280055
  0.279995  0.279937  0.279880  0.279825  0.279773  0.279737  0.279711  0.279690
  0.279675  0.279663
 ***************************************************************
 ************STARTING THE INPUT FOR EACH BLADE ROW**************
  BLADE ROW NUMBER =        3                                           
    NUMBER OF BLADES IN ROW 
       362
        JM        JLE       JTE 
       106        21        91
      KTIPSTART  KTIPEND 
         0         0
       BOUNDARY LAYER TRANSITION POINTS 
         0         0         0         0
  SET NEWGRID= 1 TO GENERATE A NEW GRID WITH DIFFERENT "J" POINTS AND SPACINGS.
         0
   RPMROW,    RPMHUB 
    3600.0    3600.0
       JROTHS    JROTHE    JROTTS    JROTTE 
         1         1         1         1
   PUPROW    PLEROW   PTEROW    PDROW 
  111572.3  111572.3  139401.2  139401.2
      NSECS_ROW   INSURF  
         3         0
  IF_CUSP_OUT   IFANGLES 
         1         0
         0         3         0
 ***************************************************************
  ROW NUMBER           3  SECTION NUMBER            1
           0           0           0  IF_DESIGN etc 
   1.00000   0.00000    0
  0.025525  0.025864  0.026169  0.026443  0.026690  0.026910  0.027107  0.027283
  0.027440  0.027582  0.027709  0.027822  0.027924  0.028015  0.028097  0.028171
  0.028236  0.028295  0.028348  0.028396  0.028438  0.028480  0.028524  0.028570
  0.028618  0.028668  0.028721  0.028777  0.028836  0.028898  0.028963  0.029031
  0.029103  0.029179  0.029258  0.029342  0.029430  0.029521  0.029618  0.029719
  0.029825  0.029936  0.030052  0.030175  0.030303  0.030438  0.030579  0.030729
  0.030886  0.031053  0.031233  0.031425  0.031630  0.031846  0.032073  0.032310
  0.032553  0.032798  0.033043  0.033289  0.033533  0.033776  0.034017  0.034257
  0.034499  0.034742  0.034985  0.035228  0.035471  0.035712  0.035951  0.036185
  0.036414  0.036638  0.036855  0.037067  0.037272  0.037471  0.037665  0.037853
  0.038036  0.038213  0.038384  0.038550  0.038711  0.038865  0.039014  0.039158
  0.039295  0.039427  0.039553  0.039680  0.039815  0.039958  0.040108  0.040267
  0.040436  0.040614  0.040802  0.041001  0.041212  0.041435  0.041670  0.041919
  0.042182  0.042458
  1.000000  0.000000
  0.008778  0.008177  0.007638  0.007154  0.006721  0.006332  0.005984  0.005672
  0.005392  0.005141  0.004916  0.004714  0.004533  0.004371  0.004226  0.004095
  0.003979  0.003874  0.003780  0.003696  0.003620  0.003655  0.003617  0.003570
  0.003515  0.003453  0.003383  0.003306  0.003226  0.003142  0.003055  0.002965
  0.002871  0.002775  0.002675  0.002572  0.002467  0.002359  0.002249  0.002136
  0.002022  0.001906  0.001788  0.001669  0.001549  0.001429  0.001307  0.001186
  0.001065  0.000943  0.000821  0.000700  0.000582  0.000470  0.000364  0.000268
  0.000185  0.000117  0.000063  0.000025  0.000000 -0.000010 -0.000006  0.000011
  0.000043  0.000087  0.000145  0.000217  0.000303  0.000400  0.000509  0.000628
  0.000755  0.000890  0.001031  0.001177  0.001327  0.001481  0.001638  0.001798
  0.001959  0.002122  0.002284  0.002447  0.002609  0.002770  0.002928  0.003085
  0.003238  0.003386  0.003467  0.003631  0.003805  0.003989  0.004183  0.004388
  0.004605  0.004835  0.005078  0.005334  0.005605  0.005892  0.006195  0.006515
  0.006854  0.007212
  1.000000
  0.000000  0.000000  0.000000  0.000000  0.000000  0.000000  0.000000  0.000000
  0.000000  0.000000  0.000000  0.000000  0.000000  0.000000  0.000000  0.000000
  0.000000  0.000000  0.000000  0.000000  0.000000  0.000218  0.000291  0.000343
  0.000388  0.000426  0.000460  0.000490  0.000519  0.000548  0.000577  0.000605
  0.000634  0.000663  0.000691  0.000720  0.000748  0.000776  0.000804  0.000832
  0.000859  0.000886  0.000912  0.000938  0.000963  0.000988  0.001012  0.001035
  0.001057  0.001077  0.001098  0.001116  0.001132  0.001146  0.001157  0.001165
  0.001169  0.001169  0.001167  0.001160  0.001150  0.001138  0.001122  0.001102
  0.001082  0.001058  0.001030  0.001000  0.000969  0.000934  0.000899  0.000861
  0.000822  0.000782  0.000742  0.000701  0.000660  0.000618  0.000577  0.000535
  0.000494  0.000453  0.000413  0.000373  0.000334  0.000295  0.000257  0.000220
  0.000185  0.000148  0.000000  0.000000  0.000000  0.000000  0.000000  0.000000
  0.000000  0.000000  0.000000  0.000000  0.000000  0.000000  0.000000  0.000000
  0.000000  0.000000
  1.000000  0.000000
  0.220280  0.220309  0.220326  0.220337  0.220345  0.220356  0.220373  0.220389
  0.220403  0.220417  0.220429  0.220441  0.220451  0.220461  0.220470  0.220478
  0.220485  0.220492  0.220498  0.220503  0.220508  0.220515  0.220523  0.220531
  0.220540  0.220550  0.220560  0.220571  0.220583  0.220595  0.220609  0.220624
  0.220640  0.220657  0.220675  0.220695  0.220716  0.220739  0.220764  0.220790
  0.220819  0.220849  0.220882  0.220918  0.220956  0.220996  0.221041  0.221088
  0.221139  0.221195  0.221256  0.221323  0.221396  0.221474  0.221558  0.221648
  0.221740  0.221835  0.221932  0.222029  0.222126  0.222223  0.222319  0.222415
  0.222512  0.222608  0.222704  0.222799  0.222892  0.222984  0.223073  0.223159
  0.223241  0.223319  0.223394  0.223464  0.223530  0.223592  0.223650  0.223705
  0.223756  0.223804  0.223848  0.223889  0.223927  0.223962  0.223994  0.224023
  0.224049  0.224073  0.224094  0.224109  0.224124  0.224139  0.224155  0.224172
  0.224189  0.224207  0.224225  0.224244  0.224263  0.224283  0.224304  0.224326
  0.224348  0.224384
 ***************************************************************
  ROW NUMBER           3  SECTION NUMBER            2
           0           0           0  IF_DESIGN etc 
   1.00000   0.00000    0
  0.025656  0.025980  0.026270  0.026530  0.026764  0.026973  0.027161  0.027329
  0.027480  0.027615  0.027736  0.027845  0.027942  0.028030  0.028108  0.028178
  0.028241  0.028298  0.028348  0.028394  0.028435  0.028475  0.028518  0.028562
  0.028609  0.028658  0.028710  0.028764  0.028821  0.028882  0.028945  0.029012
  0.029083  0.029157  0.029235  0.029317  0.029403  0.029494  0.029589  0.029689
  0.029793  0.029903  0.030019  0.030140  0.030268  0.030402  0.030543  0.030692
  0.030850  0.031018  0.031198  0.031391  0.031597  0.031815  0.032044  0.032284
  0.032530  0.032778  0.033027  0.033276  0.033525  0.033771  0.034016  0.034261
  0.034506  0.034753  0.034999  0.035246  0.035492  0.035737  0.035978  0.036214
  0.036445  0.036670  0.036888  0.037100  0.037304  0.037503  0.037696  0.037883
  0.038064  0.038239  0.038408  0.038571  0.038729  0.038880  0.039026  0.039166
  0.039300  0.039427  0.039550  0.039672  0.039801  0.039937  0.040081  0.040234
  0.040395  0.040565  0.040745  0.040935  0.041137  0.041349  0.041574  0.041812
  0.042063  0.042329
  1.000000  0.000000
  0.008367  0.007794  0.007280  0.006820  0.006407  0.006037  0.005705  0.005408
  0.005141  0.004902  0.004687  0.004495  0.004323  0.004168  0.004030  0.003905
  0.003794  0.003694  0.003605  0.003524  0.003453  0.003485  0.003449  0.003404
  0.003352  0.003293  0.003226  0.003153  0.003076  0.002997  0.002914  0.002827
  0.002738  0.002646  0.002551  0.002452  0.002352  0.002249  0.002144  0.002037
  0.001928  0.001817  0.001705  0.001592  0.001477  0.001362  0.001246  0.001130
  0.001015  0.000899  0.000783  0.000667  0.000554  0.000447  0.000347  0.000255
  0.000177  0.000112  0.000060  0.000023  0.000000 -0.000009 -0.000006  0.000010
  0.000040  0.000083  0.000138  0.000206  0.000288  0.000381  0.000484  0.000597
  0.000718  0.000846  0.000979  0.001118  0.001261  0.001407  0.001556  0.001708
  0.001861  0.002015  0.002169  0.002324  0.002478  0.002630  0.002781  0.002929
  0.003075  0.003215  0.003292  0.003448  0.003613  0.003788  0.003972  0.004168
  0.004374  0.004592  0.004822  0.005066  0.005324  0.005596  0.005884  0.006188
  0.006510  0.006850
  1.000000
  0.000000  0.000000  0.000000  0.000000  0.000000  0.000000  0.000000  0.000000
  0.000000  0.000000  0.000000  0.000000  0.000000  0.000000  0.000000  0.000000
  0.000000  0.000000  0.000000  0.000000  0.000000  0.000208  0.000277  0.000327
  0.000369  0.000406  0.000437  0.000466  0.000494  0.000521  0.000549  0.000576
  0.000603  0.000631  0.000658  0.000685  0.000712  0.000739  0.000765  0.000791
  0.000817  0.000843  0.000868  0.000893  0.000917  0.000940  0.000963  0.000985
  0.001005  0.001025  0.001045  0.001062  0.001077  0.001091  0.001101  0.001109
  0.001112  0.001113  0.001110  0.001104  0.001094  0.001083  0.001068  0.001049
  0.001030  0.001007  0.000980  0.000952  0.000922  0.000889  0.000855  0.000819
  0.000782  0.000744  0.000706  0.000667  0.000628  0.000589  0.000549  0.000509
  0.000470  0.000431  0.000393  0.000355  0.000317  0.000281  0.000245  0.000210
  0.000176  0.000141  0.000000  0.000000  0.000000  0.000000  0.000000  0.000000
  0.000000  0.000000  0.000000  0.000000  0.000000  0.000000  0.000000  0.000000
  0.000000  0.000000
  1.000000  0.000000
  0.250000  0.250000  0.250000  0.250000  0.250000  0.250000  0.250000  0.250000
  0.250000  0.250000  0.250000  0.250000  0.250000  0.250000  0.250000  0.250000
  0.250000  0.250000  0.250000  0.250000  0.250000  0.250000  0.250000  0.250000
  0.250000  0.250000  0.250000  0.250000  0.250000  0.250000  0.250000  0.250000
  0.250000  0.250000  0.250000  0.250000  0.250000  0.250000  0.250000  0.250000
  0.250000  0.250000  0.250000  0.250000  0.250000  0.250000  0.250000  0.250000
  0.250000  0.250000  0.250000  0.250000  0.250000  0.250000  0.250000  0.250000
  0.250000  0.250000  0.250000  0.250000  0.250000  0.250000  0.250000  0.250000
  0.250000  0.250000  0.250000  0.250000  0.250000  0.250000  0.250000  0.250000
  0.250000  0.250000  0.250000  0.250000  0.250000  0.250000  0.250000  0.250000
  0.250000  0.250000  0.250000  0.250000  0.250000  0.250000  0.250000  0.250000
  0.250000  0.250000  0.250000  0.250000  0.250000  0.250000  0.250000  0.250000
  0.250000  0.250000  0.250000  0.250000  0.250000  0.250000  0.250000  0.250000
  0.250000  0.250000
 ***************************************************************
  ROW NUMBER           3  SECTION NUMBER            3
           0           0           0  IF_DESIGN etc 
   1.00000   0.00000    0
  0.025525  0.025864  0.026169  0.026443  0.026690  0.026910  0.027107  0.027283
  0.027440  0.027582  0.027709  0.027822  0.027924  0.028015  0.028097  0.028171
  0.028236  0.028295  0.028348  0.028396  0.028438  0.028480  0.028524  0.028570
  0.028618  0.028668  0.028721  0.028777  0.028836  0.028898  0.028963  0.029031
  0.029103  0.029179  0.029258  0.029342  0.029430  0.029521  0.029618  0.029719
  0.029825  0.029936  0.030052  0.030175  0.030303  0.030438  0.030579  0.030729
  0.030886  0.031053  0.031233  0.031425  0.031630  0.031846  0.032073  0.032310
  0.032553  0.032798  0.033043  0.033289  0.033533  0.033776  0.034017  0.034257
  0.034499  0.034742  0.034985  0.035228  0.035471  0.035712  0.035951  0.036185
  0.036414  0.036638  0.036855  0.037067  0.037272  0.037471  0.037665  0.037853
  0.038036  0.038213  0.038384  0.038550  0.038711  0.038865  0.039014  0.039158
  0.039295  0.039427  0.039553  0.039680  0.039815  0.039958  0.040108  0.040267
  0.040436  0.040614  0.040802  0.041001  0.041212  0.041435  0.041670  0.041919
  0.042182  0.042458
  1.000000  0.000000
  0.008802  0.008200  0.007659  0.007175  0.006741  0.006352  0.006003  0.005690
  0.005409  0.005158  0.004932  0.004730  0.004549  0.004386  0.004241  0.004110
  0.003993  0.003888  0.003794  0.003709  0.003634  0.003668  0.003630  0.003583
  0.003528  0.003466  0.003395  0.003318  0.003238  0.003154  0.003066  0.002976
  0.002882  0.002784  0.002684  0.002581  0.002475  0.002367  0.002256  0.002144
  0.002029  0.001912  0.001794  0.001675  0.001554  0.001433  0.001311  0.001189
  0.001067  0.000946  0.000823  0.000702  0.000583  0.000470  0.000365  0.000269
  0.000186  0.000117  0.000063  0.000025  0.000000 -0.000010 -0.000006  0.000011
  0.000042  0.000087  0.000145  0.000217  0.000302  0.000400  0.000508  0.000626
  0.000753  0.000887  0.001028  0.001173  0.001323  0.001476  0.001633  0.001792
  0.001952  0.002113  0.002276  0.002438  0.002599  0.002759  0.002917  0.003072
  0.003225  0.003373  0.003452  0.003616  0.003790  0.003973  0.004167  0.004372
  0.004588  0.004817  0.005059  0.005314  0.005585  0.005870  0.006173  0.006492
  0.006829  0.007186
  1.000000
  0.000000  0.000000  0.000000  0.000000  0.000000  0.000000  0.000000  0.000000
  0.000000  0.000000  0.000000  0.000000  0.000000  0.000000  0.000000  0.000000
  0.000000  0.000000  0.000000  0.000000  0.000000  0.000218  0.000291  0.000343
  0.000388  0.000426  0.000460  0.000490  0.000519  0.000548  0.000577  0.000605
  0.000634  0.000663  0.000691  0.000720  0.000748  0.000776  0.000804  0.000832
  0.000859  0.000886  0.000912  0.000938  0.000963  0.000988  0.001012  0.001035
  0.001057  0.001077  0.001098  0.001116  0.001132  0.001146  0.001157  0.001165
  0.001169  0.001169  0.001167  0.001160  0.001150  0.001138  0.001122  0.001102
  0.001082  0.001058  0.001030  0.001000  0.000969  0.000934  0.000899  0.000861
  0.000822  0.000782  0.000742  0.000701  0.000660  0.000618  0.000577  0.000535
  0.000494  0.000453  0.000413  0.000373  0.000334  0.000295  0.000257  0.000220
  0.000185  0.000148  0.000000  0.000000  0.000000  0.000000  0.000000  0.000000
  0.000000  0.000000  0.000000  0.000000  0.000000  0.000000  0.000000  0.000000
  0.000000  0.000000
  1.000000  0.000000
  0.279720  0.279691  0.279674  0.279663  0.279655  0.279644  0.279627  0.279611
  0.279597  0.279583  0.279571  0.279559  0.279549  0.279539  0.279530  0.279522
  0.279515  0.279508  0.279502  0.279497  0.279492  0.279485  0.279477  0.279469
  0.279460  0.279450  0.279440  0.279429  0.279417  0.279405  0.279391  0.279376
  0.279360  0.279343  0.279325  0.279305  0.279284  0.279261  0.279236  0.279210
  0.279181  0.279151  0.279118  0.279082  0.279044  0.279004  0.278959  0.278912
  0.278861  0.278805  0.278744  0.278677  0.278604  0.278526  0.278442  0.278352
  0.278259  0.278165  0.278068  0.277971  0.277874  0.277777  0.277681  0.277584
  0.277488  0.277392  0.277296  0.277201  0.277108  0.277016  0.276927  0.276841
  0.276759  0.276681  0.276606  0.276536  0.276470  0.276408  0.276350  0.276295
  0.276244  0.276196  0.276152  0.276111  0.276073  0.276038  0.276006  0.275977
  0.275951  0.275927  0.275906  0.275891  0.275876  0.275861  0.275845  0.275828
  0.275811  0.275793  0.275775  0.275756  0.275737  0.275717  0.275696  0.275674
  0.275652  0.275616
 ***************************************************************
 ************STARTING THE INPUT FOR EACH BLADE ROW**************
  BLADE ROW NUMBER =        4                                           
    NUMBER OF BLADES IN ROW 
       365
        JM        JLE       JTE 
       106        21        91
      KTIPSTART  KTIPEND 
         0         0
       BOUNDARY LAYER TRANSITION POINTS 
         0         0         0         0
  SET NEWGRID= 1 TO GENERATE A NEW GRID WITH DIFFERENT "J" POINTS AND SPACINGS.
         0
   RPMROW,    RPMHUB 
       0.0       0.0
       JROTHS    JROTHE    JROTTS    JROTTE 
         1         1         1         1
   PUPROW    PLEROW   PTEROW    PDROW 
  139401.2  139401.2  171351.5  171351.5
      NSECS_ROW   INSURF  
         3         0
  IF_CUSP_OUT   IFANGLES 
         1         0
         0         3         0
 ***************************************************************
  ROW NUMBER           4  SECTION NUMBER            1
           0           0           0  IF_DESIGN etc 
   1.00000   0.00000    0
  0.039368  0.039697  0.039994  0.040261  0.040500  0.040714  0.040907  0.041079
  0.041234  0.041372  0.041497  0.041608  0.041708  0.041798  0.041878  0.041950
  0.042015  0.042073  0.042125  0.042171  0.042213  0.042254  0.042298  0.042343
  0.042391  0.042441  0.042493  0.042548  0.042607  0.042668  0.042732  0.042800
  0.042871  0.042947  0.043026  0.043109  0.043196  0.043287  0.043383  0.043483
  0.043589  0.043700  0.043816  0.043938  0.044066  0.044200  0.044342  0.044491
  0.044649  0.044816  0.044996  0.045188  0.045393  0.045610  0.045838  0.046076
  0.046319  0.046565  0.046811  0.047058  0.047303  0.047546  0.047788  0.048029
  0.048271  0.048514  0.048757  0.049000  0.049242  0.049483  0.049720  0.049953
  0.050180  0.050402  0.050617  0.050826  0.051028  0.051225  0.051415  0.051600
  0.051779  0.051953  0.052120  0.052282  0.052438  0.052589  0.052734  0.052873
  0.053006  0.053133  0.053255  0.053376  0.053505  0.053641  0.053785  0.053937
  0.054098  0.054269  0.054450  0.054642  0.054845  0.055061  0.055290  0.055534
  0.055792  0.056065
  1.000000  0.000000
 -0.009740 -0.009153 -0.008625 -0.008152 -0.007728 -0.007347 -0.007006 -0.006700
 -0.006426 -0.006180 -0.005960 -0.005762 -0.005585 -0.005426 -0.005283 -0.005155
 -0.005041 -0.004938 -0.004846 -0.004764 -0.004690 -0.004542 -0.004444 -0.004353
 -0.004263 -0.004171 -0.004076 -0.003977 -0.003874 -0.003768 -0.003658 -0.003545
 -0.003428 -0.003308 -0.003184 -0.003057 -0.002928 -0.002795 -0.002661 -0.002523
 -0.002384 -0.002243 -0.002100 -0.001956 -0.001810 -0.001665 -0.001519 -0.001373
 -0.001227 -0.001082 -0.000937 -0.000794 -0.000655 -0.000522 -0.000399 -0.000288
 -0.000194 -0.000117 -0.000057 -0.000017  0.000006  0.000012  0.000000 -0.000028
 -0.000073 -0.000135 -0.000213 -0.000308 -0.000418 -0.000544 -0.000684 -0.000836
 -0.000997 -0.001168 -0.001346 -0.001531 -0.001720 -0.001913 -0.002110 -0.002310
 -0.002512 -0.002716 -0.002919 -0.003122 -0.003324 -0.003525 -0.003722 -0.003917
 -0.004108 -0.004294 -0.004525 -0.004687 -0.004858 -0.005038 -0.005229 -0.005431
 -0.005645 -0.005870 -0.006109 -0.006361 -0.006627 -0.006908 -0.007205 -0.007519
 -0.007851 -0.008202
  1.000000
  0.000000  0.000000  0.000000  0.000000  0.000000  0.000000  0.000000  0.000000
  0.000000  0.000000  0.000000  0.000000  0.000000  0.000000  0.000000  0.000000
  0.000000  0.000000  0.000000  0.000000  0.000000  0.000157  0.000213  0.000251
  0.000278  0.000300  0.000318  0.000336  0.000354  0.000373  0.000393  0.000413
  0.000434  0.000456  0.000479  0.000503  0.000527  0.000552  0.000578  0.000604
  0.000631  0.000659  0.000687  0.000716  0.000745  0.000775  0.000805  0.000835
  0.000865  0.000896  0.000927  0.000957  0.000988  0.001017  0.001044  0.001070
  0.001091  0.001110  0.001125  0.001135  0.001141  0.001145  0.001144  0.001138
  0.001131  0.001118  0.001101  0.001082  0.001059  0.001031  0.001000  0.000966
  0.000929  0.000891  0.000850  0.000808  0.000765  0.000720  0.000674  0.000628
  0.000580  0.000533  0.000485  0.000437  0.000389  0.000341  0.000294  0.000248
  0.000202  0.000156  0.000000  0.000000  0.000000  0.000000  0.000000  0.000000
  0.000000  0.000000  0.000000  0.000000  0.000000  0.000000  0.000000  0.000000
  0.000000  0.000000
  1.000000  0.000000
  0.224062  0.224110  0.224143  0.224171  0.224195  0.224217  0.224235  0.224251
  0.224265  0.224278  0.224289  0.224298  0.224307  0.224315  0.224322  0.224328
  0.224334  0.224339  0.224343  0.224347  0.224351  0.224356  0.224362  0.224368
  0.224375  0.224381  0.224389  0.224397  0.224405  0.224415  0.224424  0.224435
  0.224447  0.224459  0.224472  0.224486  0.224502  0.224518  0.224536  0.224555
  0.224575  0.224597  0.224620  0.224646  0.224673  0.224702  0.224734  0.224768
  0.224805  0.224845  0.224890  0.224938  0.224991  0.225049  0.225111  0.225177
  0.225246  0.225317  0.225390  0.225463  0.225538  0.225613  0.225688  0.225764
  0.225840  0.225917  0.225995  0.226073  0.226151  0.226228  0.226304  0.226379
  0.226451  0.226522  0.226590  0.226655  0.226718  0.226779  0.226837  0.226893
  0.226947  0.226999  0.227048  0.227095  0.227140  0.227182  0.227222  0.227261
  0.227297  0.227331  0.227363  0.227399  0.227436  0.227474  0.227513  0.227552
  0.227592  0.227632  0.227671  0.227710  0.227747  0.227782  0.227805  0.227823
  0.227838  0.227849
 ***************************************************************
  ROW NUMBER           4  SECTION NUMBER            2
           0           0           0  IF_DESIGN etc 
   1.00000   0.00000    0
  0.039462  0.039783  0.040072  0.040330  0.040562  0.040770  0.040957  0.041124
  0.041274  0.041408  0.041528  0.041636  0.041733  0.041820  0.041898  0.041968
  0.042030  0.042086  0.042137  0.042182  0.042222  0.042262  0.042305  0.042349
  0.042395  0.042444  0.042496  0.042550  0.042606  0.042666  0.042729  0.042796
  0.042866  0.042940  0.043017  0.043099  0.043185  0.043274  0.043369  0.043468
  0.043572  0.043681  0.043796  0.043916  0.044043  0.044177  0.044317  0.044465
  0.044622  0.044788  0.044967  0.045159  0.045364  0.045580  0.045808  0.046046
  0.046290  0.046537  0.046784  0.047032  0.047279  0.047524  0.047767  0.048010
  0.048254  0.048499  0.048744  0.048989  0.049233  0.049476  0.049716  0.049950
  0.050180  0.050403  0.050620  0.050830  0.051034  0.051231  0.051422  0.051608
  0.051788  0.051962  0.052130  0.052292  0.052449  0.052599  0.052744  0.052883
  0.053016  0.053143  0.053264  0.053385  0.053513  0.053649  0.053792  0.053944
  0.054104  0.054273  0.054452  0.054641  0.054841  0.055052  0.055275  0.055511
  0.055761  0.056025
  1.000000  0.000000
 -0.009412 -0.008843 -0.008333 -0.007876 -0.007466 -0.007098 -0.006768 -0.006473
 -0.006208 -0.005970 -0.005757 -0.005566 -0.005395 -0.005241 -0.005104 -0.004980
 -0.004870 -0.004770 -0.004682 -0.004602 -0.004530 -0.004388 -0.004293 -0.004205
 -0.004119 -0.004030 -0.003937 -0.003842 -0.003743 -0.003640 -0.003534 -0.003425
 -0.003312 -0.003196 -0.003076 -0.002954 -0.002828 -0.002700 -0.002570 -0.002438
 -0.002303 -0.002166 -0.002028 -0.001889 -0.001749 -0.001608 -0.001467 -0.001326
 -0.001185 -0.001045 -0.000905 -0.000767 -0.000632 -0.000504 -0.000385 -0.000278
 -0.000187 -0.000113 -0.000055 -0.000016  0.000006  0.000011  0.000000 -0.000027
 -0.000070 -0.000130 -0.000206 -0.000297 -0.000403 -0.000525 -0.000659 -0.000805
 -0.000961 -0.001126 -0.001297 -0.001474 -0.001656 -0.001843 -0.002032 -0.002225
 -0.002419 -0.002614 -0.002810 -0.003006 -0.003200 -0.003393 -0.003583 -0.003770
 -0.003953 -0.004133 -0.004355 -0.004510 -0.004674 -0.004848 -0.005031 -0.005225
 -0.005430 -0.005647 -0.005876 -0.006118 -0.006374 -0.006644 -0.006930 -0.007232
 -0.007552 -0.007890
  1.000000
  0.000000  0.000000  0.000000  0.000000  0.000000  0.000000  0.000000  0.000000
  0.000000  0.000000  0.000000  0.000000  0.000000  0.000000  0.000000  0.000000
  0.000000  0.000000  0.000000  0.000000  0.000000  0.000151  0.000206  0.000242
  0.000268  0.000289  0.000307  0.000324  0.000341  0.000360  0.000379  0.000398
  0.000419  0.000440  0.000462  0.000485  0.000508  0.000533  0.000557  0.000583
  0.000609  0.000636  0.000663  0.000691  0.000719  0.000747  0.000776  0.000805
  0.000835  0.000864  0.000894  0.000924  0.000953  0.000981  0.001007  0.001032
  0.001053  0.001071  0.001085  0.001095  0.001101  0.001105  0.001103  0.001098
  0.001091  0.001079  0.001062  0.001044  0.001021  0.000994  0.000965  0.000932
  0.000897  0.000859  0.000820  0.000780  0.000738  0.000695  0.000650  0.000606
  0.000560  0.000514  0.000468  0.000422  0.000375  0.000329  0.000284  0.000239
  0.000195  0.000150  0.000000  0.000000  0.000000  0.000000  0.000000  0.000000
  0.000000  0.000000  0.000000  0.000000  0.000000  0.000000  0.000000  0.000000
  0.000000  0.000000
  1.000000  0.000000
  0.250000  0.250000  0.250000  0.250000  0.250000  0.250000  0.250000  0.250000
  0.250000  0.250000  0.250000  0.250000  0.250000  0.250000  0.250000  0.250000
  0.250000  0.250000  0.250000  0.250000  0.250000  0.250000  0.250000  0.250000
  0.250000  0.250000  0.250000  0.250000  0.250000  0.250000  0.250000  0.250000
  0.250000  0.250000  0.250000  0.250000  0.250000  0.250000  0.250000  0.250000
  0.250000  0.250000  0.250000  0.250000  0.250000  0.250000  0.250000  0.250000
  0.250000  0.250000  0.250000  0.250000  0.250000  0.250000  0.250000  0.250000
  0.250000  0.250000  0.250000  0.250000  0.250000  0.250000  0.250000  0.250000
  0.250000  0.250000  0.250000  0.250000  0.250000  0.250000  0.250000  0.250000
  0.250000  0.250000  0.250000  0.250000  0.250000  0.250000  0.250000  0.250000
  0.250000  0.250000  0.250000  0.250000  0.250000  0.250000  0.250000  0.250000
  0.250000  0.250000  0.250000  0.250000  0.250000  0.250000  0.250000  0.250000
  0.250000  0.250000  0.250000  0.250000  0.250000  0.250000  0.250000  0.250000
  0.250000  0.250000
 ***************************************************************
  ROW NUMBER           4  SECTION NUMBER            3
           0           0           0  IF_DESIGN etc 
   1.00000   0.00000    0
  0.039368  0.039697  0.039994  0.040261  0.040500  0.040714  0.040907  0.041079
  0.041234  0.041372  0.041497  0.041608  0.041708  0.041798  0.041878  0.041950
  0.042015  0.042073  0.042125  0.042171  0.042213  0.042254  0.042298  0.042343
  0.042391  0.042441  0.042493  0.042548  0.042607  0.042668  0.042732  0.042800
  0.042871  0.042947  0.043026  0.043109  0.043196  0.043287  0.043383  0.043483
  0.043589  0.043700  0.043816  0.043938  0.044066  0.044200  0.044342  0.044491
  0.044649  0.044816  0.044996  0.045188  0.045393  0.045610  0.045838  0.046076
  0.046319  0.046565  0.046811  0.047058  0.047303  0.047546  0.047788  0.048029
  0.048271  0.048514  0.048757  0.049000  0.049242  0.049483  0.049720  0.049953
  0.050180  0.050402  0.050617  0.050826  0.051028  0.051225  0.051415  0.051600
  0.051779  0.051953  0.052120  0.052282  0.052438  0.052589  0.052734  0.052873
  0.053006  0.053133  0.053255  0.053376  0.053505  0.053641  0.053785  0.053937
  0.054098  0.054269  0.054450  0.054642  0.054845  0.055061  0.055290  0.055534
  0.055792  0.056065
  1.000000  0.000000
 -0.009769 -0.009178 -0.008648 -0.008173 -0.007747 -0.007365 -0.007023 -0.006716
 -0.006441 -0.006195 -0.005974 -0.005776 -0.005598 -0.005439 -0.005296 -0.005168
 -0.005053 -0.004950 -0.004858 -0.004775 -0.004701 -0.004553 -0.004455 -0.004364
 -0.004274 -0.004182 -0.004086 -0.003987 -0.003884 -0.003777 -0.003668 -0.003554
 -0.003437 -0.003316 -0.003192 -0.003065 -0.002935 -0.002802 -0.002667 -0.002529
 -0.002390 -0.002248 -0.002104 -0.001960 -0.001814 -0.001668 -0.001522 -0.001375
 -0.001230 -0.001084 -0.000939 -0.000795 -0.000656 -0.000523 -0.000400 -0.000288
 -0.000194 -0.000117 -0.000057 -0.000017  0.000006  0.000012  0.000000 -0.000028
 -0.000073 -0.000135 -0.000213 -0.000308 -0.000418 -0.000543 -0.000683 -0.000834
 -0.000995 -0.001165 -0.001343 -0.001526 -0.001715 -0.001907 -0.002103 -0.002302
 -0.002503 -0.002705 -0.002908 -0.003110 -0.003311 -0.003510 -0.003706 -0.003900
 -0.004089 -0.004275 -0.004505 -0.004665 -0.004834 -0.005013 -0.005203 -0.005403
 -0.005615 -0.005838 -0.006075 -0.006325 -0.006589 -0.006869 -0.007165 -0.007478
 -0.007808 -0.008158
  1.000000
  0.000000  0.000000  0.000000  0.000000  0.000000  0.000000  0.000000  0.000000
  0.000000  0.000000  0.000000  0.000000  0.000000  0.000000  0.000000  0.000000
  0.000000  0.000000  0.000000  0.000000  0.000000  0.000157  0.000213  0.000251
  0.000278  0.000300  0.000318  0.000336  0.000354  0.000373  0.000393  0.000413
  0.000434  0.000456  0.000479  0.000503  0.000527  0.000552  0.000578  0.000604
  0.000631  0.000659  0.000687  0.000716  0.000745  0.000775  0.000805  0.000835
  0.000865  0.000896  0.000927  0.000957  0.000988  0.001017  0.001044  0.001070
  0.001091  0.001110  0.001125  0.001135  0.001141  0.001145  0.001144  0.001138
  0.001131  0.001118  0.001101  0.001082  0.001059  0.001031  0.001000  0.000966
  0.000929  0.000891  0.000850  0.000808  0.000765  0.000720  0.000674  0.000628
  0.000580  0.000533  0.000485  0.000437  0.000389  0.000341  0.000294  0.000248
  0.000202  0.000156  0.000000  0.000000  0.000000  0.000000  0.000000  0.000000
  0.000000  0.000000  0.000000  0.000000  0.000000  0.000000  0.000000  0.000000
  0.000000  0.000000
  1.000000  0.000000
  0.275938  0.275890  0.275857  0.275829  0.275805  0.275783  0.275765  0.275749
  0.275735  0.275722  0.275711  0.275702  0.275693  0.275685  0.275678  0.275672
  0.275666  0.275661  0.275657  0.275653  0.275649  0.275644  0.275638  0.275632
  0.275625  0.275619  0.275611  0.275603  0.275595  0.275586  0.275576  0.275565
  0.275554  0.275541  0.275528  0.275514  0.275498  0.275482  0.275464  0.275445
  0.275425  0.275403  0.275380  0.275354  0.275327  0.275298  0.275266  0.275232
  0.275195  0.275155  0.275110  0.275062  0.275009  0.274951  0.274889  0.274823
  0.274754  0.274683  0.274610  0.274536  0.274462  0.274387  0.274312  0.274236
  0.274160  0.274083  0.274005  0.273927  0.273849  0.273772  0.273696  0.273621
  0.273549  0.273478  0.273410  0.273345  0.273282  0.273221  0.273163  0.273107
  0.273053  0.273001  0.272952  0.272905  0.272861  0.272818  0.272778  0.272739
  0.272703  0.272669  0.272637  0.272601  0.272564  0.272526  0.272487  0.272448
  0.272408  0.272368  0.272329  0.272290  0.272253  0.272218  0.272195  0.272177
  0.272162  0.272151
 ***************************************************************
 ************STARTING THE INPUT FOR EACH BLADE ROW**************
  BLADE ROW NUMBER =        5                                           
    NUMBER OF BLADES IN ROW 
       368
        JM        JLE       JTE 
       106        21        91
      KTIPSTART  KTIPEND 
         0         0
       BOUNDARY LAYER TRANSITION POINTS 
         0         0         0         0
  SET NEWGRID= 1 TO GENERATE A NEW GRID WITH DIFFERENT "J" POINTS AND SPACINGS.
         0
   RPMROW,    RPMHUB 
    3600.0    3600.0
       JROTHS    JROTHE    JROTTS    JROTTE 
         1         1         1         1
   PUPROW    PLEROW   PTEROW    PDROW 
  171351.5  171351.5  208169.8  208169.8
      NSECS_ROW   INSURF  
         3         0
  IF_CUSP_OUT   IFANGLES 
         1         0
         0         3         0
 ***************************************************************
  ROW NUMBER           5  SECTION NUMBER            1
           0           0           0  IF_DESIGN etc 
   1.00000   0.00000    0
  0.055899  0.056228  0.056524  0.056789  0.057026  0.057239  0.057429  0.057600
  0.057753  0.057890  0.058013  0.058123  0.058222  0.058310  0.058389  0.058461
  0.058524  0.058582  0.058633  0.058679  0.058720  0.058761  0.058804  0.058849
  0.058896  0.058945  0.058997  0.059052  0.059109  0.059170  0.059233  0.059301
  0.059371  0.059446  0.059524  0.059606  0.059693  0.059783  0.059878  0.059978
  0.060082  0.060192  0.060307  0.060428  0.060556  0.060689  0.060830  0.060978
  0.061135  0.061301  0.061480  0.061672  0.061876  0.062092  0.062320  0.062557
  0.062800  0.063045  0.063292  0.063538  0.063783  0.064027  0.064269  0.064511
  0.064753  0.064997  0.065241  0.065484  0.065728  0.065970  0.066209  0.066443
  0.066672  0.066895  0.067112  0.067322  0.067526  0.067724  0.067916  0.068102
  0.068283  0.068458  0.068627  0.068791  0.068949  0.069101  0.069247  0.069387
  0.069522  0.069651  0.069774  0.069898  0.070028  0.070167  0.070313  0.070467
  0.070630  0.070803  0.070986  0.071179  0.071383  0.071598  0.071826  0.072067
  0.072322  0.072591
  1.000000  0.000000
  0.008493  0.007911  0.007389  0.006922  0.006503  0.006127  0.005790  0.005488
  0.005217  0.004974  0.004757  0.004561  0.004387  0.004230  0.004089  0.003963
  0.003850  0.003748  0.003658  0.003576  0.003503  0.003537  0.003500  0.003454
  0.003402  0.003341  0.003273  0.003199  0.003122  0.003041  0.002956  0.002869
  0.002778  0.002685  0.002588  0.002489  0.002387  0.002282  0.002176  0.002067
  0.001957  0.001844  0.001730  0.001615  0.001499  0.001382  0.001265  0.001147
  0.001030  0.000912  0.000794  0.000677  0.000563  0.000454  0.000352  0.000259
  0.000179  0.000113  0.000061  0.000024  0.000000 -0.000009 -0.000006  0.000010
  0.000041  0.000084  0.000141  0.000210  0.000293  0.000387  0.000492  0.000607
  0.000730  0.000860  0.000996  0.001137  0.001282  0.001431  0.001583  0.001737
  0.001893  0.002050  0.002207  0.002364  0.002521  0.002676  0.002829  0.002980
  0.003128  0.003272  0.003349  0.003508  0.003676  0.003854  0.004041  0.004240
  0.004450  0.004671  0.004906  0.005154  0.005416  0.005693  0.005986  0.006295
  0.006622  0.006968
  1.000000
  0.000000  0.000000  0.000000  0.000000  0.000000  0.000000  0.000000  0.000000
  0.000000  0.000000  0.000000  0.000000  0.000000  0.000000  0.000000  0.000000
  0.000000  0.000000  0.000000  0.000000  0.000000  0.000211  0.000281  0.000332
  0.000375  0.000412  0.000444  0.000473  0.000502  0.000530  0.000558  0.000585
  0.000613  0.000641  0.000668  0.000696  0.000723  0.000750  0.000777  0.000804
  0.000830  0.000856  0.000882  0.000907  0.000931  0.000955  0.000978  0.001000
  0.001022  0.001042  0.001062  0.001079  0.001094  0.001108  0.001118  0.001127
  0.001130  0.001130  0.001128  0.001122  0.001112  0.001101  0.001085  0.001066
  0.001046  0.001023  0.000996  0.000967  0.000937  0.000903  0.000869  0.000832
  0.000795  0.000756  0.000717  0.000678  0.000638  0.000598  0.000558  0.000517
  0.000478  0.000438  0.000399  0.000360  0.000322  0.000285  0.000249  0.000213
  0.000178  0.000143  0.000000  0.000000  0.000000  0.000000  0.000000  0.000000
  0.000000  0.000000  0.000000  0.000000  0.000000  0.000000  0.000000  0.000000
  0.000000  0.000000
  1.000000  0.000000
  0.227843  0.227854  0.227862  0.227867  0.227876  0.227888  0.227899  0.227909
  0.227919  0.227928  0.227936  0.227944  0.227950  0.227957  0.227962  0.227967
  0.227972  0.227976  0.227980  0.227984  0.227987  0.227992  0.227997  0.228002
  0.228008  0.228015  0.228021  0.228028  0.228036  0.228045  0.228053  0.228063
  0.228073  0.228085  0.228097  0.228109  0.228123  0.228138  0.228154  0.228171
  0.228190  0.228210  0.228231  0.228254  0.228278  0.228305  0.228333  0.228364
  0.228397  0.228433  0.228472  0.228516  0.228563  0.228613  0.228668  0.228725
  0.228785  0.228846  0.228909  0.228971  0.229034  0.229097  0.229159  0.229221
  0.229283  0.229345  0.229407  0.229468  0.229528  0.229587  0.229645  0.229700
  0.229752  0.229803  0.229850  0.229895  0.229937  0.229977  0.230014  0.230049
  0.230082  0.230112  0.230140  0.230166  0.230190  0.230213  0.230233  0.230251
  0.230268  0.230283  0.230297  0.230306  0.230316  0.230326  0.230337  0.230347
  0.230359  0.230370  0.230382  0.230394  0.230407  0.230420  0.230434  0.230448
  0.230463  0.230481
 ***************************************************************
  ROW NUMBER           5  SECTION NUMBER            2
           0           0           0  IF_DESIGN etc 
   1.00000   0.00000    0
  0.055955  0.056277  0.056566  0.056825  0.057057  0.057265  0.057452  0.057619
  0.057769  0.057903  0.058024  0.058132  0.058229  0.058316  0.058394  0.058464
  0.058526  0.058582  0.058633  0.058678  0.058718  0.058759  0.058801  0.058845
  0.058892  0.058941  0.058992  0.059046  0.059103  0.059163  0.059226  0.059293
  0.059363  0.059437  0.059514  0.059596  0.059682  0.059772  0.059866  0.059965
  0.060070  0.060179  0.060294  0.060415  0.060542  0.060675  0.060816  0.060964
  0.061120  0.061287  0.061467  0.061659  0.061863  0.062080  0.062308  0.062547
  0.062791  0.063038  0.063286  0.063534  0.063780  0.064026  0.064269  0.064513
  0.064757  0.065002  0.065247  0.065492  0.065737  0.065980  0.066220  0.066455
  0.066685  0.066908  0.067125  0.067336  0.067539  0.067737  0.067929  0.068115
  0.068295  0.068469  0.068637  0.068800  0.068956  0.069107  0.069252  0.069391
  0.069524  0.069651  0.069772  0.069894  0.070022  0.070158  0.070301  0.070453
  0.070613  0.070782  0.070961  0.071151  0.071351  0.071562  0.071786  0.072022
  0.072272  0.072536
  1.000000  0.000000
  0.008321  0.007751  0.007240  0.006783  0.006372  0.006004  0.005674  0.005378
  0.005113  0.004875  0.004662  0.004470  0.004299  0.004145  0.004008  0.003884
  0.003773  0.003674  0.003585  0.003505  0.003434  0.003466  0.003430  0.003386
  0.003334  0.003275  0.003208  0.003136  0.003060  0.002980  0.002898  0.002812
  0.002723  0.002631  0.002537  0.002439  0.002339  0.002237  0.002132  0.002026
  0.001918  0.001807  0.001696  0.001583  0.001469  0.001354  0.001239  0.001124
  0.001009  0.000894  0.000778  0.000663  0.000551  0.000445  0.000345  0.000254
  0.000176  0.000111  0.000060  0.000023  0.000000 -0.000009 -0.000006  0.000010
  0.000040  0.000082  0.000138  0.000205  0.000286  0.000379  0.000481  0.000593
  0.000714  0.000841  0.000974  0.001112  0.001254  0.001399  0.001548  0.001698
  0.001851  0.002004  0.002158  0.002311  0.002464  0.002616  0.002765  0.002913
  0.003058  0.003198  0.003274  0.003429  0.003593  0.003767  0.003951  0.004145
  0.004350  0.004567  0.004796  0.005038  0.005294  0.005565  0.005852  0.006154
  0.006474  0.006812
  1.000000
  0.000000  0.000000  0.000000  0.000000  0.000000  0.000000  0.000000  0.000000
  0.000000  0.000000  0.000000  0.000000  0.000000  0.000000  0.000000  0.000000
  0.000000  0.000000  0.000000  0.000000  0.000000  0.000207  0.000275  0.000325
  0.000367  0.000403  0.000435  0.000463  0.000491  0.000518  0.000546  0.000573
  0.000600  0.000627  0.000654  0.000681  0.000708  0.000735  0.000761  0.000787
  0.000813  0.000838  0.000863  0.000888  0.000912  0.000935  0.000958  0.000979
  0.001000  0.001020  0.001039  0.001056  0.001071  0.001085  0.001095  0.001103
  0.001106  0.001107  0.001104  0.001098  0.001088  0.001077  0.001062  0.001043
  0.001024  0.001001  0.000975  0.000947  0.000917  0.000884  0.000851  0.000815
  0.000778  0.000740  0.000702  0.000663  0.000624  0.000585  0.000546  0.000507
  0.000468  0.000429  0.000390  0.000353  0.000316  0.000279  0.000244  0.000209
  0.000175  0.000140  0.000000  0.000000  0.000000  0.000000  0.000000  0.000000
  0.000000  0.000000  0.000000  0.000000  0.000000  0.000000  0.000000  0.000000
  0.000000  0.000000
  1.000000  0.000000
  0.250000  0.250000  0.250000  0.250000  0.250000  0.250000  0.250000  0.250000
  0.250000  0.250000  0.250000  0.250000  0.250000  0.250000  0.250000  0.250000
  0.250000  0.250000  0.250000  0.250000  0.250000  0.250000  0.250000  0.250000
  0.250000  0.250000  0.250000  0.250000  0.250000  0.250000  0.250000  0.250000
  0.250000  0.250000  0.250000  0.250000  0.250000  0.250000  0.250000  0.250000
  0.250000  0.250000  0.250000  0.250000  0.250000  0.250000  0.250000  0.250000
  0.250000  0.250000  0.250000  0.250000  0.250000  0.250000  0.250000  0.250000
  0.250000  0.250000  0.250000  0.250000  0.250000  0.250000  0.250000  0.250000
  0.250000  0.250000  0.250000  0.250000  0.250000  0.250000  0.250000  0.250000
  0.250000  0.250000  0.250000  0.250000  0.250000  0.250000  0.250000  0.250000
  0.250000  0.250000  0.250000  0.250000  0.250000  0.250000  0.250000  0.250000
  0.250000  0.250000  0.250000  0.250000  0.250000  0.250000  0.250000  0.250000
  0.250000  0.250000  0.250000  0.250000  0.250000  0.250000  0.250000  0.250000
  0.250000  0.250000
 ***************************************************************
  ROW NUMBER           5  SECTION NUMBER            3
           0           0           0  IF_DESIGN etc 
   1.00000   0.00000    0
  0.055899  0.056228  0.056524  0.056789  0.057026  0.057239  0.057429  0.057600
  0.057753  0.057890  0.058013  0.058123  0.058222  0.058310  0.058389  0.058461
  0.058524  0.058582  0.058633  0.058679  0.058720  0.058761  0.058804  0.058849
  0.058896  0.058945  0.058997  0.059052  0.059109  0.059170  0.059233  0.059301
  0.059371  0.059446  0.059524  0.059606  0.059693  0.059783  0.059878  0.059978
  0.060082  0.060192  0.060307  0.060428  0.060556  0.060689  0.060830  0.060978
  0.061135  0.061301  0.061480  0.061672  0.061876  0.062092  0.062320  0.062557
  0.062800  0.063045  0.063292  0.063538  0.063783  0.064027  0.064269  0.064511
  0.064753  0.064997  0.065241  0.065484  0.065728  0.065970  0.066209  0.066443
  0.066672  0.066895  0.067112  0.067322  0.067526  0.067724  0.067916  0.068102
  0.068283  0.068458  0.068627  0.068791  0.068949  0.069101  0.069247  0.069387
  0.069522  0.069651  0.069774  0.069898  0.070028  0.070167  0.070313  0.070467
  0.070630  0.070803  0.070986  0.071179  0.071383  0.071598  0.071826  0.072067
  0.072322  0.072591
  1.000000  0.000000
  0.008508  0.007925  0.007403  0.006935  0.006516  0.006139  0.005802  0.005499
  0.005228  0.004985  0.004767  0.004572  0.004396  0.004239  0.004098  0.003972
  0.003859  0.003757  0.003666  0.003585  0.003512  0.003545  0.003508  0.003462
  0.003410  0.003349  0.003281  0.003207  0.003129  0.003048  0.002963  0.002876
  0.002785  0.002691  0.002594  0.002494  0.002392  0.002288  0.002181  0.002072
  0.001961  0.001848  0.001734  0.001619  0.001502  0.001385  0.001267  0.001149
  0.001032  0.000914  0.000796  0.000678  0.000564  0.000455  0.000352  0.000260
  0.000180  0.000113  0.000061  0.000024  0.000000 -0.000009 -0.000006  0.000010
  0.000041  0.000084  0.000140  0.000210  0.000292  0.000387  0.000491  0.000606
  0.000729  0.000858  0.000994  0.001135  0.001280  0.001428  0.001580  0.001733
  0.001889  0.002045  0.002202  0.002358  0.002514  0.002669  0.002822  0.002972
  0.003120  0.003263  0.003340  0.003499  0.003667  0.003844  0.004031  0.004229
  0.004439  0.004660  0.004894  0.005142  0.005403  0.005679  0.005972  0.006280
  0.006607  0.006952
  1.000000
  0.000000  0.000000  0.000000  0.000000  0.000000  0.000000  0.000000  0.000000
  0.000000  0.000000  0.000000  0.000000  0.000000  0.000000  0.000000  0.000000
  0.000000  0.000000  0.000000  0.000000  0.000000  0.000211  0.000281  0.000332
  0.000375  0.000412  0.000444  0.000473  0.000502  0.000530  0.000558  0.000585
  0.000613  0.000641  0.000668  0.000696  0.000723  0.000750  0.000777  0.000804
  0.000830  0.000856  0.000882  0.000907  0.000931  0.000955  0.000978  0.001000
  0.001022  0.001042  0.001062  0.001079  0.001094  0.001108  0.001118  0.001127
  0.001130  0.001130  0.001128  0.001122  0.001112  0.001101  0.001085  0.001066
  0.001046  0.001023  0.000996  0.000967  0.000937  0.000903  0.000869  0.000832
  0.000795  0.000756  0.000717  0.000678  0.000638  0.000598  0.000558  0.000517
  0.000478  0.000438  0.000399  0.000360  0.000322  0.000285  0.000249  0.000213
  0.000178  0.000143  0.000000  0.000000  0.000000  0.000000  0.000000  0.000000
  0.000000  0.000000  0.000000  0.000000  0.000000  0.000000  0.000000  0.000000
  0.000000  0.000000
  1.000000  0.000000
  0.272157  0.272146  0.272138  0.272133  0.272124  0.272112  0.272101  0.272091
  0.272081  0.272072  0.272064  0.272057  0.272050  0.272043  0.272038  0.272033
  0.272028  0.272024  0.272020  0.272016  0.272013  0.272008  0.272003  0.271998
  0.271992  0.271985  0.271979  0.271972  0.271964  0.271956  0.271947  0.271937
  0.271927  0.271915  0.271903  0.271890  0.271877  0.271862  0.271846  0.271829
  0.271810  0.271790  0.271769  0.271746  0.271722  0.271695  0.271667  0.271636
  0.271603  0.271567  0.271528  0.271484  0.271437  0.271387  0.271333  0.271275
  0.271215  0.271154  0.271091  0.271029  0.270966  0.270903  0.270841  0.270779
  0.270717  0.270655  0.270593  0.270532  0.270472  0.270413  0.270355  0.270300
  0.270248  0.270197  0.270150  0.270105  0.270063  0.270023  0.269986  0.269951
  0.269918  0.269888  0.269860  0.269834  0.269810  0.269787  0.269767  0.269749
  0.269732  0.269717  0.269703  0.269694  0.269684  0.269674  0.269663  0.269653
  0.269641  0.269630  0.269618  0.269606  0.269593  0.269580  0.269566  0.269552
  0.269537  0.269519
 ***************************************************************
 ************STARTING THE INPUT FOR EACH BLADE ROW**************
  BLADE ROW NUMBER =        6                                           
    NUMBER OF BLADES IN ROW 
       371
        JM        JLE       JTE 
       106        21        91
      KTIPSTART  KTIPEND 
         0         0
       BOUNDARY LAYER TRANSITION POINTS 
         0         0         0         0
  SET NEWGRID= 1 TO GENERATE A NEW GRID WITH DIFFERENT "J" POINTS AND SPACINGS.
         0
   RPMROW,    RPMHUB 
       0.0       0.0
       JROTHS    JROTHE    JROTTS    JROTTE 
         1         1         1         1
   PUPROW    PLEROW   PTEROW    PDROW 
  208169.8  208169.8  249724.8  249724.8
      NSECS_ROW   INSURF  
         3         0
  IF_CUSP_OUT   IFANGLES 
         1         0
         0         3         0
 ***************************************************************
  ROW NUMBER           6  SECTION NUMBER            1
           0           0           0  IF_DESIGN etc 
   1.00000   0.00000    0
  0.069689  0.070014  0.070306  0.070568  0.070802  0.071013  0.071202  0.071371
  0.071523  0.071659  0.071781  0.071890  0.071988  0.072076  0.072155  0.072225
  0.072289  0.072346  0.072396  0.072442  0.072483  0.072524  0.072566  0.072611
  0.072658  0.072707  0.072759  0.072813  0.072871  0.072931  0.072995  0.073062
  0.073132  0.073206  0.073285  0.073367  0.073453  0.073543  0.073638  0.073737
  0.073842  0.073952  0.074067  0.074188  0.074315  0.074449  0.074589  0.074738
  0.074894  0.075061  0.075240  0.075432  0.075636  0.075852  0.076080  0.076317
  0.076561  0.076807  0.077053  0.077300  0.077545  0.077789  0.078031  0.078273
  0.078515  0.078758  0.079002  0.079246  0.079488  0.079730  0.079968  0.080201
  0.080429  0.080651  0.080866  0.081075  0.081278  0.081474  0.081665  0.081849
  0.082028  0.082201  0.082369  0.082530  0.082686  0.082836  0.082980  0.083119
  0.083251  0.083378  0.083499  0.083620  0.083747  0.083882  0.084025  0.084176
  0.084336  0.084505  0.084685  0.084874  0.085075  0.085287  0.085512  0.085751
  0.086004  0.086272
  1.000000  0.000000
 -0.009539 -0.008962 -0.008446 -0.007982 -0.007567 -0.007194 -0.006860 -0.006560
 -0.006292 -0.006051 -0.005835 -0.005642 -0.005468 -0.005312 -0.005173 -0.005048
 -0.004936 -0.004835 -0.004745 -0.004664 -0.004592 -0.004447 -0.004351 -0.004262
 -0.004175 -0.004084 -0.003991 -0.003894 -0.003793 -0.003690 -0.003582 -0.003471
 -0.003357 -0.003239 -0.003118 -0.002994 -0.002867 -0.002737 -0.002605 -0.002471
 -0.002334 -0.002196 -0.002056 -0.001915 -0.001773 -0.001630 -0.001487 -0.001344
 -0.001202 -0.001060 -0.000918 -0.000777 -0.000641 -0.000511 -0.000391 -0.000282
 -0.000189 -0.000114 -0.000056 -0.000016  0.000006  0.000012  0.000000 -0.000028
 -0.000071 -0.000132 -0.000209 -0.000302 -0.000409 -0.000532 -0.000669 -0.000817
 -0.000976 -0.001143 -0.001317 -0.001497 -0.001682 -0.001871 -0.002064 -0.002260
 -0.002457 -0.002656 -0.002855 -0.003053 -0.003251 -0.003447 -0.003640 -0.003830
 -0.004017 -0.004199 -0.004425 -0.004583 -0.004750 -0.004927 -0.005113 -0.005311
 -0.005519 -0.005740 -0.005973 -0.006219 -0.006479 -0.006755 -0.007045 -0.007352
 -0.007677 -0.008020
  1.000000
  0.000000  0.000000  0.000000  0.000000  0.000000  0.000000  0.000000  0.000000
  0.000000  0.000000  0.000000  0.000000  0.000000  0.000000  0.000000  0.000000
  0.000000  0.000000  0.000000  0.000000  0.000000  0.000153  0.000209  0.000245
  0.000272  0.000293  0.000311  0.000329  0.000346  0.000365  0.000384  0.000404
  0.000425  0.000447  0.000469  0.000492  0.000516  0.000540  0.000565  0.000591
  0.000618  0.000645  0.000672  0.000701  0.000729  0.000758  0.000787  0.000817
  0.000847  0.000877  0.000907  0.000937  0.000967  0.000995  0.001022  0.001047
  0.001068  0.001086  0.001101  0.001111  0.001117  0.001121  0.001119  0.001114
  0.001106  0.001094  0.001078  0.001059  0.001036  0.001009  0.000978  0.000945
  0.000910  0.000872  0.000832  0.000791  0.000748  0.000705  0.000660  0.000614
  0.000568  0.000521  0.000475  0.000428  0.000381  0.000334  0.000288  0.000243
  0.000198  0.000153  0.000000  0.000000  0.000000  0.000000  0.000000  0.000000
  0.000000  0.000000  0.000000  0.000000  0.000000  0.000000  0.000000  0.000000
  0.000000  0.000000
  1.000000  0.000000
  0.230288  0.230315  0.230336  0.230354  0.230370  0.230384  0.230396  0.230406
  0.230415  0.230424  0.230431  0.230437  0.230443  0.230448  0.230453  0.230457
  0.230461  0.230464  0.230467  0.230470  0.230472  0.230476  0.230479  0.230483
  0.230487  0.230492  0.230497  0.230502  0.230508  0.230514  0.230520  0.230527
  0.230535  0.230543  0.230551  0.230561  0.230571  0.230581  0.230593  0.230605
  0.230618  0.230633  0.230648  0.230665  0.230683  0.230702  0.230723  0.230745
  0.230769  0.230796  0.230825  0.230857  0.230892  0.230930  0.230971  0.231015
  0.231060  0.231108  0.231156  0.231205  0.231255  0.231305  0.231355  0.231406
  0.231457  0.231509  0.231561  0.231614  0.231666  0.231719  0.231770  0.231821
  0.231870  0.231919  0.231965  0.232010  0.232053  0.232095  0.232135  0.232174
  0.232211  0.232247  0.232281  0.232313  0.232345  0.232374  0.232403  0.232430
  0.232455  0.232479  0.232502  0.232528  0.232555  0.232583  0.232611  0.232640
  0.232669  0.232698  0.232726  0.232754  0.232781  0.232807  0.232825  0.232839
  0.232850  0.232859
 ***************************************************************
  ROW NUMBER           6  SECTION NUMBER            2
           0           0           0  IF_DESIGN etc 
   1.00000   0.00000    0
  0.069734  0.070055  0.070343  0.070601  0.070832  0.071040  0.071226  0.071392
  0.071542  0.071676  0.071796  0.071904  0.072000  0.072087  0.072165  0.072234
  0.072297  0.072352  0.072403  0.072448  0.072488  0.072528  0.072570  0.072615
  0.072661  0.072710  0.072761  0.072815  0.072871  0.072931  0.072994  0.073060
  0.073130  0.073204  0.073281  0.073363  0.073448  0.073538  0.073632  0.073731
  0.073835  0.073944  0.074058  0.074178  0.074305  0.074438  0.074578  0.074726
  0.074882  0.075048  0.075227  0.075418  0.075622  0.075838  0.076066  0.076303
  0.076547  0.076793  0.077040  0.077287  0.077533  0.077777  0.078020  0.078262
  0.078506  0.078750  0.078994  0.079239  0.079482  0.079725  0.079964  0.080198
  0.080427  0.080650  0.080866  0.081076  0.081279  0.081476  0.081667  0.081852
  0.082031  0.082205  0.082373  0.082534  0.082690  0.082841  0.082985  0.083124
  0.083256  0.083383  0.083504  0.083625  0.083753  0.083888  0.084031  0.084182
  0.084342  0.084510  0.084689  0.084877  0.085077  0.085288  0.085510  0.085746
  0.085995  0.086258
  1.000000  0.000000
 -0.009390 -0.008823 -0.008313 -0.007857 -0.007448 -0.007081 -0.006752 -0.006457
 -0.006193 -0.005956 -0.005743 -0.005553 -0.005382 -0.005229 -0.005092 -0.004969
 -0.004858 -0.004759 -0.004671 -0.004591 -0.004520 -0.004377 -0.004283 -0.004195
 -0.004109 -0.004020 -0.003928 -0.003833 -0.003734 -0.003632 -0.003526 -0.003417
 -0.003304 -0.003188 -0.003069 -0.002947 -0.002822 -0.002694 -0.002564 -0.002432
 -0.002297 -0.002161 -0.002023 -0.001884 -0.001745 -0.001604 -0.001463 -0.001323
 -0.001183 -0.001043 -0.000903 -0.000765 -0.000631 -0.000503 -0.000384 -0.000277
 -0.000186 -0.000112 -0.000055 -0.000016  0.000006  0.000011  0.000000 -0.000027
 -0.000070 -0.000130 -0.000205 -0.000296 -0.000402 -0.000523 -0.000658 -0.000803
 -0.000959 -0.001123 -0.001294 -0.001471 -0.001653 -0.001838 -0.002028 -0.002220
 -0.002413 -0.002608 -0.002804 -0.002998 -0.003193 -0.003385 -0.003574 -0.003761
 -0.003944 -0.004123 -0.004345 -0.004499 -0.004663 -0.004836 -0.005019 -0.005213
 -0.005417 -0.005633 -0.005862 -0.006103 -0.006359 -0.006628 -0.006914 -0.007215
 -0.007534 -0.007871
  1.000000
  0.000000  0.000000  0.000000  0.000000  0.000000  0.000000  0.000000  0.000000
  0.000000  0.000000  0.000000  0.000000  0.000000  0.000000  0.000000  0.000000
  0.000000  0.000000  0.000000  0.000000  0.000000  0.000151  0.000205  0.000241
  0.000267  0.000289  0.000306  0.000323  0.000341  0.000359  0.000378  0.000398
  0.000418  0.000439  0.000461  0.000484  0.000507  0.000531  0.000556  0.000582
  0.000608  0.000634  0.000661  0.000689  0.000717  0.000746  0.000774  0.000803
  0.000833  0.000862  0.000892  0.000921  0.000951  0.000978  0.001005  0.001029
  0.001050  0.001068  0.001083  0.001093  0.001099  0.001102  0.001101  0.001096
  0.001088  0.001076  0.001060  0.001041  0.001019  0.000992  0.000962  0.000930
  0.000895  0.000857  0.000818  0.000778  0.000736  0.000693  0.000649  0.000604
  0.000559  0.000513  0.000467  0.000421  0.000374  0.000329  0.000283  0.000239
  0.000195  0.000150  0.000000  0.000000  0.000000  0.000000  0.000000  0.000000
  0.000000  0.000000  0.000000  0.000000  0.000000  0.000000  0.000000  0.000000
  0.000000  0.000000
  1.000000  0.000000
  0.250000  0.250000  0.250000  0.250000  0.250000  0.250000  0.250000  0.250000
  0.250000  0.250000  0.250000  0.250000  0.250000  0.250000  0.250000  0.250000
  0.250000  0.250000  0.250000  0.250000  0.250000  0.250000  0.250000  0.250000
  0.250000  0.250000  0.250000  0.250000  0.250000  0.250000  0.250000  0.250000
  0.250000  0.250000  0.250000  0.250000  0.250000  0.250000  0.250000  0.250000
  0.250000  0.250000  0.250000  0.250000  0.250000  0.250000  0.250000  0.250000
  0.250000  0.250000  0.250000  0.250000  0.250000  0.250000  0.250000  0.250000
  0.250000  0.250000  0.250000  0.250000  0.250000  0.250000  0.250000  0.250000
  0.250000  0.250000  0.250000  0.250000  0.250000  0.250000  0.250000  0.250000
  0.250000  0.250000  0.250000  0.250000  0.250000  0.250000  0.250000  0.250000
  0.250000  0.250000  0.250000  0.250000  0.250000  0.250000  0.250000  0.250000
  0.250000  0.250000  0.250000  0.250000  0.250000  0.250000  0.250000  0.250000
  0.250000  0.250000  0.250000  0.250000  0.250000  0.250000  0.250000  0.250000
  0.250000  0.250000
 ***************************************************************
  ROW NUMBER           6  SECTION NUMBER            3
           0           0           0  IF_DESIGN etc 
   1.00000   0.00000    0
  0.069689  0.070014  0.070306  0.070568  0.070802  0.071013  0.071202  0.071371
  0.071523  0.071659  0.071781  0.071890  0.071988  0.072076  0.072155  0.072225
  0.072289  0.072346  0.072396  0.072442  0.072483  0.072524  0.072566  0.072611
  0.072658  0.072707  0.072759  0.072813  0.072871  0.072931  0.072995  0.073062
  0.073132  0.073206  0.073285  0.073367  0.073453  0.073543  0.073638  0.073737
  0.073842  0.073952  0.074067  0.074188  0.074315  0.074449  0.074589  0.074738
  0.074894  0.075061  0.075240  0.075432  0.075636  0.075852  0.076080  0.076317
  0.076561  0.076807  0.077053  0.077300  0.077545  0.077789  0.078031  0.078273
  0.078515  0.078758  0.079002  0.079246  0.079488  0.079730  0.079968  0.080201
  0.080429  0.080651  0.080866  0.081075  0.081278  0.081474  0.081665  0.081849
  0.082028  0.082201  0.082369  0.082530  0.082686  0.082836  0.082980  0.083119
  0.083251  0.083378  0.083499  0.083620  0.083747  0.083882  0.084025  0.084176
  0.084336  0.084505  0.084685  0.084874  0.085075  0.085287  0.085512  0.085751
  0.086004  0.086272
  1.000000  0.000000
 -0.009557 -0.008979 -0.008460 -0.007996 -0.007579 -0.007206 -0.006871 -0.006571
 -0.006302 -0.006061 -0.005844 -0.005650 -0.005477 -0.005321 -0.005181 -0.005056
 -0.004944 -0.004843 -0.004753 -0.004672 -0.004599 -0.004454 -0.004358 -0.004269
 -0.004181 -0.004091 -0.003997 -0.003900 -0.003800 -0.003696 -0.003588 -0.003477
 -0.003362 -0.003244 -0.003123 -0.002998 -0.002871 -0.002741 -0.002609 -0.002475
 -0.002338 -0.002199 -0.002059 -0.001917 -0.001775 -0.001632 -0.001489 -0.001346
 -0.001203 -0.001061 -0.000919 -0.000778 -0.000642 -0.000512 -0.000391 -0.000282
 -0.000190 -0.000114 -0.000056 -0.000016  0.000006  0.000012  0.000000 -0.000028
 -0.000071 -0.000132 -0.000209 -0.000301 -0.000409 -0.000532 -0.000668 -0.000816
 -0.000974 -0.001141 -0.001315 -0.001494 -0.001679 -0.001867 -0.002060 -0.002254
 -0.002451 -0.002649 -0.002847 -0.003045 -0.003242 -0.003437 -0.003629 -0.003819
 -0.004005 -0.004186 -0.004411 -0.004568 -0.004734 -0.004910 -0.005095 -0.005291
 -0.005499 -0.005718 -0.005950 -0.006195 -0.006454 -0.006727 -0.007017 -0.007323
 -0.007647 -0.007990
  1.000000
  0.000000  0.000000  0.000000  0.000000  0.000000  0.000000  0.000000  0.000000
  0.000000  0.000000  0.000000  0.000000  0.000000  0.000000  0.000000  0.000000
  0.000000  0.000000  0.000000  0.000000  0.000000  0.000153  0.000209  0.000245
  0.000272  0.000293  0.000311  0.000329  0.000346  0.000365  0.000384  0.000404
  0.000425  0.000447  0.000469  0.000492  0.000516  0.000540  0.000565  0.000591
  0.000618  0.000645  0.000672  0.000701  0.000729  0.000758  0.000787  0.000817
  0.000847  0.000877  0.000907  0.000937  0.000967  0.000995  0.001022  0.001047
  0.001068  0.001086  0.001101  0.001111  0.001117  0.001121  0.001119  0.001114
  0.001106  0.001094  0.001078  0.001059  0.001036  0.001009  0.000978  0.000945
  0.000910  0.000872  0.000832  0.000791  0.000748  0.000705  0.000660  0.000614
  0.000568  0.000521  0.000475  0.000428  0.000381  0.000334  0.000288  0.000243
  0.000198  0.000153  0.000000  0.000000  0.000000  0.000000  0.000000  0.000000
  0.000000  0.000000  0.000000  0.000000  0.000000  0.000000  0.000000  0.000000
  0.000000  0.000000
  1.000000  0.000000
  0.269712  0.269685  0.269664  0.269646  0.269630  0.269616  0.269604  0.269594
  0.269585  0.269576  0.269569  0.269563  0.269557  0.269552  0.269547  0.269543
  0.269539  0.269536  0.269533  0.269530  0.269528  0.269524  0.269521  0.269517
  0.269513  0.269508  0.269503  0.269498  0.269492  0.269486  0.269480  0.269473
  0.269465  0.269457  0.269449  0.269439  0.269429  0.269419  0.269407  0.269395
  0.269381  0.269367  0.269352  0.269335  0.269317  0.269298  0.269277  0.269255
  0.269231  0.269204  0.269175  0.269143  0.269108  0.269070  0.269029  0.268985
  0.268940  0.268892  0.268844  0.268795  0.268745  0.268695  0.268645  0.268594
  0.268543  0.268491  0.268439  0.268386  0.268334  0.268281  0.268230  0.268179
  0.268130  0.268082  0.268035  0.267990  0.267947  0.267905  0.267865  0.267826
  0.267789  0.267753  0.267719  0.267687  0.267655  0.267626  0.267597  0.267570
  0.267545  0.267521  0.267498  0.267472  0.267445  0.267417  0.267389  0.267360
  0.267331  0.267302  0.267274  0.267246  0.267219  0.267193  0.267175  0.267161
  0.267150  0.267141
 ***************************************************************
 ************STARTING THE INPUT FOR EACH BLADE ROW**************
  BLADE ROW NUMBER =        7                                           
    NUMBER OF BLADES IN ROW 
       373
        JM        JLE       JTE 
       106        21        91
      KTIPSTART  KTIPEND 
         0         0
       BOUNDARY LAYER TRANSITION POINTS 
         0         0         0         0
  SET NEWGRID= 1 TO GENERATE A NEW GRID WITH DIFFERENT "J" POINTS AND SPACINGS.
         0
   RPMROW,    RPMHUB 
    3600.0    3600.0
       JROTHS    JROTHE    JROTTS    JROTTE 
         1         1         1         1
   PUPROW    PLEROW   PTEROW    PDROW 
  249724.8  249724.8  296845.8  296845.8
      NSECS_ROW   INSURF  
         3         0
  IF_CUSP_OUT   IFANGLES 
         1         0
         0         3         0
 ***************************************************************
  ROW NUMBER           7  SECTION NUMBER            1
           0           0           0  IF_DESIGN etc 
   1.00000   0.00000    0
  0.086203  0.086527  0.086819  0.087080  0.087314  0.087523  0.087711  0.087880
  0.088031  0.088166  0.088287  0.088396  0.088494  0.088581  0.088659  0.088730
  0.088793  0.088849  0.088900  0.088945  0.088986  0.089027  0.089069  0.089113
  0.089160  0.089209  0.089261  0.089315  0.089372  0.089432  0.089495  0.089562
  0.089632  0.089706  0.089784  0.089865  0.089951  0.090041  0.090136  0.090235
  0.090339  0.090448  0.090563  0.090684  0.090810  0.090943  0.091084  0.091232
  0.091388  0.091554  0.091733  0.091924  0.092128  0.092344  0.092571  0.092808
  0.093051  0.093297  0.093543  0.093790  0.094035  0.094279  0.094521  0.094763
  0.095006  0.095250  0.095494  0.095738  0.095981  0.096223  0.096462  0.096696
  0.096925  0.097147  0.097364  0.097574  0.097777  0.097974  0.098165  0.098351
  0.098531  0.098705  0.098873  0.099036  0.099193  0.099344  0.099489  0.099628
  0.099762  0.099889  0.100011  0.100133  0.100262  0.100399  0.100543  0.100696
  0.100857  0.101027  0.101208  0.101398  0.101600  0.101812  0.102038  0.102276
  0.102527  0.102793
  1.000000  0.000000
  0.008378  0.007805  0.007290  0.006829  0.006415  0.006045  0.005712  0.005414
  0.005147  0.004908  0.004693  0.004500  0.004328  0.004173  0.004034  0.003910
  0.003798  0.003698  0.003609  0.003528  0.003456  0.003489  0.003453  0.003408
  0.003356  0.003297  0.003230  0.003157  0.003080  0.003000  0.002917  0.002831
  0.002741  0.002649  0.002554  0.002455  0.002355  0.002252  0.002147  0.002040
  0.001930  0.001820  0.001707  0.001594  0.001479  0.001364  0.001248  0.001132
  0.001016  0.000900  0.000784  0.000668  0.000555  0.000448  0.000347  0.000256
  0.000177  0.000112  0.000060  0.000024  0.000000 -0.000009 -0.000006  0.000010
  0.000041  0.000083  0.000139  0.000207  0.000289  0.000382  0.000485  0.000598
  0.000719  0.000848  0.000982  0.001121  0.001264  0.001411  0.001561  0.001713
  0.001866  0.002021  0.002176  0.002331  0.002485  0.002638  0.002789  0.002938
  0.003084  0.003225  0.003302  0.003458  0.003624  0.003799  0.003984  0.004180
  0.004386  0.004605  0.004836  0.005081  0.005339  0.005612  0.005901  0.006206
  0.006528  0.006870
  1.000000
  0.000000  0.000000  0.000000  0.000000  0.000000  0.000000  0.000000  0.000000
  0.000000  0.000000  0.000000  0.000000  0.000000  0.000000  0.000000  0.000000
  0.000000  0.000000  0.000000  0.000000  0.000000  0.000208  0.000277  0.000327
  0.000370  0.000406  0.000438  0.000467  0.000495  0.000522  0.000550  0.000577
  0.000605  0.000632  0.000659  0.000686  0.000713  0.000740  0.000767  0.000793
  0.000819  0.000845  0.000870  0.000895  0.000919  0.000942  0.000965  0.000987
  0.001007  0.001027  0.001047  0.001064  0.001079  0.001093  0.001103  0.001111
  0.001115  0.001115  0.001113  0.001106  0.001096  0.001085  0.001070  0.001051
  0.001032  0.001009  0.000982  0.000954  0.000924  0.000891  0.000857  0.000821
  0.000784  0.000746  0.000707  0.000668  0.000629  0.000590  0.000550  0.000510
  0.000471  0.000432  0.000393  0.000355  0.000318  0.000281  0.000245  0.000210
  0.000176  0.000141  0.000000  0.000000  0.000000  0.000000  0.000000  0.000000
  0.000000  0.000000  0.000000  0.000000  0.000000  0.000000  0.000000  0.000000
  0.000000  0.000000
  1.000000  0.000000
  0.232857  0.232865  0.232870  0.232874  0.232881  0.232889  0.232897  0.232904
  0.232910  0.232916  0.232922  0.232927  0.232932  0.232936  0.232939  0.232943
  0.232946  0.232949  0.232952  0.232954  0.232956  0.232959  0.232963  0.232967
  0.232970  0.232975  0.232979  0.232984  0.232990  0.232995  0.233001  0.233008
  0.233015  0.233023  0.233031  0.233040  0.233049  0.233059  0.233070  0.233082
  0.233094  0.233108  0.233122  0.233138  0.233155  0.233173  0.233192  0.233213
  0.233236  0.233260  0.233287  0.233317  0.233349  0.233384  0.233421  0.233461
  0.233502  0.233544  0.233586  0.233629  0.233672  0.233715  0.233758  0.233800
  0.233843  0.233886  0.233928  0.233970  0.234011  0.234051  0.234090  0.234128
  0.234164  0.234198  0.234231  0.234261  0.234290  0.234317  0.234342  0.234366
  0.234388  0.234409  0.234428  0.234446  0.234462  0.234477  0.234491  0.234503
  0.234514  0.234525  0.234534  0.234540  0.234547  0.234553  0.234560  0.234567
  0.234575  0.234583  0.234591  0.234599  0.234608  0.234617  0.234626  0.234636
  0.234646  0.234658
 ***************************************************************
  ROW NUMBER           7  SECTION NUMBER            2
           0           0           0  IF_DESIGN etc 
   1.00000   0.00000    0
  0.086229  0.086550  0.086838  0.087097  0.087328  0.087536  0.087722  0.087889
  0.088038  0.088172  0.088293  0.088400  0.088497  0.088584  0.088662  0.088731
  0.088794  0.088850  0.088900  0.088945  0.088985  0.089026  0.089068  0.089112
  0.089158  0.089207  0.089258  0.089312  0.089369  0.089429  0.089492  0.089558
  0.089628  0.089702  0.089779  0.089861  0.089946  0.090036  0.090130  0.090229
  0.090333  0.090442  0.090557  0.090677  0.090804  0.090937  0.091077  0.091225
  0.091381  0.091547  0.091726  0.091918  0.092122  0.092338  0.092566  0.092803
  0.093047  0.093293  0.093541  0.093788  0.094034  0.094279  0.094522  0.094764
  0.095008  0.095252  0.095497  0.095741  0.095985  0.096228  0.096467  0.096702
  0.096931  0.097154  0.097370  0.097580  0.097783  0.097980  0.098171  0.098357
  0.098536  0.098710  0.098878  0.099040  0.099196  0.099346  0.099491  0.099629
  0.099762  0.099889  0.100010  0.100131  0.100259  0.100395  0.100538  0.100689
  0.100849  0.101017  0.101196  0.101385  0.101584  0.101795  0.102018  0.102254
  0.102503  0.102767
  1.000000  0.000000
  0.008299  0.007731  0.007221  0.006765  0.006355  0.005988  0.005659  0.005364
  0.005099  0.004862  0.004649  0.004459  0.004288  0.004134  0.003997  0.003874
  0.003763  0.003664  0.003576  0.003496  0.003425  0.003457  0.003421  0.003377
  0.003325  0.003266  0.003200  0.003127  0.003051  0.002972  0.002890  0.002804
  0.002716  0.002624  0.002530  0.002433  0.002333  0.002231  0.002127  0.002021
  0.001913  0.001803  0.001691  0.001579  0.001465  0.001351  0.001236  0.001121
  0.001006  0.000892  0.000776  0.000662  0.000550  0.000444  0.000344  0.000253
  0.000175  0.000111  0.000059  0.000023  0.000000 -0.000009 -0.000006  0.000010
  0.000040  0.000082  0.000137  0.000205  0.000286  0.000378  0.000480  0.000592
  0.000712  0.000839  0.000971  0.001109  0.001251  0.001396  0.001544  0.001694
  0.001846  0.001998  0.002152  0.002305  0.002458  0.002609  0.002758  0.002905
  0.003050  0.003189  0.003265  0.003420  0.003584  0.003757  0.003940  0.004134
  0.004338  0.004555  0.004783  0.005025  0.005281  0.005551  0.005836  0.006138
  0.006457  0.006794
  1.000000
  0.000000  0.000000  0.000000  0.000000  0.000000  0.000000  0.000000  0.000000
  0.000000  0.000000  0.000000  0.000000  0.000000  0.000000  0.000000  0.000000
  0.000000  0.000000  0.000000  0.000000  0.000000  0.000206  0.000275  0.000324
  0.000366  0.000402  0.000434  0.000462  0.000490  0.000517  0.000544  0.000572
  0.000599  0.000626  0.000653  0.000679  0.000706  0.000733  0.000759  0.000785
  0.000811  0.000836  0.000861  0.000886  0.000909  0.000933  0.000955  0.000977
  0.000997  0.001017  0.001037  0.001053  0.001068  0.001082  0.001092  0.001100
  0.001103  0.001104  0.001101  0.001095  0.001085  0.001074  0.001059  0.001041
  0.001021  0.000998  0.000972  0.000944  0.000914  0.000882  0.000848  0.000813
  0.000776  0.000738  0.000700  0.000661  0.000623  0.000584  0.000545  0.000505
  0.000466  0.000428  0.000389  0.000352  0.000315  0.000278  0.000243  0.000208
  0.000174  0.000140  0.000000  0.000000  0.000000  0.000000  0.000000  0.000000
  0.000000  0.000000  0.000000  0.000000  0.000000  0.000000  0.000000  0.000000
  0.000000  0.000000
  1.000000  0.000000
  0.250000  0.250000  0.250000  0.250000  0.250000  0.250000  0.250000  0.250000
  0.250000  0.250000  0.250000  0.250000  0.250000  0.250000  0.250000  0.250000
  0.250000  0.250000  0.250000  0.250000  0.250000  0.250000  0.250000  0.250000
  0.250000  0.250000  0.250000  0.250000  0.250000  0.250000  0.250000  0.250000
  0.250000  0.250000  0.250000  0.250000  0.250000  0.250000  0.250000  0.250000
  0.250000  0.250000  0.250000  0.250000  0.250000  0.250000  0.250000  0.250000
  0.250000  0.250000  0.250000  0.250000  0.250000  0.250000  0.250000  0.250000
  0.250000  0.250000  0.250000  0.250000  0.250000  0.250000  0.250000  0.250000
  0.250000  0.250000  0.250000  0.250000  0.250000  0.250000  0.250000  0.250000
  0.250000  0.250000  0.250000  0.250000  0.250000  0.250000  0.250000  0.250000
  0.250000  0.250000  0.250000  0.250000  0.250000  0.250000  0.250000  0.250000
  0.250000  0.250000  0.250000  0.250000  0.250000  0.250000  0.250000  0.250000
  0.250000  0.250000  0.250000  0.250000  0.250000  0.250000  0.250000  0.250000
  0.250000  0.250000
 ***************************************************************
  ROW NUMBER           7  SECTION NUMBER            3
           0           0           0  IF_DESIGN etc 
   1.00000   0.00000    0
  0.086203  0.086527  0.086818  0.087080  0.087314  0.087523  0.087711  0.087880
  0.088031  0.088166  0.088287  0.088396  0.088494  0.088581  0.088659  0.088730
  0.088793  0.088849  0.088900  0.088945  0.088986  0.089027  0.089069  0.089113
  0.089160  0.089209  0.089261  0.089315  0.089372  0.089432  0.089495  0.089562
  0.089632  0.089706  0.089784  0.089865  0.089951  0.090041  0.090136  0.090235
  0.090339  0.090448  0.090563  0.090683  0.090810  0.090943  0.091084  0.091232
  0.091388  0.091554  0.091733  0.091924  0.092128  0.092344  0.092571  0.092808
  0.093051  0.093297  0.093543  0.093790  0.094035  0.094279  0.094521  0.094763
  0.095006  0.095250  0.095494  0.095738  0.095981  0.096223  0.096462  0.096696
  0.096925  0.097147  0.097364  0.097574  0.097777  0.097974  0.098165  0.098351
  0.098531  0.098705  0.098873  0.099036  0.099193  0.099344  0.099489  0.099628
  0.099761  0.099889  0.100011  0.100133  0.100262  0.100399  0.100543  0.100695
  0.100857  0.101027  0.101207  0.101398  0.101599  0.101812  0.102037  0.102275
  0.102527  0.102793
  1.000000  0.000000
  0.008388  0.007814  0.007299  0.006838  0.006424  0.006053  0.005720  0.005422
  0.005155  0.004915  0.004700  0.004507  0.004334  0.004179  0.004041  0.003916
  0.003804  0.003704  0.003615  0.003534  0.003462  0.003495  0.003459  0.003414
  0.003362  0.003302  0.003235  0.003162  0.003085  0.003005  0.002922  0.002835
  0.002746  0.002653  0.002557  0.002459  0.002358  0.002255  0.002150  0.002043
  0.001933  0.001822  0.001710  0.001596  0.001481  0.001365  0.001249  0.001133
  0.001017  0.000901  0.000784  0.000669  0.000556  0.000448  0.000348  0.000256
  0.000177  0.000112  0.000060  0.000024  0.000000 -0.000009 -0.000006  0.000010
  0.000041  0.000083  0.000139  0.000207  0.000288  0.000381  0.000485  0.000598
  0.000719  0.000847  0.000981  0.001120  0.001263  0.001409  0.001558  0.001710
  0.001863  0.002017  0.002172  0.002327  0.002481  0.002633  0.002784  0.002933
  0.003078  0.003219  0.003296  0.003452  0.003617  0.003792  0.003977  0.004173
  0.004379  0.004598  0.004828  0.005072  0.005330  0.005603  0.005891  0.006196
  0.006518  0.006859
  1.000000
  0.000000  0.000000  0.000000  0.000000  0.000000  0.000000  0.000000  0.000000
  0.000000  0.000000  0.000000  0.000000  0.000000  0.000000  0.000000  0.000000
  0.000000  0.000000  0.000000  0.000000  0.000000  0.000208  0.000277  0.000327
  0.000370  0.000406  0.000438  0.000467  0.000495  0.000522  0.000550  0.000577
  0.000605  0.000632  0.000659  0.000686  0.000713  0.000740  0.000767  0.000793
  0.000819  0.000845  0.000870  0.000895  0.000919  0.000942  0.000965  0.000987
  0.001007  0.001027  0.001047  0.001064  0.001079  0.001093  0.001103  0.001111
  0.001115  0.001115  0.001113  0.001106  0.001096  0.001085  0.001070  0.001051
  0.001032  0.001009  0.000982  0.000954  0.000924  0.000891  0.000857  0.000821
  0.000784  0.000746  0.000707  0.000668  0.000629  0.000590  0.000550  0.000510
  0.000471  0.000432  0.000393  0.000355  0.000318  0.000281  0.000245  0.000210
  0.000176  0.000141  0.000000  0.000000  0.000000  0.000000  0.000000  0.000000
  0.000000  0.000000  0.000000  0.000000  0.000000  0.000000  0.000000  0.000000
  0.000000  0.000000
  1.000000  0.000000
  0.267143  0.267135  0.267130  0.267126  0.267119  0.267111  0.267103  0.267096
  0.267090  0.267084  0.267078  0.267073  0.267069  0.267064  0.267061  0.267057
  0.267054  0.267051  0.267048  0.267046  0.267044  0.267041  0.267037  0.267033
  0.267030  0.267025  0.267021  0.267016  0.267011  0.267005  0.266999  0.266992
  0.266985  0.266978  0.266969  0.266961  0.266951  0.266941  0.266930  0.266918
  0.266906  0.266892  0.266878  0.266862  0.266846  0.266828  0.266808  0.266787
  0.266765  0.266740  0.266713  0.266684  0.266652  0.266617  0.266580  0.266540
  0.266499  0.266457  0.266415  0.266372  0.266329  0.266286  0.266244  0.266201
  0.266158  0.266116  0.266074  0.266032  0.265991  0.265951  0.265911  0.265874
  0.265838  0.265804  0.265771  0.265741  0.265712  0.265685  0.265659  0.265636
  0.265613  0.265593  0.265574  0.265556  0.265539  0.265524  0.265511  0.265498
  0.265487  0.265476  0.265467  0.265461  0.265454  0.265447  0.265440  0.265433
  0.265425  0.265418  0.265409  0.265401  0.265392  0.265383  0.265374  0.265364
  0.265354  0.265342
 ***************************************************************
 ************STARTING THE INPUT FOR EACH BLADE ROW**************
  BLADE ROW NUMBER =        8                                           
    NUMBER OF BLADES IN ROW 
       375
        JM        JLE       JTE 
       106        21        91
      KTIPSTART  KTIPEND 
         0         0
       BOUNDARY LAYER TRANSITION POINTS 
         0         0         0         0
  SET NEWGRID= 1 TO GENERATE A NEW GRID WITH DIFFERENT "J" POINTS AND SPACINGS.
         0
   RPMROW,    RPMHUB 
       0.0       0.0
       JROTHS    JROTHE    JROTTS    JROTTE 
         1         1         1         1
   PUPROW    PLEROW   PTEROW    PDROW 
  296845.8  296845.8  349324.0  349324.0
      NSECS_ROW   INSURF  
         3         0
  IF_CUSP_OUT   IFANGLES 
         1         0
         0         3         0
 ***************************************************************
  ROW NUMBER           8  SECTION NUMBER            1
           0           0           0  IF_DESIGN etc 
   1.00000   0.00000    0
  0.099969  0.100292  0.100582  0.100841  0.101074  0.101283  0.101470  0.101638
  0.101789  0.101923  0.102044  0.102153  0.102250  0.102337  0.102415  0.102485
  0.102548  0.102605  0.102655  0.102700  0.102741  0.102782  0.102824  0.102868
  0.102915  0.102964  0.103015  0.103069  0.103126  0.103186  0.103250  0.103316
  0.103386  0.103460  0.103538  0.103620  0.103705  0.103795  0.103890  0.103989
  0.104093  0.104202  0.104317  0.104438  0.104564  0.104698  0.104838  0.104986
  0.105142  0.105308  0.105487  0.105679  0.105883  0.106099  0.106326  0.106563
  0.106807  0.107053  0.107299  0.107546  0.107791  0.108036  0.108278  0.108520
  0.108763  0.109006  0.109250  0.109494  0.109737  0.109979  0.110217  0.110450
  0.110678  0.110901  0.111116  0.111325  0.111528  0.111724  0.111915  0.112100
  0.112278  0.112452  0.112619  0.112780  0.112936  0.113086  0.113230  0.113368
  0.113501  0.113627  0.113748  0.113869  0.113996  0.114131  0.114273  0.114424
  0.114584  0.114752  0.114931  0.115119  0.115319  0.115530  0.115754  0.115991
  0.116242  0.116507
  1.000000  0.000000
 -0.009455 -0.008884 -0.008371 -0.007912 -0.007500 -0.007131 -0.006800 -0.006503
 -0.006236 -0.005998 -0.005784 -0.005592 -0.005420 -0.005266 -0.005127 -0.005003
 -0.004892 -0.004793 -0.004703 -0.004623 -0.004551 -0.004408 -0.004313 -0.004225
 -0.004138 -0.004048 -0.003956 -0.003859 -0.003760 -0.003657 -0.003551 -0.003441
 -0.003327 -0.003211 -0.003090 -0.002967 -0.002841 -0.002713 -0.002582 -0.002449
 -0.002314 -0.002176 -0.002038 -0.001898 -0.001757 -0.001615 -0.001474 -0.001332
 -0.001191 -0.001050 -0.000910 -0.000770 -0.000635 -0.000507 -0.000387 -0.000279
 -0.000188 -0.000113 -0.000055 -0.000016  0.000006  0.000012  0.000000 -0.000028
 -0.000071 -0.000131 -0.000207 -0.000299 -0.000405 -0.000528 -0.000663 -0.000810
 -0.000967 -0.001132 -0.001305 -0.001483 -0.001666 -0.001854 -0.002045 -0.002238
 -0.002434 -0.002631 -0.002828 -0.003024 -0.003220 -0.003414 -0.003605 -0.003794
 -0.003979 -0.004159 -0.004383 -0.004539 -0.004705 -0.004879 -0.005064 -0.005260
 -0.005466 -0.005684 -0.005915 -0.006159 -0.006417 -0.006689 -0.006977 -0.007281
 -0.007603 -0.007943
  1.000000
  0.000000  0.000000  0.000000  0.000000  0.000000  0.000000  0.000000  0.000000
  0.000000  0.000000  0.000000  0.000000  0.000000  0.000000  0.000000  0.000000
  0.000000  0.000000  0.000000  0.000000  0.000000  0.000152  0.000207  0.000243
  0.000269  0.000291  0.000309  0.000326  0.000343  0.000362  0.000381  0.000401
  0.000421  0.000443  0.000465  0.000488  0.000511  0.000535  0.000560  0.000586
  0.000612  0.000639  0.000666  0.000694  0.000723  0.000751  0.000780  0.000810
  0.000839  0.000869  0.000899  0.000928  0.000958  0.000986  0.001012  0.001037
  0.001058  0.001076  0.001091  0.001101  0.001107  0.001111  0.001109  0.001104
  0.001096  0.001084  0.001068  0.001049  0.001027  0.001000  0.000970  0.000937
  0.000901  0.000864  0.000825  0.000784  0.000742  0.000698  0.000654  0.000609
  0.000563  0.000517  0.000470  0.000424  0.000377  0.000331  0.000285  0.000240
  0.000196  0.000151  0.000000  0.000000  0.000000  0.000000  0.000000  0.000000
  0.000000  0.000000  0.000000  0.000000  0.000000  0.000000  0.000000  0.000000
  0.000000  0.000000
  1.000000  0.000000
  0.234531  0.234548  0.234562  0.234574  0.234585  0.234594  0.234602  0.234609
  0.234616  0.234621  0.234626  0.234631  0.234635  0.234638  0.234642  0.234644
  0.234647  0.234649  0.234651  0.234653  0.234655  0.234657  0.234660  0.234663
  0.234666  0.234669  0.234672  0.234676  0.234680  0.234684  0.234688  0.234693
  0.234698  0.234704  0.234709  0.234716  0.234723  0.234730  0.234738  0.234747
  0.234756  0.234765  0.234776  0.234787  0.234800  0.234813  0.234827  0.234843
  0.234859  0.234877  0.234898  0.234920  0.234944  0.234970  0.234998  0.235028
  0.235060  0.235093  0.235126  0.235161  0.235195  0.235230  0.235265  0.235300
  0.235336  0.235373  0.235409  0.235446  0.235484  0.235521  0.235557  0.235593
  0.235628  0.235663  0.235696  0.235728  0.235759  0.235789  0.235818  0.235846
  0.235873  0.235899  0.235923  0.235947  0.235970  0.235992  0.236013  0.236032
  0.236051  0.236069  0.236086  0.236106  0.236126  0.236147  0.236169  0.236191
  0.236213  0.236235  0.236256  0.236278  0.236299  0.236318  0.236332  0.236343
  0.236351  0.236358
 ***************************************************************
  ROW NUMBER           8  SECTION NUMBER            2
           0           0           0  IF_DESIGN etc 
   1.00000   0.00000    0
  0.099992  0.100313  0.100601  0.100858  0.101090  0.101297  0.101483  0.101649
  0.101799  0.101932  0.102053  0.102160  0.102257  0.102343  0.102421  0.102490
  0.102553  0.102609  0.102659  0.102704  0.102744  0.102784  0.102826  0.102870
  0.102917  0.102965  0.103017  0.103070  0.103127  0.103187  0.103250  0.103316
  0.103386  0.103459  0.103537  0.103618  0.103703  0.103793  0.103887  0.103986
  0.104089  0.104198  0.104313  0.104433  0.104559  0.104692  0.104832  0.104980
  0.105136  0.105302  0.105480  0.105672  0.105875  0.106091  0.106319  0.106556
  0.106799  0.107045  0.107292  0.107539  0.107784  0.108029  0.108271  0.108514
  0.108757  0.109001  0.109245  0.109489  0.109733  0.109975  0.110214  0.110448
  0.110676  0.110899  0.111115  0.111325  0.111527  0.111724  0.111915  0.112100
  0.112280  0.112453  0.112621  0.112782  0.112938  0.113088  0.113232  0.113371
  0.113503  0.113630  0.113751  0.113872  0.114000  0.114135  0.114277  0.114428
  0.114588  0.114757  0.114935  0.115123  0.115323  0.115533  0.115756  0.115991
  0.116240  0.116503
  1.000000  0.000000
 -0.009383 -0.008815 -0.008307 -0.007851 -0.007442 -0.007075 -0.006747 -0.006452
 -0.006188 -0.005951 -0.005739 -0.005548 -0.005378 -0.005225 -0.005087 -0.004964
 -0.004854 -0.004755 -0.004667 -0.004587 -0.004516 -0.004374 -0.004279 -0.004192
 -0.004106 -0.004017 -0.003925 -0.003830 -0.003731 -0.003629 -0.003523 -0.003414
 -0.003301 -0.003186 -0.003066 -0.002944 -0.002819 -0.002692 -0.002562 -0.002430
 -0.002296 -0.002159 -0.002022 -0.001883 -0.001743 -0.001603 -0.001462 -0.001322
 -0.001182 -0.001042 -0.000902 -0.000764 -0.000630 -0.000503 -0.000384 -0.000277
 -0.000186 -0.000112 -0.000055 -0.000016  0.000006  0.000011  0.000000 -0.000027
 -0.000070 -0.000129 -0.000205 -0.000296 -0.000402 -0.000523 -0.000657 -0.000803
 -0.000958 -0.001122 -0.001293 -0.001470 -0.001651 -0.001837 -0.002026 -0.002218
 -0.002411 -0.002606 -0.002801 -0.002996 -0.003190 -0.003382 -0.003571 -0.003758
 -0.003941 -0.004120 -0.004341 -0.004496 -0.004659 -0.004832 -0.005015 -0.005208
 -0.005413 -0.005629 -0.005857 -0.006098 -0.006353 -0.006623 -0.006908 -0.007209
 -0.007528 -0.007865
  1.000000
  0.000000  0.000000  0.000000  0.000000  0.000000  0.000000  0.000000  0.000000
  0.000000  0.000000  0.000000  0.000000  0.000000  0.000000  0.000000  0.000000
  0.000000  0.000000  0.000000  0.000000  0.000000  0.000151  0.000205  0.000241
  0.000267  0.000288  0.000306  0.000323  0.000340  0.000359  0.000378  0.000397
  0.000418  0.000439  0.000461  0.000483  0.000507  0.000531  0.000556  0.000581
  0.000607  0.000634  0.000661  0.000688  0.000716  0.000745  0.000774  0.000803
  0.000832  0.000861  0.000891  0.000921  0.000950  0.000978  0.001004  0.001029
  0.001050  0.001067  0.001082  0.001092  0.001098  0.001102  0.001100  0.001095
  0.001087  0.001075  0.001059  0.001040  0.001018  0.000991  0.000961  0.000929
  0.000894  0.000857  0.000818  0.000777  0.000735  0.000692  0.000648  0.000604
  0.000558  0.000512  0.000466  0.000420  0.000374  0.000328  0.000283  0.000238
  0.000195  0.000150  0.000000  0.000000  0.000000  0.000000  0.000000  0.000000
  0.000000  0.000000  0.000000  0.000000  0.000000  0.000000  0.000000  0.000000
  0.000000  0.000000
  1.000000  0.000000
  0.250000  0.250000  0.250000  0.250000  0.250000  0.250000  0.250000  0.250000
  0.250000  0.250000  0.250000  0.250000  0.250000  0.250000  0.250000  0.250000
  0.250000  0.250000  0.250000  0.250000  0.250000  0.250000  0.250000  0.250000
  0.250000  0.250000  0.250000  0.250000  0.250000  0.250000  0.250000  0.250000
  0.250000  0.250000  0.250000  0.250000  0.250000  0.250000  0.250000  0.250000
  0.250000  0.250000  0.250000  0.250000  0.250000  0.250000  0.250000  0.250000
  0.250000  0.250000  0.250000  0.250000  0.250000  0.250000  0.250000  0.250000
  0.250000  0.250000  0.250000  0.250000  0.250000  0.250000  0.250000  0.250000
  0.250000  0.250000  0.250000  0.250000  0.250000  0.250000  0.250000  0.250000
  0.250000  0.250000  0.250000  0.250000  0.250000  0.250000  0.250000  0.250000
  0.250000  0.250000  0.250000  0.250000  0.250000  0.250000  0.250000  0.250000
  0.250000  0.250000  0.250000  0.250000  0.250000  0.250000  0.250000  0.250000
  0.250000  0.250000  0.250000  0.250000  0.250000  0.250000  0.250000  0.250000
  0.250000  0.250000
 ***************************************************************
  ROW NUMBER           8  SECTION NUMBER            3
           0           0           0  IF_DESIGN etc 
   1.00000   0.00000    0
  0.099969  0.100292  0.100582  0.100841  0.101074  0.101283  0.101470  0.101638
  0.101789  0.101923  0.102044  0.102153  0.102250  0.102337  0.102415  0.102486
  0.102548  0.102605  0.102655  0.102700  0.102741  0.102782  0.102824  0.102868
  0.102915  0.102964  0.103015  0.103069  0.103126  0.103186  0.103250  0.103316
  0.103386  0.103460  0.103538  0.103620  0.103705  0.103795  0.103890  0.103989
  0.104093  0.104202  0.104317  0.104438  0.104564  0.104698  0.104838  0.104986
  0.105142  0.105308  0.105487  0.105679  0.105883  0.106099  0.106326  0.106563
  0.106807  0.107053  0.107299  0.107546  0.107791  0.108036  0.108278  0.108520
  0.108763  0.109006  0.109250  0.109494  0.109737  0.109979  0.110217  0.110450
  0.110678  0.110901  0.111116  0.111325  0.111528  0.111724  0.111915  0.112100
  0.112279  0.112452  0.112619  0.112780  0.112936  0.113086  0.113230  0.113368
  0.113501  0.113627  0.113748  0.113869  0.113996  0.114131  0.114273  0.114424
  0.114584  0.114752  0.114931  0.115119  0.115319  0.115530  0.115754  0.115991
  0.116242  0.116507
  1.000000  0.000000
 -0.009467 -0.008895 -0.008381 -0.007921 -0.007508 -0.007139 -0.006807 -0.006510
 -0.006243 -0.006004 -0.005790 -0.005598 -0.005426 -0.005271 -0.005133 -0.005009
 -0.004898 -0.004798 -0.004708 -0.004628 -0.004556 -0.004413 -0.004318 -0.004230
 -0.004142 -0.004053 -0.003960 -0.003864 -0.003764 -0.003661 -0.003555 -0.003445
 -0.003331 -0.003214 -0.003094 -0.002971 -0.002845 -0.002716 -0.002585 -0.002452
 -0.002316 -0.002179 -0.002040 -0.001900 -0.001759 -0.001617 -0.001475 -0.001333
 -0.001192 -0.001051 -0.000910 -0.000771 -0.000636 -0.000507 -0.000388 -0.000280
 -0.000188 -0.000113 -0.000055 -0.000016  0.000006  0.000012  0.000000 -0.000027
 -0.000071 -0.000130 -0.000207 -0.000299 -0.000405 -0.000527 -0.000662 -0.000809
 -0.000966 -0.001131 -0.001303 -0.001481 -0.001664 -0.001851 -0.002041 -0.002235
 -0.002430 -0.002626 -0.002822 -0.003018 -0.003214 -0.003407 -0.003598 -0.003786
 -0.003970 -0.004150 -0.004373 -0.004529 -0.004693 -0.004867 -0.005051 -0.005246
 -0.005451 -0.005668 -0.005898 -0.006141 -0.006398 -0.006669 -0.006956 -0.007260
 -0.007581 -0.007920
  1.000000
  0.000000  0.000000  0.000000  0.000000  0.000000  0.000000  0.000000  0.000000
  0.000000  0.000000  0.000000  0.000000  0.000000  0.000000  0.000000  0.000000
  0.000000  0.000000  0.000000  0.000000  0.000000  0.000152  0.000207  0.000243
  0.000269  0.000291  0.000309  0.000326  0.000343  0.000362  0.000381  0.000401
  0.000421  0.000443  0.000465  0.000488  0.000511  0.000535  0.000560  0.000586
  0.000612  0.000639  0.000666  0.000694  0.000723  0.000751  0.000780  0.000810
  0.000839  0.000869  0.000899  0.000928  0.000958  0.000986  0.001012  0.001037
  0.001058  0.001076  0.001091  0.001101  0.001107  0.001111  0.001109  0.001104
  0.001096  0.001084  0.001068  0.001049  0.001027  0.001000  0.000970  0.000937
  0.000901  0.000864  0.000825  0.000784  0.000742  0.000698  0.000654  0.000609
  0.000563  0.000517  0.000470  0.000424  0.000377  0.000331  0.000285  0.000240
  0.000196  0.000151  0.000000  0.000000  0.000000  0.000000  0.000000  0.000000
  0.000000  0.000000  0.000000  0.000000  0.000000  0.000000  0.000000  0.000000
  0.000000  0.000000
  1.000000  0.000000
  0.265470  0.265453  0.265438  0.265426  0.265415  0.265406  0.265398  0.265391
  0.265384  0.265379  0.265374  0.265369  0.265365  0.265362  0.265358  0.265356
  0.265353  0.265351  0.265349  0.265347  0.265345  0.265343  0.265340  0.265337
  0.265334  0.265331  0.265328  0.265324  0.265321  0.265316  0.265312  0.265307
  0.265302  0.265296  0.265290  0.265284  0.265277  0.265270  0.265262  0.265254
  0.265244  0.265235  0.265224  0.265213  0.265200  0.265187  0.265173  0.265157
  0.265141  0.265123  0.265102  0.265080  0.265056  0.265030  0.265002  0.264972
  0.264940  0.264907  0.264874  0.264840  0.264805  0.264770  0.264735  0.264700
  0.264664  0.264627  0.264591  0.264554  0.264516  0.264479  0.264443  0.264407
  0.264372  0.264337  0.264304  0.264272  0.264241  0.264211  0.264182  0.264154
  0.264127  0.264102  0.264077  0.264053  0.264030  0.264008  0.263987  0.263968
  0.263949  0.263931  0.263914  0.263894  0.263874  0.263853  0.263831  0.263809
  0.263787  0.263765  0.263744  0.263722  0.263701  0.263682  0.263668  0.263657
  0.263649  0.263642
 ***************************************************************
 ************STARTING THE INPUT FOR EACH BLADE ROW**************
  BLADE ROW NUMBER =        9                                           
    NUMBER OF BLADES IN ROW 
       377
        JM        JLE       JTE 
       106        21        91
      KTIPSTART  KTIPEND 
         0         0
       BOUNDARY LAYER TRANSITION POINTS 
         0         0         0         0
  SET NEWGRID= 1 TO GENERATE A NEW GRID WITH DIFFERENT "J" POINTS AND SPACINGS.
         0
   RPMROW,    RPMHUB 
    3600.0    3600.0
       JROTHS    JROTHE    JROTTS    JROTTE 
         1         1         1         1
   PUPROW    PLEROW   PTEROW    PDROW 
  349324.0  349324.0  408073.4  408073.4
      NSECS_ROW   INSURF  
         3         0
  IF_CUSP_OUT   IFANGLES 
         1         0
         0         3         0
 ***************************************************************
  ROW NUMBER           9  SECTION NUMBER            1
           0           0           0  IF_DESIGN etc 
   1.00000   0.00000    0
  0.116476  0.116799  0.117088  0.117347  0.117580  0.117788  0.117975  0.118143
  0.118293  0.118427  0.118548  0.118656  0.118753  0.118840  0.118918  0.118988
  0.119051  0.119107  0.119157  0.119203  0.119243  0.119283  0.119326  0.119370
  0.119416  0.119465  0.119517  0.119571  0.119627  0.119687  0.119750  0.119817
  0.119887  0.119960  0.120038  0.120120  0.120205  0.120295  0.120389  0.120488
  0.120592  0.120701  0.120816  0.120936  0.121062  0.121195  0.121335  0.121483
  0.121639  0.121805  0.121984  0.122175  0.122379  0.122595  0.122822  0.123059
  0.123302  0.123548  0.123794  0.124041  0.124287  0.124531  0.124773  0.125015
  0.125258  0.125502  0.125746  0.125990  0.126233  0.126475  0.126714  0.126948
  0.127176  0.127399  0.127615  0.127825  0.128028  0.128225  0.128416  0.128601
  0.128781  0.128954  0.129122  0.129284  0.129441  0.129591  0.129736  0.129875
  0.130008  0.130135  0.130256  0.130377  0.130506  0.130642  0.130785  0.130937
  0.131097  0.131267  0.131446  0.131636  0.131836  0.132048  0.132271  0.132508
  0.132758  0.133022
  1.000000  0.000000
  0.008329  0.007759  0.007247  0.006789  0.006378  0.006009  0.005679  0.005383
  0.005117  0.004879  0.004666  0.004474  0.004303  0.004149  0.004011  0.003887
  0.003776  0.003677  0.003588  0.003508  0.003436  0.003469  0.003433  0.003388
  0.003337  0.003278  0.003211  0.003138  0.003062  0.002983  0.002900  0.002814
  0.002725  0.002634  0.002539  0.002441  0.002341  0.002239  0.002134  0.002028
  0.001919  0.001809  0.001697  0.001584  0.001470  0.001356  0.001241  0.001125
  0.001010  0.000895  0.000779  0.000664  0.000552  0.000445  0.000345  0.000254
  0.000176  0.000111  0.000060  0.000023  0.000000 -0.000009 -0.000006  0.000010
  0.000040  0.000083  0.000138  0.000206  0.000287  0.000379  0.000482  0.000594
  0.000715  0.000842  0.000976  0.001114  0.001256  0.001402  0.001551  0.001702
  0.001855  0.002008  0.002162  0.002316  0.002469  0.002621  0.002771  0.002919
  0.003064  0.003205  0.003281  0.003436  0.003601  0.003775  0.003959  0.004153
  0.004359  0.004576  0.004806  0.005049  0.005305  0.005577  0.005864  0.006167
  0.006487  0.006826
  1.000000
  0.000000  0.000000  0.000000  0.000000  0.000000  0.000000  0.000000  0.000000
  0.000000  0.000000  0.000000  0.000000  0.000000  0.000000  0.000000  0.000000
  0.000000  0.000000  0.000000  0.000000  0.000000  0.000207  0.000276  0.000325
  0.000367  0.000404  0.000436  0.000464  0.000492  0.000519  0.000547  0.000574
  0.000601  0.000628  0.000655  0.000682  0.000709  0.000736  0.000762  0.000788
  0.000814  0.000840  0.000865  0.000889  0.000913  0.000936  0.000959  0.000981
  0.001001  0.001021  0.001041  0.001058  0.001073  0.001086  0.001096  0.001104
  0.001108  0.001108  0.001106  0.001100  0.001090  0.001079  0.001063  0.001045
  0.001026  0.001003  0.000976  0.000948  0.000918  0.000885  0.000852  0.000816
  0.000779  0.000741  0.000703  0.000664  0.000625  0.000586  0.000547  0.000507
  0.000468  0.000429  0.000391  0.000353  0.000316  0.000280  0.000244  0.000209
  0.000175  0.000140  0.000000  0.000000  0.000000  0.000000  0.000000  0.000000
  0.000000  0.000000  0.000000  0.000000  0.000000  0.000000  0.000000  0.000000
  0.000000  0.000000
  1.000000  0.000000
  0.236358  0.236364  0.236367  0.236370  0.236376  0.236382  0.236387  0.236392
  0.236397  0.236401  0.236405  0.236408  0.236411  0.236414  0.236417  0.236419
  0.236421  0.236423  0.236425  0.236427  0.236428  0.236430  0.236433  0.236435
  0.236438  0.236441  0.236445  0.236448  0.236452  0.236456  0.236460  0.236465
  0.236470  0.236475  0.236481  0.236487  0.236494  0.236501  0.236509  0.236517
  0.236526  0.236536  0.236546  0.236557  0.236569  0.236582  0.236596  0.236610
  0.236626  0.236644  0.236663  0.236684  0.236707  0.236732  0.236758  0.236786
  0.236816  0.236846  0.236876  0.236907  0.236937  0.236968  0.236998  0.237029
  0.237059  0.237089  0.237120  0.237149  0.237179  0.237207  0.237235  0.237262
  0.237288  0.237312  0.237335  0.237357  0.237377  0.237396  0.237414  0.237431
  0.237447  0.237462  0.237475  0.237488  0.237499  0.237510  0.237519  0.237528
  0.237536  0.237543  0.237550  0.237554  0.237559  0.237563  0.237568  0.237573
  0.237578  0.237584  0.237589  0.237595  0.237601  0.237608  0.237614  0.237621
  0.237629  0.237637
 ***************************************************************
  ROW NUMBER           9  SECTION NUMBER            2
           0           0           0  IF_DESIGN etc 
   1.00000   0.00000    0
  0.116489  0.116810  0.117098  0.117356  0.117587  0.117795  0.117981  0.118147
  0.118297  0.118431  0.118551  0.118659  0.118755  0.118842  0.118919  0.118989
  0.119051  0.119107  0.119157  0.119202  0.119243  0.119283  0.119325  0.119369
  0.119416  0.119464  0.119515  0.119569  0.119626  0.119686  0.119749  0.119815
  0.119885  0.119958  0.120036  0.120117  0.120203  0.120292  0.120386  0.120485
  0.120589  0.120698  0.120812  0.120933  0.121059  0.121192  0.121332  0.121480
  0.121636  0.121802  0.121981  0.122172  0.122376  0.122592  0.122819  0.123057
  0.123300  0.123546  0.123793  0.124040  0.124286  0.124530  0.124773  0.125015
  0.125259  0.125503  0.125747  0.125992  0.126235  0.126478  0.126717  0.126951
  0.127179  0.127402  0.127618  0.127828  0.128031  0.128228  0.128419  0.128604
  0.128783  0.128957  0.129125  0.129286  0.129442  0.129593  0.129737  0.129875
  0.130008  0.130135  0.130256  0.130376  0.130504  0.130639  0.130782  0.130933
  0.131093  0.131262  0.131440  0.131629  0.131828  0.132039  0.132262  0.132497
  0.132746  0.133009
  1.000000  0.000000
  0.008290  0.007722  0.007214  0.006757  0.006348  0.005982  0.005653  0.005358
  0.005094  0.004857  0.004644  0.004454  0.004283  0.004130  0.003993  0.003870
  0.003759  0.003660  0.003572  0.003492  0.003421  0.003453  0.003417  0.003373
  0.003322  0.003263  0.003196  0.003124  0.003048  0.002969  0.002887  0.002801
  0.002713  0.002621  0.002527  0.002430  0.002330  0.002229  0.002125  0.002018
  0.001910  0.001801  0.001689  0.001577  0.001464  0.001349  0.001235  0.001120
  0.001005  0.000891  0.000775  0.000661  0.000549  0.000443  0.000344  0.000253
  0.000175  0.000110  0.000059  0.000023  0.000000 -0.000009 -0.000006  0.000010
  0.000040  0.000082  0.000137  0.000205  0.000285  0.000377  0.000480  0.000591
  0.000711  0.000838  0.000970  0.001108  0.001249  0.001394  0.001542  0.001692
  0.001844  0.001996  0.002150  0.002303  0.002455  0.002606  0.002755  0.002902
  0.003046  0.003186  0.003262  0.003416  0.003580  0.003753  0.003936  0.004129
  0.004334  0.004550  0.004778  0.005020  0.005275  0.005545  0.005830  0.006131
  0.006450  0.006787
  1.000000
  0.000000  0.000000  0.000000  0.000000  0.000000  0.000000  0.000000  0.000000
  0.000000  0.000000  0.000000  0.000000  0.000000  0.000000  0.000000  0.000000
  0.000000  0.000000  0.000000  0.000000  0.000000  0.000206  0.000274  0.000324
  0.000365  0.000402  0.000433  0.000462  0.000489  0.000517  0.000544  0.000571
  0.000598  0.000625  0.000652  0.000679  0.000705  0.000732  0.000758  0.000784
  0.000810  0.000835  0.000860  0.000885  0.000908  0.000932  0.000954  0.000976
  0.000996  0.001016  0.001035  0.001052  0.001067  0.001081  0.001091  0.001099
  0.001102  0.001102  0.001100  0.001094  0.001084  0.001073  0.001058  0.001039
  0.001020  0.000997  0.000971  0.000943  0.000913  0.000881  0.000848  0.000812
  0.000775  0.000737  0.000699  0.000661  0.000622  0.000583  0.000544  0.000505
  0.000466  0.000427  0.000389  0.000351  0.000314  0.000278  0.000243  0.000208
  0.000174  0.000140  0.000000  0.000000  0.000000  0.000000  0.000000  0.000000
  0.000000  0.000000  0.000000  0.000000  0.000000  0.000000  0.000000  0.000000
  0.000000  0.000000
  1.000000  0.000000
  0.250000  0.250000  0.250000  0.250000  0.250000  0.250000  0.250000  0.250000
  0.250000  0.250000  0.250000  0.250000  0.250000  0.250000  0.250000  0.250000
  0.250000  0.250000  0.250000  0.250000  0.250000  0.250000  0.250000  0.250000
  0.250000  0.250000  0.250000  0.250000  0.250000  0.250000  0.250000  0.250000
  0.250000  0.250000  0.250000  0.250000  0.250000  0.250000  0.250000  0.250000
  0.250000  0.250000  0.250000  0.250000  0.250000  0.250000  0.250000  0.250000
  0.250000  0.250000  0.250000  0.250000  0.250000  0.250000  0.250000  0.250000
  0.250000  0.250000  0.250000  0.250000  0.250000  0.250000  0.250000  0.250000
  0.250000  0.250000  0.250000  0.250000  0.250000  0.250000  0.250000  0.250000
  0.250000  0.250000  0.250000  0.250000  0.250000  0.250000  0.250000  0.250000
  0.250000  0.250000  0.250000  0.250000  0.250000  0.250000  0.250000  0.250000
  0.250000  0.250000  0.250000  0.250000  0.250000  0.250000  0.250000  0.250000
  0.250000  0.250000  0.250000  0.250000  0.250000  0.250000  0.250000  0.250000
  0.250000  0.250000
 ***************************************************************
  ROW NUMBER           9  SECTION NUMBER            3
           0           0           0  IF_DESIGN etc 
   1.00000   0.00000    0
  0.116476  0.116799  0.117088  0.117347  0.117580  0.117788  0.117975  0.118143
  0.118293  0.118427  0.118548  0.118656  0.118753  0.118840  0.118918  0.118988
  0.119051  0.119107  0.119157  0.119203  0.119243  0.119283  0.119326  0.119370
  0.119416  0.119465  0.119517  0.119571  0.119627  0.119687  0.119750  0.119817
  0.119887  0.119960  0.120038  0.120120  0.120205  0.120295  0.120389  0.120488
  0.120592  0.120701  0.120816  0.120936  0.121062  0.121195  0.121335  0.121483
  0.121639  0.121805  0.121984  0.122175  0.122379  0.122595  0.122822  0.123059
  0.123302  0.123548  0.123794  0.124041  0.124287  0.124531  0.124773  0.125015
  0.125258  0.125502  0.125746  0.125990  0.126233  0.126475  0.126714  0.126948
  0.127176  0.127399  0.127615  0.127825  0.128028  0.128225  0.128416  0.128601
  0.128781  0.128954  0.129122  0.129284  0.129441  0.129591  0.129736  0.129875
  0.130008  0.130135  0.130256  0.130377  0.130506  0.130642  0.130785  0.130937
  0.131097  0.131267  0.131446  0.131636  0.131836  0.132048  0.132271  0.132508
  0.132758  0.133022
  1.000000  0.000000
  0.008336  0.007766  0.007254  0.006795  0.006384  0.006015  0.005685  0.005388
  0.005122  0.004884  0.004671  0.004479  0.004307  0.004153  0.004015  0.003892
  0.003781  0.003681  0.003592  0.003512  0.003440  0.003473  0.003437  0.003392
  0.003341  0.003281  0.003215  0.003142  0.003066  0.002986  0.002903  0.002817
  0.002728  0.002636  0.002542  0.002444  0.002344  0.002241  0.002137  0.002030
  0.001921  0.001811  0.001699  0.001586  0.001472  0.001357  0.001242  0.001126
  0.001011  0.000896  0.000780  0.000665  0.000552  0.000446  0.000345  0.000255
  0.000176  0.000111  0.000060  0.000023  0.000000 -0.000009 -0.000006  0.000010
  0.000040  0.000083  0.000138  0.000206  0.000287  0.000379  0.000482  0.000594
  0.000714  0.000842  0.000975  0.001113  0.001255  0.001401  0.001549  0.001700
  0.001852  0.002006  0.002159  0.002313  0.002466  0.002618  0.002768  0.002916
  0.003060  0.003201  0.003276  0.003432  0.003596  0.003770  0.003954  0.004148
  0.004354  0.004571  0.004800  0.005043  0.005299  0.005570  0.005857  0.006160
  0.006480  0.006819
  1.000000
  0.000000  0.000000  0.000000  0.000000  0.000000  0.000000  0.000000  0.000000
  0.000000  0.000000  0.000000  0.000000  0.000000  0.000000  0.000000  0.000000
  0.000000  0.000000  0.000000  0.000000  0.000000  0.000207  0.000276  0.000325
  0.000367  0.000404  0.000436  0.000464  0.000492  0.000519  0.000547  0.000574
  0.000601  0.000628  0.000655  0.000682  0.000709  0.000736  0.000762  0.000788
  0.000814  0.000840  0.000865  0.000889  0.000913  0.000936  0.000959  0.000981
  0.001001  0.001021  0.001041  0.001058  0.001073  0.001086  0.001096  0.001104
  0.001108  0.001108  0.001106  0.001100  0.001090  0.001079  0.001063  0.001045
  0.001026  0.001003  0.000976  0.000948  0.000918  0.000885  0.000852  0.000816
  0.000779  0.000741  0.000703  0.000664  0.000625  0.000586  0.000547  0.000507
  0.000468  0.000429  0.000391  0.000353  0.000316  0.000280  0.000244  0.000209
  0.000175  0.000140  0.000000  0.000000  0.000000  0.000000  0.000000  0.000000
  0.000000  0.000000  0.000000  0.000000  0.000000  0.000000  0.000000  0.000000
  0.000000  0.000000
  1.000000  0.000000
  0.263642  0.263636  0.263633  0.263630  0.263624  0.263618  0.263613  0.263608
  0.263603  0.263599  0.263595  0.263592  0.263589  0.263586  0.263583  0.263581
  0.263579  0.263577  0.263575  0.263573  0.263572  0.263570  0.263567  0.263565
  0.263562  0.263559  0.263555  0.263552  0.263548  0.263544  0.263540  0.263535
  0.263530  0.263525  0.263519  0.263513  0.263506  0.263499  0.263491  0.263483
  0.263474  0.263464  0.263454  0.263443  0.263431  0.263418  0.263405  0.263390
  0.263374  0.263356  0.263337  0.263316  0.263293  0.263268  0.263242  0.263214
  0.263184  0.263154  0.263124  0.263093  0.263063  0.263032  0.263002  0.262971
  0.262941  0.262911  0.262881  0.262851  0.262821  0.262793  0.262765  0.262738
  0.262712  0.262688  0.262665  0.262643  0.262623  0.262604  0.262586  0.262569
  0.262553  0.262539  0.262525  0.262512  0.262501  0.262490  0.262481  0.262472
  0.262464  0.262457  0.262450  0.262446  0.262441  0.262437  0.262432  0.262427
  0.262422  0.262416  0.262411  0.262405  0.262399  0.262392  0.262386  0.262379
  0.262371  0.262363
 ***************************************************************
 ************STARTING THE INPUT FOR EACH BLADE ROW**************
  BLADE ROW NUMBER =       10                                           
    NUMBER OF BLADES IN ROW 
       379
        JM        JLE       JTE 
       106        21        91
      KTIPSTART  KTIPEND 
         0         0
       BOUNDARY LAYER TRANSITION POINTS 
         0         0         0         0
  SET NEWGRID= 1 TO GENERATE A NEW GRID WITH DIFFERENT "J" POINTS AND SPACINGS.
         0
   RPMROW,    RPMHUB 
       0.0       0.0
       JROTHS    JROTHE    JROTTS    JROTTE 
         1         1         1         1
   PUPROW    PLEROW   PTEROW    PDROW 
  408073.4  408073.4  472805.9  472805.9
      NSECS_ROW   INSURF  
         3         0
  IF_CUSP_OUT   IFANGLES 
         1         0
         0         3         0
 ***************************************************************
  ROW NUMBER          10  SECTION NUMBER            1
           0           0           0  IF_DESIGN etc 
   1.00000   0.00000    0
  0.130233  0.130555  0.130844  0.131102  0.131334  0.131543  0.131729  0.131896
  0.132046  0.132181  0.132301  0.132409  0.132506  0.132593  0.132671  0.132740
  0.132803  0.132859  0.132909  0.132955  0.132995  0.133035  0.133078  0.133122
  0.133168  0.133217  0.133268  0.133322  0.133379  0.133439  0.133502  0.133569
  0.133639  0.133712  0.133790  0.133871  0.133957  0.134047  0.134141  0.134240
  0.134344  0.134453  0.134567  0.134688  0.134814  0.134947  0.135087  0.135235
  0.135391  0.135557  0.135736  0.135927  0.136131  0.136347  0.136574  0.136812
  0.137055  0.137301  0.137547  0.137794  0.138040  0.138284  0.138526  0.138768
  0.139011  0.139255  0.139499  0.139743  0.139986  0.140228  0.140466  0.140700
  0.140928  0.141150  0.141366  0.141575  0.141778  0.141974  0.142165  0.142350
  0.142529  0.142702  0.142869  0.143031  0.143186  0.143336  0.143480  0.143618
  0.143751  0.143877  0.143998  0.144119  0.144246  0.144381  0.144523  0.144674
  0.144833  0.145002  0.145180  0.145368  0.145568  0.145778  0.146002  0.146238
  0.146487  0.146751
  1.000000  0.000000
 -0.009417 -0.008848 -0.008337 -0.007880 -0.007470 -0.007102 -0.006772 -0.006476
 -0.006211 -0.005973 -0.005760 -0.005569 -0.005398 -0.005244 -0.005106 -0.004983
 -0.004872 -0.004773 -0.004684 -0.004604 -0.004533 -0.004390 -0.004295 -0.004208
 -0.004121 -0.004032 -0.003939 -0.003844 -0.003745 -0.003642 -0.003536 -0.003427
 -0.003314 -0.003197 -0.003078 -0.002955 -0.002830 -0.002702 -0.002572 -0.002439
 -0.002304 -0.002168 -0.002029 -0.001890 -0.001750 -0.001609 -0.001468 -0.001327
 -0.001186 -0.001046 -0.000906 -0.000767 -0.000633 -0.000504 -0.000386 -0.000278
 -0.000187 -0.000113 -0.000055 -0.000016  0.000006  0.000011  0.000000 -0.000027
 -0.000071 -0.000130 -0.000206 -0.000297 -0.000404 -0.000525 -0.000660 -0.000806
 -0.000962 -0.001127 -0.001299 -0.001477 -0.001659 -0.001845 -0.002036 -0.002228
 -0.002423 -0.002619 -0.002815 -0.003011 -0.003206 -0.003399 -0.003589 -0.003777
 -0.003961 -0.004140 -0.004363 -0.004519 -0.004683 -0.004857 -0.005041 -0.005235
 -0.005441 -0.005658 -0.005888 -0.006131 -0.006387 -0.006658 -0.006945 -0.007248
 -0.007568 -0.007906
  1.000000
  0.000000  0.000000  0.000000  0.000000  0.000000  0.000000  0.000000  0.000000
  0.000000  0.000000  0.000000  0.000000  0.000000  0.000000  0.000000  0.000000
  0.000000  0.000000  0.000000  0.000000  0.000000  0.000151  0.000206  0.000242
  0.000268  0.000290  0.000307  0.000324  0.000342  0.000360  0.000379  0.000399
  0.000419  0.000441  0.000463  0.000485  0.000509  0.000533  0.000558  0.000583
  0.000610  0.000636  0.000664  0.000691  0.000719  0.000748  0.000777  0.000806
  0.000835  0.000865  0.000895  0.000925  0.000954  0.000982  0.001008  0.001033
  0.001054  0.001072  0.001086  0.001096  0.001102  0.001106  0.001104  0.001099
  0.001092  0.001080  0.001064  0.001045  0.001022  0.000995  0.000965  0.000933
  0.000898  0.000860  0.000821  0.000780  0.000738  0.000695  0.000651  0.000606
  0.000561  0.000515  0.000468  0.000422  0.000376  0.000330  0.000284  0.000239
  0.000195  0.000150  0.000000  0.000000  0.000000  0.000000  0.000000  0.000000
  0.000000  0.000000  0.000000  0.000000  0.000000  0.000000  0.000000  0.000000
  0.000000  0.000000
  1.000000  0.000000
  0.237549  0.237560  0.237570  0.237579  0.237586  0.237592  0.237598  0.237603
  0.237608  0.237612  0.237615  0.237619  0.237621  0.237624  0.237626  0.237628
  0.237630  0.237632  0.237633  0.237635  0.237636  0.237638  0.237640  0.237642
  0.237644  0.237646  0.237648  0.237651  0.237653  0.237656  0.237660  0.237663
  0.237667  0.237671  0.237675  0.237679  0.237684  0.237690  0.237695  0.237701
  0.237708  0.237715  0.237722  0.237730  0.237739  0.237748  0.237759  0.237770
  0.237782  0.237795  0.237809  0.237825  0.237842  0.237861  0.237881  0.237903
  0.237925  0.237949  0.237973  0.237998  0.238023  0.238048  0.238073  0.238099
  0.238125  0.238152  0.238178  0.238205  0.238233  0.238260  0.238287  0.238313
  0.238339  0.238364  0.238389  0.238412  0.238435  0.238458  0.238479  0.238500
  0.238520  0.238540  0.238559  0.238577  0.238594  0.238610  0.238626  0.238641
  0.238655  0.238669  0.238682  0.238698  0.238714  0.238730  0.238747  0.238764
  0.238781  0.238798  0.238815  0.238832  0.238848  0.238863  0.238874  0.238883
  0.238889  0.238895
 ***************************************************************
  ROW NUMBER          10  SECTION NUMBER            2
           0           0           0  IF_DESIGN etc 
   1.00000   0.00000    0
  0.130246  0.130567  0.130854  0.131112  0.131343  0.131550  0.131736  0.131902
  0.132052  0.132186  0.132306  0.132413  0.132510  0.132596  0.132674  0.132743
  0.132806  0.132861  0.132912  0.132956  0.132997  0.133037  0.133079  0.133123
  0.133170  0.133218  0.133269  0.133323  0.133380  0.133439  0.133502  0.133569
  0.133638  0.133712  0.133789  0.133870  0.133956  0.134045  0.134139  0.134238
  0.134342  0.134451  0.134565  0.134685  0.134811  0.134944  0.135084  0.135232
  0.135388  0.135554  0.135732  0.135923  0.136127  0.136343  0.136570  0.136807
  0.137051  0.137296  0.137543  0.137790  0.138035  0.138280  0.138522  0.138764
  0.139007  0.139251  0.139495  0.139740  0.139983  0.140225  0.140464  0.140698
  0.140926  0.141149  0.141365  0.141574  0.141777  0.141974  0.142165  0.142350
  0.142529  0.142702  0.142870  0.143031  0.143187  0.143337  0.143481  0.143620
  0.143752  0.143879  0.144000  0.144121  0.144248  0.144383  0.144526  0.144677
  0.144836  0.145005  0.145183  0.145372  0.145571  0.145781  0.146004  0.146239
  0.146488  0.146751
  1.000000  0.000000
 -0.009379 -0.008812 -0.008304 -0.007848 -0.007439 -0.007073 -0.006744 -0.006450
 -0.006186 -0.005949 -0.005737 -0.005546 -0.005376 -0.005223 -0.005086 -0.004963
 -0.004852 -0.004754 -0.004665 -0.004586 -0.004514 -0.004372 -0.004278 -0.004190
 -0.004104 -0.004015 -0.003923 -0.003828 -0.003730 -0.003627 -0.003522 -0.003413
 -0.003300 -0.003184 -0.003065 -0.002943 -0.002818 -0.002691 -0.002561 -0.002429
 -0.002295 -0.002159 -0.002021 -0.001882 -0.001743 -0.001602 -0.001462 -0.001321
 -0.001181 -0.001042 -0.000902 -0.000764 -0.000630 -0.000502 -0.000384 -0.000277
 -0.000186 -0.000112 -0.000055 -0.000016  0.000006  0.000011  0.000000 -0.000027
 -0.000070 -0.000129 -0.000205 -0.000296 -0.000402 -0.000523 -0.000657 -0.000802
 -0.000958 -0.001122 -0.001292 -0.001469 -0.001651 -0.001836 -0.002025 -0.002217
 -0.002411 -0.002605 -0.002800 -0.002995 -0.003189 -0.003381 -0.003570 -0.003756
 -0.003939 -0.004118 -0.004339 -0.004494 -0.004658 -0.004831 -0.005013 -0.005206
 -0.005411 -0.005627 -0.005855 -0.006096 -0.006351 -0.006621 -0.006906 -0.007207
 -0.007525 -0.007862
  1.000000
  0.000000  0.000000  0.000000  0.000000  0.000000  0.000000  0.000000  0.000000
  0.000000  0.000000  0.000000  0.000000  0.000000  0.000000  0.000000  0.000000
  0.000000  0.000000  0.000000  0.000000  0.000000  0.000151  0.000205  0.000241
  0.000267  0.000288  0.000306  0.000323  0.000340  0.000358  0.000377  0.000397
  0.000417  0.000439  0.000461  0.000483  0.000507  0.000531  0.000555  0.000581
  0.000607  0.000633  0.000661  0.000688  0.000716  0.000745  0.000773  0.000803
  0.000832  0.000861  0.000891  0.000920  0.000949  0.000977  0.001004  0.001028
  0.001049  0.001067  0.001081  0.001091  0.001097  0.001101  0.001100  0.001094
  0.001087  0.001075  0.001059  0.001040  0.001018  0.000991  0.000961  0.000929
  0.000894  0.000856  0.000817  0.000777  0.000735  0.000692  0.000648  0.000603
  0.000558  0.000512  0.000466  0.000420  0.000374  0.000328  0.000283  0.000238
  0.000195  0.000150  0.000000  0.000000  0.000000  0.000000  0.000000  0.000000
  0.000000  0.000000  0.000000  0.000000  0.000000  0.000000  0.000000  0.000000
  0.000000  0.000000
  1.000000  0.000000
  0.250000  0.250000  0.250000  0.250000  0.250000  0.250000  0.250000  0.250000
  0.250000  0.250000  0.250000  0.250000  0.250000  0.250000  0.250000  0.250000
  0.250000  0.250000  0.250000  0.250000  0.250000  0.250000  0.250000  0.250000
  0.250000  0.250000  0.250000  0.250000  0.250000  0.250000  0.250000  0.250000
  0.250000  0.250000  0.250000  0.250000  0.250000  0.250000  0.250000  0.250000
  0.250000  0.250000  0.250000  0.250000  0.250000  0.250000  0.250000  0.250000
  0.250000  0.250000  0.250000  0.250000  0.250000  0.250000  0.250000  0.250000
  0.250000  0.250000  0.250000  0.250000  0.250000  0.250000  0.250000  0.250000
  0.250000  0.250000  0.250000  0.250000  0.250000  0.250000  0.250000  0.250000
  0.250000  0.250000  0.250000  0.250000  0.250000  0.250000  0.250000  0.250000
  0.250000  0.250000  0.250000  0.250000  0.250000  0.250000  0.250000  0.250000
  0.250000  0.250000  0.250000  0.250000  0.250000  0.250000  0.250000  0.250000
  0.250000  0.250000  0.250000  0.250000  0.250000  0.250000  0.250000  0.250000
  0.250000  0.250000
 ***************************************************************
  ROW NUMBER          10  SECTION NUMBER            3
           0           0           0  IF_DESIGN etc 
   1.00000   0.00000    0
  0.130233  0.130555  0.130844  0.131102  0.131334  0.131543  0.131729  0.131896
  0.132046  0.132181  0.132301  0.132409  0.132506  0.132593  0.132671  0.132740
  0.132803  0.132859  0.132909  0.132955  0.132995  0.133035  0.133078  0.133122
  0.133168  0.133217  0.133268  0.133322  0.133379  0.133439  0.133502  0.133569
  0.133639  0.133712  0.133790  0.133871  0.133957  0.134047  0.134141  0.134240
  0.134344  0.134453  0.134567  0.134688  0.134814  0.134947  0.135087  0.135235
  0.135391  0.135557  0.135736  0.135927  0.136131  0.136347  0.136574  0.136812
  0.137055  0.137301  0.137547  0.137794  0.138040  0.138284  0.138526  0.138768
  0.139011  0.139255  0.139499  0.139743  0.139986  0.140228  0.140466  0.140700
  0.140928  0.141150  0.141366  0.141575  0.141778  0.141974  0.142165  0.142350
  0.142529  0.142702  0.142869  0.143031  0.143186  0.143336  0.143480  0.143618
  0.143751  0.143877  0.143998  0.144119  0.144246  0.144381  0.144523  0.144674
  0.144833  0.145002  0.145180  0.145368  0.145568  0.145779  0.146002  0.146238
  0.146487  0.146751
  1.000000  0.000000
 -0.009426 -0.008856 -0.008344 -0.007886 -0.007476 -0.007107 -0.006777 -0.006481
 -0.006216 -0.005978 -0.005765 -0.005573 -0.005402 -0.005248 -0.005110 -0.004987
 -0.004876 -0.004777 -0.004688 -0.004608 -0.004536 -0.004394 -0.004299 -0.004211
 -0.004124 -0.004035 -0.003943 -0.003847 -0.003748 -0.003645 -0.003539 -0.003429
 -0.003316 -0.003200 -0.003080 -0.002958 -0.002832 -0.002704 -0.002574 -0.002441
 -0.002306 -0.002169 -0.002031 -0.001891 -0.001751 -0.001610 -0.001469 -0.001327
 -0.001187 -0.001047 -0.000906 -0.000768 -0.000633 -0.000505 -0.000386 -0.000278
 -0.000187 -0.000113 -0.000055 -0.000016  0.000006  0.000011  0.000000 -0.000027
 -0.000071 -0.000130 -0.000206 -0.000297 -0.000403 -0.000525 -0.000660 -0.000806
 -0.000962 -0.001126 -0.001298 -0.001475 -0.001657 -0.001843 -0.002033 -0.002226
 -0.002420 -0.002615 -0.002811 -0.003006 -0.003201 -0.003393 -0.003583 -0.003770
 -0.003954 -0.004133 -0.004355 -0.004511 -0.004675 -0.004848 -0.005031 -0.005225
 -0.005430 -0.005646 -0.005875 -0.006117 -0.006373 -0.006643 -0.006929 -0.007231
 -0.007551 -0.007889
  1.000000
  0.000000  0.000000  0.000000  0.000000  0.000000  0.000000  0.000000  0.000000
  0.000000  0.000000  0.000000  0.000000  0.000000  0.000000  0.000000  0.000000
  0.000000  0.000000  0.000000  0.000000  0.000000  0.000151  0.000206  0.000242
  0.000268  0.000290  0.000307  0.000324  0.000342  0.000360  0.000379  0.000399
  0.000419  0.000441  0.000463  0.000485  0.000509  0.000533  0.000558  0.000583
  0.000610  0.000636  0.000664  0.000691  0.000719  0.000748  0.000777  0.000806
  0.000835  0.000865  0.000895  0.000925  0.000954  0.000982  0.001008  0.001033
  0.001054  0.001072  0.001086  0.001096  0.001102  0.001106  0.001104  0.001099
  0.001092  0.001080  0.001064  0.001045  0.001022  0.000995  0.000965  0.000933
  0.000898  0.000860  0.000821  0.000780  0.000738  0.000695  0.000651  0.000606
  0.000561  0.000515  0.000468  0.000422  0.000376  0.000330  0.000284  0.000239
  0.000195  0.000150  0.000000  0.000000  0.000000  0.000000  0.000000  0.000000
  0.000000  0.000000  0.000000  0.000000  0.000000  0.000000  0.000000  0.000000
  0.000000  0.000000
  1.000000  0.000000
  0.262451  0.262440  0.262430  0.262421  0.262414  0.262408  0.262402  0.262397
  0.262392  0.262388  0.262385  0.262381  0.262379  0.262376  0.262374  0.262372
  0.262370  0.262368  0.262367  0.262365  0.262364  0.262362  0.262360  0.262359
  0.262356  0.262354  0.262352  0.262349  0.262347  0.262344  0.262340  0.262337
  0.262333  0.262329  0.262325  0.262321  0.262316  0.262311  0.262305  0.262299
  0.262292  0.262285  0.262278  0.262270  0.262261  0.262251  0.262241  0.262230
  0.262218  0.262205  0.262191  0.262175  0.262158  0.262139  0.262119  0.262097
  0.262074  0.262051  0.262027  0.262002  0.261977  0.261952  0.261927  0.261901
  0.261875  0.261848  0.261822  0.261795  0.261767  0.261740  0.261713  0.261687
  0.261661  0.261636  0.261611  0.261587  0.261564  0.261542  0.261521  0.261500
  0.261479  0.261460  0.261441  0.261423  0.261406  0.261390  0.261374  0.261359
  0.261345  0.261331  0.261318  0.261302  0.261286  0.261270  0.261253  0.261236
  0.261219  0.261202  0.261185  0.261168  0.261152  0.261137  0.261126  0.261117
  0.261110  0.261105
 ***************************************************************
 ************STARTING THE INPUT FOR EACH BLADE ROW**************
  BLADE ROW NUMBER =       11                                           
    NUMBER OF BLADES IN ROW 
       380
        JM        JLE       JTE 
       106        21        91
      KTIPSTART  KTIPEND 
         0         0
       BOUNDARY LAYER TRANSITION POINTS 
         0         0         0         0
  SET NEWGRID= 1 TO GENERATE A NEW GRID WITH DIFFERENT "J" POINTS AND SPACINGS.
         0
   RPMROW,    RPMHUB 
    3600.0    3600.0
       JROTHS    JROTHE    JROTTS    JROTTE 
         1         1         1         1
   PUPROW    PLEROW   PTEROW    PDROW 
  472805.9  472805.9  544520.3  544520.3
      NSECS_ROW   INSURF  
         3         0
  IF_CUSP_OUT   IFANGLES 
         1         0
         0         3         0
 ***************************************************************
  ROW NUMBER          11  SECTION NUMBER            1
           0           0           0  IF_DESIGN etc 
   1.00000   0.00000    0
  0.146737  0.147058  0.147347  0.147606  0.147837  0.148045  0.148232  0.148399
  0.148548  0.148683  0.148803  0.148911  0.149008  0.149094  0.149172  0.149242
  0.149304  0.149360  0.149411  0.149456  0.149496  0.149536  0.149579  0.149623
  0.149669  0.149718  0.149769  0.149823  0.149880  0.149940  0.150003  0.150069
  0.150139  0.150212  0.150290  0.150371  0.150457  0.150546  0.150640  0.150739
  0.150843  0.150952  0.151066  0.151187  0.151313  0.151446  0.151586  0.151734
  0.151890  0.152056  0.152234  0.152425  0.152629  0.152845  0.153072  0.153309
  0.153552  0.153798  0.154045  0.154291  0.154537  0.154781  0.155023  0.155265
  0.155508  0.155752  0.155996  0.156240  0.156483  0.156726  0.156964  0.157198
  0.157427  0.157649  0.157865  0.158075  0.158278  0.158474  0.158665  0.158851
  0.159030  0.159203  0.159371  0.159533  0.159689  0.159839  0.159984  0.160122
  0.160255  0.160382  0.160503  0.160624  0.160752  0.160888  0.161031  0.161182
  0.161342  0.161511  0.161690  0.161879  0.162079  0.162290  0.162513  0.162749
  0.162998  0.163262
  1.000000  0.000000
  0.008306  0.007737  0.007227  0.006770  0.006360  0.005993  0.005663  0.005368
  0.005103  0.004866  0.004653  0.004462  0.004291  0.004137  0.004000  0.003877
  0.003766  0.003667  0.003578  0.003498  0.003427  0.003460  0.003424  0.003379
  0.003328  0.003269  0.003202  0.003130  0.003054  0.002974  0.002892  0.002807
  0.002718  0.002626  0.002532  0.002434  0.002335  0.002233  0.002128  0.002022
  0.001914  0.001804  0.001693  0.001580  0.001466  0.001352  0.001237  0.001122
  0.001007  0.000892  0.000777  0.000662  0.000550  0.000444  0.000344  0.000254
  0.000175  0.000111  0.000059  0.000023  0.000000 -0.000009 -0.000006  0.000010
  0.000040  0.000082  0.000137  0.000205  0.000286  0.000378  0.000481  0.000593
  0.000713  0.000840  0.000973  0.001111  0.001253  0.001398  0.001546  0.001697
  0.001849  0.002002  0.002155  0.002309  0.002462  0.002613  0.002763  0.002910
  0.003055  0.003195  0.003270  0.003426  0.003590  0.003763  0.003947  0.004140
  0.004345  0.004562  0.004791  0.005033  0.005289  0.005560  0.005845  0.006148
  0.006467  0.006805
  1.000000
  0.000000  0.000000  0.000000  0.000000  0.000000  0.000000  0.000000  0.000000
  0.000000  0.000000  0.000000  0.000000  0.000000  0.000000  0.000000  0.000000
  0.000000  0.000000  0.000000  0.000000  0.000000  0.000206  0.000275  0.000325
  0.000366  0.000403  0.000434  0.000463  0.000490  0.000518  0.000545  0.000572
  0.000599  0.000626  0.000653  0.000680  0.000707  0.000734  0.000760  0.000786
  0.000812  0.000837  0.000862  0.000887  0.000910  0.000934  0.000956  0.000978
  0.000998  0.001018  0.001038  0.001055  0.001070  0.001083  0.001093  0.001101
  0.001105  0.001105  0.001103  0.001096  0.001087  0.001076  0.001060  0.001042
  0.001023  0.001000  0.000974  0.000945  0.000915  0.000883  0.000849  0.000814
  0.000777  0.000739  0.000701  0.000662  0.000623  0.000584  0.000545  0.000506
  0.000467  0.000428  0.000390  0.000352  0.000315  0.000279  0.000243  0.000208
  0.000174  0.000140  0.000000  0.000000  0.000000  0.000000  0.000000  0.000000
  0.000000  0.000000  0.000000  0.000000  0.000000  0.000000  0.000000  0.000000
  0.000000  0.000000
  1.000000  0.000000
  0.238895  0.238899  0.238902  0.238904  0.238909  0.238913  0.238917  0.238921
  0.238924  0.238927  0.238930  0.238933  0.238935  0.238937  0.238939  0.238941
  0.238942  0.238944  0.238945  0.238946  0.238947  0.238949  0.238951  0.238952
  0.238955  0.238957  0.238959  0.238962  0.238964  0.238967  0.238971  0.238974
  0.238978  0.238982  0.238986  0.238990  0.238995  0.239001  0.239006  0.239012
  0.239019  0.239026  0.239034  0.239042  0.239050  0.239060  0.239070  0.239081
  0.239093  0.239106  0.239120  0.239135  0.239152  0.239170  0.239190  0.239210
  0.239232  0.239254  0.239276  0.239299  0.239321  0.239344  0.239366  0.239388
  0.239411  0.239433  0.239455  0.239477  0.239499  0.239520  0.239540  0.239560
  0.239579  0.239596  0.239613  0.239629  0.239644  0.239658  0.239672  0.239684
  0.239695  0.239706  0.239716  0.239725  0.239734  0.239741  0.239749  0.239755
  0.239761  0.239766  0.239771  0.239774  0.239778  0.239781  0.239785  0.239788
  0.239792  0.239796  0.239800  0.239804  0.239808  0.239813  0.239817  0.239822
  0.239826  0.239831
 ***************************************************************
  ROW NUMBER          11  SECTION NUMBER            2
           0           0           0  IF_DESIGN etc 
   1.00000   0.00000    0
  0.146744  0.147065  0.147352  0.147610  0.147841  0.148049  0.148234  0.148401
  0.148550  0.148684  0.148804  0.148912  0.149009  0.149095  0.149173  0.149242
  0.149305  0.149360  0.149411  0.149455  0.149496  0.149536  0.149578  0.149622
  0.149669  0.149717  0.149768  0.149822  0.149879  0.149939  0.150002  0.150068
  0.150138  0.150211  0.150289  0.150370  0.150455  0.150545  0.150639  0.150738
  0.150841  0.150950  0.151065  0.151185  0.151311  0.151444  0.151584  0.151732
  0.151888  0.152054  0.152232  0.152424  0.152627  0.152843  0.153070  0.153308
  0.153551  0.153797  0.154044  0.154290  0.154536  0.154781  0.155023  0.155265
  0.155509  0.155753  0.155997  0.156241  0.156485  0.156727  0.156966  0.157200
  0.157428  0.157651  0.157867  0.158077  0.158279  0.158476  0.158667  0.158852
  0.159031  0.159205  0.159372  0.159534  0.159690  0.159840  0.159984  0.160123
  0.160255  0.160382  0.160503  0.160624  0.160751  0.160886  0.161029  0.161180
  0.161340  0.161508  0.161687  0.161875  0.162074  0.162285  0.162508  0.162743
  0.162992  0.163255
  1.000000  0.000000
  0.008286  0.007718  0.007210  0.006754  0.006345  0.005978  0.005650  0.005355
  0.005091  0.004854  0.004642  0.004451  0.004281  0.004128  0.003990  0.003867
  0.003757  0.003658  0.003570  0.003490  0.003419  0.003452  0.003416  0.003371
  0.003320  0.003261  0.003195  0.003122  0.003046  0.002967  0.002885  0.002800
  0.002711  0.002620  0.002526  0.002429  0.002329  0.002227  0.002123  0.002017
  0.001909  0.001800  0.001688  0.001576  0.001463  0.001349  0.001234  0.001119
  0.001005  0.000890  0.000775  0.000661  0.000549  0.000443  0.000343  0.000253
  0.000175  0.000110  0.000059  0.000023  0.000000 -0.000009 -0.000006  0.000010
  0.000040  0.000082  0.000137  0.000204  0.000285  0.000377  0.000479  0.000591
  0.000711  0.000837  0.000970  0.001107  0.001249  0.001393  0.001541  0.001691
  0.001843  0.001995  0.002148  0.002301  0.002454  0.002605  0.002754  0.002901
  0.003045  0.003184  0.003260  0.003414  0.003578  0.003751  0.003934  0.004127
  0.004331  0.004547  0.004776  0.005017  0.005272  0.005542  0.005827  0.006128
  0.006447  0.006783
  1.000000
  0.000000  0.000000  0.000000  0.000000  0.000000  0.000000  0.000000  0.000000
  0.000000  0.000000  0.000000  0.000000  0.000000  0.000000  0.000000  0.000000
  0.000000  0.000000  0.000000  0.000000  0.000000  0.000206  0.000274  0.000324
  0.000365  0.000402  0.000433  0.000461  0.000489  0.000516  0.000543  0.000571
  0.000598  0.000625  0.000652  0.000678  0.000705  0.000732  0.000758  0.000784
  0.000809  0.000835  0.000860  0.000884  0.000908  0.000931  0.000954  0.000975
  0.000996  0.001015  0.001035  0.001052  0.001067  0.001080  0.001090  0.001098
  0.001102  0.001102  0.001100  0.001093  0.001083  0.001073  0.001057  0.001039
  0.001020  0.000997  0.000971  0.000942  0.000913  0.000880  0.000847  0.000811
  0.000775  0.000737  0.000699  0.000660  0.000622  0.000583  0.000544  0.000504
  0.000466  0.000427  0.000389  0.000351  0.000314  0.000278  0.000242  0.000208
  0.000174  0.000140  0.000000  0.000000  0.000000  0.000000  0.000000  0.000000
  0.000000  0.000000  0.000000  0.000000  0.000000  0.000000  0.000000  0.000000
  0.000000  0.000000
  1.000000  0.000000
  0.250000  0.250000  0.250000  0.250000  0.250000  0.250000  0.250000  0.250000
  0.250000  0.250000  0.250000  0.250000  0.250000  0.250000  0.250000  0.250000
  0.250000  0.250000  0.250000  0.250000  0.250000  0.250000  0.250000  0.250000
  0.250000  0.250000  0.250000  0.250000  0.250000  0.250000  0.250000  0.250000
  0.250000  0.250000  0.250000  0.250000  0.250000  0.250000  0.250000  0.250000
  0.250000  0.250000  0.250000  0.250000  0.250000  0.250000  0.250000  0.250000
  0.250000  0.250000  0.250000  0.250000  0.250000  0.250000  0.250000  0.250000
  0.250000  0.250000  0.250000  0.250000  0.250000  0.250000  0.250000  0.250000
  0.250000  0.250000  0.250000  0.250000  0.250000  0.250000  0.250000  0.250000
  0.250000  0.250000  0.250000  0.250000  0.250000  0.250000  0.250000  0.250000
  0.250000  0.250000  0.250000  0.250000  0.250000  0.250000  0.250000  0.250000
  0.250000  0.250000  0.250000  0.250000  0.250000  0.250000  0.250000  0.250000
  0.250000  0.250000  0.250000  0.250000  0.250000  0.250000  0.250000  0.250000
  0.250000  0.250000
 ***************************************************************
  ROW NUMBER          11  SECTION NUMBER            3
           0           0           0  IF_DESIGN etc 
   1.00000   0.00000    0
  0.146737  0.147058  0.147347  0.147606  0.147837  0.148045  0.148232  0.148399
  0.148548  0.148683  0.148803  0.148911  0.149008  0.149094  0.149172  0.149242
  0.149304  0.149360  0.149411  0.149456  0.149496  0.149536  0.149579  0.149623
  0.149669  0.149718  0.149769  0.149823  0.149880  0.149940  0.150003  0.150069
  0.150139  0.150212  0.150290  0.150371  0.150457  0.150546  0.150640  0.150739
  0.150843  0.150952  0.151066  0.151187  0.151313  0.151446  0.151586  0.151734
  0.151889  0.152056  0.152234  0.152425  0.152629  0.152845  0.153072  0.153309
  0.153552  0.153798  0.154044  0.154291  0.154537  0.154781  0.155023  0.155265
  0.155508  0.155752  0.155996  0.156240  0.156483  0.156726  0.156964  0.157198
  0.157427  0.157649  0.157865  0.158075  0.158278  0.158474  0.158665  0.158851
  0.159030  0.159203  0.159371  0.159533  0.159689  0.159839  0.159984  0.160122
  0.160255  0.160382  0.160503  0.160624  0.160752  0.160888  0.161031  0.161182
  0.161342  0.161511  0.161690  0.161879  0.162079  0.162290  0.162513  0.162749
  0.162998  0.163262
  1.000000  0.000000
  0.008311  0.007742  0.007232  0.006775  0.006365  0.005997  0.005667  0.005372
  0.005107  0.004869  0.004656  0.004465  0.004294  0.004141  0.004003  0.003880
  0.003769  0.003670  0.003581  0.003501  0.003430  0.003463  0.003427  0.003382
  0.003330  0.003271  0.003205  0.003132  0.003056  0.002977  0.002894  0.002809
  0.002720  0.002628  0.002534  0.002436  0.002337  0.002234  0.002130  0.002024
  0.001915  0.001805  0.001694  0.001581  0.001467  0.001353  0.001238  0.001123
  0.001008  0.000893  0.000777  0.000663  0.000551  0.000444  0.000344  0.000254
  0.000175  0.000111  0.000059  0.000023  0.000000 -0.000009 -0.000006  0.000010
  0.000040  0.000082  0.000137  0.000205  0.000286  0.000378  0.000481  0.000592
  0.000712  0.000839  0.000972  0.001110  0.001252  0.001397  0.001545  0.001695
  0.001847  0.002000  0.002153  0.002307  0.002459  0.002611  0.002760  0.002907
  0.003052  0.003192  0.003267  0.003423  0.003587  0.003760  0.003943  0.004137
  0.004342  0.004558  0.004787  0.005029  0.005285  0.005555  0.005841  0.006143
  0.006462  0.006800
  1.000000
  0.000000  0.000000  0.000000  0.000000  0.000000  0.000000  0.000000  0.000000
  0.000000  0.000000  0.000000  0.000000  0.000000  0.000000  0.000000  0.000000
  0.000000  0.000000  0.000000  0.000000  0.000000  0.000206  0.000275  0.000325
  0.000366  0.000403  0.000434  0.000463  0.000490  0.000518  0.000545  0.000572
  0.000599  0.000626  0.000653  0.000680  0.000707  0.000734  0.000760  0.000786
  0.000812  0.000837  0.000862  0.000887  0.000910  0.000934  0.000956  0.000978
  0.000998  0.001018  0.001038  0.001055  0.001070  0.001083  0.001093  0.001101
  0.001105  0.001105  0.001103  0.001096  0.001087  0.001076  0.001060  0.001042
  0.001023  0.001000  0.000974  0.000945  0.000915  0.000883  0.000849  0.000814
  0.000777  0.000739  0.000701  0.000662  0.000623  0.000584  0.000545  0.000506
  0.000467  0.000428  0.000390  0.000352  0.000315  0.000279  0.000243  0.000208
  0.000174  0.000140  0.000000  0.000000  0.000000  0.000000  0.000000  0.000000
  0.000000  0.000000  0.000000  0.000000  0.000000  0.000000  0.000000  0.000000
  0.000000  0.000000
  1.000000  0.000000
  0.261105  0.261101  0.261098  0.261095  0.261091  0.261087  0.261083  0.261079
  0.261076  0.261073  0.261070  0.261067  0.261065  0.261063  0.261061  0.261059
  0.261058  0.261056  0.261055  0.261054  0.261053  0.261051  0.261049  0.261048
  0.261045  0.261043  0.261041  0.261038  0.261036  0.261033  0.261029  0.261026
  0.261022  0.261018  0.261014  0.261010  0.261005  0.260999  0.260994  0.260988
  0.260981  0.260974  0.260966  0.260958  0.260950  0.260940  0.260930  0.260919
  0.260907  0.260894  0.260880  0.260865  0.260848  0.260830  0.260810  0.260790
  0.260768  0.260746  0.260724  0.260701  0.260679  0.260656  0.260634  0.260612
  0.260589  0.260567  0.260545  0.260523  0.260501  0.260480  0.260460  0.260440
  0.260421  0.260403  0.260387  0.260371  0.260356  0.260342  0.260328  0.260316
  0.260305  0.260294  0.260284  0.260275  0.260266  0.260259  0.260251  0.260245
  0.260239  0.260234  0.260229  0.260226  0.260222  0.260219  0.260215  0.260212
  0.260208  0.260204  0.260200  0.260196  0.260192  0.260187  0.260183  0.260178
  0.260174  0.260169
 ***************************************************************
 ************STARTING THE INPUT FOR EACH BLADE ROW**************
  BLADE ROW NUMBER =       12                                           
    NUMBER OF BLADES IN ROW 
       382
        JM        JLE       JTE 
       111        21        91
      KTIPSTART  KTIPEND 
         0         0
       BOUNDARY LAYER TRANSITION POINTS 
         0         0         0         0
  SET NEWGRID= 1 TO GENERATE A NEW GRID WITH DIFFERENT "J" POINTS AND SPACINGS.
         0
   RPMROW,    RPMHUB 
       0.0       0.0
       JROTHS    JROTHE    JROTTS    JROTTE 
         1         1         1         1
   PUPROW    PLEROW   PTEROW    PDROW 
  544520.3  544520.3  622848.8  622848.8
      NSECS_ROW   INSURF  
         3         0
  IF_CUSP_OUT   IFANGLES 
         1         0
         0         3         0
 ***************************************************************
  ROW NUMBER          12  SECTION NUMBER            1
           0           0           0  IF_DESIGN etc 
   1.00000   0.00000    0
  0.160492  0.160813  0.161101  0.161360  0.161591  0.161799  0.161985  0.162152
  0.162301  0.162435  0.162556  0.162663  0.162760  0.162847  0.162924  0.162994
  0.163056  0.163112  0.163163  0.163208  0.163248  0.163288  0.163331  0.163375
  0.163421  0.163470  0.163521  0.163575  0.163632  0.163691  0.163754  0.163821
  0.163891  0.163964  0.164042  0.164123  0.164208  0.164298  0.164392  0.164491
  0.164595  0.164704  0.164818  0.164938  0.165065  0.165198  0.165338  0.165486
  0.165641  0.165808  0.165986  0.166177  0.166381  0.166597  0.166824  0.167062
  0.167305  0.167551  0.167797  0.168044  0.168290  0.168534  0.168777  0.169019
  0.169262  0.169506  0.169750  0.169994  0.170237  0.170480  0.170718  0.170952
  0.171181  0.171403  0.171619  0.171829  0.172032  0.172228  0.172419  0.172604
  0.172783  0.172957  0.173124  0.173286  0.173442  0.173592  0.173736  0.173875
  0.174007  0.174134  0.174255  0.174376  0.174507  0.174648  0.174800  0.174964
  0.175142  0.175334  0.175540  0.175764  0.176005  0.176265  0.176546  0.176849
  0.177177  0.177530  0.177912  0.178324  0.178769  0.179249  0.179768
  1.000000  0.000000
 -0.009396 -0.008828 -0.008319 -0.007862 -0.007453 -0.007086 -0.006756 -0.006461
 -0.006197 -0.005960 -0.005747 -0.005556 -0.005386 -0.005232 -0.005095 -0.004972
 -0.004861 -0.004762 -0.004673 -0.004594 -0.004523 -0.004380 -0.004286 -0.004198
 -0.004112 -0.004023 -0.003931 -0.003835 -0.003736 -0.003634 -0.003528 -0.003419
 -0.003306 -0.003190 -0.003071 -0.002948 -0.002823 -0.002696 -0.002566 -0.002433
 -0.002299 -0.002163 -0.002025 -0.001886 -0.001746 -0.001605 -0.001464 -0.001324
 -0.001183 -0.001044 -0.000904 -0.000766 -0.000631 -0.000503 -0.000385 -0.000278
 -0.000187 -0.000112 -0.000055 -0.000016  0.000006  0.000011  0.000000 -0.000027
 -0.000070 -0.000130 -0.000205 -0.000297 -0.000403 -0.000524 -0.000658 -0.000804
 -0.000960 -0.001124 -0.001296 -0.001473 -0.001655 -0.001841 -0.002030 -0.002222
 -0.002417 -0.002612 -0.002807 -0.003002 -0.003197 -0.003389 -0.003579 -0.003766
 -0.003949 -0.004129 -0.004351 -0.004506 -0.004673 -0.004854 -0.005049 -0.005260
 -0.005487 -0.005732 -0.005997 -0.006283 -0.006592 -0.006926 -0.007286 -0.007674
 -0.008094 -0.008546 -0.009035 -0.009563 -0.010132 -0.010747 -0.011411
  1.000000
  0.000000  0.000000  0.000000  0.000000  0.000000  0.000000  0.000000  0.000000
  0.000000  0.000000  0.000000  0.000000  0.000000  0.000000  0.000000  0.000000
  0.000000  0.000000  0.000000  0.000000  0.000000  0.000151  0.000205  0.000241
  0.000268  0.000289  0.000307  0.000323  0.000341  0.000359  0.000378  0.000398
  0.000418  0.000440  0.000462  0.000484  0.000508  0.000532  0.000557  0.000582
  0.000608  0.000635  0.000662  0.000690  0.000718  0.000746  0.000775  0.000804
  0.000833  0.000863  0.000893  0.000922  0.000951  0.000979  0.001006  0.001030
  0.001051  0.001069  0.001084  0.001094  0.001100  0.001103  0.001102  0.001097
  0.001089  0.001077  0.001061  0.001042  0.001020  0.000993  0.000963  0.000930
  0.000895  0.000858  0.000819  0.000778  0.000737  0.000694  0.000649  0.000605
  0.000559  0.000513  0.000467  0.000421  0.000375  0.000329  0.000284  0.000239
  0.000195  0.000150  0.000000  0.000000  0.000000  0.000000  0.000000  0.000000
  0.000000  0.000000  0.000000  0.000000  0.000000  0.000000  0.000000  0.000000
  0.000000  0.000000  0.000000  0.000000  0.000000  0.000000  0.000000
  1.000000  0.000000
  0.239771  0.239779  0.239786  0.239792  0.239798  0.239802  0.239806  0.239810
  0.239813  0.239815  0.239818  0.239820  0.239822  0.239823  0.239825  0.239826
  0.239827  0.239828  0.239829  0.239830  0.239831  0.239832  0.239833  0.239835
  0.239836  0.239838  0.239839  0.239841  0.239843  0.239845  0.239847  0.239850
  0.239852  0.239855  0.239858  0.239861  0.239865  0.239868  0.239872  0.239876
  0.239881  0.239886  0.239891  0.239897  0.239903  0.239910  0.239917  0.239925
  0.239933  0.239942  0.239952  0.239963  0.239975  0.239988  0.240002  0.240017
  0.240032  0.240048  0.240064  0.240081  0.240098  0.240114  0.240131  0.240148
  0.240165  0.240182  0.240199  0.240216  0.240233  0.240249  0.240266  0.240282
  0.240297  0.240312  0.240326  0.240340  0.240353  0.240366  0.240377  0.240389
  0.240400  0.240410  0.240419  0.240429  0.240437  0.240445  0.240453  0.240460
  0.240467  0.240473  0.240479  0.240482  0.240485  0.240488  0.240491  0.240495
  0.240498  0.240502  0.240506  0.240509  0.240513  0.240517  0.240521  0.240525
  0.240528  0.240532  0.240535  0.240538  0.240540  0.240542  0.240543
 ***************************************************************
  ROW NUMBER          12  SECTION NUMBER            2
           0           0           0  IF_DESIGN etc 
   1.00000   0.00000    0
  0.160497  0.160817  0.161105  0.161363  0.161594  0.161801  0.161987  0.162154
  0.162303  0.162437  0.162557  0.162665  0.162761  0.162848  0.162925  0.162995
  0.163057  0.163113  0.163163  0.163208  0.163248  0.163289  0.163331  0.163375
  0.163421  0.163470  0.163521  0.163575  0.163632  0.163691  0.163754  0.163820
  0.163890  0.163964  0.164041  0.164123  0.164208  0.164297  0.164391  0.164490
  0.164594  0.164703  0.164817  0.164937  0.165064  0.165197  0.165337  0.165484
  0.165640  0.165806  0.165985  0.166176  0.166380  0.166596  0.166823  0.167060
  0.167304  0.167550  0.167796  0.168043  0.168289  0.168533  0.168776  0.169018
  0.169261  0.169505  0.169749  0.169994  0.170237  0.170480  0.170718  0.170952
  0.171181  0.171403  0.171620  0.171829  0.172032  0.172229  0.172420  0.172605
  0.172784  0.172957  0.173125  0.173287  0.173443  0.173593  0.173737  0.173875
  0.174008  0.174135  0.174255  0.174376  0.174507  0.174648  0.174800  0.174964
  0.175141  0.175332  0.175539  0.175762  0.176003  0.176262  0.176543  0.176846
  0.177173  0.177526  0.177907  0.178318  0.178762  0.179241  0.179759
  1.000000  0.000000
 -0.009383 -0.008815 -0.008307 -0.007851 -0.007442 -0.007075 -0.006747 -0.006452
 -0.006188 -0.005951 -0.005739 -0.005548 -0.005378 -0.005225 -0.005087 -0.004964
 -0.004854 -0.004755 -0.004667 -0.004587 -0.004516 -0.004374 -0.004279 -0.004192
 -0.004106 -0.004017 -0.003925 -0.003830 -0.003731 -0.003629 -0.003523 -0.003414
 -0.003301 -0.003186 -0.003066 -0.002944 -0.002819 -0.002692 -0.002562 -0.002430
 -0.002296 -0.002159 -0.002022 -0.001883 -0.001743 -0.001603 -0.001462 -0.001322
 -0.001182 -0.001042 -0.000902 -0.000764 -0.000630 -0.000503 -0.000384 -0.000277
 -0.000186 -0.000112 -0.000055 -0.000016  0.000006  0.000011  0.000000 -0.000027
 -0.000070 -0.000129 -0.000205 -0.000296 -0.000402 -0.000523 -0.000657 -0.000803
 -0.000958 -0.001122 -0.001293 -0.001470 -0.001651 -0.001837 -0.002026 -0.002218
 -0.002411 -0.002606 -0.002801 -0.002996 -0.003190 -0.003382 -0.003571 -0.003758
 -0.003941 -0.004120 -0.004341 -0.004496 -0.004663 -0.004843 -0.005038 -0.005248
 -0.005475 -0.005720 -0.005984 -0.006270 -0.006578 -0.006911 -0.007270 -0.007658
 -0.008076 -0.008528 -0.009016 -0.009543 -0.010111 -0.010725 -0.011388
  1.000000
  0.000000  0.000000  0.000000  0.000000  0.000000  0.000000  0.000000  0.000000
  0.000000  0.000000  0.000000  0.000000  0.000000  0.000000  0.000000  0.000000
  0.000000  0.000000  0.000000  0.000000  0.000000  0.000151  0.000205  0.000241
  0.000267  0.000288  0.000306  0.000323  0.000340  0.000359  0.000378  0.000397
  0.000418  0.000439  0.000461  0.000483  0.000507  0.000531  0.000556  0.000581
  0.000607  0.000634  0.000661  0.000688  0.000716  0.000745  0.000774  0.000803
  0.000832  0.000861  0.000891  0.000921  0.000950  0.000978  0.001004  0.001029
  0.001050  0.001067  0.001082  0.001092  0.001098  0.001102  0.001100  0.001095
  0.001087  0.001075  0.001059  0.001040  0.001018  0.000991  0.000961  0.000929
  0.000894  0.000857  0.000818  0.000777  0.000735  0.000692  0.000648  0.000604
  0.000558  0.000512  0.000466  0.000420  0.000374  0.000328  0.000283  0.000238
  0.000195  0.000150  0.000000  0.000000  0.000000  0.000000  0.000000  0.000000
  0.000000  0.000000  0.000000  0.000000  0.000000  0.000000  0.000000  0.000000
  0.000000  0.000000  0.000000  0.000000  0.000000  0.000000  0.000000
  1.000000  0.000000
  0.250000  0.250000  0.250000  0.250000  0.250000  0.250000  0.250000  0.250000
  0.250000  0.250000  0.250000  0.250000  0.250000  0.250000  0.250000  0.250000
  0.250000  0.250000  0.250000  0.250000  0.250000  0.250000  0.250000  0.250000
  0.250000  0.250000  0.250000  0.250000  0.250000  0.250000  0.250000  0.250000
  0.250000  0.250000  0.250000  0.250000  0.250000  0.250000  0.250000  0.250000
  0.250000  0.250000  0.250000  0.250000  0.250000  0.250000  0.250000  0.250000
  0.250000  0.250000  0.250000  0.250000  0.250000  0.250000  0.250000  0.250000
  0.250000  0.250000  0.250000  0.250000  0.250000  0.250000  0.250000  0.250000
  0.250000  0.250000  0.250000  0.250000  0.250000  0.250000  0.250000  0.250000
  0.250000  0.250000  0.250000  0.250000  0.250000  0.250000  0.250000  0.250000
  0.250000  0.250000  0.250000  0.250000  0.250000  0.250000  0.250000  0.250000
  0.250000  0.250000  0.250000  0.250000  0.250000  0.250000  0.250000  0.250000
  0.250000  0.250000  0.250000  0.250000  0.250000  0.250000  0.250000  0.250000
  0.250000  0.250000  0.250000  0.250000  0.250000  0.250000  0.250000
 ***************************************************************
  ROW NUMBER          12  SECTION NUMBER            3
           0           0           0  IF_DESIGN etc 
   1.00000   0.00000    0
  0.160492  0.160813  0.161101  0.161360  0.161591  0.161799  0.161985  0.162152
  0.162301  0.162435  0.162556  0.162663  0.162760  0.162847  0.162924  0.162994
  0.163056  0.163112  0.163163  0.163208  0.163248  0.163288  0.163331  0.163375
  0.163421  0.163470  0.163521  0.163575  0.163632  0.163691  0.163754  0.163821
  0.163891  0.163964  0.164042  0.164123  0.164208  0.164298  0.164392  0.164491
  0.164595  0.164704  0.164818  0.164938  0.165065  0.165198  0.165338  0.165486
  0.165641  0.165808  0.165986  0.166177  0.166381  0.166597  0.166824  0.167062
  0.167305  0.167551  0.167797  0.168044  0.168290  0.168534  0.168777  0.169019
  0.169262  0.169506  0.169750  0.169994  0.170237  0.170480  0.170718  0.170952
  0.171181  0.171403  0.171619  0.171829  0.172032  0.172228  0.172419  0.172604
  0.172783  0.172957  0.173124  0.173286  0.173442  0.173592  0.173736  0.173875
  0.174007  0.174134  0.174255  0.174376  0.174507  0.174648  0.174800  0.174964
  0.175142  0.175334  0.175540  0.175764  0.176005  0.176265  0.176546  0.176849
  0.177177  0.177530  0.177912  0.178324  0.178769  0.179249  0.179768
  1.000000  0.000000
 -0.009402 -0.008833 -0.008323 -0.007866 -0.007457 -0.007089 -0.006760 -0.006465
 -0.006200 -0.005963 -0.005750 -0.005559 -0.005388 -0.005235 -0.005098 -0.004974
 -0.004864 -0.004765 -0.004676 -0.004596 -0.004525 -0.004382 -0.004288 -0.004200
 -0.004114 -0.004025 -0.003933 -0.003837 -0.003738 -0.003636 -0.003530 -0.003421
 -0.003308 -0.003192 -0.003073 -0.002950 -0.002825 -0.002697 -0.002567 -0.002435
 -0.002300 -0.002164 -0.002026 -0.001887 -0.001747 -0.001606 -0.001465 -0.001324
 -0.001184 -0.001044 -0.000904 -0.000766 -0.000631 -0.000503 -0.000385 -0.000278
 -0.000187 -0.000112 -0.000055 -0.000016  0.000006  0.000011  0.000000 -0.000027
 -0.000070 -0.000130 -0.000205 -0.000297 -0.000402 -0.000524 -0.000658 -0.000804
 -0.000959 -0.001124 -0.001295 -0.001472 -0.001654 -0.001839 -0.002029 -0.002221
 -0.002415 -0.002610 -0.002805 -0.003000 -0.003194 -0.003386 -0.003576 -0.003763
 -0.003946 -0.004125 -0.004347 -0.004502 -0.004669 -0.004850 -0.005045 -0.005255
 -0.005482 -0.005728 -0.005992 -0.006278 -0.006587 -0.006920 -0.007280 -0.007668
 -0.008087 -0.008540 -0.009028 -0.009556 -0.010125 -0.010740 -0.011404
  1.000000
  0.000000  0.000000  0.000000  0.000000  0.000000  0.000000  0.000000  0.000000
  0.000000  0.000000  0.000000  0.000000  0.000000  0.000000  0.000000  0.000000
  0.000000  0.000000  0.000000  0.000000  0.000000  0.000151  0.000205  0.000241
  0.000268  0.000289  0.000307  0.000323  0.000341  0.000359  0.000378  0.000398
  0.000418  0.000440  0.000462  0.000484  0.000508  0.000532  0.000557  0.000582
  0.000608  0.000635  0.000662  0.000690  0.000718  0.000746  0.000775  0.000804
  0.000833  0.000863  0.000893  0.000922  0.000951  0.000979  0.001006  0.001030
  0.001051  0.001069  0.001084  0.001094  0.001100  0.001103  0.001102  0.001097
  0.001089  0.001077  0.001061  0.001042  0.001020  0.000993  0.000963  0.000930
  0.000895  0.000858  0.000819  0.000778  0.000737  0.000694  0.000649  0.000605
  0.000559  0.000513  0.000467  0.000421  0.000375  0.000329  0.000284  0.000239
  0.000195  0.000150  0.000000  0.000000  0.000000  0.000000  0.000000  0.000000
  0.000000  0.000000  0.000000  0.000000  0.000000  0.000000  0.000000  0.000000
  0.000000  0.000000  0.000000  0.000000  0.000000  0.000000  0.000000
  1.000000  0.000000
  0.260229  0.260221  0.260214  0.260208  0.260202  0.260198  0.260194  0.260190
  0.260187  0.260185  0.260182  0.260180  0.260178  0.260177  0.260175  0.260174
  0.260173  0.260172  0.260171  0.260170  0.260169  0.260168  0.260167  0.260165
  0.260164  0.260162  0.260161  0.260159  0.260157  0.260155  0.260153  0.260150
  0.260148  0.260145  0.260142  0.260139  0.260135  0.260132  0.260128  0.260124
  0.260119  0.260114  0.260109  0.260103  0.260097  0.260090  0.260083  0.260076
  0.260067  0.260058  0.260048  0.260037  0.260025  0.260012  0.259998  0.259983
  0.259968  0.259952  0.259935  0.259919  0.259902  0.259886  0.259869  0.259852
  0.259835  0.259818  0.259801  0.259784  0.259767  0.259750  0.259734  0.259718
  0.259703  0.259688  0.259674  0.259660  0.259647  0.259634  0.259623  0.259611
  0.259600  0.259590  0.259581  0.259571  0.259563  0.259555  0.259547  0.259540
  0.259533  0.259527  0.259521  0.259518  0.259515  0.259512  0.259509  0.259505
  0.259502  0.259498  0.259494  0.259491  0.259487  0.259483  0.259479  0.259475
  0.259472  0.259468  0.259465  0.259462  0.259460  0.259458  0.259457
  STARTING INLET BOUNDARY CONDITION DATA .
  NUMBER OF POINTS FOR INLET BOUNDARY CONDITIONS 
        37
  SPACING OF INLET BOUNDARY CONDITION POINTS 
  1.000000  1.250000  1.562500  1.953125  2.441406  3.051758  3.814697  4.768372
  5.960464  7.450581  9.313226 11.641532 14.551915 18.189894 20.000000 20.000000
 20.000000 20.000000 20.000000 20.000000 20.000000 20.000000 18.189894 14.551915
 11.641532  9.313226  7.450581  5.960464  4.768372  3.814697  3.051758  2.441406
  1.953125  1.562500  1.250000  1.000000
   INLET STAGNATION PRESSURES 
  101320.0  101320.0  101320.0  101320.0  101320.0  101320.0  101320.0  101320.0
  101320.0  101320.0  101320.0  101320.0  101320.0  101320.0  101320.0  101320.0
  101320.0  101320.0  101320.0  101320.0  101320.0  101320.0  101320.0  101320.0
  101320.0  101320.0  101320.0  101320.0  101320.0  101320.0  101320.0  101320.0
  101320.0  101320.0  101320.0  101320.0  101320.0
   INLET STAGNATION TEMPERATURES 
  288.1500  288.1500  288.1500  288.1500  288.1500  288.1500  288.1500  288.1500
  288.1500  288.1500  288.1500  288.1500  288.1500  288.1500  288.1500  288.1500
  288.1500  288.1500  288.1500  288.1500  288.1500  288.1500  288.1500  288.1500
  288.1500  288.1500  288.1500  288.1500  288.1500  288.1500  288.1500  288.1500
  288.1500  288.1500  288.1500  288.1500  288.1500
   INLET ABSOLUTE TANGENTIAL VELOCITY 
    0.0000    0.0000    0.0000    0.0000    0.0000    0.0000    0.0000    0.0000
    0.0000    0.0000    0.0000    0.0000    0.0000    0.0000    0.0000    0.0000
    0.0000    0.0000    0.0000    0.0000    0.0000    0.0000    0.0000    0.0000
    0.0000    0.0000    0.0000    0.0000    0.0000    0.0000    0.0000    0.0000
    0.0000    0.0000    0.0000    0.0000    0.0000
   INLET MERIDIONAL VELOCITY 
  166.0456  166.0456  166.0456  166.0456  166.0456  166.0456  166.0456  166.0456
  166.0456  166.0456  166.0456  166.0456  166.0456  166.0456  166.0456  166.0456
  166.0456  166.0456  166.0456  166.0456  166.0456  166.0456  166.0456  166.0456
  166.0456  166.0456  166.0456  166.0456  166.0456  166.0456  166.0456  166.0456
  166.0456  166.0456  166.0456  166.0456  166.0456
   INLET MERIDIONAL YAW ANGLE  
  -48.5193  -48.5193  -48.5193  -48.5193  -48.5193  -48.5193  -48.5193  -48.5193
  -48.5193  -48.5193  -48.5193  -48.5193  -48.5193  -48.5193  -48.5193  -48.5193
  -48.5193  -48.5193  -48.5193  -48.5193  -48.5193  -48.5193  -48.5193  -48.5193
  -48.5193  -48.5193  -48.5193  -48.5193  -48.5193  -48.5193  -48.5193  -48.5193
  -48.5193  -48.5193  -48.5193  -48.5193  -48.5193
   INLET PITCH ANGLE 
   -1.1061   -1.0995   -1.0912   -1.0808   -1.0679   -1.0517   -1.0315   -1.0062
   -0.9747   -0.9352   -0.8858   -0.8241   -0.7470   -0.6506   -0.5301   -0.3976
   -0.2651   -0.1326   -0.0001    0.1324    0.2649    0.3974    0.5299    0.6504
    0.7468    0.8239    0.8856    0.9350    0.9745    1.0061    1.0313    1.0516
    1.0677    1.0807    1.0910    1.0993    1.1059
   PDOWN_HUB   PDOWN_TIP 
  622848.8  622848.8
 MIXING LENGTH LIMITS ON ALL BLADE ROWS
  0.050000  0.050000  0.050000  0.050000  0.050000  0.030000
  0.050000  0.050000  0.050000  0.050000  0.050000  0.030000
  0.050000  0.050000  0.050000  0.050000  0.050000  0.030000
  0.050000  0.050000  0.050000  0.050000  0.050000  0.030000
  0.050000  0.050000  0.050000  0.050000  0.050000  0.030000
  0.050000  0.050000  0.050000  0.050000  0.050000  0.030000
  0.050000  0.050000  0.050000  0.050000  0.050000  0.030000
  0.050000  0.050000  0.050000  0.050000  0.050000  0.030000
  0.050000  0.050000  0.050000  0.050000  0.050000  0.030000
  0.050000  0.050000  0.050000  0.050000  0.050000  0.030000
  0.050000  0.050000  0.050000  0.050000  0.050000  0.030000
  0.050000  0.050000  0.050000  0.050000  0.050000  0.030000
  FACTOR TO INCREASE THE TURBULENT VISCOSITY OVER THE FIRST NMIXUP STEPS 
   2.00000 1000
