    3D DATASET FOR MULTALL, GENERATED BY STAGEN  
   37    0   37    0 9000    0    0    3   12    1    2   37   10   10 1000
    0    2    1    3    0    1    0   10    5    0    1    0
    3    3    3    9    9    9    1    3    1
  BLADE ROW NUMBER =        1                                           
  111   26   96  218    0    0    1    1    1    1    0    0    0    0    0    0
    3600.0   84176.2   84176.2  107384.9  107384.9   0.00000    3600.0
  1.000000
 -0.014038 -0.012426 -0.010988 -0.009707 -0.008564 -0.007545 -0.006637 -0.005827
 -0.005105 -0.004461 -0.003887 -0.003376 -0.002919 -0.002512 -0.002150 -0.001826
 -0.001538 -0.001281 -0.001052 -0.000847 -0.000665 -0.000503 -0.000358 -0.000229
 -0.000114 -0.000011  0.000092  0.000199  0.000311  0.000429  0.000553  0.000683
  0.000820  0.000965  0.001117  0.001277  0.001445  0.001623  0.001810  0.002007
  0.002214  0.002432  0.002660  0.002899  0.003150  0.003414  0.003691  0.003983
  0.004289  0.004610  0.004948  0.005305  0.005680  0.006077  0.006500  0.006954
  0.007441  0.007959  0.008509  0.009087  0.009690  0.010310  0.010935  0.011563
  0.012191  0.012817  0.013438  0.014055  0.014672  0.015291  0.015911  0.016533
  0.017154  0.017774  0.018391  0.018999  0.019594  0.020176  0.020742  0.021293
  0.021826  0.022343  0.022844  0.023330  0.023801  0.024257  0.024699  0.025126
  0.025538  0.025935  0.026317  0.026684  0.027037  0.027374  0.027697  0.028005
  0.028313  0.028639  0.028983  0.029347  0.029731  0.030138  0.030568  0.031022
  0.031502  0.032010  0.032547  0.033115  0.033714  0.034349  0.035019
  1.000000
  0.029939  0.027766  0.025829  0.024101  0.022561  0.021188  0.019964  0.018873
  0.017899  0.017032  0.016258  0.015568  0.014953  0.014405  0.013916  0.013480
  0.013091  0.012745  0.012436  0.012161  0.011915  0.011696  0.011501  0.011327
  0.011171  0.011033  0.011240  0.011214  0.011161  0.011091  0.011003  0.010896
  0.010769  0.010628  0.010477  0.010318  0.010150  0.009972  0.009785  0.009588
  0.009381  0.009164  0.008938  0.008701  0.008453  0.008194  0.007923  0.007641
  0.007346  0.007039  0.006718  0.006383  0.006033  0.005666  0.005280  0.004870
  0.004435  0.003978  0.003500  0.003005  0.002497  0.001984  0.001476  0.000974
  0.000482  0.000000 -0.000470 -0.000928 -0.001378 -0.001820 -0.002255 -0.002682
 -0.003100 -0.003508 -0.003905 -0.004289 -0.004657 -0.005009 -0.005345 -0.005665
 -0.005968 -0.006256 -0.006529 -0.006789 -0.007037 -0.007272 -0.007495 -0.007707
 -0.007907 -0.008097 -0.008276 -0.008446 -0.008606 -0.008756 -0.008898 -0.009191
 -0.009273 -0.009359 -0.009450 -0.009547 -0.009649 -0.009756 -0.009870 -0.009991
 -0.010118 -0.010252 -0.010394 -0.010545 -0.010704 -0.010871 -0.011049
  1.000000
  0.000000  0.000000  0.000000  0.000000  0.000000  0.000000  0.000000  0.000000
  0.000000  0.000000  0.000000  0.000000  0.000000  0.000000  0.000000  0.000000
  0.000000  0.000000  0.000000  0.000000  0.000000  0.000000  0.000000  0.000000
  0.000000  0.000000  0.000662  0.000857  0.001004  0.001137  0.001257  0.001364
  0.001457  0.001544  0.001630  0.001715  0.001800  0.001885  0.001970  0.002055
  0.002139  0.002223  0.002306  0.002389  0.002470  0.002551  0.002631  0.002709
  0.002786  0.002861  0.002934  0.003004  0.003073  0.003138  0.003199  0.003258
  0.003312  0.003360  0.003401  0.003435  0.003458  0.003470  0.003472  0.003463
  0.003444  0.003415  0.003377  0.003330  0.003275  0.003211  0.003139  0.003059
  0.002972  0.002877  0.002774  0.002667  0.002555  0.002439  0.002321  0.002201
  0.002079  0.001958  0.001836  0.001713  0.001590  0.001468  0.001347  0.001227
  0.001108  0.000992  0.000877  0.000765  0.000656  0.000550  0.000445  0.000000
  0.000000  0.000000  0.000000  0.000000  0.000000  0.000000  0.000000  0.000000
  0.000000  0.000000  0.000000  0.000000  0.000000  0.000000  0.000000
  1.000000
  0.687315  0.687323  0.687332  0.687343  0.687355  0.687366  0.687377  0.687389
  0.687400  0.687410  0.687420  0.687429  0.687437  0.687445  0.687452  0.687459
  0.687465  0.687470  0.687475  0.687480  0.687484  0.687488  0.687491  0.687494
  0.687496  0.687499  0.687504  0.687508  0.687513  0.687519  0.687525  0.687531
  0.687537  0.687544  0.687551  0.687559  0.687567  0.687576  0.687585  0.687595
  0.687605  0.687617  0.687628  0.687641  0.687654  0.687668  0.687683  0.687699
  0.687716  0.687734  0.687754  0.687774  0.687796  0.687819  0.687844  0.687871
  0.687901  0.687932  0.687967  0.688002  0.688040  0.688079  0.688119  0.688159
  0.688199  0.688238  0.688278  0.688316  0.688355  0.688393  0.688432  0.688470
  0.688507  0.688544  0.688579  0.688614  0.688647  0.688679  0.688709  0.688738
  0.688765  0.688791  0.688814  0.688837  0.688858  0.688878  0.688896  0.688913
  0.688929  0.688944  0.688958  0.688970  0.688982  0.688992  0.689002  0.689011
  0.689018  0.689025  0.689032  0.689039  0.689047  0.689055  0.689063  0.689071
  0.689080  0.689089  0.689098  0.689107  0.689116  0.689125  0.689135
  1.000000
 -0.014020 -0.012410 -0.010975 -0.009695 -0.008554 -0.007537 -0.006629 -0.005821
 -0.005100 -0.004457 -0.003883 -0.003372 -0.002917 -0.002510 -0.002148 -0.001825
 -0.001537 -0.001280 -0.001051 -0.000847 -0.000665 -0.000503 -0.000358 -0.000229
 -0.000114 -0.000012  0.000091  0.000198  0.000310  0.000428  0.000552  0.000682
  0.000819  0.000964  0.001116  0.001276  0.001444  0.001622  0.001809  0.002006
  0.002213  0.002430  0.002658  0.002898  0.003149  0.003413  0.003690  0.003981
  0.004287  0.004609  0.004947  0.005304  0.005679  0.006076  0.006499  0.006953
  0.007440  0.007959  0.008509  0.009087  0.009691  0.010310  0.010936  0.011564
  0.012192  0.012818  0.013440  0.014057  0.014674  0.015293  0.015913  0.016535
  0.017157  0.017777  0.018393  0.019001  0.019597  0.020179  0.020745  0.021295
  0.021829  0.022345  0.022846  0.023332  0.023803  0.024259  0.024700  0.025127
  0.025539  0.025935  0.026317  0.026684  0.027037  0.027374  0.027697  0.028004
  0.028312  0.028637  0.028981  0.029344  0.029728  0.030134  0.030564  0.031018
  0.031497  0.032004  0.032540  0.033107  0.033706  0.034340  0.035009
  1.000000
  0.029906  0.027736  0.025801  0.024076  0.022537  0.021166  0.019943  0.018853
  0.017881  0.017014  0.016242  0.015553  0.014938  0.014391  0.013902  0.013467
  0.013079  0.012732  0.012424  0.012149  0.011903  0.011685  0.011490  0.011316
  0.011161  0.011022  0.011229  0.011203  0.011150  0.011080  0.010992  0.010886
  0.010759  0.010617  0.010467  0.010308  0.010139  0.009962  0.009775  0.009578
  0.009371  0.009155  0.008928  0.008691  0.008444  0.008185  0.007915  0.007633
  0.007338  0.007031  0.006710  0.006376  0.006026  0.005660  0.005274  0.004864
  0.004430  0.003973  0.003496  0.003001  0.002493  0.001981  0.001474  0.000973
  0.000481  0.000000 -0.000470 -0.000927 -0.001376 -0.001817 -0.002251 -0.002677
 -0.003095 -0.003502 -0.003899 -0.004282 -0.004649 -0.005001 -0.005336 -0.005654
 -0.005957 -0.006244 -0.006517 -0.006776 -0.007023 -0.007258 -0.007481 -0.007692
 -0.007892 -0.008081 -0.008260 -0.008429 -0.008588 -0.008739 -0.008880 -0.009173
 -0.009255 -0.009341 -0.009431 -0.009528 -0.009629 -0.009737 -0.009850 -0.009970
 -0.010097 -0.010231 -0.010373 -0.010523 -0.010682 -0.010849 -0.011026
  1.000000
  0.000000  0.000000  0.000000  0.000000  0.000000  0.000000  0.000000  0.000000
  0.000000  0.000000  0.000000  0.000000  0.000000  0.000000  0.000000  0.000000
  0.000000  0.000000  0.000000  0.000000  0.000000  0.000000  0.000000  0.000000
  0.000000  0.000000  0.000661  0.000855  0.001003  0.001135  0.001255  0.001362
  0.001455  0.001542  0.001627  0.001713  0.001798  0.001883  0.001967  0.002052
  0.002136  0.002220  0.002303  0.002385  0.002467  0.002547  0.002627  0.002705
  0.002782  0.002857  0.002930  0.003000  0.003068  0.003133  0.003195  0.003253
  0.003307  0.003355  0.003396  0.003430  0.003453  0.003465  0.003467  0.003458
  0.003439  0.003410  0.003372  0.003325  0.003270  0.003206  0.003134  0.003054
  0.002967  0.002873  0.002770  0.002663  0.002551  0.002436  0.002317  0.002197
  0.002076  0.001955  0.001833  0.001710  0.001588  0.001466  0.001345  0.001225
  0.001107  0.000990  0.000876  0.000764  0.000655  0.000549  0.000444  0.000000
  0.000000  0.000000  0.000000  0.000000  0.000000  0.000000  0.000000  0.000000
  0.000000  0.000000  0.000000  0.000000  0.000000  0.000000  0.000000
  1.000000
  0.700000  0.700000  0.700000  0.700000  0.700000  0.700000  0.700000  0.700000
  0.700000  0.700000  0.700000  0.700000  0.700000  0.700000  0.700000  0.700000
  0.700000  0.700000  0.700000  0.700000  0.700000  0.700000  0.700000  0.700000
  0.700000  0.700000  0.700000  0.700000  0.700000  0.700000  0.700000  0.700000
  0.700000  0.700000  0.700000  0.700000  0.700000  0.700000  0.700000  0.700000
  0.700000  0.700000  0.700000  0.700000  0.700000  0.700000  0.700000  0.700000
  0.700000  0.700000  0.700000  0.700000  0.700000  0.700000  0.700000  0.700000
  0.700000  0.700000  0.700000  0.700000  0.700000  0.700000  0.700000  0.700000
  0.700000  0.700000  0.700000  0.700000  0.700000  0.700000  0.700000  0.700000
  0.700000  0.700000  0.700000  0.700000  0.700000  0.700000  0.700000  0.700000
  0.700000  0.700000  0.700000  0.700000  0.700000  0.700000  0.700000  0.700000
  0.700000  0.700000  0.700000  0.700000  0.700000  0.700000  0.700000  0.700000
  0.700000  0.700000  0.700000  0.700000  0.700000  0.700000  0.700000  0.700000
  0.700000  0.700000  0.700000  0.700000  0.700000  0.700000  0.700000
  1.000000
 -0.014038 -0.012426 -0.010988 -0.009707 -0.008564 -0.007545 -0.006637 -0.005827
 -0.005105 -0.004461 -0.003887 -0.003376 -0.002919 -0.002512 -0.002150 -0.001826
 -0.001538 -0.001281 -0.001052 -0.000847 -0.000665 -0.000503 -0.000358 -0.000229
 -0.000114 -0.000011  0.000092  0.000199  0.000311  0.000429  0.000553  0.000683
  0.000820  0.000965  0.001117  0.001277  0.001445  0.001623  0.001810  0.002007
  0.002214  0.002432  0.002660  0.002899  0.003150  0.003414  0.003691  0.003983
  0.004289  0.004610  0.004948  0.005305  0.005680  0.006077  0.006500  0.006954
  0.007441  0.007959  0.008509  0.009087  0.009690  0.010310  0.010935  0.011563
  0.012191  0.012817  0.013438  0.014055  0.014672  0.015291  0.015911  0.016533
  0.017154  0.017774  0.018391  0.018999  0.019594  0.020176  0.020742  0.021293
  0.021826  0.022343  0.022844  0.023330  0.023801  0.024257  0.024699  0.025126
  0.025538  0.025935  0.026317  0.026684  0.027037  0.027374  0.027697  0.028005
  0.028313  0.028639  0.028983  0.029347  0.029731  0.030138  0.030568  0.031022
  0.031502  0.032010  0.032547  0.033115  0.033714  0.034349  0.035019
  1.000000
  0.029959  0.027786  0.025848  0.024120  0.022579  0.021205  0.019980  0.018888
  0.017914  0.017046  0.016272  0.015582  0.014967  0.014418  0.013929  0.013493
  0.013104  0.012757  0.012448  0.012172  0.011926  0.011707  0.011512  0.011338
  0.011182  0.011044  0.011251  0.011224  0.011171  0.011101  0.011013  0.010906
  0.010779  0.010637  0.010487  0.010327  0.010159  0.009981  0.009793  0.009596
  0.009389  0.009172  0.008945  0.008708  0.008459  0.008200  0.007929  0.007646
  0.007351  0.007044  0.006722  0.006387  0.006036  0.005670  0.005283  0.004872
  0.004437  0.003979  0.003501  0.003006  0.002497  0.001984  0.001476  0.000974
  0.000482  0.000000 -0.000470 -0.000928 -0.001378 -0.001820 -0.002254 -0.002681
 -0.003099 -0.003506 -0.003903 -0.004287 -0.004655 -0.005006 -0.005342 -0.005661
 -0.005964 -0.006251 -0.006524 -0.006783 -0.007031 -0.007265 -0.007488 -0.007699
 -0.007899 -0.008089 -0.008268 -0.008437 -0.008596 -0.008747 -0.008888 -0.009182
 -0.009263 -0.009349 -0.009440 -0.009536 -0.009638 -0.009745 -0.009859 -0.009979
 -0.010106 -0.010240 -0.010382 -0.010532 -0.010691 -0.010858 -0.011036
  1.000000
  0.000000  0.000000  0.000000  0.000000  0.000000  0.000000  0.000000  0.000000
  0.000000  0.000000  0.000000  0.000000  0.000000  0.000000  0.000000  0.000000
  0.000000  0.000000  0.000000  0.000000  0.000000  0.000000  0.000000  0.000000
  0.000000  0.000000  0.000662  0.000857  0.001004  0.001137  0.001257  0.001364
  0.001457  0.001544  0.001630  0.001715  0.001800  0.001885  0.001970  0.002055
  0.002139  0.002223  0.002306  0.002389  0.002470  0.002551  0.002631  0.002709
  0.002786  0.002861  0.002934  0.003004  0.003073  0.003138  0.003199  0.003258
  0.003312  0.003360  0.003401  0.003435  0.003458  0.003470  0.003472  0.003463
  0.003444  0.003415  0.003377  0.003330  0.003275  0.003211  0.003139  0.003059
  0.002972  0.002877  0.002774  0.002667  0.002555  0.002439  0.002321  0.002201
  0.002079  0.001958  0.001836  0.001713  0.001590  0.001468  0.001347  0.001227
  0.001108  0.000992  0.000877  0.000765  0.000656  0.000550  0.000445  0.000000
  0.000000  0.000000  0.000000  0.000000  0.000000  0.000000  0.000000  0.000000
  0.000000  0.000000  0.000000  0.000000  0.000000  0.000000  0.000000
  1.000000
  0.712685  0.712677  0.712668  0.712657  0.712646  0.712634  0.712622  0.712611
  0.712600  0.712590  0.712580  0.712571  0.712563  0.712555  0.712548  0.712541
  0.712535  0.712530  0.712525  0.712520  0.712516  0.712512  0.712509  0.712506
  0.712503  0.712501  0.712496  0.712492  0.712487  0.712481  0.712475  0.712469
  0.712463  0.712456  0.712449  0.712441  0.712433  0.712424  0.712415  0.712405
  0.712395  0.712383  0.712372  0.712359  0.712346  0.712332  0.712317  0.712301
  0.712284  0.712266  0.712246  0.712226  0.712204  0.712181  0.712156  0.712129
  0.712099  0.712067  0.712034  0.711998  0.711960  0.711921  0.711881  0.711841
  0.711801  0.711762  0.711722  0.711684  0.711645  0.711606  0.711568  0.711531
  0.711493  0.711457  0.711421  0.711386  0.711353  0.711321  0.711291  0.711262
  0.711235  0.711210  0.711186  0.711163  0.711142  0.711122  0.711104  0.711087
  0.711071  0.711056  0.711042  0.711030  0.711018  0.711007  0.710998  0.710989
  0.710982  0.710975  0.710968  0.710961  0.710953  0.710945  0.710937  0.710928
  0.710920  0.710911  0.710903  0.710893  0.710884  0.710875  0.710865
  BLADE ROW NUMBER =        2                                           
  106   21   91  199    0    0    1    1    1    1    0    0    0    0    0    0
       0.0  107384.9  107384.9  134342.6  134342.6   0.00000       0.0
  1.000000
  0.027290  0.028188  0.028994  0.029716  0.030363  0.030944  0.031464  0.031931
  0.032349  0.032724  0.033060  0.033362  0.033632  0.033875  0.034092  0.034287
  0.034461  0.034618  0.034758  0.034884  0.034997  0.035110  0.035228  0.035351
  0.035481  0.035617  0.035761  0.035911  0.036070  0.036237  0.036413  0.036599
  0.036794  0.037000  0.037217  0.037445  0.037684  0.037934  0.038198  0.038474
  0.038764  0.039069  0.039390  0.039726  0.040080  0.040452  0.040844  0.041257
  0.041693  0.042158  0.042658  0.043193  0.043764  0.044368  0.045004  0.045667
  0.046349  0.047037  0.047727  0.048418  0.049105  0.049789  0.050468  0.051145
  0.051826  0.052508  0.053192  0.053875  0.054557  0.055234  0.055902  0.056557
  0.057197  0.057819  0.058424  0.059011  0.059578  0.060129  0.060663  0.061181
  0.061682  0.062168  0.062637  0.063089  0.063525  0.063945  0.064349  0.064736
  0.065107  0.065462  0.065800  0.066138  0.066496  0.066874  0.067273  0.067696
  0.068143  0.068615  0.069114  0.069641  0.070199  0.070789  0.071413  0.072072
  0.072769  0.073506
  1.000000
 -0.027282 -0.026072 -0.024987 -0.024014 -0.023141 -0.022359 -0.021657 -0.021029
 -0.020465 -0.019959 -0.019506 -0.019100 -0.018735 -0.018409 -0.018116 -0.017853
 -0.017618 -0.017407 -0.017218 -0.017048 -0.016896 -0.016516 -0.016295 -0.016096
 -0.015898 -0.015693 -0.015478 -0.015254 -0.015020 -0.014775 -0.014520 -0.014254
 -0.013976 -0.013686 -0.013384 -0.013071 -0.012746 -0.012409 -0.012059 -0.011698
 -0.011323 -0.010935 -0.010534 -0.010120 -0.009691 -0.009249 -0.008791 -0.008318
 -0.007828 -0.007318 -0.006782 -0.006223 -0.005642 -0.005045 -0.004437 -0.003823
 -0.003215 -0.002624 -0.002052 -0.001503 -0.000978 -0.000477  0.000000  0.000456
  0.000893  0.001311  0.001709  0.002087  0.002444  0.002780  0.003092  0.003380
  0.003643  0.003882  0.004100  0.004297  0.004473  0.004632  0.004775  0.004902
  0.005015  0.005114  0.005201  0.005277  0.005342  0.005397  0.005443  0.005482
  0.005513  0.005535  0.005355  0.005445  0.005540  0.005640  0.005746  0.005858
  0.005976  0.006101  0.006234  0.006373  0.006521  0.006677  0.006843  0.007017
  0.007201  0.007396
  1.000000
  0.000000  0.000000  0.000000  0.000000  0.000000  0.000000  0.000000  0.000000
  0.000000  0.000000  0.000000  0.000000  0.000000  0.000000  0.000000  0.000000
  0.000000  0.000000  0.000000  0.000000  0.000000  0.000502  0.000684  0.000808
  0.000904  0.000985  0.001054  0.001114  0.001174  0.001237  0.001303  0.001371
  0.001442  0.001515  0.001591  0.001669  0.001750  0.001834  0.001919  0.002007
  0.002097  0.002189  0.002283  0.002378  0.002475  0.002574  0.002674  0.002774
  0.002875  0.002977  0.003081  0.003183  0.003284  0.003382  0.003473  0.003557
  0.003631  0.003692  0.003741  0.003776  0.003799  0.003808  0.003805  0.003789
  0.003761  0.003720  0.003666  0.003599  0.003519  0.003428  0.003326  0.003214
  0.003093  0.002965  0.002829  0.002689  0.002544  0.002395  0.002243  0.002088
  0.001931  0.001772  0.001613  0.001453  0.001294  0.001136  0.000979  0.000825
  0.000673  0.000523  0.000000  0.000000  0.000000  0.000000  0.000000  0.000000
  0.000000  0.000000  0.000000  0.000000  0.000000  0.000000  0.000000  0.000000
  0.000000  0.000000
  1.000000
  0.688990  0.689015  0.689032  0.689047  0.689059  0.689070  0.689079  0.689087
  0.689094  0.689100  0.689106  0.689110  0.689115  0.689118  0.689122  0.689125
  0.689127  0.689129  0.689132  0.689133  0.689135  0.689137  0.689140  0.689143
  0.689146  0.689149  0.689152  0.689156  0.689160  0.689164  0.689169  0.689173
  0.689179  0.689184  0.689190  0.689197  0.689204  0.689211  0.689219  0.689228
  0.689237  0.689247  0.689258  0.689270  0.689282  0.689295  0.689310  0.689325
  0.689342  0.689361  0.689381  0.689403  0.689427  0.689454  0.689482  0.689512
  0.689544  0.689577  0.689610  0.689644  0.689678  0.689713  0.689747  0.689782
  0.689818  0.689853  0.689889  0.689925  0.689960  0.689996  0.690031  0.690066
  0.690099  0.690131  0.690162  0.690192  0.690221  0.690249  0.690275  0.690301
  0.690326  0.690349  0.690371  0.690393  0.690413  0.690432  0.690450  0.690468
  0.690484  0.690500  0.690514  0.690530  0.690547  0.690565  0.690582  0.690600
  0.690617  0.690634  0.690651  0.690668  0.690683  0.690695  0.690704  0.690710
  0.690716  0.690720
  1.000000
  0.027297  0.028195  0.028999  0.029721  0.030368  0.030948  0.031468  0.031934
  0.032352  0.032727  0.033063  0.033364  0.033634  0.033876  0.034093  0.034288
  0.034462  0.034619  0.034759  0.034885  0.034998  0.035110  0.035228  0.035352
  0.035481  0.035617  0.035761  0.035911  0.036070  0.036237  0.036413  0.036599
  0.036794  0.037000  0.037216  0.037444  0.037683  0.037933  0.038197  0.038473
  0.038763  0.039068  0.039388  0.039724  0.040078  0.040450  0.040842  0.041255
  0.041691  0.042156  0.042656  0.043191  0.043761  0.044366  0.045001  0.045665
  0.046347  0.047034  0.047725  0.048416  0.049104  0.049787  0.050466  0.051144
  0.051825  0.052507  0.053191  0.053874  0.054556  0.055234  0.055902  0.056557
  0.057197  0.057819  0.058424  0.059011  0.059578  0.060129  0.060663  0.061181
  0.061683  0.062168  0.062637  0.063090  0.063526  0.063946  0.064350  0.064737
  0.065108  0.065462  0.065801  0.066139  0.066496  0.066874  0.067274  0.067696
  0.068143  0.068615  0.069114  0.069641  0.070199  0.070788  0.071411  0.072070
  0.072766  0.073502
  1.000000
 -0.027265 -0.026055 -0.024970 -0.023998 -0.023126 -0.022344 -0.021643 -0.021014
 -0.020451 -0.019946 -0.019493 -0.019087 -0.018723 -0.018396 -0.018104 -0.017841
 -0.017606 -0.017395 -0.017206 -0.017037 -0.016885 -0.016505 -0.016284 -0.016085
 -0.015888 -0.015682 -0.015468 -0.015244 -0.015010 -0.014766 -0.014510 -0.014244
 -0.013966 -0.013677 -0.013375 -0.013062 -0.012737 -0.012400 -0.012051 -0.011690
 -0.011315 -0.010928 -0.010527 -0.010113 -0.009684 -0.009242 -0.008784 -0.008311
 -0.007822 -0.007313 -0.006777 -0.006218 -0.005638 -0.005041 -0.004433 -0.003819
 -0.003212 -0.002621 -0.002050 -0.001502 -0.000977 -0.000476  0.000000  0.000456
  0.000892  0.001310  0.001708  0.002085  0.002442  0.002777  0.003089  0.003375
  0.003638  0.003877  0.004095  0.004291  0.004467  0.004626  0.004768  0.004895
  0.005008  0.005107  0.005193  0.005268  0.005333  0.005388  0.005434  0.005473
  0.005504  0.005526  0.005346  0.005435  0.005530  0.005630  0.005736  0.005847
  0.005966  0.006090  0.006222  0.006362  0.006509  0.006665  0.006830  0.007004
  0.007189  0.007383
  1.000000
  0.000000  0.000000  0.000000  0.000000  0.000000  0.000000  0.000000  0.000000
  0.000000  0.000000  0.000000  0.000000  0.000000  0.000000  0.000000  0.000000
  0.000000  0.000000  0.000000  0.000000  0.000000  0.000501  0.000683  0.000807
  0.000903  0.000984  0.001053  0.001113  0.001173  0.001236  0.001302  0.001370
  0.001441  0.001514  0.001590  0.001668  0.001749  0.001832  0.001917  0.002005
  0.002095  0.002187  0.002280  0.002376  0.002473  0.002571  0.002671  0.002771
  0.002873  0.002974  0.003077  0.003180  0.003281  0.003378  0.003470  0.003554
  0.003627  0.003689  0.003737  0.003773  0.003795  0.003805  0.003801  0.003786
  0.003757  0.003716  0.003662  0.003595  0.003516  0.003424  0.003323  0.003211
  0.003090  0.002962  0.002827  0.002686  0.002542  0.002393  0.002241  0.002085
  0.001929  0.001770  0.001611  0.001452  0.001293  0.001135  0.000978  0.000824
  0.000673  0.000522  0.000000  0.000000  0.000000  0.000000  0.000000  0.000000
  0.000000  0.000000  0.000000  0.000000  0.000000  0.000000  0.000000  0.000000
  0.000000  0.000000
  1.000000
  0.700000  0.700000  0.700000  0.700000  0.700000  0.700000  0.700000  0.700000
  0.700000  0.700000  0.700000  0.700000  0.700000  0.700000  0.700000  0.700000
  0.700000  0.700000  0.700000  0.700000  0.700000  0.700000  0.700000  0.700000
  0.700000  0.700000  0.700000  0.700000  0.700000  0.700000  0.700000  0.700000
  0.700000  0.700000  0.700000  0.700000  0.700000  0.700000  0.700000  0.700000
  0.700000  0.700000  0.700000  0.700000  0.700000  0.700000  0.700000  0.700000
  0.700000  0.700000  0.700000  0.700000  0.700000  0.700000  0.700000  0.700000
  0.700000  0.700000  0.700000  0.700000  0.700000  0.700000  0.700000  0.700000
  0.700000  0.700000  0.700000  0.700000  0.700000  0.700000  0.700000  0.700000
  0.700000  0.700000  0.700000  0.700000  0.700000  0.700000  0.700000  0.700000
  0.700000  0.700000  0.700000  0.700000  0.700000  0.700000  0.700000  0.700000
  0.700000  0.700000  0.700000  0.700000  0.700000  0.700000  0.700000  0.700000
  0.700000  0.700000  0.700000  0.700000  0.700000  0.700000  0.700000  0.700000
  0.700000  0.700000
  1.000000
  0.027290  0.028188  0.028994  0.029716  0.030363  0.030944  0.031464  0.031931
  0.032349  0.032724  0.033060  0.033362  0.033632  0.033875  0.034092  0.034287
  0.034461  0.034618  0.034758  0.034884  0.034997  0.035110  0.035228  0.035351
  0.035481  0.035617  0.035761  0.035911  0.036070  0.036237  0.036413  0.036599
  0.036794  0.037000  0.037217  0.037445  0.037684  0.037934  0.038198  0.038474
  0.038764  0.039069  0.039390  0.039726  0.040080  0.040452  0.040844  0.041257
  0.041693  0.042158  0.042658  0.043193  0.043764  0.044368  0.045004  0.045667
  0.046349  0.047037  0.047727  0.048418  0.049105  0.049789  0.050468  0.051145
  0.051826  0.052508  0.053192  0.053875  0.054556  0.055234  0.055902  0.056557
  0.057197  0.057819  0.058424  0.059011  0.059578  0.060129  0.060663  0.061181
  0.061682  0.062168  0.062636  0.063089  0.063525  0.063945  0.064349  0.064736
  0.065107  0.065462  0.065800  0.066138  0.066496  0.066874  0.067273  0.067696
  0.068143  0.068615  0.069114  0.069641  0.070199  0.070789  0.071413  0.072072
  0.072769  0.073506
  1.000000
 -0.027303 -0.026090 -0.025004 -0.024030 -0.023156 -0.022373 -0.021671 -0.021042
 -0.020478 -0.019972 -0.019518 -0.019112 -0.018747 -0.018420 -0.018127 -0.017865
 -0.017629 -0.017418 -0.017229 -0.017059 -0.016907 -0.016526 -0.016306 -0.016107
 -0.015909 -0.015703 -0.015488 -0.015264 -0.015030 -0.014785 -0.014529 -0.014263
 -0.013985 -0.013695 -0.013393 -0.013079 -0.012754 -0.012416 -0.012067 -0.011705
 -0.011330 -0.010942 -0.010540 -0.010126 -0.009697 -0.009254 -0.008796 -0.008322
 -0.007832 -0.007322 -0.006785 -0.006225 -0.005645 -0.005047 -0.004438 -0.003824
 -0.003216 -0.002624 -0.002053 -0.001504 -0.000978 -0.000477  0.000000  0.000456
  0.000893  0.001311  0.001709  0.002087  0.002444  0.002779  0.003091  0.003378
  0.003641  0.003880  0.004097  0.004294  0.004470  0.004629  0.004771  0.004897
  0.005010  0.005109  0.005196  0.005271  0.005335  0.005390  0.005437  0.005475
  0.005506  0.005528  0.005348  0.005437  0.005531  0.005631  0.005737  0.005849
  0.005967  0.006092  0.006224  0.006363  0.006511  0.006667  0.006832  0.007006
  0.007190  0.007385
  1.000000
  0.000000  0.000000  0.000000  0.000000  0.000000  0.000000  0.000000  0.000000
  0.000000  0.000000  0.000000  0.000000  0.000000  0.000000  0.000000  0.000000
  0.000000  0.000000  0.000000  0.000000  0.000000  0.000502  0.000684  0.000808
  0.000904  0.000985  0.001054  0.001114  0.001174  0.001237  0.001303  0.001371
  0.001442  0.001515  0.001591  0.001669  0.001750  0.001834  0.001919  0.002007
  0.002097  0.002189  0.002283  0.002378  0.002475  0.002574  0.002674  0.002774
  0.002875  0.002977  0.003081  0.003183  0.003284  0.003382  0.003473  0.003557
  0.003631  0.003692  0.003741  0.003776  0.003799  0.003808  0.003805  0.003789
  0.003761  0.003720  0.003666  0.003599  0.003519  0.003428  0.003326  0.003214
  0.003093  0.002965  0.002829  0.002689  0.002544  0.002395  0.002243  0.002088
  0.001931  0.001772  0.001613  0.001453  0.001294  0.001136  0.000979  0.000825
  0.000673  0.000523  0.000000  0.000000  0.000000  0.000000  0.000000  0.000000
  0.000000  0.000000  0.000000  0.000000  0.000000  0.000000  0.000000  0.000000
  0.000000  0.000000
  1.000000
  0.711010  0.710985  0.710968  0.710953  0.710941  0.710930  0.710921  0.710913
  0.710906  0.710900  0.710894  0.710890  0.710885  0.710882  0.710878  0.710875
  0.710873  0.710871  0.710869  0.710867  0.710865  0.710863  0.710860  0.710857
  0.710854  0.710851  0.710848  0.710844  0.710840  0.710836  0.710831  0.710826
  0.710821  0.710816  0.710810  0.710803  0.710796  0.710789  0.710781  0.710772
  0.710763  0.710753  0.710742  0.710731  0.710718  0.710705  0.710690  0.710675
  0.710658  0.710639  0.710619  0.710597  0.710573  0.710546  0.710518  0.710488
  0.710456  0.710423  0.710390  0.710356  0.710322  0.710287  0.710253  0.710218
  0.710183  0.710147  0.710111  0.710076  0.710040  0.710004  0.709969  0.709935
  0.709901  0.709869  0.709838  0.709808  0.709779  0.709751  0.709724  0.709699
  0.709675  0.709651  0.709629  0.709607  0.709587  0.709568  0.709550  0.709532
  0.709516  0.709500  0.709486  0.709470  0.709453  0.709435  0.709418  0.709400
  0.709383  0.709366  0.709349  0.709332  0.709317  0.709305  0.709296  0.709290
  0.709284  0.709280
  BLADE ROW NUMBER =        3                                           
  106   21   91  200    0    0    1    1    1    1    0    0    0    0    0    0
    3600.0  134342.6  134342.6  165789.6  165789.6   0.00000    3600.0
  1.000000
  0.072093  0.072991  0.073796  0.074518  0.075166  0.075746  0.076266  0.076733
  0.077151  0.077526  0.077862  0.078164  0.078434  0.078676  0.078893  0.079088
  0.079263  0.079419  0.079559  0.079685  0.079798  0.079911  0.080029  0.080152
  0.080282  0.080418  0.080561  0.080712  0.080871  0.081038  0.081214  0.081399
  0.081595  0.081801  0.082017  0.082245  0.082484  0.082735  0.082998  0.083274
  0.083564  0.083869  0.084190  0.084526  0.084879  0.085251  0.085643  0.086057
  0.086493  0.086958  0.087457  0.087992  0.088563  0.089167  0.089803  0.090467
  0.091148  0.091836  0.092526  0.093217  0.093905  0.094588  0.095267  0.095945
  0.096625  0.097308  0.097991  0.098675  0.099356  0.100034  0.100702  0.101357
  0.101997  0.102619  0.103224  0.103811  0.104379  0.104929  0.105464  0.105982
  0.106483  0.106969  0.107438  0.107890  0.108327  0.108747  0.109151  0.109538
  0.109909  0.110264  0.110602  0.110940  0.111298  0.111676  0.112076  0.112499
  0.112945  0.113418  0.113917  0.114445  0.115003  0.115592  0.116216  0.116875
  0.117571  0.118308
  1.000000
  0.022508  0.021298  0.020212  0.019239  0.018366  0.017584  0.016883  0.016254
  0.015691  0.015185  0.014732  0.014326  0.013962  0.013635  0.013342  0.013080
  0.012845  0.012634  0.012444  0.012275  0.012123  0.012350  0.012321  0.012263
  0.012186  0.012090  0.011972  0.011833  0.011677  0.011512  0.011337  0.011152
  0.010957  0.010751  0.010535  0.010307  0.010069  0.009820  0.009559  0.009287
  0.009003  0.008705  0.008395  0.008071  0.007733  0.007381  0.007013  0.006628
  0.006225  0.005801  0.005350  0.004873  0.004370  0.003845  0.003301  0.002743
  0.002179  0.001621  0.001070  0.000529  0.000000 -0.000517 -0.001020 -0.001514
 -0.001999 -0.002477 -0.002946 -0.003405 -0.003853 -0.004290 -0.004712 -0.005116
 -0.005503 -0.005871 -0.006222 -0.006556 -0.006872 -0.007172 -0.007458 -0.007729
 -0.007988 -0.008233 -0.008465 -0.008685 -0.008894 -0.009091 -0.009277 -0.009452
 -0.009618 -0.009773 -0.010096 -0.010185 -0.010280 -0.010380 -0.010486 -0.010598
 -0.010716 -0.010841 -0.010973 -0.011113 -0.011261 -0.011417 -0.011582 -0.011756
 -0.011941 -0.012136
  1.000000
  0.000000  0.000000  0.000000  0.000000  0.000000  0.000000  0.000000  0.000000
  0.000000  0.000000  0.000000  0.000000  0.000000  0.000000  0.000000  0.000000
  0.000000  0.000000  0.000000  0.000000  0.000000  0.000727  0.000941  0.001103
  0.001249  0.001381  0.001498  0.001601  0.001696  0.001790  0.001884  0.001978
  0.002071  0.002164  0.002257  0.002350  0.002442  0.002533  0.002624  0.002714
  0.002802  0.002890  0.002976  0.003060  0.003143  0.003223  0.003301  0.003375
  0.003447  0.003515  0.003579  0.003639  0.003691  0.003737  0.003773  0.003799
  0.003812  0.003814  0.003805  0.003783  0.003752  0.003710  0.003658  0.003598
  0.003527  0.003448  0.003360  0.003264  0.003160  0.003048  0.002930  0.002806
  0.002679  0.002550  0.002418  0.002284  0.002151  0.002017  0.001882  0.001747
  0.001613  0.001479  0.001348  0.001218  0.001090  0.000964  0.000841  0.000721
  0.000604  0.000489  0.000000  0.000000  0.000000  0.000000  0.000000  0.000000
  0.000000  0.000000  0.000000  0.000000  0.000000  0.000000  0.000000  0.000000
  0.000000  0.000000
  1.000000
  0.690711  0.690717  0.690721  0.690724  0.690726  0.690732  0.690737  0.690742
  0.690746  0.690750  0.690754  0.690758  0.690761  0.690764  0.690766  0.690769
  0.690771  0.690773  0.690775  0.690777  0.690778  0.690780  0.690782  0.690785
  0.690787  0.690790  0.690793  0.690796  0.690800  0.690804  0.690808  0.690812
  0.690816  0.690822  0.690827  0.690833  0.690839  0.690845  0.690853  0.690860
  0.690869  0.690877  0.690887  0.690897  0.690908  0.690920  0.690933  0.690947
  0.690962  0.690978  0.690996  0.691015  0.691036  0.691059  0.691084  0.691110
  0.691137  0.691165  0.691193  0.691222  0.691250  0.691279  0.691307  0.691335
  0.691364  0.691392  0.691420  0.691447  0.691475  0.691502  0.691528  0.691553
  0.691577  0.691600  0.691621  0.691642  0.691661  0.691679  0.691695  0.691711
  0.691726  0.691740  0.691753  0.691765  0.691775  0.691786  0.691795  0.691803
  0.691811  0.691818  0.691824  0.691828  0.691833  0.691838  0.691842  0.691847
  0.691852  0.691858  0.691863  0.691869  0.691875  0.691881  0.691887  0.691893
  0.691900  0.691907
  1.000000
  0.072097  0.072995  0.073799  0.074521  0.075168  0.075748  0.076268  0.076734
  0.077152  0.077527  0.077863  0.078164  0.078434  0.078676  0.078894  0.079088
  0.079263  0.079419  0.079559  0.079685  0.079798  0.079911  0.080029  0.080152
  0.080282  0.080418  0.080561  0.080712  0.080870  0.081037  0.081213  0.081399
  0.081594  0.081800  0.082016  0.082244  0.082483  0.082734  0.082997  0.083273
  0.083563  0.083868  0.084189  0.084525  0.084878  0.085250  0.085642  0.086056
  0.086492  0.086957  0.087456  0.087991  0.088562  0.089166  0.089802  0.090466
  0.091147  0.091835  0.092526  0.093216  0.093904  0.094588  0.095267  0.095945
  0.096626  0.097308  0.097992  0.098675  0.099357  0.100035  0.100703  0.101358
  0.101998  0.102620  0.103225  0.103812  0.104380  0.104930  0.105465  0.105983
  0.106484  0.106970  0.107438  0.107891  0.108327  0.108747  0.109151  0.109538
  0.109909  0.110264  0.110602  0.110940  0.111298  0.111676  0.112075  0.112498
  0.112944  0.113416  0.113915  0.114443  0.115000  0.115590  0.116213  0.116871
  0.117568  0.118304
  1.000000
  0.022501  0.021290  0.020205  0.019233  0.018361  0.017579  0.016878  0.016249
  0.015686  0.015181  0.014728  0.014322  0.013958  0.013631  0.013338  0.013076
  0.012841  0.012630  0.012441  0.012271  0.012119  0.012347  0.012318  0.012260
  0.012182  0.012086  0.011969  0.011829  0.011674  0.011508  0.011333  0.011148
  0.010953  0.010748  0.010531  0.010304  0.010066  0.009817  0.009556  0.009284
  0.009000  0.008702  0.008392  0.008068  0.007731  0.007378  0.007010  0.006625
  0.006223  0.005799  0.005348  0.004871  0.004368  0.003843  0.003300  0.002741
  0.002178  0.001620  0.001070  0.000529  0.000000 -0.000516 -0.001019 -0.001513
 -0.001998 -0.002475 -0.002944 -0.003403 -0.003850 -0.004287 -0.004708 -0.005112
 -0.005498 -0.005867 -0.006217 -0.006550 -0.006866 -0.007165 -0.007451 -0.007722
 -0.007980 -0.008225 -0.008457 -0.008677 -0.008885 -0.009082 -0.009268 -0.009443
 -0.009608 -0.009764 -0.010086 -0.010175 -0.010270 -0.010370 -0.010476 -0.010587
 -0.010706 -0.010830 -0.010962 -0.011102 -0.011249 -0.011405 -0.011570 -0.011744
 -0.011929 -0.012123
  1.000000
  0.000000  0.000000  0.000000  0.000000  0.000000  0.000000  0.000000  0.000000
  0.000000  0.000000  0.000000  0.000000  0.000000  0.000000  0.000000  0.000000
  0.000000  0.000000  0.000000  0.000000  0.000000  0.000727  0.000941  0.001103
  0.001248  0.001380  0.001497  0.001600  0.001695  0.001789  0.001883  0.001977
  0.002070  0.002163  0.002256  0.002349  0.002441  0.002532  0.002622  0.002712
  0.002801  0.002888  0.002974  0.003059  0.003141  0.003221  0.003299  0.003373
  0.003445  0.003513  0.003577  0.003636  0.003689  0.003734  0.003771  0.003797
  0.003810  0.003812  0.003802  0.003781  0.003749  0.003708  0.003656  0.003595
  0.003525  0.003446  0.003358  0.003263  0.003158  0.003046  0.002928  0.002805
  0.002678  0.002548  0.002416  0.002283  0.002150  0.002015  0.001881  0.001746
  0.001612  0.001479  0.001347  0.001217  0.001089  0.000963  0.000840  0.000720
  0.000604  0.000488  0.000000  0.000000  0.000000  0.000000  0.000000  0.000000
  0.000000  0.000000  0.000000  0.000000  0.000000  0.000000  0.000000  0.000000
  0.000000  0.000000
  1.000000
  0.700000  0.700000  0.700000  0.700000  0.700000  0.700000  0.700000  0.700000
  0.700000  0.700000  0.700000  0.700000  0.700000  0.700000  0.700000  0.700000
  0.700000  0.700000  0.700000  0.700000  0.700000  0.700000  0.700000  0.700000
  0.700000  0.700000  0.700000  0.700000  0.700000  0.700000  0.700000  0.700000
  0.700000  0.700000  0.700000  0.700000  0.700000  0.700000  0.700000  0.700000
  0.700000  0.700000  0.700000  0.700000  0.700000  0.700000  0.700000  0.700000
  0.700000  0.700000  0.700000  0.700000  0.700000  0.700000  0.700000  0.700000
  0.700000  0.700000  0.700000  0.700000  0.700000  0.700000  0.700000  0.700000
  0.700000  0.700000  0.700000  0.700000  0.700000  0.700000  0.700000  0.700000
  0.700000  0.700000  0.700000  0.700000  0.700000  0.700000  0.700000  0.700000
  0.700000  0.700000  0.700000  0.700000  0.700000  0.700000  0.700000  0.700000
  0.700000  0.700000  0.700000  0.700000  0.700000  0.700000  0.700000  0.700000
  0.700000  0.700000  0.700000  0.700000  0.700000  0.700000  0.700000  0.700000
  0.700000  0.700000
  1.000000
  0.072093  0.072991  0.073796  0.074518  0.075166  0.075746  0.076266  0.076733
  0.077151  0.077526  0.077862  0.078164  0.078434  0.078676  0.078893  0.079088
  0.079263  0.079419  0.079559  0.079685  0.079798  0.079911  0.080029  0.080152
  0.080282  0.080418  0.080561  0.080712  0.080871  0.081038  0.081214  0.081400
  0.081595  0.081801  0.082017  0.082245  0.082484  0.082735  0.082998  0.083274
  0.083564  0.083869  0.084190  0.084526  0.084880  0.085252  0.085643  0.086057
  0.086493  0.086958  0.087457  0.087992  0.088563  0.089167  0.089803  0.090467
  0.091148  0.091836  0.092526  0.093217  0.093905  0.094588  0.095267  0.095945
  0.096625  0.097308  0.097991  0.098675  0.099356  0.100034  0.100702  0.101357
  0.101997  0.102619  0.103224  0.103811  0.104379  0.104929  0.105464  0.105982
  0.106483  0.106969  0.107438  0.107890  0.108327  0.108747  0.109151  0.109538
  0.109909  0.110264  0.110602  0.110940  0.111298  0.111676  0.112076  0.112499
  0.112945  0.113418  0.113917  0.114445  0.115003  0.115592  0.116216  0.116875
  0.117571  0.118308
  1.000000
  0.022519  0.021308  0.020222  0.019249  0.018376  0.017593  0.016892  0.016263
  0.015699  0.015193  0.014740  0.014334  0.013969  0.013643  0.013350  0.013087
  0.012852  0.012641  0.012452  0.012282  0.012130  0.012357  0.012328  0.012270
  0.012193  0.012097  0.011979  0.011839  0.011684  0.011518  0.011343  0.011158
  0.010963  0.010757  0.010540  0.010313  0.010074  0.009825  0.009564  0.009292
  0.009007  0.008710  0.008399  0.008075  0.007737  0.007384  0.007016  0.006630
  0.006228  0.005803  0.005352  0.004874  0.004371  0.003846  0.003302  0.002743
  0.002180  0.001621  0.001070  0.000529  0.000000 -0.000517 -0.001020 -0.001513
 -0.001999 -0.002477 -0.002945 -0.003404 -0.003852 -0.004288 -0.004710 -0.005114
 -0.005500 -0.005868 -0.006219 -0.006552 -0.006867 -0.007167 -0.007453 -0.007724
 -0.007982 -0.008227 -0.008459 -0.008679 -0.008887 -0.009084 -0.009270 -0.009445
 -0.009610 -0.009765 -0.010088 -0.010177 -0.010272 -0.010372 -0.010478 -0.010589
 -0.010707 -0.010832 -0.010964 -0.011104 -0.011251 -0.011407 -0.011572 -0.011746
 -0.011930 -0.012125
  1.000000
  0.000000  0.000000  0.000000  0.000000  0.000000  0.000000  0.000000  0.000000
  0.000000  0.000000  0.000000  0.000000  0.000000  0.000000  0.000000  0.000000
  0.000000  0.000000  0.000000  0.000000  0.000000  0.000727  0.000941  0.001103
  0.001249  0.001381  0.001498  0.001601  0.001696  0.001790  0.001884  0.001978
  0.002071  0.002164  0.002257  0.002350  0.002442  0.002533  0.002624  0.002714
  0.002802  0.002890  0.002976  0.003060  0.003143  0.003223  0.003301  0.003375
  0.003447  0.003515  0.003579  0.003639  0.003691  0.003737  0.003773  0.003799
  0.003812  0.003814  0.003805  0.003783  0.003752  0.003710  0.003658  0.003598
  0.003527  0.003448  0.003360  0.003264  0.003160  0.003048  0.002930  0.002806
  0.002679  0.002550  0.002418  0.002284  0.002151  0.002017  0.001882  0.001747
  0.001613  0.001479  0.001348  0.001218  0.001090  0.000964  0.000841  0.000721
  0.000604  0.000489  0.000000  0.000000  0.000000  0.000000  0.000000  0.000000
  0.000000  0.000000  0.000000  0.000000  0.000000  0.000000  0.000000  0.000000
  0.000000  0.000000
  1.000000
  0.709289  0.709283  0.709279  0.709276  0.709274  0.709268  0.709263  0.709258
  0.709254  0.709250  0.709246  0.709242  0.709239  0.709236  0.709234  0.709231
  0.709229  0.709227  0.709225  0.709224  0.709222  0.709220  0.709218  0.709215
  0.709213  0.709210  0.709207  0.709203  0.709200  0.709196  0.709193  0.709188
  0.709184  0.709178  0.709173  0.709167  0.709161  0.709155  0.709147  0.709140
  0.709131  0.709123  0.709113  0.709103  0.709092  0.709080  0.709067  0.709053
  0.709038  0.709023  0.709004  0.708985  0.708964  0.708941  0.708916  0.708890
  0.708863  0.708835  0.708807  0.708778  0.708750  0.708721  0.708693  0.708665
  0.708637  0.708609  0.708580  0.708552  0.708525  0.708498  0.708472  0.708447
  0.708423  0.708400  0.708379  0.708358  0.708340  0.708321  0.708304  0.708289
  0.708274  0.708260  0.708247  0.708236  0.708225  0.708215  0.708205  0.708197
  0.708189  0.708182  0.708176  0.708172  0.708167  0.708163  0.708158  0.708153
  0.708148  0.708142  0.708137  0.708131  0.708125  0.708119  0.708113  0.708107
  0.708100  0.708093
  BLADE ROW NUMBER =        4                                           
  106   21   91  201    0    0    1    1    1    1    0    0    0    0    0    0
       0.0  165789.6  165789.6  201595.8  201595.8   0.00000       0.0
  1.000000
  0.110596  0.111494  0.112299  0.113021  0.113668  0.114248  0.114768  0.115234
  0.115653  0.116027  0.116364  0.116665  0.116935  0.117177  0.117394  0.117589
  0.117764  0.117920  0.118060  0.118186  0.118299  0.118412  0.118530  0.118653
  0.118783  0.118919  0.119062  0.119213  0.119372  0.119539  0.119715  0.119900
  0.120096  0.120301  0.120518  0.120746  0.120985  0.121235  0.121498  0.121775
  0.122065  0.122370  0.122690  0.123027  0.123380  0.123752  0.124144  0.124557
  0.124993  0.125458  0.125958  0.126493  0.127063  0.127668  0.128303  0.128967
  0.129648  0.130336  0.131027  0.131717  0.132405  0.133089  0.133767  0.134445
  0.135126  0.135808  0.136492  0.137175  0.137857  0.138535  0.139203  0.139857
  0.140497  0.141120  0.141725  0.142311  0.142878  0.143429  0.143963  0.144481
  0.144983  0.145468  0.145937  0.146389  0.146826  0.147246  0.147649  0.148036
  0.148407  0.148762  0.149100  0.149438  0.149796  0.150174  0.150573  0.150996
  0.151442  0.151914  0.152413  0.152941  0.153498  0.154088  0.154711  0.155370
  0.156066  0.156803
  1.000000
 -0.027269 -0.026059 -0.024974 -0.024001 -0.023129 -0.022347 -0.021646 -0.021018
 -0.020454 -0.019949 -0.019496 -0.019090 -0.018726 -0.018399 -0.018106 -0.017844
 -0.017609 -0.017398 -0.017209 -0.017039 -0.016887 -0.016507 -0.016287 -0.016088
 -0.015890 -0.015685 -0.015470 -0.015246 -0.015012 -0.014768 -0.014512 -0.014246
 -0.013968 -0.013679 -0.013377 -0.013064 -0.012739 -0.012402 -0.012053 -0.011692
 -0.011317 -0.010930 -0.010529 -0.010114 -0.009686 -0.009244 -0.008786 -0.008313
 -0.007824 -0.007314 -0.006779 -0.006219 -0.005639 -0.005042 -0.004434 -0.003820
 -0.003213 -0.002622 -0.002051 -0.001502 -0.000977 -0.000476  0.000000  0.000456
  0.000893  0.001310  0.001708  0.002086  0.002443  0.002778  0.003090  0.003377
  0.003640  0.003880  0.004097  0.004293  0.004470  0.004629  0.004771  0.004898
  0.005011  0.005110  0.005197  0.005272  0.005337  0.005392  0.005439  0.005477
  0.005508  0.005530  0.005351  0.005440  0.005535  0.005635  0.005741  0.005853
  0.005971  0.006096  0.006228  0.006368  0.006515  0.006671  0.006836  0.007011
  0.007195  0.007390
  1.000000
  0.000000  0.000000  0.000000  0.000000  0.000000  0.000000  0.000000  0.000000
  0.000000  0.000000  0.000000  0.000000  0.000000  0.000000  0.000000  0.000000
  0.000000  0.000000  0.000000  0.000000  0.000000  0.000501  0.000683  0.000807
  0.000904  0.000985  0.001053  0.001113  0.001174  0.001237  0.001302  0.001370
  0.001441  0.001514  0.001590  0.001668  0.001749  0.001832  0.001918  0.002006
  0.002095  0.002187  0.002281  0.002377  0.002474  0.002572  0.002672  0.002772
  0.002874  0.002975  0.003079  0.003181  0.003282  0.003380  0.003471  0.003555
  0.003629  0.003690  0.003738  0.003774  0.003796  0.003806  0.003803  0.003787
  0.003759  0.003717  0.003663  0.003596  0.003517  0.003426  0.003324  0.003212
  0.003091  0.002963  0.002828  0.002687  0.002542  0.002394  0.002241  0.002086
  0.001930  0.001771  0.001612  0.001452  0.001293  0.001135  0.000979  0.000824
  0.000673  0.000522  0.000000  0.000000  0.000000  0.000000  0.000000  0.000000
  0.000000  0.000000  0.000000  0.000000  0.000000  0.000000  0.000000  0.000000
  0.000000  0.000000
  1.000000
  0.691824  0.691835  0.691845  0.691853  0.691861  0.691867  0.691872  0.691877
  0.691881  0.691885  0.691888  0.691891  0.691894  0.691896  0.691898  0.691900
  0.691902  0.691903  0.691905  0.691906  0.691907  0.691909  0.691910  0.691912
  0.691914  0.691916  0.691918  0.691921  0.691923  0.691926  0.691929  0.691932
  0.691935  0.691939  0.691943  0.691947  0.691951  0.691956  0.691961  0.691967
  0.691973  0.691979  0.691986  0.691994  0.692002  0.692010  0.692020  0.692030
  0.692040  0.692052  0.692065  0.692080  0.692095  0.692112  0.692131  0.692150
  0.692170  0.692191  0.692213  0.692235  0.692257  0.692279  0.692302  0.692324
  0.692347  0.692370  0.692393  0.692416  0.692440  0.692463  0.692486  0.692508
  0.692530  0.692551  0.692572  0.692591  0.692611  0.692629  0.692646  0.692663
  0.692679  0.692695  0.692710  0.692724  0.692737  0.692750  0.692762  0.692774
  0.692785  0.692795  0.692805  0.692816  0.692827  0.692839  0.692851  0.692863
  0.692875  0.692888  0.692900  0.692911  0.692923  0.692934  0.692941  0.692947
  0.692952  0.692955
  1.000000
  0.110599  0.111497  0.112301  0.113023  0.113670  0.114250  0.114770  0.115236
  0.115654  0.116029  0.116365  0.116666  0.116936  0.117178  0.117395  0.117590
  0.117764  0.117921  0.118061  0.118187  0.118299  0.118412  0.118530  0.118653
  0.118783  0.118919  0.119062  0.119213  0.119372  0.119539  0.119715  0.119900
  0.120095  0.120301  0.120518  0.120745  0.120984  0.121235  0.121498  0.121774
  0.122064  0.122369  0.122689  0.123026  0.123379  0.123751  0.124143  0.124556
  0.124993  0.125457  0.125957  0.126492  0.127062  0.127667  0.128302  0.128966
  0.129648  0.130335  0.131026  0.131716  0.132404  0.133088  0.133767  0.134445
  0.135125  0.135808  0.136491  0.137175  0.137856  0.138534  0.139203  0.139857
  0.140497  0.141120  0.141725  0.142311  0.142879  0.143429  0.143963  0.144481
  0.144983  0.145468  0.145937  0.146390  0.146826  0.147246  0.147649  0.148037
  0.148408  0.148762  0.149100  0.149439  0.149796  0.150174  0.150574  0.150996
  0.151442  0.151914  0.152413  0.152941  0.153498  0.154088  0.154711  0.155369
  0.156065  0.156802
  1.000000
 -0.027264 -0.026054 -0.024969 -0.023996 -0.023124 -0.022342 -0.021641 -0.021013
 -0.020450 -0.019944 -0.019492 -0.019086 -0.018721 -0.018395 -0.018102 -0.017840
 -0.017605 -0.017394 -0.017205 -0.017035 -0.016884 -0.016504 -0.016283 -0.016084
 -0.015887 -0.015681 -0.015467 -0.015243 -0.015009 -0.014765 -0.014509 -0.014243
 -0.013965 -0.013676 -0.013374 -0.013061 -0.012736 -0.012399 -0.012050 -0.011689
 -0.011315 -0.010927 -0.010526 -0.010112 -0.009684 -0.009241 -0.008784 -0.008311
 -0.007822 -0.007312 -0.006777 -0.006217 -0.005637 -0.005041 -0.004433 -0.003819
 -0.003212 -0.002621 -0.002050 -0.001502 -0.000977 -0.000476  0.000000  0.000455
  0.000892  0.001310  0.001707  0.002085  0.002441  0.002777  0.003088  0.003375
  0.003638  0.003877  0.004094  0.004291  0.004467  0.004626  0.004768  0.004894
  0.005007  0.005106  0.005193  0.005268  0.005333  0.005388  0.005434  0.005472
  0.005503  0.005526  0.005346  0.005435  0.005530  0.005630  0.005735  0.005847
  0.005965  0.006090  0.006222  0.006361  0.006509  0.006665  0.006830  0.007004
  0.007188  0.007383
  1.000000
  0.000000  0.000000  0.000000  0.000000  0.000000  0.000000  0.000000  0.000000
  0.000000  0.000000  0.000000  0.000000  0.000000  0.000000  0.000000  0.000000
  0.000000  0.000000  0.000000  0.000000  0.000000  0.000501  0.000683  0.000807
  0.000903  0.000984  0.001053  0.001113  0.001173  0.001236  0.001302  0.001370
  0.001441  0.001514  0.001590  0.001668  0.001749  0.001832  0.001917  0.002005
  0.002095  0.002186  0.002280  0.002376  0.002473  0.002571  0.002671  0.002771
  0.002872  0.002974  0.003077  0.003180  0.003281  0.003378  0.003470  0.003554
  0.003627  0.003688  0.003737  0.003772  0.003795  0.003804  0.003801  0.003785
  0.003757  0.003716  0.003662  0.003595  0.003516  0.003424  0.003322  0.003211
  0.003090  0.002961  0.002826  0.002686  0.002541  0.002393  0.002240  0.002085
  0.001929  0.001770  0.001611  0.001451  0.001292  0.001135  0.000978  0.000824
  0.000673  0.000522  0.000000  0.000000  0.000000  0.000000  0.000000  0.000000
  0.000000  0.000000  0.000000  0.000000  0.000000  0.000000  0.000000  0.000000
  0.000000  0.000000
  1.000000
  0.700000  0.700000  0.700000  0.700000  0.700000  0.700000  0.700000  0.700000
  0.700000  0.700000  0.700000  0.700000  0.700000  0.700000  0.700000  0.700000
  0.700000  0.700000  0.700000  0.700000  0.700000  0.700000  0.700000  0.700000
  0.700000  0.700000  0.700000  0.700000  0.700000  0.700000  0.700000  0.700000
  0.700000  0.700000  0.700000  0.700000  0.700000  0.700000  0.700000  0.700000
  0.700000  0.700000  0.700000  0.700000  0.700000  0.700000  0.700000  0.700000
  0.700000  0.700000  0.700000  0.700000  0.700000  0.700000  0.700000  0.700000
  0.700000  0.700000  0.700000  0.700000  0.700000  0.700000  0.700000  0.700000
  0.700000  0.700000  0.700000  0.700000  0.700000  0.700000  0.700000  0.700000
  0.700000  0.700000  0.700000  0.700000  0.700000  0.700000  0.700000  0.700000
  0.700000  0.700000  0.700000  0.700000  0.700000  0.700000  0.700000  0.700000
  0.700000  0.700000  0.700000  0.700000  0.700000  0.700000  0.700000  0.700000
  0.700000  0.700000  0.700000  0.700000  0.700000  0.700000  0.700000  0.700000
  0.700000  0.700000
  1.000000
  0.110596  0.111494  0.112299  0.113021  0.113668  0.114248  0.114768  0.115234
  0.115653  0.116027  0.116364  0.116665  0.116935  0.117177  0.117394  0.117589
  0.117764  0.117920  0.118060  0.118186  0.118299  0.118412  0.118530  0.118653
  0.118783  0.118919  0.119062  0.119213  0.119372  0.119539  0.119715  0.119900
  0.120096  0.120301  0.120518  0.120746  0.120985  0.121235  0.121498  0.121775
  0.122065  0.122370  0.122690  0.123027  0.123380  0.123752  0.124144  0.124557
  0.124993  0.125458  0.125958  0.126493  0.127063  0.127668  0.128303  0.128967
  0.129648  0.130336  0.131027  0.131717  0.132405  0.133089  0.133767  0.134445
  0.135126  0.135808  0.136492  0.137175  0.137857  0.138535  0.139203  0.139857
  0.140497  0.141120  0.141725  0.142311  0.142878  0.143429  0.143963  0.144481
  0.144983  0.145468  0.145937  0.146389  0.146826  0.147246  0.147649  0.148036
  0.148407  0.148762  0.149100  0.149438  0.149796  0.150174  0.150573  0.150996
  0.151442  0.151914  0.152413  0.152941  0.153498  0.154088  0.154711  0.155370
  0.156066  0.156803
  1.000000
 -0.027281 -0.026070 -0.024985 -0.024011 -0.023139 -0.022356 -0.021655 -0.021026
 -0.020462 -0.019957 -0.019504 -0.019097 -0.018733 -0.018407 -0.018114 -0.017851
 -0.017616 -0.017405 -0.017216 -0.017046 -0.016894 -0.016514 -0.016293 -0.016094
 -0.015897 -0.015691 -0.015477 -0.015253 -0.015019 -0.014774 -0.014518 -0.014252
 -0.013974 -0.013684 -0.013383 -0.013070 -0.012744 -0.012407 -0.012058 -0.011696
 -0.011322 -0.010934 -0.010533 -0.010118 -0.009690 -0.009247 -0.008789 -0.008316
 -0.007826 -0.007316 -0.006781 -0.006221 -0.005641 -0.005043 -0.004435 -0.003821
 -0.003213 -0.002622 -0.002051 -0.001503 -0.000977 -0.000477  0.000000  0.000456
  0.000893  0.001310  0.001708  0.002086  0.002442  0.002777  0.003089  0.003376
  0.003639  0.003878  0.004095  0.004291  0.004468  0.004626  0.004768  0.004895
  0.005008  0.005107  0.005193  0.005268  0.005333  0.005388  0.005434  0.005472
  0.005503  0.005526  0.005345  0.005435  0.005529  0.005629  0.005735  0.005847
  0.005965  0.006089  0.006221  0.006361  0.006508  0.006664  0.006829  0.007003
  0.007187  0.007382
  1.000000
  0.000000  0.000000  0.000000  0.000000  0.000000  0.000000  0.000000  0.000000
  0.000000  0.000000  0.000000  0.000000  0.000000  0.000000  0.000000  0.000000
  0.000000  0.000000  0.000000  0.000000  0.000000  0.000501  0.000683  0.000807
  0.000904  0.000985  0.001053  0.001113  0.001174  0.001237  0.001302  0.001370
  0.001441  0.001514  0.001590  0.001668  0.001749  0.001832  0.001918  0.002006
  0.002095  0.002187  0.002281  0.002377  0.002474  0.002572  0.002672  0.002772
  0.002874  0.002975  0.003079  0.003181  0.003282  0.003380  0.003471  0.003555
  0.003629  0.003690  0.003738  0.003774  0.003796  0.003806  0.003803  0.003787
  0.003759  0.003717  0.003663  0.003596  0.003517  0.003426  0.003324  0.003212
  0.003091  0.002963  0.002828  0.002687  0.002542  0.002394  0.002241  0.002086
  0.001930  0.001771  0.001612  0.001452  0.001293  0.001135  0.000979  0.000824
  0.000673  0.000522  0.000000  0.000000  0.000000  0.000000  0.000000  0.000000
  0.000000  0.000000  0.000000  0.000000  0.000000  0.000000  0.000000  0.000000
  0.000000  0.000000
  1.000000
  0.708176  0.708165  0.708155  0.708147  0.708139  0.708133  0.708128  0.708123
  0.708119  0.708115  0.708112  0.708109  0.708106  0.708104  0.708102  0.708100
  0.708098  0.708097  0.708095  0.708094  0.708093  0.708091  0.708090  0.708088
  0.708086  0.708084  0.708082  0.708079  0.708077  0.708074  0.708071  0.708068
  0.708065  0.708061  0.708057  0.708053  0.708049  0.708044  0.708039  0.708033
  0.708027  0.708021  0.708014  0.708006  0.707998  0.707990  0.707980  0.707970
  0.707959  0.707948  0.707935  0.707920  0.707905  0.707888  0.707870  0.707850
  0.707830  0.707808  0.707787  0.707765  0.707743  0.707721  0.707698  0.707676
  0.707653  0.707630  0.707607  0.707583  0.707560  0.707537  0.707514  0.707492
  0.707470  0.707449  0.707429  0.707409  0.707390  0.707371  0.707354  0.707337
  0.707321  0.707305  0.707290  0.707276  0.707263  0.707250  0.707238  0.707226
  0.707215  0.707205  0.707195  0.707184  0.707172  0.707161  0.707149  0.707137
  0.707125  0.707112  0.707100  0.707089  0.707077  0.707066  0.707059  0.707053
  0.707048  0.707044
  BLADE ROW NUMBER =        5                                           
  106   21   91  201    0    0    1    1    1    1    0    0    0    0    0    0
    3600.0  201595.8  201595.8  242586.3  242586.3   0.00000    3600.0
  1.000000
  0.156797  0.157694  0.158500  0.159221  0.159868  0.160448  0.160969  0.161435
  0.161853  0.162228  0.162564  0.162865  0.163135  0.163377  0.163594  0.163789
  0.163964  0.164120  0.164260  0.164386  0.164499  0.164612  0.164730  0.164853
  0.164983  0.165119  0.165262  0.165413  0.165571  0.165739  0.165915  0.166100
  0.166295  0.166501  0.166718  0.166945  0.167184  0.167435  0.167698  0.167974
  0.168265  0.168569  0.168890  0.169226  0.169580  0.169952  0.170343  0.170757
  0.171193  0.171658  0.172157  0.172692  0.173263  0.173867  0.174503  0.175167
  0.175848  0.176536  0.177226  0.177917  0.178605  0.179288  0.179967  0.180645
  0.181325  0.182008  0.182691  0.183375  0.184056  0.184734  0.185402  0.186057
  0.186697  0.187320  0.187925  0.188511  0.189079  0.189629  0.190164  0.190681
  0.191183  0.191668  0.192137  0.192590  0.193026  0.193446  0.193850  0.194237
  0.194608  0.194963  0.195301  0.195639  0.195997  0.196375  0.196775  0.197197
  0.197644  0.198116  0.198615  0.199142  0.199700  0.200290  0.200913  0.201572
  0.202268  0.203004
  1.000000
  0.022501  0.021291  0.020206  0.019233  0.018361  0.017579  0.016878  0.016249
  0.015686  0.015181  0.014728  0.014322  0.013958  0.013631  0.013338  0.013076
  0.012841  0.012630  0.012441  0.012271  0.012119  0.012347  0.012318  0.012260
  0.012182  0.012086  0.011969  0.011829  0.011674  0.011508  0.011333  0.011149
  0.010953  0.010748  0.010531  0.010304  0.010066  0.009817  0.009557  0.009284
  0.009000  0.008703  0.008392  0.008069  0.007731  0.007379  0.007010  0.006626
  0.006223  0.005799  0.005348  0.004871  0.004369  0.003844  0.003300  0.002742
  0.002179  0.001620  0.001070  0.000529  0.000000 -0.000516 -0.001020 -0.001513
 -0.001999 -0.002476 -0.002945 -0.003404 -0.003851 -0.004288 -0.004709 -0.005114
 -0.005500 -0.005869 -0.006219 -0.006552 -0.006868 -0.007168 -0.007454 -0.007725
 -0.007983 -0.008228 -0.008461 -0.008681 -0.008889 -0.009086 -0.009272 -0.009447
 -0.009613 -0.009768 -0.010090 -0.010180 -0.010275 -0.010375 -0.010481 -0.010592
 -0.010711 -0.010835 -0.010968 -0.011107 -0.011255 -0.011411 -0.011576 -0.011750
 -0.011934 -0.012129
  1.000000
  0.000000  0.000000  0.000000  0.000000  0.000000  0.000000  0.000000  0.000000
  0.000000  0.000000  0.000000  0.000000  0.000000  0.000000  0.000000  0.000000
  0.000000  0.000000  0.000000  0.000000  0.000000  0.000727  0.000941  0.001103
  0.001248  0.001380  0.001497  0.001600  0.001695  0.001789  0.001883  0.001977
  0.002070  0.002163  0.002256  0.002349  0.002441  0.002532  0.002623  0.002713
  0.002801  0.002889  0.002975  0.003059  0.003141  0.003222  0.003299  0.003374
  0.003445  0.003513  0.003578  0.003637  0.003690  0.003735  0.003772  0.003797
  0.003811  0.003813  0.003803  0.003782  0.003750  0.003708  0.003657  0.003596
  0.003526  0.003447  0.003359  0.003263  0.003159  0.003047  0.002928  0.002805
  0.002678  0.002549  0.002417  0.002283  0.002150  0.002016  0.001881  0.001746
  0.001612  0.001479  0.001347  0.001217  0.001089  0.000963  0.000841  0.000720
  0.000604  0.000488  0.000000  0.000000  0.000000  0.000000  0.000000  0.000000
  0.000000  0.000000  0.000000  0.000000  0.000000  0.000000  0.000000  0.000000
  0.000000  0.000000
  1.000000
  0.692955  0.692959  0.692961  0.692963  0.692966  0.692970  0.692973  0.692976
  0.692979  0.692982  0.692984  0.692986  0.692988  0.692990  0.692992  0.692993
  0.692995  0.692996  0.692997  0.692998  0.692999  0.693000  0.693002  0.693004
  0.693005  0.693007  0.693009  0.693011  0.693014  0.693016  0.693019  0.693022
  0.693025  0.693028  0.693032  0.693036  0.693040  0.693044  0.693049  0.693054
  0.693059  0.693065  0.693072  0.693078  0.693086  0.693094  0.693102  0.693111
  0.693121  0.693132  0.693144  0.693156  0.693171  0.693186  0.693202  0.693220
  0.693238  0.693256  0.693275  0.693293  0.693312  0.693331  0.693350  0.693368
  0.693387  0.693406  0.693425  0.693443  0.693461  0.693479  0.693496  0.693513
  0.693528  0.693543  0.693558  0.693571  0.693584  0.693596  0.693607  0.693617
  0.693627  0.693636  0.693645  0.693653  0.693660  0.693667  0.693673  0.693678
  0.693683  0.693688  0.693692  0.693695  0.693698  0.693701  0.693704  0.693708
  0.693711  0.693715  0.693718  0.693722  0.693726  0.693730  0.693734  0.693738
  0.693742  0.693747
  1.000000
  0.156798  0.157696  0.158501  0.159222  0.159869  0.160449  0.160969  0.161436
  0.161854  0.162228  0.162564  0.162865  0.163135  0.163378  0.163595  0.163789
  0.163964  0.164120  0.164261  0.164386  0.164499  0.164612  0.164730  0.164853
  0.164983  0.165119  0.165262  0.165413  0.165571  0.165738  0.165914  0.166100
  0.166295  0.166501  0.166717  0.166945  0.167184  0.167435  0.167698  0.167974
  0.168264  0.168569  0.168889  0.169226  0.169579  0.169951  0.170343  0.170756
  0.171192  0.171657  0.172157  0.172692  0.173262  0.173867  0.174502  0.175166
  0.175848  0.176535  0.177226  0.177917  0.178604  0.179288  0.179967  0.180645
  0.181325  0.182008  0.182692  0.183375  0.184057  0.184735  0.185403  0.186058
  0.186697  0.187320  0.187925  0.188511  0.189079  0.189630  0.190164  0.190682
  0.191183  0.191669  0.192138  0.192590  0.193027  0.193446  0.193850  0.194237
  0.194608  0.194963  0.195301  0.195639  0.195997  0.196375  0.196774  0.197197
  0.197643  0.198115  0.198614  0.199141  0.199699  0.200288  0.200911  0.201570
  0.202266  0.203002
  1.000000
  0.022499  0.021289  0.020204  0.019232  0.018359  0.017578  0.016877  0.016248
  0.015685  0.015180  0.014727  0.014321  0.013957  0.013630  0.013338  0.013075
  0.012840  0.012629  0.012440  0.012271  0.012119  0.012346  0.012317  0.012259
  0.012182  0.012086  0.011968  0.011828  0.011673  0.011508  0.011333  0.011148
  0.010953  0.010747  0.010531  0.010303  0.010065  0.009816  0.009556  0.009284
  0.008999  0.008702  0.008392  0.008068  0.007730  0.007378  0.007010  0.006625
  0.006223  0.005799  0.005348  0.004870  0.004368  0.003843  0.003300  0.002741
  0.002178  0.001620  0.001070  0.000529  0.000000 -0.000516 -0.001019 -0.001512
 -0.001998 -0.002475 -0.002944 -0.003403 -0.003850 -0.004286 -0.004708 -0.005112
 -0.005498 -0.005866 -0.006217 -0.006550 -0.006865 -0.007165 -0.007450 -0.007722
 -0.007980 -0.008224 -0.008456 -0.008676 -0.008885 -0.009081 -0.009267 -0.009442
 -0.009608 -0.009763 -0.010085 -0.010175 -0.010269 -0.010369 -0.010475 -0.010587
 -0.010705 -0.010830 -0.010962 -0.011101 -0.011249 -0.011405 -0.011569 -0.011744
 -0.011928 -0.012123
  1.000000
  0.000000  0.000000  0.000000  0.000000  0.000000  0.000000  0.000000  0.000000
  0.000000  0.000000  0.000000  0.000000  0.000000  0.000000  0.000000  0.000000
  0.000000  0.000000  0.000000  0.000000  0.000000  0.000727  0.000941  0.001103
  0.001248  0.001380  0.001497  0.001600  0.001695  0.001789  0.001883  0.001976
  0.002070  0.002163  0.002256  0.002348  0.002440  0.002532  0.002622  0.002712
  0.002801  0.002888  0.002974  0.003058  0.003141  0.003221  0.003298  0.003373
  0.003445  0.003512  0.003577  0.003636  0.003689  0.003734  0.003771  0.003796
  0.003810  0.003812  0.003802  0.003781  0.003749  0.003707  0.003656  0.003595
  0.003525  0.003446  0.003358  0.003262  0.003158  0.003046  0.002928  0.002805
  0.002678  0.002548  0.002416  0.002283  0.002150  0.002015  0.001880  0.001746
  0.001612  0.001479  0.001347  0.001217  0.001089  0.000963  0.000840  0.000720
  0.000604  0.000488  0.000000  0.000000  0.000000  0.000000  0.000000  0.000000
  0.000000  0.000000  0.000000  0.000000  0.000000  0.000000  0.000000  0.000000
  0.000000  0.000000
  1.000000
  0.700000  0.700000  0.700000  0.700000  0.700000  0.700000  0.700000  0.700000
  0.700000  0.700000  0.700000  0.700000  0.700000  0.700000  0.700000  0.700000
  0.700000  0.700000  0.700000  0.700000  0.700000  0.700000  0.700000  0.700000
  0.700000  0.700000  0.700000  0.700000  0.700000  0.700000  0.700000  0.700000
  0.700000  0.700000  0.700000  0.700000  0.700000  0.700000  0.700000  0.700000
  0.700000  0.700000  0.700000  0.700000  0.700000  0.700000  0.700000  0.700000
  0.700000  0.700000  0.700000  0.700000  0.700000  0.700000  0.700000  0.700000
  0.700000  0.700000  0.700000  0.700000  0.700000  0.700000  0.700000  0.700000
  0.700000  0.700000  0.700000  0.700000  0.700000  0.700000  0.700000  0.700000
  0.700000  0.700000  0.700000  0.700000  0.700000  0.700000  0.700000  0.700000
  0.700000  0.700000  0.700000  0.700000  0.700000  0.700000  0.700000  0.700000
  0.700000  0.700000  0.700000  0.700000  0.700000  0.700000  0.700000  0.700000
  0.700000  0.700000  0.700000  0.700000  0.700000  0.700000  0.700000  0.700000
  0.700000  0.700000
  1.000000
  0.156797  0.157694  0.158500  0.159221  0.159868  0.160448  0.160969  0.161435
  0.161853  0.162228  0.162564  0.162865  0.163135  0.163377  0.163594  0.163789
  0.163964  0.164120  0.164260  0.164386  0.164499  0.164612  0.164730  0.164853
  0.164983  0.165119  0.165262  0.165413  0.165571  0.165739  0.165915  0.166100
  0.166295  0.166501  0.166718  0.166945  0.167184  0.167435  0.167698  0.167974
  0.168265  0.168569  0.168890  0.169226  0.169580  0.169952  0.170343  0.170757
  0.171193  0.171658  0.172157  0.172692  0.173263  0.173867  0.174503  0.175167
  0.175848  0.176536  0.177226  0.177917  0.178605  0.179288  0.179967  0.180645
  0.181325  0.182008  0.182691  0.183375  0.184056  0.184734  0.185402  0.186057
  0.186697  0.187320  0.187925  0.188511  0.189079  0.189629  0.190164  0.190681
  0.191183  0.191668  0.192137  0.192590  0.193026  0.193446  0.193850  0.194237
  0.194608  0.194963  0.195301  0.195639  0.195997  0.196375  0.196775  0.197197
  0.197644  0.198116  0.198615  0.199142  0.199700  0.200290  0.200913  0.201572
  0.202268  0.203004
  1.000000
  0.022508  0.021298  0.020213  0.019240  0.018367  0.017585  0.016884  0.016255
  0.015692  0.015186  0.014733  0.014327  0.013963  0.013636  0.013343  0.013081
  0.012846  0.012635  0.012446  0.012276  0.012124  0.012351  0.012322  0.012264
  0.012187  0.012091  0.011973  0.011834  0.011678  0.011513  0.011338  0.011153
  0.010957  0.010752  0.010535  0.010308  0.010070  0.009820  0.009560  0.009287
  0.009003  0.008705  0.008395  0.008071  0.007733  0.007381  0.007012  0.006627
  0.006225  0.005801  0.005350  0.004872  0.004369  0.003844  0.003301  0.002742
  0.002179  0.001621  0.001070  0.000529  0.000000 -0.000516 -0.001019 -0.001513
 -0.001998 -0.002476 -0.002944 -0.003403 -0.003851 -0.004287 -0.004708 -0.005112
 -0.005498 -0.005867 -0.006217 -0.006550 -0.006865 -0.007165 -0.007451 -0.007722
 -0.007980 -0.008225 -0.008457 -0.008676 -0.008885 -0.009081 -0.009267 -0.009442
 -0.009608 -0.009763 -0.010085 -0.010175 -0.010269 -0.010369 -0.010475 -0.010587
 -0.010705 -0.010830 -0.010962 -0.011101 -0.011248 -0.011404 -0.011569 -0.011743
 -0.011928 -0.012122
  1.000000
  0.000000  0.000000  0.000000  0.000000  0.000000  0.000000  0.000000  0.000000
  0.000000  0.000000  0.000000  0.000000  0.000000  0.000000  0.000000  0.000000
  0.000000  0.000000  0.000000  0.000000  0.000000  0.000727  0.000941  0.001103
  0.001248  0.001380  0.001497  0.001600  0.001695  0.001789  0.001883  0.001977
  0.002070  0.002163  0.002256  0.002349  0.002441  0.002532  0.002623  0.002713
  0.002801  0.002889  0.002975  0.003059  0.003141  0.003222  0.003299  0.003374
  0.003445  0.003513  0.003578  0.003637  0.003690  0.003735  0.003772  0.003797
  0.003811  0.003813  0.003803  0.003782  0.003750  0.003708  0.003657  0.003596
  0.003526  0.003447  0.003359  0.003263  0.003159  0.003047  0.002928  0.002805
  0.002678  0.002549  0.002417  0.002283  0.002150  0.002016  0.001881  0.001746
  0.001612  0.001479  0.001347  0.001217  0.001089  0.000963  0.000841  0.000720
  0.000604  0.000488  0.000000  0.000000  0.000000  0.000000  0.000000  0.000000
  0.000000  0.000000  0.000000  0.000000  0.000000  0.000000  0.000000  0.000000
  0.000000  0.000000
  1.000000
  0.707044  0.707041  0.707039  0.707037  0.707034  0.707030  0.707027  0.707024
  0.707021  0.707018  0.707016  0.707014  0.707012  0.707010  0.707008  0.707007
  0.707005  0.707004  0.707003  0.707002  0.707001  0.707000  0.706998  0.706996
  0.706995  0.706993  0.706991  0.706989  0.706986  0.706984  0.706981  0.706978
  0.706975  0.706972  0.706968  0.706965  0.706960  0.706956  0.706951  0.706946
  0.706941  0.706935  0.706928  0.706922  0.706914  0.706906  0.706898  0.706889
  0.706879  0.706868  0.706856  0.706843  0.706829  0.706814  0.706798  0.706781
  0.706763  0.706744  0.706725  0.706707  0.706688  0.706669  0.706650  0.706631
  0.706613  0.706594  0.706576  0.706557  0.706539  0.706521  0.706504  0.706488
  0.706472  0.706457  0.706442  0.706429  0.706416  0.706404  0.706393  0.706383
  0.706373  0.706364  0.706355  0.706347  0.706340  0.706334  0.706327  0.706322
  0.706317  0.706312  0.706308  0.706305  0.706302  0.706299  0.706296  0.706293
  0.706289  0.706286  0.706282  0.706278  0.706274  0.706270  0.706266  0.706262
  0.706258  0.706253
  BLADE ROW NUMBER =        6                                           
  106   21   91  202    0    0    1    1    1    1    0    0    0    0    0    0
       0.0  242586.3  242586.3  288552.6  288552.6   0.00000       0.0
  1.000000
  0.195297  0.196195  0.197000  0.197722  0.198369  0.198949  0.199469  0.199935
  0.200353  0.200728  0.201064  0.201365  0.201635  0.201877  0.202095  0.202289
  0.202464  0.202620  0.202760  0.202886  0.202999  0.203112  0.203230  0.203353
  0.203483  0.203619  0.203762  0.203913  0.204071  0.204239  0.204415  0.204600
  0.204795  0.205001  0.205218  0.205445  0.205684  0.205935  0.206198  0.206474
  0.206764  0.207069  0.207390  0.207726  0.208080  0.208452  0.208843  0.209257
  0.209693  0.210157  0.210657  0.211192  0.211763  0.212367  0.213003  0.213667
  0.214348  0.215036  0.215726  0.216417  0.217105  0.217788  0.218467  0.219145
  0.219825  0.220508  0.221191  0.221875  0.222556  0.223234  0.223902  0.224557
  0.225197  0.225819  0.226424  0.227011  0.227578  0.228129  0.228663  0.229181
  0.229683  0.230168  0.230637  0.231089  0.231526  0.231946  0.232349  0.232736
  0.233107  0.233462  0.233800  0.234138  0.234496  0.234874  0.235273  0.235695
  0.236142  0.236614  0.237113  0.237640  0.238198  0.238787  0.239410  0.240069
  0.240766  0.241502
  1.000000
 -0.027265 -0.026055 -0.024970 -0.023998 -0.023126 -0.022344 -0.021643 -0.021014
 -0.020451 -0.019946 -0.019493 -0.019087 -0.018723 -0.018396 -0.018104 -0.017841
 -0.017606 -0.017395 -0.017206 -0.017037 -0.016885 -0.016505 -0.016284 -0.016085
 -0.015888 -0.015682 -0.015468 -0.015244 -0.015010 -0.014765 -0.014510 -0.014244
 -0.013966 -0.013677 -0.013375 -0.013062 -0.012737 -0.012400 -0.012051 -0.011690
 -0.011315 -0.010928 -0.010527 -0.010113 -0.009685 -0.009242 -0.008785 -0.008312
 -0.007822 -0.007313 -0.006777 -0.006218 -0.005638 -0.005041 -0.004433 -0.003820
 -0.003212 -0.002622 -0.002051 -0.001502 -0.000977 -0.000476  0.000000  0.000456
  0.000892  0.001310  0.001708  0.002085  0.002442  0.002777  0.003089  0.003376
  0.003639  0.003878  0.004096  0.004292  0.004469  0.004627  0.004770  0.004897
  0.005010  0.005109  0.005195  0.005271  0.005335  0.005390  0.005437  0.005475
  0.005506  0.005528  0.005349  0.005438  0.005533  0.005633  0.005739  0.005850
  0.005969  0.006094  0.006226  0.006365  0.006513  0.006669  0.006834  0.007008
  0.007192  0.007387
  1.000000
  0.000000  0.000000  0.000000  0.000000  0.000000  0.000000  0.000000  0.000000
  0.000000  0.000000  0.000000  0.000000  0.000000  0.000000  0.000000  0.000000
  0.000000  0.000000  0.000000  0.000000  0.000000  0.000501  0.000683  0.000807
  0.000904  0.000984  0.001053  0.001113  0.001173  0.001236  0.001302  0.001370
  0.001441  0.001514  0.001590  0.001668  0.001749  0.001832  0.001918  0.002005
  0.002095  0.002187  0.002281  0.002376  0.002473  0.002572  0.002671  0.002772
  0.002873  0.002975  0.003078  0.003181  0.003282  0.003379  0.003470  0.003554
  0.003628  0.003689  0.003738  0.003773  0.003796  0.003805  0.003802  0.003786
  0.003758  0.003716  0.003662  0.003596  0.003516  0.003425  0.003323  0.003211
  0.003090  0.002962  0.002827  0.002687  0.002542  0.002393  0.002241  0.002086
  0.001929  0.001771  0.001611  0.001452  0.001293  0.001135  0.000978  0.000824
  0.000673  0.000522  0.000000  0.000000  0.000000  0.000000  0.000000  0.000000
  0.000000  0.000000  0.000000  0.000000  0.000000  0.000000  0.000000  0.000000
  0.000000  0.000000
  1.000000
  0.693692  0.693700  0.693706  0.693712  0.693716  0.693721  0.693724  0.693727
  0.693730  0.693733  0.693735  0.693737  0.693738  0.693740  0.693741  0.693742
  0.693744  0.693745  0.693745  0.693746  0.693747  0.693748  0.693749  0.693750
  0.693752  0.693753  0.693754  0.693756  0.693758  0.693760  0.693761  0.693764
  0.693766  0.693768  0.693771  0.693774  0.693776  0.693780  0.693783  0.693787
  0.693791  0.693795  0.693800  0.693805  0.693810  0.693816  0.693822  0.693829
  0.693836  0.693844  0.693853  0.693862  0.693873  0.693884  0.693897  0.693910
  0.693924  0.693938  0.693953  0.693968  0.693983  0.693998  0.694013  0.694028
  0.694044  0.694060  0.694076  0.694092  0.694108  0.694124  0.694140  0.694155
  0.694170  0.694185  0.694200  0.694213  0.694227  0.694239  0.694252  0.694264
  0.694276  0.694287  0.694297  0.694307  0.694317  0.694326  0.694335  0.694343
  0.694351  0.694359  0.694366  0.694374  0.694383  0.694392  0.694400  0.694409
  0.694419  0.694428  0.694437  0.694446  0.694454  0.694462  0.694468  0.694472
  0.694476  0.694479
  1.000000
  0.195299  0.196197  0.197001  0.197723  0.198370  0.198950  0.199470  0.199936
  0.200354  0.200729  0.201064  0.201366  0.201636  0.201878  0.202095  0.202290
  0.202464  0.202620  0.202761  0.202886  0.202999  0.203112  0.203230  0.203353
  0.203483  0.203619  0.203762  0.203913  0.204071  0.204239  0.204415  0.204600
  0.204795  0.205001  0.205217  0.205445  0.205684  0.205935  0.206198  0.206474
  0.206764  0.207069  0.207389  0.207726  0.208079  0.208451  0.208843  0.209256
  0.209692  0.210157  0.210657  0.211192  0.211762  0.212367  0.213002  0.213666
  0.214347  0.215035  0.215726  0.216416  0.217104  0.217788  0.218467  0.219145
  0.219825  0.220508  0.221191  0.221875  0.222556  0.223234  0.223902  0.224557
  0.225197  0.225819  0.226424  0.227011  0.227578  0.228129  0.228663  0.229181
  0.229683  0.230168  0.230637  0.231090  0.231526  0.231946  0.232349  0.232737
  0.233107  0.233462  0.233800  0.234138  0.234496  0.234874  0.235273  0.235696
  0.236142  0.236614  0.237113  0.237641  0.238198  0.238787  0.239410  0.240069
  0.240765  0.241501
  1.000000
 -0.027264 -0.026054 -0.024969 -0.023996 -0.023124 -0.022342 -0.021641 -0.021013
 -0.020450 -0.019944 -0.019492 -0.019086 -0.018721 -0.018395 -0.018102 -0.017840
 -0.017605 -0.017394 -0.017205 -0.017035 -0.016883 -0.016504 -0.016283 -0.016084
 -0.015887 -0.015681 -0.015467 -0.015243 -0.015009 -0.014765 -0.014509 -0.014243
 -0.013965 -0.013676 -0.013374 -0.013061 -0.012736 -0.012399 -0.012050 -0.011689
 -0.011315 -0.010927 -0.010526 -0.010112 -0.009684 -0.009241 -0.008784 -0.008311
 -0.007822 -0.007312 -0.006777 -0.006217 -0.005637 -0.005041 -0.004433 -0.003819
 -0.003212 -0.002621 -0.002050 -0.001502 -0.000977 -0.000476  0.000000  0.000455
  0.000892  0.001310  0.001707  0.002085  0.002441  0.002777  0.003088  0.003375
  0.003638  0.003877  0.004094  0.004291  0.004467  0.004626  0.004768  0.004894
  0.005007  0.005106  0.005193  0.005268  0.005333  0.005388  0.005434  0.005472
  0.005503  0.005526  0.005346  0.005435  0.005530  0.005630  0.005735  0.005847
  0.005965  0.006090  0.006222  0.006361  0.006509  0.006665  0.006830  0.007004
  0.007188  0.007383
  1.000000
  0.000000  0.000000  0.000000  0.000000  0.000000  0.000000  0.000000  0.000000
  0.000000  0.000000  0.000000  0.000000  0.000000  0.000000  0.000000  0.000000
  0.000000  0.000000  0.000000  0.000000  0.000000  0.000501  0.000683  0.000807
  0.000903  0.000984  0.001053  0.001113  0.001173  0.001236  0.001302  0.001370
  0.001441  0.001514  0.001590  0.001668  0.001749  0.001832  0.001917  0.002005
  0.002095  0.002186  0.002280  0.002376  0.002473  0.002571  0.002671  0.002771
  0.002872  0.002974  0.003077  0.003180  0.003281  0.003378  0.003470  0.003554
  0.003627  0.003688  0.003737  0.003772  0.003795  0.003804  0.003801  0.003785
  0.003757  0.003716  0.003662  0.003595  0.003516  0.003424  0.003322  0.003211
  0.003090  0.002961  0.002826  0.002686  0.002541  0.002393  0.002240  0.002085
  0.001929  0.001770  0.001611  0.001451  0.001292  0.001135  0.000978  0.000824
  0.000673  0.000522  0.000000  0.000000  0.000000  0.000000  0.000000  0.000000
  0.000000  0.000000  0.000000  0.000000  0.000000  0.000000  0.000000  0.000000
  0.000000  0.000000
  1.000000
  0.700000  0.700000  0.700000  0.700000  0.700000  0.700000  0.700000  0.700000
  0.700000  0.700000  0.700000  0.700000  0.700000  0.700000  0.700000  0.700000
  0.700000  0.700000  0.700000  0.700000  0.700000  0.700000  0.700000  0.700000
  0.700000  0.700000  0.700000  0.700000  0.700000  0.700000  0.700000  0.700000
  0.700000  0.700000  0.700000  0.700000  0.700000  0.700000  0.700000  0.700000
  0.700000  0.700000  0.700000  0.700000  0.700000  0.700000  0.700000  0.700000
  0.700000  0.700000  0.700000  0.700000  0.700000  0.700000  0.700000  0.700000
  0.700000  0.700000  0.700000  0.700000  0.700000  0.700000  0.700000  0.700000
  0.700000  0.700000  0.700000  0.700000  0.700000  0.700000  0.700000  0.700000
  0.700000  0.700000  0.700000  0.700000  0.700000  0.700000  0.700000  0.700000
  0.700000  0.700000  0.700000  0.700000  0.700000  0.700000  0.700000  0.700000
  0.700000  0.700000  0.700000  0.700000  0.700000  0.700000  0.700000  0.700000
  0.700000  0.700000  0.700000  0.700000  0.700000  0.700000  0.700000  0.700000
  0.700000  0.700000
  1.000000
  0.195297  0.196195  0.197000  0.197722  0.198369  0.198949  0.199469  0.199935
  0.200353  0.200728  0.201064  0.201365  0.201635  0.201877  0.202095  0.202289
  0.202464  0.202620  0.202760  0.202886  0.202999  0.203112  0.203230  0.203353
  0.203483  0.203619  0.203762  0.203913  0.204071  0.204239  0.204415  0.204600
  0.204795  0.205001  0.205218  0.205445  0.205684  0.205935  0.206198  0.206474
  0.206764  0.207069  0.207390  0.207726  0.208080  0.208452  0.208843  0.209257
  0.209693  0.210157  0.210657  0.211192  0.211763  0.212367  0.213003  0.213667
  0.214348  0.215036  0.215726  0.216417  0.217105  0.217788  0.218467  0.219145
  0.219825  0.220508  0.221191  0.221875  0.222556  0.223234  0.223902  0.224557
  0.225197  0.225819  0.226424  0.227011  0.227578  0.228129  0.228663  0.229181
  0.229683  0.230168  0.230637  0.231089  0.231526  0.231946  0.232349  0.232736
  0.233107  0.233462  0.233800  0.234138  0.234496  0.234874  0.235273  0.235695
  0.236142  0.236614  0.237113  0.237640  0.238198  0.238787  0.239410  0.240069
  0.240766  0.241502
  1.000000
 -0.027273 -0.026063 -0.024977 -0.024004 -0.023132 -0.022350 -0.021649 -0.021020
 -0.020456 -0.019951 -0.019498 -0.019092 -0.018728 -0.018401 -0.018109 -0.017846
 -0.017611 -0.017400 -0.017211 -0.017041 -0.016889 -0.016509 -0.016289 -0.016090
 -0.015892 -0.015687 -0.015472 -0.015248 -0.015014 -0.014770 -0.014514 -0.014248
 -0.013970 -0.013680 -0.013379 -0.013066 -0.012741 -0.012404 -0.012054 -0.011693
 -0.011318 -0.010931 -0.010530 -0.010115 -0.009687 -0.009244 -0.008787 -0.008314
 -0.007824 -0.007314 -0.006779 -0.006219 -0.005639 -0.005042 -0.004434 -0.003820
 -0.003213 -0.002622 -0.002051 -0.001502 -0.000977 -0.000476  0.000000  0.000456
  0.000892  0.001310  0.001708  0.002085  0.002442  0.002777  0.003089  0.003376
  0.003638  0.003877  0.004095  0.004291  0.004467  0.004626  0.004768  0.004894
  0.005007  0.005106  0.005193  0.005268  0.005332  0.005387  0.005434  0.005472
  0.005503  0.005525  0.005345  0.005434  0.005529  0.005629  0.005734  0.005846
  0.005964  0.006089  0.006221  0.006360  0.006508  0.006664  0.006828  0.007003
  0.007187  0.007382
  1.000000
  0.000000  0.000000  0.000000  0.000000  0.000000  0.000000  0.000000  0.000000
  0.000000  0.000000  0.000000  0.000000  0.000000  0.000000  0.000000  0.000000
  0.000000  0.000000  0.000000  0.000000  0.000000  0.000501  0.000683  0.000807
  0.000904  0.000984  0.001053  0.001113  0.001173  0.001236  0.001302  0.001370
  0.001441  0.001514  0.001590  0.001668  0.001749  0.001832  0.001918  0.002005
  0.002095  0.002187  0.002281  0.002376  0.002473  0.002572  0.002671  0.002772
  0.002873  0.002975  0.003078  0.003181  0.003282  0.003379  0.003470  0.003554
  0.003628  0.003689  0.003738  0.003773  0.003796  0.003805  0.003802  0.003786
  0.003758  0.003716  0.003662  0.003596  0.003516  0.003425  0.003323  0.003211
  0.003090  0.002962  0.002827  0.002687  0.002542  0.002393  0.002241  0.002086
  0.001929  0.001771  0.001611  0.001452  0.001293  0.001135  0.000978  0.000824
  0.000673  0.000522  0.000000  0.000000  0.000000  0.000000  0.000000  0.000000
  0.000000  0.000000  0.000000  0.000000  0.000000  0.000000  0.000000  0.000000
  0.000000  0.000000
  1.000000
  0.706308  0.706300  0.706294  0.706289  0.706284  0.706279  0.706276  0.706273
  0.706270  0.706267  0.706265  0.706263  0.706262  0.706260  0.706259  0.706257
  0.706256  0.706255  0.706254  0.706254  0.706253  0.706252  0.706251  0.706250
  0.706248  0.706247  0.706246  0.706244  0.706242  0.706241  0.706239  0.706237
  0.706234  0.706232  0.706229  0.706226  0.706223  0.706220  0.706217  0.706213
  0.706209  0.706205  0.706200  0.706195  0.706190  0.706184  0.706178  0.706171
  0.706164  0.706156  0.706147  0.706137  0.706127  0.706116  0.706103  0.706090
  0.706076  0.706062  0.706047  0.706032  0.706017  0.706002  0.705987  0.705971
  0.705956  0.705940  0.705924  0.705908  0.705892  0.705876  0.705860  0.705844
  0.705829  0.705815  0.705800  0.705787  0.705773  0.705760  0.705748  0.705736
  0.705724  0.705713  0.705703  0.705693  0.705683  0.705674  0.705665  0.705657
  0.705649  0.705641  0.705634  0.705626  0.705617  0.705608  0.705600  0.705590
  0.705581  0.705572  0.705563  0.705554  0.705546  0.705538  0.705532  0.705528
  0.705524  0.705521
  BLADE ROW NUMBER =        7                                           
  106   21   91  203    0    0    1    1    1    1    0    0    0    0    0    0
    3600.0  288552.6  288552.6  340405.3  340405.3   0.00000    3600.0
  1.000000
  0.241498  0.242396  0.243200  0.243922  0.244569  0.245149  0.245669  0.246135
  0.246553  0.246928  0.247264  0.247565  0.247835  0.248078  0.248295  0.248489
  0.248664  0.248820  0.248960  0.249086  0.249199  0.249312  0.249430  0.249553
  0.249683  0.249819  0.249962  0.250113  0.250271  0.250438  0.250615  0.250800
  0.250995  0.251201  0.251417  0.251645  0.251884  0.252135  0.252398  0.252674
  0.252964  0.253269  0.253589  0.253926  0.254279  0.254651  0.255043  0.255456
  0.255892  0.256357  0.256857  0.257392  0.257962  0.258566  0.259202  0.259866
  0.260547  0.261235  0.261926  0.262616  0.263304  0.263988  0.264666  0.265344
  0.266025  0.266707  0.267391  0.268074  0.268756  0.269434  0.270102  0.270757
  0.271396  0.272019  0.272624  0.273210  0.273778  0.274329  0.274863  0.275381
  0.275882  0.276368  0.276837  0.277289  0.277725  0.278145  0.278549  0.278936
  0.279307  0.279662  0.280000  0.280338  0.280696  0.281074  0.281473  0.281896
  0.282342  0.282814  0.283313  0.283841  0.284398  0.284988  0.285611  0.286270
  0.286966  0.287702
  1.000000
  0.022499  0.021289  0.020204  0.019231  0.018359  0.017577  0.016876  0.016248
  0.015684  0.015179  0.014726  0.014320  0.013956  0.013630  0.013337  0.013075
  0.012839  0.012629  0.012440  0.012270  0.012118  0.012345  0.012316  0.012258
  0.012181  0.012085  0.011968  0.011828  0.011673  0.011507  0.011332  0.011147
  0.010952  0.010747  0.010530  0.010303  0.010065  0.009816  0.009556  0.009283
  0.008999  0.008702  0.008391  0.008068  0.007730  0.007378  0.007010  0.006625
  0.006223  0.005799  0.005348  0.004870  0.004368  0.003843  0.003300  0.002741
  0.002178  0.001620  0.001070  0.000529  0.000000 -0.000516 -0.001019 -0.001513
 -0.001998 -0.002476 -0.002944 -0.003403 -0.003851 -0.004287 -0.004708 -0.005112
 -0.005499 -0.005867 -0.006218 -0.006551 -0.006867 -0.007167 -0.007452 -0.007724
 -0.007982 -0.008226 -0.008459 -0.008679 -0.008887 -0.009084 -0.009270 -0.009445
 -0.009610 -0.009766 -0.010088 -0.010178 -0.010272 -0.010372 -0.010478 -0.010590
 -0.010708 -0.010833 -0.010965 -0.011104 -0.011252 -0.011408 -0.011573 -0.011747
 -0.011931 -0.012126
  1.000000
  0.000000  0.000000  0.000000  0.000000  0.000000  0.000000  0.000000  0.000000
  0.000000  0.000000  0.000000  0.000000  0.000000  0.000000  0.000000  0.000000
  0.000000  0.000000  0.000000  0.000000  0.000000  0.000727  0.000941  0.001103
  0.001248  0.001380  0.001497  0.001600  0.001695  0.001789  0.001883  0.001977
  0.002070  0.002163  0.002256  0.002349  0.002441  0.002532  0.002622  0.002712
  0.002801  0.002888  0.002974  0.003059  0.003141  0.003221  0.003299  0.003373
  0.003445  0.003513  0.003577  0.003637  0.003689  0.003734  0.003771  0.003797
  0.003810  0.003812  0.003803  0.003781  0.003750  0.003708  0.003656  0.003596
  0.003526  0.003446  0.003358  0.003263  0.003158  0.003046  0.002928  0.002805
  0.002678  0.002548  0.002416  0.002283  0.002150  0.002016  0.001881  0.001746
  0.001612  0.001479  0.001347  0.001217  0.001089  0.000963  0.000840  0.000720
  0.000604  0.000488  0.000000  0.000000  0.000000  0.000000  0.000000  0.000000
  0.000000  0.000000  0.000000  0.000000  0.000000  0.000000  0.000000  0.000000
  0.000000  0.000000
  1.000000
  0.694479  0.694481  0.694483  0.694484  0.694486  0.694489  0.694491  0.694493
  0.694495  0.694497  0.694499  0.694500  0.694502  0.694503  0.694504  0.694505
  0.694506  0.694507  0.694508  0.694508  0.694509  0.694510  0.694511  0.694512
  0.694513  0.694515  0.694516  0.694518  0.694519  0.694521  0.694523  0.694525
  0.694527  0.694529  0.694532  0.694535  0.694537  0.694540  0.694544  0.694547
  0.694551  0.694555  0.694560  0.694565  0.694570  0.694575  0.694581  0.694588
  0.694594  0.694602  0.694610  0.694619  0.694629  0.694640  0.694651  0.694663
  0.694676  0.694689  0.694702  0.694715  0.694728  0.694741  0.694754  0.694767
  0.694781  0.694793  0.694806  0.694819  0.694832  0.694844  0.694856  0.694868
  0.694879  0.694889  0.694899  0.694908  0.694918  0.694926  0.694933  0.694941
  0.694948  0.694954  0.694960  0.694965  0.694970  0.694974  0.694979  0.694983
  0.694986  0.694989  0.694992  0.694994  0.694996  0.694998  0.695000  0.695002
  0.695005  0.695007  0.695009  0.695012  0.695014  0.695017  0.695020  0.695023
  0.695026  0.695029
  1.000000
  0.241499  0.242396  0.243201  0.243923  0.244570  0.245150  0.245670  0.246136
  0.246554  0.246928  0.247264  0.247566  0.247836  0.248078  0.248295  0.248489
  0.248664  0.248820  0.248961  0.249086  0.249199  0.249312  0.249430  0.249553
  0.249683  0.249819  0.249962  0.250113  0.250271  0.250439  0.250615  0.250800
  0.250995  0.251201  0.251417  0.251645  0.251884  0.252135  0.252398  0.252674
  0.252964  0.253269  0.253589  0.253926  0.254279  0.254651  0.255043  0.255456
  0.255892  0.256357  0.256857  0.257392  0.257962  0.258566  0.259202  0.259866
  0.260547  0.261235  0.261926  0.262616  0.263304  0.263988  0.264666  0.265345
  0.266025  0.266708  0.267391  0.268074  0.268756  0.269434  0.270102  0.270757
  0.271397  0.272019  0.272624  0.273211  0.273778  0.274329  0.274863  0.275381
  0.275883  0.276368  0.276837  0.277290  0.277726  0.278146  0.278549  0.278937
  0.279307  0.279662  0.280000  0.280338  0.280696  0.281074  0.281473  0.281896
  0.282342  0.282814  0.283313  0.283840  0.284398  0.284987  0.285610  0.286269
  0.286965  0.287701
  1.000000
  0.022498  0.021288  0.020204  0.019231  0.018359  0.017577  0.016876  0.016248
  0.015684  0.015179  0.014726  0.014320  0.013956  0.013630  0.013337  0.013075
  0.012840  0.012629  0.012440  0.012270  0.012118  0.012346  0.012317  0.012258
  0.012181  0.012085  0.011968  0.011828  0.011673  0.011507  0.011332  0.011147
  0.010952  0.010747  0.010530  0.010303  0.010065  0.009816  0.009555  0.009283
  0.008999  0.008702  0.008391  0.008068  0.007730  0.007377  0.007009  0.006625
  0.006222  0.005798  0.005347  0.004870  0.004368  0.003843  0.003299  0.002741
  0.002178  0.001620  0.001070  0.000529  0.000000 -0.000516 -0.001019 -0.001512
 -0.001998 -0.002475 -0.002944 -0.003402 -0.003850 -0.004286 -0.004707 -0.005111
 -0.005498 -0.005866 -0.006216 -0.006549 -0.006865 -0.007165 -0.007450 -0.007722
 -0.007979 -0.008224 -0.008456 -0.008676 -0.008884 -0.009081 -0.009267 -0.009442
 -0.009607 -0.009763 -0.010085 -0.010174 -0.010269 -0.010369 -0.010475 -0.010586
 -0.010705 -0.010829 -0.010961 -0.011101 -0.011248 -0.011404 -0.011569 -0.011743
 -0.011927 -0.012122
  1.000000
  0.000000  0.000000  0.000000  0.000000  0.000000  0.000000  0.000000  0.000000
  0.000000  0.000000  0.000000  0.000000  0.000000  0.000000  0.000000  0.000000
  0.000000  0.000000  0.000000  0.000000  0.000000  0.000727  0.000940  0.001102
  0.001248  0.001380  0.001497  0.001600  0.001695  0.001789  0.001883  0.001976
  0.002070  0.002163  0.002256  0.002348  0.002440  0.002532  0.002622  0.002712
  0.002800  0.002888  0.002974  0.003058  0.003141  0.003221  0.003298  0.003373
  0.003444  0.003512  0.003577  0.003636  0.003689  0.003734  0.003771  0.003796
  0.003810  0.003812  0.003802  0.003781  0.003749  0.003707  0.003656  0.003595
  0.003525  0.003446  0.003358  0.003262  0.003158  0.003046  0.002928  0.002805
  0.002678  0.002548  0.002416  0.002283  0.002149  0.002015  0.001880  0.001746
  0.001612  0.001479  0.001347  0.001217  0.001089  0.000963  0.000840  0.000720
  0.000604  0.000488  0.000000  0.000000  0.000000  0.000000  0.000000  0.000000
  0.000000  0.000000  0.000000  0.000000  0.000000  0.000000  0.000000  0.000000
  0.000000  0.000000
  1.000000
  0.700000  0.700000  0.700000  0.700000  0.700000  0.700000  0.700000  0.700000
  0.700000  0.700000  0.700000  0.700000  0.700000  0.700000  0.700000  0.700000
  0.700000  0.700000  0.700000  0.700000  0.700000  0.700000  0.700000  0.700000
  0.700000  0.700000  0.700000  0.700000  0.700000  0.700000  0.700000  0.700000
  0.700000  0.700000  0.700000  0.700000  0.700000  0.700000  0.700000  0.700000
  0.700000  0.700000  0.700000  0.700000  0.700000  0.700000  0.700000  0.700000
  0.700000  0.700000  0.700000  0.700000  0.700000  0.700000  0.700000  0.700000
  0.700000  0.700000  0.700000  0.700000  0.700000  0.700000  0.700000  0.700000
  0.700000  0.700000  0.700000  0.700000  0.700000  0.700000  0.700000  0.700000
  0.700000  0.700000  0.700000  0.700000  0.700000  0.700000  0.700000  0.700000
  0.700000  0.700000  0.700000  0.700000  0.700000  0.700000  0.700000  0.700000
  0.700000  0.700000  0.700000  0.700000  0.700000  0.700000  0.700000  0.700000
  0.700000  0.700000  0.700000  0.700000  0.700000  0.700000  0.700000  0.700000
  0.700000  0.700000
  1.000000
  0.241498  0.242396  0.243200  0.243922  0.244569  0.245149  0.245669  0.246135
  0.246553  0.246928  0.247264  0.247565  0.247835  0.248078  0.248295  0.248489
  0.248664  0.248820  0.248960  0.249086  0.249199  0.249312  0.249430  0.249553
  0.249683  0.249819  0.249962  0.250113  0.250271  0.250438  0.250615  0.250800
  0.250995  0.251201  0.251417  0.251645  0.251884  0.252135  0.252398  0.252674
  0.252964  0.253269  0.253589  0.253926  0.254279  0.254651  0.255043  0.255456
  0.255892  0.256357  0.256857  0.257392  0.257962  0.258566  0.259202  0.259866
  0.260547  0.261235  0.261926  0.262616  0.263304  0.263988  0.264666  0.265344
  0.266025  0.266707  0.267391  0.268074  0.268756  0.269434  0.270102  0.270757
  0.271396  0.272019  0.272624  0.273210  0.273778  0.274329  0.274863  0.275381
  0.275882  0.276368  0.276837  0.277289  0.277725  0.278145  0.278549  0.278936
  0.279307  0.279662  0.280000  0.280338  0.280696  0.281074  0.281473  0.281896
  0.282342  0.282814  0.283313  0.283841  0.284398  0.284988  0.285611  0.286270
  0.286966  0.287702
  1.000000
  0.022504  0.021293  0.020208  0.019235  0.018363  0.017581  0.016880  0.016252
  0.015688  0.015183  0.014730  0.014324  0.013960  0.013633  0.013341  0.013078
  0.012843  0.012632  0.012443  0.012273  0.012121  0.012349  0.012320  0.012261
  0.012184  0.012088  0.011971  0.011831  0.011676  0.011510  0.011335  0.011150
  0.010955  0.010749  0.010533  0.010305  0.010067  0.009818  0.009558  0.009285
  0.009001  0.008704  0.008393  0.008069  0.007732  0.007379  0.007011  0.006626
  0.006224  0.005800  0.005349  0.004871  0.004369  0.003844  0.003300  0.002742
  0.002179  0.001620  0.001070  0.000529  0.000000 -0.000516 -0.001019 -0.001513
 -0.001998 -0.002475 -0.002944 -0.003403 -0.003850 -0.004286 -0.004708 -0.005111
 -0.005498 -0.005866 -0.006216 -0.006549 -0.006865 -0.007164 -0.007450 -0.007721
 -0.007979 -0.008224 -0.008456 -0.008676 -0.008884 -0.009081 -0.009266 -0.009442
 -0.009607 -0.009762 -0.010084 -0.010174 -0.010268 -0.010368 -0.010474 -0.010586
 -0.010704 -0.010829 -0.010961 -0.011100 -0.011248 -0.011403 -0.011568 -0.011742
 -0.011927 -0.012121
  1.000000
  0.000000  0.000000  0.000000  0.000000  0.000000  0.000000  0.000000  0.000000
  0.000000  0.000000  0.000000  0.000000  0.000000  0.000000  0.000000  0.000000
  0.000000  0.000000  0.000000  0.000000  0.000000  0.000727  0.000941  0.001103
  0.001248  0.001380  0.001497  0.001600  0.001695  0.001789  0.001883  0.001977
  0.002070  0.002163  0.002256  0.002349  0.002441  0.002532  0.002622  0.002712
  0.002801  0.002888  0.002974  0.003059  0.003141  0.003221  0.003299  0.003373
  0.003445  0.003513  0.003577  0.003637  0.003689  0.003734  0.003771  0.003797
  0.003810  0.003812  0.003803  0.003781  0.003750  0.003708  0.003656  0.003596
  0.003526  0.003446  0.003358  0.003263  0.003158  0.003046  0.002928  0.002805
  0.002678  0.002548  0.002416  0.002283  0.002150  0.002016  0.001881  0.001746
  0.001612  0.001479  0.001347  0.001217  0.001089  0.000963  0.000840  0.000720
  0.000604  0.000488  0.000000  0.000000  0.000000  0.000000  0.000000  0.000000
  0.000000  0.000000  0.000000  0.000000  0.000000  0.000000  0.000000  0.000000
  0.000000  0.000000
  1.000000
  0.705521  0.705519  0.705517  0.705516  0.705514  0.705511  0.705509  0.705507
  0.705505  0.705503  0.705501  0.705500  0.705498  0.705497  0.705496  0.705495
  0.705494  0.705493  0.705492  0.705492  0.705491  0.705490  0.705489  0.705488
  0.705487  0.705485  0.705484  0.705482  0.705481  0.705479  0.705477  0.705475
  0.705473  0.705471  0.705468  0.705466  0.705463  0.705459  0.705456  0.705453
  0.705449  0.705445  0.705440  0.705436  0.705430  0.705425  0.705419  0.705413
  0.705405  0.705398  0.705390  0.705381  0.705371  0.705361  0.705349  0.705337
  0.705324  0.705311  0.705298  0.705285  0.705272  0.705259  0.705246  0.705233
  0.705220  0.705206  0.705193  0.705181  0.705168  0.705156  0.705144  0.705132
  0.705121  0.705111  0.705101  0.705091  0.705083  0.705074  0.705067  0.705059
  0.705053  0.705046  0.705040  0.705035  0.705030  0.705025  0.705021  0.705017
  0.705014  0.705011  0.705008  0.705006  0.705004  0.705002  0.705000  0.704998
  0.704995  0.704993  0.704991  0.704988  0.704985  0.704983  0.704980  0.704977
  0.704973  0.704970
  BLADE ROW NUMBER =        8                                           
  106   21   91  203    0    0    1    1    1    1    0    0    0    0    0    0
       0.0  340405.3  340405.3  397855.8  397855.8   0.00000       0.0
  1.000000
  0.279999  0.280897  0.281702  0.282423  0.283070  0.283650  0.284170  0.284636
  0.285054  0.285429  0.285765  0.286066  0.286336  0.286579  0.286796  0.286990
  0.287165  0.287321  0.287462  0.287587  0.287700  0.287813  0.287931  0.288054
  0.288184  0.288320  0.288463  0.288614  0.288772  0.288939  0.289115  0.289301
  0.289496  0.289702  0.289918  0.290146  0.290385  0.290636  0.290899  0.291175
  0.291465  0.291770  0.292090  0.292427  0.292780  0.293152  0.293544  0.293957
  0.294393  0.294858  0.295358  0.295893  0.296463  0.297067  0.297703  0.298367
  0.299048  0.299736  0.300427  0.301117  0.301805  0.302489  0.303167  0.303845
  0.304526  0.305208  0.305892  0.306575  0.307257  0.307935  0.308603  0.309257
  0.309897  0.310520  0.311125  0.311711  0.312279  0.312829  0.313363  0.313881
  0.314383  0.314868  0.315337  0.315789  0.316226  0.316646  0.317049  0.317436
  0.317807  0.318162  0.318500  0.318838  0.319196  0.319574  0.319973  0.320395
  0.320842  0.321314  0.321813  0.322340  0.322898  0.323487  0.324110  0.324769
  0.325465  0.326201
  1.000000
 -0.027263 -0.026053 -0.024968 -0.023996 -0.023124 -0.022342 -0.021641 -0.021012
 -0.020449 -0.019944 -0.019491 -0.019085 -0.018721 -0.018395 -0.018102 -0.017840
 -0.017604 -0.017394 -0.017205 -0.017035 -0.016883 -0.016503 -0.016283 -0.016084
 -0.015886 -0.015681 -0.015467 -0.015243 -0.015009 -0.014764 -0.014509 -0.014243
 -0.013965 -0.013675 -0.013374 -0.013061 -0.012736 -0.012399 -0.012050 -0.011689
 -0.011314 -0.010927 -0.010526 -0.010112 -0.009684 -0.009241 -0.008784 -0.008311
 -0.007822 -0.007312 -0.006777 -0.006217 -0.005637 -0.005041 -0.004433 -0.003819
 -0.003212 -0.002621 -0.002050 -0.001502 -0.000977 -0.000476  0.000000  0.000456
  0.000892  0.001310  0.001708  0.002085  0.002442  0.002777  0.003089  0.003376
  0.003638  0.003878  0.004095  0.004291  0.004468  0.004627  0.004769  0.004896
  0.005009  0.005108  0.005194  0.005269  0.005334  0.005389  0.005436  0.005474
  0.005505  0.005527  0.005347  0.005437  0.005531  0.005632  0.005737  0.005849
  0.005967  0.006092  0.006224  0.006364  0.006511  0.006667  0.006832  0.007006
  0.007191  0.007385
  1.000000
  0.000000  0.000000  0.000000  0.000000  0.000000  0.000000  0.000000  0.000000
  0.000000  0.000000  0.000000  0.000000  0.000000  0.000000  0.000000  0.000000
  0.000000  0.000000  0.000000  0.000000  0.000000  0.000501  0.000683  0.000807
  0.000903  0.000984  0.001053  0.001113  0.001173  0.001236  0.001302  0.001370
  0.001441  0.001514  0.001590  0.001668  0.001749  0.001832  0.001917  0.002005
  0.002095  0.002187  0.002280  0.002376  0.002473  0.002571  0.002671  0.002771
  0.002873  0.002974  0.003077  0.003180  0.003281  0.003378  0.003470  0.003554
  0.003627  0.003689  0.003737  0.003773  0.003795  0.003805  0.003801  0.003786
  0.003757  0.003716  0.003662  0.003595  0.003516  0.003424  0.003323  0.003211
  0.003090  0.002962  0.002827  0.002686  0.002542  0.002393  0.002241  0.002085
  0.001929  0.001770  0.001611  0.001452  0.001293  0.001135  0.000978  0.000824
  0.000673  0.000522  0.000000  0.000000  0.000000  0.000000  0.000000  0.000000
  0.000000  0.000000  0.000000  0.000000  0.000000  0.000000  0.000000  0.000000
  0.000000  0.000000
  1.000000
  0.694992  0.694997  0.695001  0.695005  0.695008  0.695011  0.695013  0.695016
  0.695018  0.695019  0.695021  0.695022  0.695023  0.695024  0.695025  0.695026
  0.695027  0.695027  0.695028  0.695029  0.695029  0.695030  0.695031  0.695031
  0.695032  0.695033  0.695034  0.695035  0.695036  0.695038  0.695039  0.695040
  0.695042  0.695044  0.695045  0.695047  0.695049  0.695052  0.695054  0.695057
  0.695059  0.695062  0.695066  0.695069  0.695073  0.695077  0.695081  0.695086
  0.695091  0.695097  0.695103  0.695110  0.695117  0.695125  0.695134  0.695143
  0.695153  0.695163  0.695173  0.695184  0.695195  0.695205  0.695216  0.695227
  0.695238  0.695249  0.695261  0.695273  0.695284  0.695296  0.695307  0.695318
  0.695329  0.695340  0.695350  0.695360  0.695370  0.695380  0.695388  0.695397
  0.695406  0.695414  0.695422  0.695429  0.695437  0.695443  0.695450  0.695456
  0.695462  0.695468  0.695473  0.695479  0.695486  0.695493  0.695499  0.695506
  0.695513  0.695520  0.695527  0.695534  0.695540  0.695547  0.695551  0.695555
  0.695557  0.695560
  1.000000
  0.280000  0.280898  0.281703  0.282424  0.283071  0.283651  0.284171  0.284637
  0.285055  0.285430  0.285766  0.286067  0.286337  0.286579  0.286796  0.286991
  0.287165  0.287322  0.287462  0.287587  0.287700  0.287813  0.287931  0.288054
  0.288184  0.288320  0.288463  0.288614  0.288773  0.288940  0.289116  0.289301
  0.289496  0.289702  0.289918  0.290146  0.290385  0.290636  0.290899  0.291175
  0.291465  0.291770  0.292090  0.292427  0.292780  0.293152  0.293544  0.293957
  0.294393  0.294858  0.295357  0.295893  0.296463  0.297067  0.297703  0.298367
  0.299048  0.299736  0.300426  0.301117  0.301805  0.302488  0.303167  0.303845
  0.304526  0.305208  0.305892  0.306575  0.307257  0.307934  0.308603  0.309257
  0.309897  0.310520  0.311125  0.311711  0.312279  0.312829  0.313363  0.313881
  0.314383  0.314868  0.315337  0.315790  0.316226  0.316646  0.317049  0.317437
  0.317807  0.318162  0.318500  0.318838  0.319196  0.319574  0.319973  0.320396
  0.320842  0.321314  0.321813  0.322340  0.322898  0.323487  0.324110  0.324769
  0.325465  0.326201
  1.000000
 -0.027263 -0.026053 -0.024968 -0.023995 -0.023123 -0.022342 -0.021641 -0.021012
 -0.020449 -0.019944 -0.019491 -0.019085 -0.018721 -0.018395 -0.018102 -0.017840
 -0.017604 -0.017393 -0.017204 -0.017035 -0.016883 -0.016503 -0.016283 -0.016084
 -0.015886 -0.015681 -0.015466 -0.015242 -0.015009 -0.014764 -0.014509 -0.014242
 -0.013965 -0.013675 -0.013374 -0.013061 -0.012736 -0.012399 -0.012050 -0.011688
 -0.011314 -0.010927 -0.010526 -0.010112 -0.009684 -0.009241 -0.008784 -0.008311
 -0.007821 -0.007312 -0.006776 -0.006217 -0.005637 -0.005041 -0.004433 -0.003819
 -0.003212 -0.002621 -0.002050 -0.001502 -0.000977 -0.000476  0.000000  0.000455
  0.000892  0.001310  0.001707  0.002085  0.002441  0.002776  0.003088  0.003375
  0.003638  0.003877  0.004094  0.004290  0.004467  0.004625  0.004768  0.004894
  0.005007  0.005106  0.005193  0.005268  0.005333  0.005388  0.005434  0.005472
  0.005503  0.005525  0.005346  0.005435  0.005529  0.005629  0.005735  0.005847
  0.005965  0.006090  0.006222  0.006361  0.006509  0.006665  0.006829  0.007004
  0.007188  0.007383
  1.000000
  0.000000  0.000000  0.000000  0.000000  0.000000  0.000000  0.000000  0.000000
  0.000000  0.000000  0.000000  0.000000  0.000000  0.000000  0.000000  0.000000
  0.000000  0.000000  0.000000  0.000000  0.000000  0.000501  0.000683  0.000807
  0.000903  0.000984  0.001053  0.001113  0.001173  0.001236  0.001302  0.001370
  0.001440  0.001514  0.001590  0.001668  0.001748  0.001832  0.001917  0.002005
  0.002095  0.002186  0.002280  0.002376  0.002473  0.002571  0.002671  0.002771
  0.002872  0.002974  0.003077  0.003180  0.003281  0.003378  0.003470  0.003553
  0.003627  0.003688  0.003737  0.003772  0.003795  0.003804  0.003801  0.003785
  0.003757  0.003716  0.003662  0.003595  0.003515  0.003424  0.003322  0.003211
  0.003090  0.002961  0.002826  0.002686  0.002541  0.002393  0.002240  0.002085
  0.001929  0.001770  0.001611  0.001451  0.001292  0.001135  0.000978  0.000824
  0.000673  0.000522  0.000000  0.000000  0.000000  0.000000  0.000000  0.000000
  0.000000  0.000000  0.000000  0.000000  0.000000  0.000000  0.000000  0.000000
  0.000000  0.000000
  1.000000
  0.700000  0.700000  0.700000  0.700000  0.700000  0.700000  0.700000  0.700000
  0.700000  0.700000  0.700000  0.700000  0.700000  0.700000  0.700000  0.700000
  0.700000  0.700000  0.700000  0.700000  0.700000  0.700000  0.700000  0.700000
  0.700000  0.700000  0.700000  0.700000  0.700000  0.700000  0.700000  0.700000
  0.700000  0.700000  0.700000  0.700000  0.700000  0.700000  0.700000  0.700000
  0.700000  0.700000  0.700000  0.700000  0.700000  0.700000  0.700000  0.700000
  0.700000  0.700000  0.700000  0.700000  0.700000  0.700000  0.700000  0.700000
  0.700000  0.700000  0.700000  0.700000  0.700000  0.700000  0.700000  0.700000
  0.700000  0.700000  0.700000  0.700000  0.700000  0.700000  0.700000  0.700000
  0.700000  0.700000  0.700000  0.700000  0.700000  0.700000  0.700000  0.700000
  0.700000  0.700000  0.700000  0.700000  0.700000  0.700000  0.700000  0.700000
  0.700000  0.700000  0.700000  0.700000  0.700000  0.700000  0.700000  0.700000
  0.700000  0.700000  0.700000  0.700000  0.700000  0.700000  0.700000  0.700000
  0.700000  0.700000
  1.000000
  0.279999  0.280897  0.281702  0.282423  0.283070  0.283650  0.284170  0.284636
  0.285054  0.285429  0.285765  0.286066  0.286336  0.286579  0.286796  0.286990
  0.287165  0.287321  0.287462  0.287587  0.287700  0.287813  0.287931  0.288054
  0.288184  0.288320  0.288463  0.288614  0.288772  0.288939  0.289115  0.289301
  0.289496  0.289702  0.289918  0.290146  0.290385  0.290636  0.290899  0.291175
  0.291465  0.291770  0.292090  0.292427  0.292780  0.293152  0.293544  0.293957
  0.294393  0.294858  0.295358  0.295893  0.296463  0.297067  0.297703  0.298367
  0.299048  0.299736  0.300427  0.301117  0.301805  0.302489  0.303167  0.303845
  0.304526  0.305208  0.305892  0.306575  0.307257  0.307935  0.308603  0.309257
  0.309897  0.310520  0.311125  0.311711  0.312279  0.312829  0.313363  0.313881
  0.314383  0.314868  0.315337  0.315789  0.316226  0.316646  0.317049  0.317436
  0.317807  0.318162  0.318500  0.318838  0.319196  0.319574  0.319973  0.320395
  0.320842  0.321314  0.321813  0.322340  0.322898  0.323487  0.324110  0.324769
  0.325465  0.326201
  1.000000
 -0.027268 -0.026058 -0.024973 -0.024000 -0.023128 -0.022346 -0.021645 -0.021017
 -0.020453 -0.019948 -0.019495 -0.019089 -0.018725 -0.018398 -0.018106 -0.017843
 -0.017608 -0.017397 -0.017208 -0.017038 -0.016886 -0.016506 -0.016286 -0.016087
 -0.015889 -0.015684 -0.015470 -0.015246 -0.015012 -0.014767 -0.014512 -0.014245
 -0.013968 -0.013678 -0.013377 -0.013064 -0.012738 -0.012402 -0.012052 -0.011691
 -0.011316 -0.010929 -0.010528 -0.010114 -0.009685 -0.009243 -0.008785 -0.008312
 -0.007823 -0.007313 -0.006778 -0.006218 -0.005638 -0.005041 -0.004433 -0.003820
 -0.003212 -0.002621 -0.002051 -0.001502 -0.000977 -0.000476  0.000000  0.000456
  0.000892  0.001310  0.001708  0.002085  0.002442  0.002777  0.003088  0.003375
  0.003638  0.003877  0.004094  0.004290  0.004467  0.004625  0.004767  0.004894
  0.005007  0.005106  0.005192  0.005268  0.005332  0.005387  0.005433  0.005472
  0.005503  0.005525  0.005345  0.005434  0.005529  0.005629  0.005734  0.005846
  0.005964  0.006089  0.006221  0.006360  0.006508  0.006663  0.006828  0.007002
  0.007187  0.007381
  1.000000
  0.000000  0.000000  0.000000  0.000000  0.000000  0.000000  0.000000  0.000000
  0.000000  0.000000  0.000000  0.000000  0.000000  0.000000  0.000000  0.000000
  0.000000  0.000000  0.000000  0.000000  0.000000  0.000501  0.000683  0.000807
  0.000903  0.000984  0.001053  0.001113  0.001173  0.001236  0.001302  0.001370
  0.001441  0.001514  0.001590  0.001668  0.001749  0.001832  0.001917  0.002005
  0.002095  0.002187  0.002280  0.002376  0.002473  0.002571  0.002671  0.002771
  0.002873  0.002974  0.003077  0.003180  0.003281  0.003378  0.003470  0.003554
  0.003627  0.003689  0.003737  0.003773  0.003795  0.003805  0.003801  0.003786
  0.003757  0.003716  0.003662  0.003595  0.003516  0.003424  0.003323  0.003211
  0.003090  0.002962  0.002827  0.002686  0.002542  0.002393  0.002241  0.002085
  0.001929  0.001770  0.001611  0.001452  0.001293  0.001135  0.000978  0.000824
  0.000673  0.000522  0.000000  0.000000  0.000000  0.000000  0.000000  0.000000
  0.000000  0.000000  0.000000  0.000000  0.000000  0.000000  0.000000  0.000000
  0.000000  0.000000
  1.000000
  0.705008  0.705003  0.704999  0.704995  0.704992  0.704989  0.704986  0.704984
  0.704982  0.704981  0.704979  0.704978  0.704976  0.704975  0.704974  0.704973
  0.704973  0.704972  0.704971  0.704971  0.704970  0.704969  0.704969  0.704968
  0.704967  0.704966  0.704965  0.704964  0.704962  0.704961  0.704960  0.704958
  0.704957  0.704955  0.704953  0.704951  0.704949  0.704947  0.704944  0.704942
  0.704939  0.704936  0.704933  0.704929  0.704926  0.704922  0.704917  0.704912
  0.704907  0.704902  0.704896  0.704889  0.704881  0.704873  0.704865  0.704855
  0.704846  0.704835  0.704825  0.704815  0.704804  0.704793  0.704782  0.704772
  0.704760  0.704749  0.704738  0.704727  0.704715  0.704703  0.704692  0.704681
  0.704670  0.704659  0.704649  0.704639  0.704630  0.704620  0.704611  0.704602
  0.704594  0.704586  0.704578  0.704571  0.704564  0.704557  0.704550  0.704544
  0.704538  0.704532  0.704527  0.704521  0.704514  0.704508  0.704501  0.704494
  0.704487  0.704480  0.704473  0.704466  0.704460  0.704453  0.704449  0.704445
  0.704443  0.704440
  BLADE ROW NUMBER =        9                                           
  106   21   91  204    0    0    1    1    1    1    0    0    0    0    0    0
    3600.0  397855.8  397855.8  461901.4  461901.4   0.00000    3600.0
  1.000000
  0.326200  0.327097  0.327902  0.328624  0.329270  0.329850  0.330370  0.330837
  0.331255  0.331629  0.331965  0.332266  0.332537  0.332779  0.332996  0.333190
  0.333365  0.333521  0.333662  0.333787  0.333900  0.334013  0.334131  0.334254
  0.334384  0.334520  0.334663  0.334814  0.334972  0.335139  0.335315  0.335501
  0.335696  0.335902  0.336118  0.336346  0.336585  0.336836  0.337099  0.337375
  0.337665  0.337970  0.338290  0.338627  0.338980  0.339352  0.339744  0.340157
  0.340593  0.341058  0.341557  0.342093  0.342663  0.343267  0.343903  0.344567
  0.345248  0.345936  0.346626  0.347317  0.348005  0.348688  0.349367  0.350045
  0.350725  0.351408  0.352091  0.352775  0.353456  0.354134  0.354802  0.355457
  0.356097  0.356719  0.357324  0.357911  0.358478  0.359029  0.359563  0.360081
  0.360583  0.361068  0.361537  0.361989  0.362426  0.362846  0.363249  0.363636
  0.364007  0.364362  0.364700  0.365038  0.365396  0.365774  0.366173  0.366596
  0.367042  0.367514  0.368013  0.368540  0.369098  0.369687  0.370310  0.370969
  0.371665  0.372401
  1.000000
  0.022497  0.021287  0.020203  0.019230  0.018358  0.017576  0.016875  0.016247
  0.015683  0.015178  0.014725  0.014319  0.013955  0.013629  0.013336  0.013074
  0.012839  0.012628  0.012439  0.012269  0.012117  0.012345  0.012316  0.012258
  0.012180  0.012084  0.011967  0.011827  0.011672  0.011507  0.011332  0.011147
  0.010952  0.010746  0.010530  0.010302  0.010064  0.009815  0.009555  0.009283
  0.008998  0.008701  0.008391  0.008067  0.007730  0.007377  0.007009  0.006624
  0.006222  0.005798  0.005347  0.004870  0.004368  0.003843  0.003299  0.002741
  0.002178  0.001620  0.001070  0.000529  0.000000 -0.000516 -0.001019 -0.001513
 -0.001998 -0.002475 -0.002944 -0.003403 -0.003850 -0.004287 -0.004708 -0.005112
 -0.005498 -0.005867 -0.006217 -0.006550 -0.006866 -0.007166 -0.007451 -0.007723
 -0.007981 -0.008225 -0.008457 -0.008677 -0.008886 -0.009082 -0.009268 -0.009444
 -0.009609 -0.009764 -0.010087 -0.010176 -0.010271 -0.010371 -0.010476 -0.010588
 -0.010706 -0.010831 -0.010963 -0.011103 -0.011250 -0.011406 -0.011571 -0.011745
 -0.011930 -0.012124
  1.000000
  0.000000  0.000000  0.000000  0.000000  0.000000  0.000000  0.000000  0.000000
  0.000000  0.000000  0.000000  0.000000  0.000000  0.000000  0.000000  0.000000
  0.000000  0.000000  0.000000  0.000000  0.000000  0.000727  0.000941  0.001102
  0.001248  0.001380  0.001497  0.001600  0.001695  0.001789  0.001883  0.001976
  0.002070  0.002163  0.002256  0.002348  0.002440  0.002532  0.002622  0.002712
  0.002801  0.002888  0.002974  0.003058  0.003141  0.003221  0.003298  0.003373
  0.003445  0.003512  0.003577  0.003636  0.003689  0.003734  0.003771  0.003796
  0.003810  0.003812  0.003802  0.003781  0.003749  0.003707  0.003656  0.003595
  0.003525  0.003446  0.003358  0.003262  0.003158  0.003046  0.002928  0.002805
  0.002678  0.002548  0.002416  0.002283  0.002150  0.002015  0.001880  0.001746
  0.001612  0.001479  0.001347  0.001217  0.001089  0.000963  0.000840  0.000720
  0.000604  0.000488  0.000000  0.000000  0.000000  0.000000  0.000000  0.000000
  0.000000  0.000000  0.000000  0.000000  0.000000  0.000000  0.000000  0.000000
  0.000000  0.000000
  1.000000
  0.695560  0.695562  0.695563  0.695564  0.695566  0.695567  0.695569  0.695571
  0.695572  0.695574  0.695575  0.695576  0.695577  0.695578  0.695578  0.695579
  0.695580  0.695581  0.695581  0.695582  0.695582  0.695583  0.695584  0.695584
  0.695585  0.695586  0.695587  0.695588  0.695589  0.695591  0.695592  0.695593
  0.695595  0.695597  0.695598  0.695601  0.695603  0.695605  0.695607  0.695610
  0.695612  0.695615  0.695619  0.695622  0.695626  0.695630  0.695634  0.695639
  0.695644  0.695649  0.695655  0.695662  0.695669  0.695676  0.695685  0.695694
  0.695703  0.695712  0.695722  0.695731  0.695741  0.695750  0.695759  0.695769
  0.695779  0.695788  0.695797  0.695807  0.695816  0.695825  0.695833  0.695842
  0.695850  0.695857  0.695864  0.695871  0.695877  0.695884  0.695889  0.695894
  0.695899  0.695903  0.695908  0.695912  0.695915  0.695919  0.695922  0.695924
  0.695927  0.695929  0.695931  0.695932  0.695934  0.695935  0.695937  0.695938
  0.695940  0.695942  0.695943  0.695945  0.695947  0.695949  0.695951  0.695953
  0.695956  0.695958
  1.000000
  0.326200  0.327097  0.327902  0.328624  0.329271  0.329850  0.330370  0.330837
  0.331255  0.331629  0.331965  0.332266  0.332536  0.332779  0.332996  0.333190
  0.333365  0.333521  0.333661  0.333787  0.333900  0.334013  0.334131  0.334254
  0.334384  0.334520  0.334663  0.334814  0.334972  0.335139  0.335315  0.335501
  0.335696  0.335902  0.336118  0.336346  0.336585  0.336835  0.337098  0.337375
  0.337665  0.337970  0.338290  0.338626  0.338980  0.339352  0.339744  0.340157
  0.340593  0.341057  0.341557  0.342092  0.342663  0.343267  0.343903  0.344566
  0.345248  0.345936  0.346626  0.347317  0.348004  0.348688  0.349367  0.350045
  0.350725  0.351408  0.352091  0.352775  0.353456  0.354134  0.354802  0.355457
  0.356097  0.356719  0.357324  0.357911  0.358478  0.359029  0.359563  0.360081
  0.360583  0.361068  0.361537  0.361989  0.362426  0.362845  0.363249  0.363636
  0.364007  0.364362  0.364700  0.365038  0.365396  0.365774  0.366173  0.366595
  0.367042  0.367514  0.368013  0.368540  0.369098  0.369687  0.370310  0.370969
  0.371665  0.372401
  1.000000
  0.022498  0.021288  0.020203  0.019230  0.018358  0.017577  0.016876  0.016247
  0.015684  0.015179  0.014726  0.014320  0.013956  0.013629  0.013337  0.013074
  0.012839  0.012628  0.012439  0.012270  0.012118  0.012345  0.012316  0.012258
  0.012181  0.012085  0.011967  0.011828  0.011672  0.011507  0.011332  0.011147
  0.010952  0.010746  0.010530  0.010303  0.010065  0.009816  0.009555  0.009283
  0.008999  0.008701  0.008391  0.008067  0.007730  0.007377  0.007009  0.006624
  0.006222  0.005798  0.005347  0.004870  0.004368  0.003843  0.003299  0.002741
  0.002178  0.001620  0.001070  0.000529  0.000000 -0.000516 -0.001019 -0.001512
 -0.001998 -0.002475 -0.002944 -0.003402 -0.003850 -0.004286 -0.004707 -0.005111
 -0.005497 -0.005866 -0.006216 -0.006549 -0.006865 -0.007164 -0.007450 -0.007721
 -0.007979 -0.008224 -0.008456 -0.008676 -0.008884 -0.009081 -0.009267 -0.009442
 -0.009607 -0.009762 -0.010085 -0.010174 -0.010269 -0.010369 -0.010474 -0.010586
 -0.010704 -0.010829 -0.010961 -0.011101 -0.011248 -0.011404 -0.011569 -0.011743
 -0.011927 -0.012122
  1.000000
  0.000000  0.000000  0.000000  0.000000  0.000000  0.000000  0.000000  0.000000
  0.000000  0.000000  0.000000  0.000000  0.000000  0.000000  0.000000  0.000000
  0.000000  0.000000  0.000000  0.000000  0.000000  0.000727  0.000940  0.001102
  0.001248  0.001380  0.001497  0.001600  0.001695  0.001789  0.001883  0.001976
  0.002070  0.002163  0.002256  0.002348  0.002440  0.002532  0.002622  0.002712
  0.002800  0.002888  0.002974  0.003058  0.003140  0.003221  0.003298  0.003373
  0.003444  0.003512  0.003577  0.003636  0.003689  0.003734  0.003771  0.003796
  0.003810  0.003812  0.003802  0.003781  0.003749  0.003707  0.003656  0.003595
  0.003525  0.003446  0.003358  0.003262  0.003158  0.003046  0.002928  0.002804
  0.002678  0.002548  0.002416  0.002283  0.002149  0.002015  0.001880  0.001746
  0.001612  0.001478  0.001347  0.001217  0.001089  0.000963  0.000840  0.000720
  0.000603  0.000488  0.000000  0.000000  0.000000  0.000000  0.000000  0.000000
  0.000000  0.000000  0.000000  0.000000  0.000000  0.000000  0.000000  0.000000
  0.000000  0.000000
  1.000000
  0.700000  0.700000  0.700000  0.700000  0.700000  0.700000  0.700000  0.700000
  0.700000  0.700000  0.700000  0.700000  0.700000  0.700000  0.700000  0.700000
  0.700000  0.700000  0.700000  0.700000  0.700000  0.700000  0.700000  0.700000
  0.700000  0.700000  0.700000  0.700000  0.700000  0.700000  0.700000  0.700000
  0.700000  0.700000  0.700000  0.700000  0.700000  0.700000  0.700000  0.700000
  0.700000  0.700000  0.700000  0.700000  0.700000  0.700000  0.700000  0.700000
  0.700000  0.700000  0.700000  0.700000  0.700000  0.700000  0.700000  0.700000
  0.700000  0.700000  0.700000  0.700000  0.700000  0.700000  0.700000  0.700000
  0.700000  0.700000  0.700000  0.700000  0.700000  0.700000  0.700000  0.700000
  0.700000  0.700000  0.700000  0.700000  0.700000  0.700000  0.700000  0.700000
  0.700000  0.700000  0.700000  0.700000  0.700000  0.700000  0.700000  0.700000
  0.700000  0.700000  0.700000  0.700000  0.700000  0.700000  0.700000  0.700000
  0.700000  0.700000  0.700000  0.700000  0.700000  0.700000  0.700000  0.700000
  0.700000  0.700000
  1.000000
  0.326200  0.327097  0.327902  0.328624  0.329270  0.329850  0.330370  0.330837
  0.331255  0.331629  0.331965  0.332266  0.332537  0.332779  0.332996  0.333190
  0.333365  0.333521  0.333662  0.333787  0.333900  0.334013  0.334131  0.334254
  0.334384  0.334520  0.334663  0.334814  0.334972  0.335139  0.335315  0.335501
  0.335696  0.335902  0.336118  0.336346  0.336585  0.336836  0.337099  0.337375
  0.337665  0.337970  0.338290  0.338627  0.338980  0.339352  0.339744  0.340157
  0.340593  0.341058  0.341557  0.342093  0.342663  0.343267  0.343903  0.344567
  0.345248  0.345936  0.346626  0.347317  0.348005  0.348688  0.349367  0.350045
  0.350725  0.351408  0.352091  0.352775  0.353456  0.354134  0.354802  0.355457
  0.356097  0.356719  0.357324  0.357911  0.358478  0.359029  0.359563  0.360081
  0.360583  0.361068  0.361537  0.361989  0.362426  0.362846  0.363249  0.363636
  0.364007  0.364362  0.364700  0.365038  0.365396  0.365774  0.366173  0.366596
  0.367042  0.367514  0.368013  0.368540  0.369098  0.369687  0.370310  0.370969
  0.371665  0.372401
  1.000000
  0.022501  0.021291  0.020206  0.019233  0.018361  0.017579  0.016878  0.016250
  0.015686  0.015181  0.014728  0.014322  0.013958  0.013632  0.013339  0.013076
  0.012841  0.012630  0.012441  0.012272  0.012120  0.012347  0.012318  0.012260
  0.012183  0.012087  0.011969  0.011829  0.011674  0.011509  0.011334  0.011149
  0.010954  0.010748  0.010532  0.010304  0.010066  0.009817  0.009557  0.009284
  0.009000  0.008703  0.008392  0.008069  0.007731  0.007378  0.007010  0.006625
  0.006223  0.005799  0.005348  0.004870  0.004368  0.003843  0.003300  0.002741
  0.002178  0.001620  0.001070  0.000529  0.000000 -0.000516 -0.001019 -0.001512
 -0.001998 -0.002475 -0.002944 -0.003402 -0.003850 -0.004286 -0.004707 -0.005111
 -0.005497 -0.005866 -0.006216 -0.006549 -0.006864 -0.007164 -0.007450 -0.007721
 -0.007979 -0.008223 -0.008455 -0.008675 -0.008883 -0.009080 -0.009266 -0.009441
 -0.009606 -0.009762 -0.010084 -0.010173 -0.010268 -0.010368 -0.010474 -0.010585
 -0.010703 -0.010828 -0.010960 -0.011100 -0.011247 -0.011403 -0.011568 -0.011742
 -0.011926 -0.012121
  1.000000
  0.000000  0.000000  0.000000  0.000000  0.000000  0.000000  0.000000  0.000000
  0.000000  0.000000  0.000000  0.000000  0.000000  0.000000  0.000000  0.000000
  0.000000  0.000000  0.000000  0.000000  0.000000  0.000727  0.000941  0.001102
  0.001248  0.001380  0.001497  0.001600  0.001695  0.001789  0.001883  0.001976
  0.002070  0.002163  0.002256  0.002348  0.002440  0.002532  0.002622  0.002712
  0.002801  0.002888  0.002974  0.003058  0.003141  0.003221  0.003298  0.003373
  0.003445  0.003512  0.003577  0.003636  0.003689  0.003734  0.003771  0.003796
  0.003810  0.003812  0.003802  0.003781  0.003749  0.003707  0.003656  0.003595
  0.003525  0.003446  0.003358  0.003262  0.003158  0.003046  0.002928  0.002805
  0.002678  0.002548  0.002416  0.002283  0.002150  0.002015  0.001880  0.001746
  0.001612  0.001479  0.001347  0.001217  0.001089  0.000963  0.000840  0.000720
  0.000604  0.000488  0.000000  0.000000  0.000000  0.000000  0.000000  0.000000
  0.000000  0.000000  0.000000  0.000000  0.000000  0.000000  0.000000  0.000000
  0.000000  0.000000
  1.000000
  0.704440  0.704438  0.704437  0.704436  0.704434  0.704432  0.704431  0.704429
  0.704428  0.704426  0.704425  0.704424  0.704423  0.704422  0.704422  0.704421
  0.704420  0.704419  0.704419  0.704418  0.704418  0.704417  0.704417  0.704416
  0.704415  0.704414  0.704413  0.704412  0.704411  0.704409  0.704408  0.704407
  0.704405  0.704403  0.704401  0.704400  0.704398  0.704395  0.704393  0.704390
  0.704388  0.704385  0.704381  0.704378  0.704374  0.704370  0.704366  0.704361
  0.704356  0.704351  0.704345  0.704338  0.704331  0.704323  0.704315  0.704306
  0.704297  0.704288  0.704278  0.704269  0.704259  0.704250  0.704240  0.704231
  0.704222  0.704212  0.704203  0.704193  0.704184  0.704175  0.704167  0.704158
  0.704150  0.704143  0.704136  0.704129  0.704123  0.704117  0.704111  0.704106
  0.704101  0.704096  0.704092  0.704088  0.704085  0.704082  0.704078  0.704076
  0.704073  0.704071  0.704069  0.704068  0.704066  0.704065  0.704063  0.704062
  0.704060  0.704059  0.704057  0.704055  0.704053  0.704051  0.704049  0.704047
  0.704044  0.704042
  BLADE ROW NUMBER =       10                                           
  106   21   91  204    0    0    1    1    1    1    0    0    0    0    0    0
       0.0  461901.4  461901.4  532171.7  532171.7   0.00000       0.0
  1.000000
  0.364700  0.365597  0.366402  0.367123  0.367770  0.368350  0.368870  0.369337
  0.369755  0.370129  0.370465  0.370766  0.371036  0.371279  0.371496  0.371690
  0.371865  0.372021  0.372162  0.372287  0.372400  0.372513  0.372631  0.372754
  0.372884  0.373020  0.373163  0.373314  0.373472  0.373639  0.373815  0.374001
  0.374196  0.374402  0.374618  0.374846  0.375085  0.375336  0.375599  0.375875
  0.376165  0.376470  0.376790  0.377126  0.377480  0.377852  0.378244  0.378657
  0.379093  0.379558  0.380057  0.380593  0.381163  0.381767  0.382403  0.383067
  0.383748  0.384436  0.385127  0.385817  0.386505  0.387188  0.387867  0.388545
  0.389226  0.389908  0.390592  0.391275  0.391957  0.392634  0.393303  0.393957
  0.394597  0.395220  0.395825  0.396411  0.396979  0.397529  0.398063  0.398581
  0.399083  0.399568  0.400037  0.400490  0.400926  0.401346  0.401749  0.402136
  0.402507  0.402862  0.403200  0.403538  0.403896  0.404274  0.404673  0.405095
  0.405542  0.406014  0.406513  0.407040  0.407598  0.408187  0.408810  0.409469
  0.410165  0.410901
  1.000000
 -0.027262 -0.026052 -0.024968 -0.023995 -0.023123 -0.022341 -0.021640 -0.021012
 -0.020449 -0.019944 -0.019491 -0.019085 -0.018721 -0.018394 -0.018102 -0.017839
 -0.017604 -0.017393 -0.017204 -0.017035 -0.016883 -0.016503 -0.016282 -0.016083
 -0.015886 -0.015681 -0.015466 -0.015242 -0.015008 -0.014764 -0.014509 -0.014242
 -0.013965 -0.013675 -0.013374 -0.013061 -0.012736 -0.012399 -0.012050 -0.011688
 -0.011314 -0.010927 -0.010526 -0.010112 -0.009683 -0.009241 -0.008784 -0.008311
 -0.007821 -0.007312 -0.006776 -0.006217 -0.005637 -0.005041 -0.004433 -0.003819
 -0.003212 -0.002621 -0.002050 -0.001502 -0.000977 -0.000476  0.000000  0.000456
  0.000892  0.001310  0.001708  0.002085  0.002442  0.002777  0.003089  0.003376
  0.003638  0.003878  0.004095  0.004291  0.004468  0.004626  0.004768  0.004895
  0.005008  0.005107  0.005194  0.005269  0.005334  0.005389  0.005435  0.005473
  0.005504  0.005527  0.005347  0.005436  0.005531  0.005631  0.005737  0.005848
  0.005967  0.006091  0.006223  0.006363  0.006511  0.006667  0.006831  0.007006
  0.007190  0.007385
  1.000000
  0.000000  0.000000  0.000000  0.000000  0.000000  0.000000  0.000000  0.000000
  0.000000  0.000000  0.000000  0.000000  0.000000  0.000000  0.000000  0.000000
  0.000000  0.000000  0.000000  0.000000  0.000000  0.000501  0.000683  0.000807
  0.000903  0.000984  0.001053  0.001113  0.001173  0.001236  0.001302  0.001370
  0.001441  0.001514  0.001590  0.001668  0.001749  0.001832  0.001917  0.002005
  0.002095  0.002186  0.002280  0.002376  0.002473  0.002571  0.002671  0.002771
  0.002872  0.002974  0.003077  0.003180  0.003281  0.003378  0.003470  0.003554
  0.003627  0.003688  0.003737  0.003773  0.003795  0.003804  0.003801  0.003785
  0.003757  0.003716  0.003662  0.003595  0.003516  0.003424  0.003323  0.003211
  0.003090  0.002961  0.002826  0.002686  0.002541  0.002393  0.002240  0.002085
  0.001929  0.001770  0.001611  0.001452  0.001293  0.001135  0.000978  0.000824
  0.000673  0.000522  0.000000  0.000000  0.000000  0.000000  0.000000  0.000000
  0.000000  0.000000  0.000000  0.000000  0.000000  0.000000  0.000000  0.000000
  0.000000  0.000000
  1.000000
  0.695931  0.695934  0.695937  0.695940  0.695942  0.695944  0.695946  0.695948
  0.695949  0.695950  0.695952  0.695952  0.695953  0.695954  0.695955  0.695956
  0.695956  0.695957  0.695957  0.695958  0.695958  0.695959  0.695959  0.695960
  0.695960  0.695961  0.695962  0.695963  0.695964  0.695964  0.695965  0.695966
  0.695967  0.695969  0.695970  0.695972  0.695973  0.695975  0.695976  0.695978
  0.695980  0.695982  0.695985  0.695987  0.695990  0.695993  0.695996  0.696000
  0.696003  0.696007  0.696012  0.696017  0.696022  0.696028  0.696034  0.696041
  0.696048  0.696055  0.696063  0.696070  0.696078  0.696086  0.696094  0.696102
  0.696110  0.696118  0.696127  0.696135  0.696144  0.696152  0.696160  0.696169
  0.696177  0.696185  0.696193  0.696200  0.696207  0.696214  0.696221  0.696228
  0.696234  0.696241  0.696247  0.696252  0.696258  0.696263  0.696268  0.696273
  0.696277  0.696282  0.696286  0.696291  0.696296  0.696302  0.696307  0.696313
  0.696318  0.696324  0.696329  0.696335  0.696340  0.696345  0.696348  0.696351
  0.696353  0.696355
  1.000000
  0.364700  0.365598  0.366402  0.367124  0.367771  0.368351  0.368871  0.369337
  0.369755  0.370129  0.370465  0.370767  0.371037  0.371279  0.371496  0.371690
  0.371865  0.372021  0.372162  0.372287  0.372400  0.372513  0.372631  0.372754
  0.372884  0.373020  0.373163  0.373314  0.373472  0.373639  0.373815  0.374001
  0.374196  0.374402  0.374618  0.374846  0.375085  0.375335  0.375599  0.375875
  0.376165  0.376470  0.376790  0.377126  0.377480  0.377852  0.378244  0.378657
  0.379093  0.379558  0.380057  0.380593  0.381163  0.381767  0.382403  0.383067
  0.383748  0.384436  0.385126  0.385817  0.386505  0.387188  0.387867  0.388545
  0.389225  0.389908  0.390592  0.391275  0.391956  0.392634  0.393303  0.393957
  0.394597  0.395220  0.395825  0.396411  0.396979  0.397529  0.398063  0.398581
  0.399083  0.399568  0.400037  0.400490  0.400926  0.401346  0.401749  0.402136
  0.402507  0.402862  0.403200  0.403538  0.403896  0.404274  0.404673  0.405096
  0.405542  0.406014  0.406513  0.407040  0.407598  0.408187  0.408810  0.409469
  0.410165  0.410901
  1.000000
 -0.027263 -0.026053 -0.024968 -0.023995 -0.023123 -0.022342 -0.021641 -0.021012
 -0.020449 -0.019944 -0.019491 -0.019085 -0.018721 -0.018395 -0.018102 -0.017840
 -0.017604 -0.017393 -0.017204 -0.017035 -0.016883 -0.016503 -0.016283 -0.016084
 -0.015886 -0.015681 -0.015466 -0.015242 -0.015009 -0.014764 -0.014509 -0.014242
 -0.013965 -0.013675 -0.013374 -0.013061 -0.012736 -0.012399 -0.012050 -0.011688
 -0.011314 -0.010927 -0.010526 -0.010112 -0.009684 -0.009241 -0.008784 -0.008311
 -0.007821 -0.007312 -0.006776 -0.006217 -0.005637 -0.005041 -0.004433 -0.003819
 -0.003212 -0.002621 -0.002050 -0.001502 -0.000977 -0.000476  0.000000  0.000455
  0.000892  0.001310  0.001707  0.002085  0.002441  0.002776  0.003088  0.003375
  0.003638  0.003877  0.004094  0.004290  0.004467  0.004625  0.004768  0.004894
  0.005007  0.005106  0.005193  0.005268  0.005333  0.005388  0.005434  0.005472
  0.005503  0.005525  0.005346  0.005435  0.005529  0.005629  0.005735  0.005847
  0.005965  0.006090  0.006222  0.006361  0.006509  0.006665  0.006829  0.007004
  0.007188  0.007383
  1.000000
  0.000000  0.000000  0.000000  0.000000  0.000000  0.000000  0.000000  0.000000
  0.000000  0.000000  0.000000  0.000000  0.000000  0.000000  0.000000  0.000000
  0.000000  0.000000  0.000000  0.000000  0.000000  0.000501  0.000683  0.000807
  0.000903  0.000984  0.001053  0.001113  0.001173  0.001236  0.001302  0.001370
  0.001440  0.001514  0.001590  0.001668  0.001748  0.001832  0.001917  0.002005
  0.002095  0.002186  0.002280  0.002376  0.002473  0.002571  0.002671  0.002771
  0.002872  0.002974  0.003077  0.003180  0.003281  0.003378  0.003470  0.003553
  0.003627  0.003688  0.003737  0.003772  0.003795  0.003804  0.003801  0.003785
  0.003757  0.003716  0.003662  0.003595  0.003515  0.003424  0.003322  0.003211
  0.003090  0.002961  0.002826  0.002686  0.002541  0.002393  0.002240  0.002085
  0.001929  0.001770  0.001611  0.001451  0.001292  0.001135  0.000978  0.000824
  0.000673  0.000522  0.000000  0.000000  0.000000  0.000000  0.000000  0.000000
  0.000000  0.000000  0.000000  0.000000  0.000000  0.000000  0.000000  0.000000
  0.000000  0.000000
  1.000000
  0.700000  0.700000  0.700000  0.700000  0.700000  0.700000  0.700000  0.700000
  0.700000  0.700000  0.700000  0.700000  0.700000  0.700000  0.700000  0.700000
  0.700000  0.700000  0.700000  0.700000  0.700000  0.700000  0.700000  0.700000
  0.700000  0.700000  0.700000  0.700000  0.700000  0.700000  0.700000  0.700000
  0.700000  0.700000  0.700000  0.700000  0.700000  0.700000  0.700000  0.700000
  0.700000  0.700000  0.700000  0.700000  0.700000  0.700000  0.700000  0.700000
  0.700000  0.700000  0.700000  0.700000  0.700000  0.700000  0.700000  0.700000
  0.700000  0.700000  0.700000  0.700000  0.700000  0.700000  0.700000  0.700000
  0.700000  0.700000  0.700000  0.700000  0.700000  0.700000  0.700000  0.700000
  0.700000  0.700000  0.700000  0.700000  0.700000  0.700000  0.700000  0.700000
  0.700000  0.700000  0.700000  0.700000  0.700000  0.700000  0.700000  0.700000
  0.700000  0.700000  0.700000  0.700000  0.700000  0.700000  0.700000  0.700000
  0.700000  0.700000  0.700000  0.700000  0.700000  0.700000  0.700000  0.700000
  0.700000  0.700000
  1.000000
  0.364700  0.365597  0.366402  0.367123  0.367770  0.368350  0.368870  0.369337
  0.369755  0.370129  0.370465  0.370766  0.371036  0.371279  0.371496  0.371690
  0.371865  0.372021  0.372162  0.372287  0.372400  0.372513  0.372631  0.372754
  0.372884  0.373020  0.373163  0.373314  0.373472  0.373639  0.373815  0.374001
  0.374196  0.374402  0.374618  0.374846  0.375085  0.375336  0.375599  0.375875
  0.376165  0.376470  0.376790  0.377126  0.377480  0.377852  0.378244  0.378657
  0.379093  0.379558  0.380057  0.380593  0.381163  0.381767  0.382403  0.383067
  0.383748  0.384436  0.385127  0.385817  0.386505  0.387188  0.387867  0.388545
  0.389226  0.389908  0.390592  0.391275  0.391957  0.392634  0.393303  0.393957
  0.394597  0.395220  0.395825  0.396411  0.396979  0.397529  0.398063  0.398581
  0.399083  0.399568  0.400037  0.400490  0.400926  0.401346  0.401749  0.402136
  0.402507  0.402862  0.403200  0.403538  0.403896  0.404274  0.404673  0.405095
  0.405542  0.406014  0.406513  0.407040  0.407598  0.408187  0.408810  0.409469
  0.410165  0.410901
  1.000000
 -0.027266 -0.026056 -0.024971 -0.023999 -0.023126 -0.022344 -0.021643 -0.021015
 -0.020452 -0.019946 -0.019493 -0.019087 -0.018723 -0.018397 -0.018104 -0.017842
 -0.017607 -0.017396 -0.017207 -0.017037 -0.016885 -0.016505 -0.016285 -0.016086
 -0.015888 -0.015683 -0.015468 -0.015244 -0.015010 -0.014766 -0.014511 -0.014244
 -0.013967 -0.013677 -0.013376 -0.013063 -0.012738 -0.012401 -0.012052 -0.011690
 -0.011316 -0.010928 -0.010527 -0.010113 -0.009685 -0.009242 -0.008785 -0.008312
 -0.007822 -0.007313 -0.006777 -0.006218 -0.005638 -0.005041 -0.004433 -0.003819
 -0.003212 -0.002621 -0.002050 -0.001502 -0.000977 -0.000476  0.000000  0.000456
  0.000892  0.001310  0.001707  0.002085  0.002441  0.002776  0.003088  0.003375
  0.003638  0.003877  0.004094  0.004290  0.004467  0.004625  0.004767  0.004894
  0.005007  0.005106  0.005192  0.005268  0.005332  0.005387  0.005433  0.005472
  0.005503  0.005525  0.005345  0.005434  0.005529  0.005629  0.005734  0.005846
  0.005964  0.006089  0.006221  0.006360  0.006508  0.006664  0.006828  0.007003
  0.007187  0.007381
  1.000000
  0.000000  0.000000  0.000000  0.000000  0.000000  0.000000  0.000000  0.000000
  0.000000  0.000000  0.000000  0.000000  0.000000  0.000000  0.000000  0.000000
  0.000000  0.000000  0.000000  0.000000  0.000000  0.000501  0.000683  0.000807
  0.000903  0.000984  0.001053  0.001113  0.001173  0.001236  0.001302  0.001370
  0.001441  0.001514  0.001590  0.001668  0.001749  0.001832  0.001917  0.002005
  0.002095  0.002186  0.002280  0.002376  0.002473  0.002571  0.002671  0.002771
  0.002872  0.002974  0.003077  0.003180  0.003281  0.003378  0.003470  0.003554
  0.003627  0.003688  0.003737  0.003773  0.003795  0.003804  0.003801  0.003785
  0.003757  0.003716  0.003662  0.003595  0.003516  0.003424  0.003323  0.003211
  0.003090  0.002961  0.002826  0.002686  0.002541  0.002393  0.002240  0.002085
  0.001929  0.001770  0.001611  0.001452  0.001293  0.001135  0.000978  0.000824
  0.000673  0.000522  0.000000  0.000000  0.000000  0.000000  0.000000  0.000000
  0.000000  0.000000  0.000000  0.000000  0.000000  0.000000  0.000000  0.000000
  0.000000  0.000000
  1.000000
  0.704069  0.704066  0.704063  0.704060  0.704058  0.704056  0.704054  0.704052
  0.704051  0.704050  0.704049  0.704048  0.704047  0.704046  0.704045  0.704044
  0.704044  0.704043  0.704043  0.704042  0.704042  0.704041  0.704041  0.704040
  0.704040  0.704039  0.704038  0.704037  0.704037  0.704036  0.704035  0.704034
  0.704032  0.704031  0.704030  0.704029  0.704027  0.704025  0.704024  0.704022
  0.704020  0.704018  0.704015  0.704013  0.704010  0.704007  0.704004  0.704001
  0.703997  0.703993  0.703988  0.703984  0.703978  0.703972  0.703966  0.703959
  0.703952  0.703945  0.703938  0.703930  0.703922  0.703914  0.703906  0.703898
  0.703890  0.703882  0.703874  0.703865  0.703856  0.703848  0.703840  0.703831
  0.703823  0.703815  0.703807  0.703800  0.703793  0.703785  0.703779  0.703772
  0.703766  0.703760  0.703754  0.703748  0.703742  0.703737  0.703732  0.703727
  0.703723  0.703718  0.703714  0.703709  0.703704  0.703698  0.703693  0.703687
  0.703682  0.703676  0.703671  0.703665  0.703660  0.703655  0.703652  0.703649
  0.703647  0.703645
  BLADE ROW NUMBER =       11                                           
  106   21   91  205    0    0    1    1    1    1    0    0    0    0    0    0
    3600.0  532171.7  532171.7  609751.8  609751.8   0.00000    3600.0
  1.000000
  0.410900  0.411797  0.412602  0.413324  0.413971  0.414550  0.415070  0.415537
  0.415955  0.416329  0.416665  0.416966  0.417237  0.417479  0.417696  0.417890
  0.418065  0.418221  0.418362  0.418487  0.418600  0.418713  0.418831  0.418954
  0.419084  0.419220  0.419363  0.419514  0.419672  0.419839  0.420015  0.420201
  0.420396  0.420602  0.420818  0.421046  0.421285  0.421536  0.421799  0.422075
  0.422365  0.422670  0.422990  0.423326  0.423680  0.424052  0.424444  0.424857
  0.425293  0.425758  0.426257  0.426793  0.427363  0.427967  0.428603  0.429267
  0.429948  0.430636  0.431326  0.432017  0.432705  0.433388  0.434067  0.434745
  0.435425  0.436108  0.436791  0.437475  0.438156  0.438834  0.439502  0.440157
  0.440797  0.441419  0.442024  0.442611  0.443178  0.443729  0.444263  0.444781
  0.445283  0.445768  0.446237  0.446689  0.447126  0.447546  0.447949  0.448336
  0.448707  0.449062  0.449400  0.449738  0.450096  0.450474  0.450873  0.451296
  0.451742  0.452214  0.452713  0.453240  0.453798  0.454387  0.455010  0.455669
  0.456365  0.457101
  1.000000
  0.022497  0.021287  0.020202  0.019230  0.018358  0.017576  0.016875  0.016247
  0.015683  0.015178  0.014725  0.014319  0.013955  0.013629  0.013336  0.013074
  0.012839  0.012628  0.012439  0.012269  0.012117  0.012345  0.012316  0.012258
  0.012180  0.012084  0.011967  0.011827  0.011672  0.011507  0.011332  0.011147
  0.010952  0.010746  0.010530  0.010302  0.010064  0.009815  0.009555  0.009283
  0.008998  0.008701  0.008391  0.008067  0.007730  0.007377  0.007009  0.006624
  0.006222  0.005798  0.005347  0.004870  0.004368  0.003843  0.003299  0.002741
  0.002178  0.001620  0.001070  0.000529  0.000000 -0.000516 -0.001019 -0.001512
 -0.001998 -0.002475 -0.002944 -0.003403 -0.003850 -0.004287 -0.004708 -0.005112
 -0.005498 -0.005866 -0.006217 -0.006550 -0.006865 -0.007165 -0.007451 -0.007722
 -0.007980 -0.008225 -0.008457 -0.008677 -0.008885 -0.009082 -0.009268 -0.009443
 -0.009608 -0.009764 -0.010086 -0.010176 -0.010270 -0.010370 -0.010476 -0.010588
 -0.010706 -0.010831 -0.010963 -0.011102 -0.011250 -0.011406 -0.011570 -0.011745
 -0.011929 -0.012124
  1.000000
  0.000000  0.000000  0.000000  0.000000  0.000000  0.000000  0.000000  0.000000
  0.000000  0.000000  0.000000  0.000000  0.000000  0.000000  0.000000  0.000000
  0.000000  0.000000  0.000000  0.000000  0.000000  0.000727  0.000941  0.001102
  0.001248  0.001380  0.001497  0.001600  0.001695  0.001789  0.001883  0.001976
  0.002070  0.002163  0.002256  0.002348  0.002440  0.002532  0.002622  0.002712
  0.002800  0.002888  0.002974  0.003058  0.003141  0.003221  0.003298  0.003373
  0.003444  0.003512  0.003577  0.003636  0.003689  0.003734  0.003771  0.003796
  0.003810  0.003812  0.003802  0.003781  0.003749  0.003707  0.003656  0.003595
  0.003525  0.003446  0.003358  0.003262  0.003158  0.003046  0.002928  0.002805
  0.002678  0.002548  0.002416  0.002283  0.002149  0.002015  0.001880  0.001746
  0.001612  0.001479  0.001347  0.001217  0.001089  0.000963  0.000840  0.000720
  0.000604  0.000488  0.000000  0.000000  0.000000  0.000000  0.000000  0.000000
  0.000000  0.000000  0.000000  0.000000  0.000000  0.000000  0.000000  0.000000
  0.000000  0.000000
  1.000000
  0.696355  0.696356  0.696357  0.696358  0.696359  0.696361  0.696362  0.696363
  0.696364  0.696365  0.696366  0.696367  0.696368  0.696369  0.696369  0.696370
  0.696370  0.696371  0.696371  0.696372  0.696372  0.696372  0.696373  0.696374
  0.696374  0.696375  0.696376  0.696377  0.696378  0.696379  0.696380  0.696381
  0.696382  0.696383  0.696384  0.696386  0.696387  0.696389  0.696391  0.696393
  0.696395  0.696397  0.696400  0.696402  0.696405  0.696408  0.696411  0.696415
  0.696418  0.696422  0.696427  0.696432  0.696437  0.696443  0.696449  0.696455
  0.696462  0.696469  0.696476  0.696483  0.696490  0.696497  0.696505  0.696512
  0.696519  0.696526  0.696533  0.696540  0.696546  0.696553  0.696559  0.696565
  0.696571  0.696577  0.696582  0.696587  0.696592  0.696596  0.696600  0.696604
  0.696608  0.696611  0.696614  0.696617  0.696619  0.696622  0.696624  0.696626
  0.696628  0.696630  0.696631  0.696632  0.696633  0.696634  0.696635  0.696636
  0.696637  0.696638  0.696640  0.696641  0.696642  0.696644  0.696645  0.696647
  0.696648  0.696650
  1.000000
  0.410900  0.411798  0.412602  0.413324  0.413971  0.414551  0.415071  0.415537
  0.415955  0.416329  0.416665  0.416967  0.417237  0.417479  0.417696  0.417890
  0.418065  0.418221  0.418361  0.418487  0.418600  0.418713  0.418831  0.418954
  0.419084  0.419220  0.419363  0.419514  0.419672  0.419839  0.420015  0.420201
  0.420396  0.420602  0.420818  0.421046  0.421285  0.421535  0.421799  0.422075
  0.422365  0.422670  0.422990  0.423326  0.423680  0.424052  0.424444  0.424857
  0.425293  0.425758  0.426257  0.426792  0.427363  0.427967  0.428603  0.429267
  0.429948  0.430636  0.431326  0.432017  0.432704  0.433388  0.434067  0.434745
  0.435425  0.436108  0.436791  0.437475  0.438156  0.438834  0.439503  0.440157
  0.440797  0.441420  0.442024  0.442611  0.443178  0.443729  0.444263  0.444781
  0.445283  0.445768  0.446237  0.446690  0.447126  0.447546  0.447949  0.448336
  0.448707  0.449062  0.449400  0.449738  0.450096  0.450474  0.450873  0.451295
  0.451742  0.452214  0.452713  0.453240  0.453798  0.454387  0.455010  0.455669
  0.456365  0.457101
  1.000000
  0.022498  0.021288  0.020203  0.019230  0.018358  0.017577  0.016876  0.016247
  0.015684  0.015179  0.014726  0.014320  0.013956  0.013629  0.013337  0.013074
  0.012839  0.012628  0.012439  0.012270  0.012118  0.012345  0.012316  0.012258
  0.012181  0.012085  0.011967  0.011828  0.011672  0.011507  0.011332  0.011147
  0.010952  0.010746  0.010530  0.010303  0.010065  0.009816  0.009555  0.009283
  0.008999  0.008701  0.008391  0.008067  0.007730  0.007377  0.007009  0.006624
  0.006222  0.005798  0.005347  0.004870  0.004368  0.003843  0.003299  0.002741
  0.002178  0.001620  0.001070  0.000529  0.000000 -0.000516 -0.001019 -0.001512
 -0.001998 -0.002475 -0.002944 -0.003402 -0.003850 -0.004286 -0.004707 -0.005111
 -0.005497 -0.005866 -0.006216 -0.006549 -0.006865 -0.007164 -0.007450 -0.007721
 -0.007979 -0.008224 -0.008456 -0.008676 -0.008884 -0.009081 -0.009267 -0.009442
 -0.009607 -0.009762 -0.010085 -0.010174 -0.010269 -0.010369 -0.010474 -0.010586
 -0.010704 -0.010829 -0.010961 -0.011101 -0.011248 -0.011404 -0.011569 -0.011743
 -0.011927 -0.012122
  1.000000
  0.000000  0.000000  0.000000  0.000000  0.000000  0.000000  0.000000  0.000000
  0.000000  0.000000  0.000000  0.000000  0.000000  0.000000  0.000000  0.000000
  0.000000  0.000000  0.000000  0.000000  0.000000  0.000727  0.000940  0.001102
  0.001248  0.001380  0.001497  0.001600  0.001695  0.001789  0.001883  0.001976
  0.002070  0.002163  0.002256  0.002348  0.002440  0.002532  0.002622  0.002712
  0.002800  0.002888  0.002974  0.003058  0.003140  0.003221  0.003298  0.003373
  0.003444  0.003512  0.003577  0.003636  0.003689  0.003734  0.003771  0.003796
  0.003810  0.003812  0.003802  0.003781  0.003749  0.003707  0.003656  0.003595
  0.003525  0.003446  0.003358  0.003262  0.003158  0.003046  0.002928  0.002804
  0.002678  0.002548  0.002416  0.002283  0.002149  0.002015  0.001880  0.001746
  0.001612  0.001478  0.001347  0.001217  0.001089  0.000963  0.000840  0.000720
  0.000603  0.000488  0.000000  0.000000  0.000000  0.000000  0.000000  0.000000
  0.000000  0.000000  0.000000  0.000000  0.000000  0.000000  0.000000  0.000000
  0.000000  0.000000
  1.000000
  0.700000  0.700000  0.700000  0.700000  0.700000  0.700000  0.700000  0.700000
  0.700000  0.700000  0.700000  0.700000  0.700000  0.700000  0.700000  0.700000
  0.700000  0.700000  0.700000  0.700000  0.700000  0.700000  0.700000  0.700000
  0.700000  0.700000  0.700000  0.700000  0.700000  0.700000  0.700000  0.700000
  0.700000  0.700000  0.700000  0.700000  0.700000  0.700000  0.700000  0.700000
  0.700000  0.700000  0.700000  0.700000  0.700000  0.700000  0.700000  0.700000
  0.700000  0.700000  0.700000  0.700000  0.700000  0.700000  0.700000  0.700000
  0.700000  0.700000  0.700000  0.700000  0.700000  0.700000  0.700000  0.700000
  0.700000  0.700000  0.700000  0.700000  0.700000  0.700000  0.700000  0.700000
  0.700000  0.700000  0.700000  0.700000  0.700000  0.700000  0.700000  0.700000
  0.700000  0.700000  0.700000  0.700000  0.700000  0.700000  0.700000  0.700000
  0.700000  0.700000  0.700000  0.700000  0.700000  0.700000  0.700000  0.700000
  0.700000  0.700000  0.700000  0.700000  0.700000  0.700000  0.700000  0.700000
  0.700000  0.700000
  1.000000
  0.410900  0.411797  0.412602  0.413324  0.413971  0.414550  0.415070  0.415537
  0.415955  0.416329  0.416665  0.416966  0.417237  0.417479  0.417696  0.417890
  0.418065  0.418221  0.418362  0.418487  0.418600  0.418713  0.418831  0.418954
  0.419084  0.419220  0.419363  0.419514  0.419672  0.419839  0.420015  0.420201
  0.420396  0.420602  0.420818  0.421046  0.421285  0.421536  0.421799  0.422075
  0.422365  0.422670  0.422990  0.423326  0.423680  0.424052  0.424444  0.424857
  0.425293  0.425758  0.426257  0.426793  0.427363  0.427967  0.428603  0.429267
  0.429948  0.430636  0.431326  0.432017  0.432705  0.433388  0.434067  0.434745
  0.435425  0.436108  0.436791  0.437475  0.438156  0.438834  0.439502  0.440157
  0.440797  0.441419  0.442024  0.442611  0.443178  0.443729  0.444263  0.444781
  0.445283  0.445768  0.446237  0.446689  0.447126  0.447546  0.447949  0.448336
  0.448707  0.449062  0.449400  0.449738  0.450096  0.450474  0.450873  0.451296
  0.451742  0.452214  0.452713  0.453240  0.453798  0.454387  0.455010  0.455669
  0.456365  0.457101
  1.000000
  0.022500  0.021290  0.020205  0.019232  0.018360  0.017578  0.016877  0.016249
  0.015685  0.015180  0.014727  0.014321  0.013957  0.013631  0.013338  0.013076
  0.012841  0.012630  0.012441  0.012271  0.012119  0.012346  0.012318  0.012259
  0.012182  0.012086  0.011969  0.011829  0.011673  0.011508  0.011333  0.011148
  0.010953  0.010747  0.010531  0.010304  0.010066  0.009817  0.009556  0.009284
  0.008999  0.008702  0.008392  0.008068  0.007730  0.007378  0.007010  0.006625
  0.006223  0.005799  0.005348  0.004870  0.004368  0.003843  0.003300  0.002741
  0.002178  0.001620  0.001070  0.000529  0.000000 -0.000516 -0.001019 -0.001512
 -0.001998 -0.002475 -0.002944 -0.003402 -0.003850 -0.004286 -0.004707 -0.005111
 -0.005497 -0.005866 -0.006216 -0.006549 -0.006864 -0.007164 -0.007450 -0.007721
 -0.007979 -0.008223 -0.008455 -0.008675 -0.008883 -0.009080 -0.009266 -0.009441
 -0.009606 -0.009762 -0.010084 -0.010174 -0.010268 -0.010368 -0.010474 -0.010585
 -0.010704 -0.010828 -0.010960 -0.011100 -0.011247 -0.011403 -0.011568 -0.011742
 -0.011926 -0.012121
  1.000000
  0.000000  0.000000  0.000000  0.000000  0.000000  0.000000  0.000000  0.000000
  0.000000  0.000000  0.000000  0.000000  0.000000  0.000000  0.000000  0.000000
  0.000000  0.000000  0.000000  0.000000  0.000000  0.000727  0.000941  0.001102
  0.001248  0.001380  0.001497  0.001600  0.001695  0.001789  0.001883  0.001976
  0.002070  0.002163  0.002256  0.002348  0.002440  0.002532  0.002622  0.002712
  0.002800  0.002888  0.002974  0.003058  0.003141  0.003221  0.003298  0.003373
  0.003444  0.003512  0.003577  0.003636  0.003689  0.003734  0.003771  0.003796
  0.003810  0.003812  0.003802  0.003781  0.003749  0.003707  0.003656  0.003595
  0.003525  0.003446  0.003358  0.003262  0.003158  0.003046  0.002928  0.002805
  0.002678  0.002548  0.002416  0.002283  0.002149  0.002015  0.001880  0.001746
  0.001612  0.001479  0.001347  0.001217  0.001089  0.000963  0.000840  0.000720
  0.000604  0.000488  0.000000  0.000000  0.000000  0.000000  0.000000  0.000000
  0.000000  0.000000  0.000000  0.000000  0.000000  0.000000  0.000000  0.000000
  0.000000  0.000000
  1.000000
  0.703645  0.703644  0.703643  0.703642  0.703641  0.703639  0.703638  0.703637
  0.703636  0.703635  0.703634  0.703633  0.703632  0.703631  0.703631  0.703630
  0.703630  0.703629  0.703629  0.703628  0.703628  0.703627  0.703627  0.703626
  0.703626  0.703625  0.703624  0.703623  0.703622  0.703621  0.703620  0.703619
  0.703618  0.703617  0.703616  0.703614  0.703613  0.703611  0.703609  0.703607
  0.703605  0.703603  0.703600  0.703598  0.703595  0.703592  0.703589  0.703585
  0.703582  0.703578  0.703573  0.703568  0.703563  0.703557  0.703551  0.703544
  0.703538  0.703531  0.703524  0.703517  0.703510  0.703502  0.703496  0.703488
  0.703482  0.703474  0.703467  0.703461  0.703454  0.703447  0.703441  0.703435
  0.703429  0.703423  0.703418  0.703413  0.703408  0.703404  0.703400  0.703396
  0.703393  0.703389  0.703386  0.703383  0.703380  0.703378  0.703376  0.703374
  0.703372  0.703371  0.703369  0.703368  0.703367  0.703366  0.703365  0.703364
  0.703363  0.703362  0.703360  0.703359  0.703358  0.703356  0.703355  0.703353
  0.703352  0.703350
  BLADE ROW NUMBER =       12                                           
  111   21   91  205    0    0    1    1    1    1    0    0    0    0    0    0
       0.0  609751.8  609751.8  694187.9  694187.9   0.00000       0.0
  1.000000
  0.449400  0.450297  0.451102  0.451824  0.452471  0.453051  0.453570  0.454037
  0.454455  0.454829  0.455165  0.455466  0.455737  0.455979  0.456196  0.456390
  0.456565  0.456721  0.456862  0.456987  0.457100  0.457213  0.457331  0.457454
  0.457584  0.457720  0.457863  0.458014  0.458172  0.458339  0.458515  0.458701
  0.458896  0.459102  0.459318  0.459546  0.459785  0.460035  0.460299  0.460575
  0.460865  0.461170  0.461490  0.461826  0.462180  0.462552  0.462944  0.463357
  0.463793  0.464258  0.464757  0.465292  0.465863  0.466467  0.467103  0.467767
  0.468448  0.469136  0.469826  0.470517  0.471205  0.471888  0.472567  0.473245
  0.473925  0.474608  0.475291  0.475975  0.476656  0.477334  0.478002  0.478657
  0.479297  0.479920  0.480525  0.481111  0.481678  0.482229  0.482763  0.483281
  0.483783  0.484268  0.484737  0.485189  0.485626  0.486046  0.486449  0.486836
  0.487207  0.487562  0.487900  0.488238  0.488603  0.488997  0.489423  0.489882
  0.490378  0.490914  0.491491  0.492115  0.492789  0.493516  0.494301  0.495149
  0.496063  0.497051  0.498117  0.499268  0.500511  0.501852  0.503300
  1.000000
 -0.027262 -0.026052 -0.024967 -0.023995 -0.023123 -0.022341 -0.021640 -0.021012
 -0.020448 -0.019943 -0.019490 -0.019084 -0.018720 -0.018394 -0.018101 -0.017839
 -0.017604 -0.017393 -0.017204 -0.017034 -0.016882 -0.016503 -0.016282 -0.016083
 -0.015886 -0.015680 -0.015466 -0.015242 -0.015008 -0.014764 -0.014508 -0.014242
 -0.013964 -0.013675 -0.013374 -0.013061 -0.012736 -0.012399 -0.012050 -0.011688
 -0.011314 -0.010926 -0.010526 -0.010111 -0.009683 -0.009241 -0.008783 -0.008310
 -0.007821 -0.007312 -0.006776 -0.006217 -0.005637 -0.005041 -0.004433 -0.003819
 -0.003212 -0.002621 -0.002050 -0.001502 -0.000977 -0.000476  0.000000  0.000455
  0.000892  0.001310  0.001707  0.002085  0.002442  0.002777  0.003088  0.003375
  0.003638  0.003877  0.004095  0.004291  0.004467  0.004626  0.004768  0.004895
  0.005008  0.005107  0.005193  0.005268  0.005333  0.005388  0.005435  0.005473
  0.005504  0.005526  0.005346  0.005436  0.005532  0.005636  0.005749  0.005871
  0.006002  0.006143  0.006296  0.006461  0.006639  0.006832  0.007039  0.007264
  0.007506  0.007767  0.008049  0.008354  0.008682  0.009037  0.009420
  1.000000
  0.000000  0.000000  0.000000  0.000000  0.000000  0.000000  0.000000  0.000000
  0.000000  0.000000  0.000000  0.000000  0.000000  0.000000  0.000000  0.000000
  0.000000  0.000000  0.000000  0.000000  0.000000  0.000501  0.000683  0.000807
  0.000903  0.000984  0.001053  0.001113  0.001173  0.001236  0.001302  0.001370
  0.001441  0.001514  0.001590  0.001668  0.001749  0.001832  0.001917  0.002005
  0.002095  0.002186  0.002280  0.002376  0.002473  0.002571  0.002671  0.002771
  0.002872  0.002974  0.003077  0.003180  0.003281  0.003378  0.003470  0.003554
  0.003627  0.003688  0.003737  0.003772  0.003795  0.003804  0.003801  0.003785
  0.003757  0.003716  0.003662  0.003595  0.003516  0.003424  0.003322  0.003211
  0.003090  0.002961  0.002826  0.002686  0.002541  0.002393  0.002240  0.002085
  0.001929  0.001770  0.001611  0.001451  0.001292  0.001135  0.000978  0.000824
  0.000673  0.000522  0.000000  0.000000  0.000000  0.000000  0.000000  0.000000
  0.000000  0.000000  0.000000  0.000000  0.000000  0.000000  0.000000  0.000000
  0.000000  0.000000  0.000000  0.000000  0.000000  0.000000  0.000000
  1.000000
  0.696631  0.696634  0.696636  0.696637  0.696639  0.696641  0.696642  0.696643
  0.696644  0.696645  0.696646  0.696646  0.696647  0.696647  0.696648  0.696648
  0.696649  0.696649  0.696649  0.696650  0.696650  0.696651  0.696651  0.696651
  0.696652  0.696652  0.696653  0.696653  0.696654  0.696654  0.696655  0.696656
  0.696657  0.696658  0.696659  0.696660  0.696661  0.696662  0.696663  0.696665
  0.696666  0.696668  0.696669  0.696671  0.696673  0.696675  0.696678  0.696680
  0.696683  0.696685  0.696689  0.696692  0.696696  0.696700  0.696704  0.696709
  0.696714  0.696719  0.696724  0.696729  0.696734  0.696740  0.696745  0.696750
  0.696756  0.696761  0.696766  0.696772  0.696777  0.696782  0.696787  0.696792
  0.696797  0.696802  0.696806  0.696811  0.696815  0.696819  0.696822  0.696826
  0.696829  0.696832  0.696835  0.696838  0.696841  0.696843  0.696846  0.696848
  0.696850  0.696852  0.696854  0.696855  0.696856  0.696857  0.696858  0.696859
  0.696860  0.696861  0.696862  0.696863  0.696865  0.696866  0.696867  0.696868
  0.696869  0.696871  0.696872  0.696872  0.696873  0.696874  0.696874
  1.000000
  0.449400  0.450298  0.451103  0.451824  0.452471  0.453051  0.453571  0.454037
  0.454455  0.454830  0.455166  0.455467  0.455737  0.455979  0.456196  0.456391
  0.456565  0.456722  0.456862  0.456988  0.457100  0.457213  0.457331  0.457454
  0.457584  0.457720  0.457863  0.458014  0.458173  0.458340  0.458516  0.458701
  0.458896  0.459102  0.459318  0.459546  0.459785  0.460036  0.460299  0.460575
  0.460865  0.461170  0.461490  0.461827  0.462180  0.462552  0.462944  0.463357
  0.463793  0.464258  0.464758  0.465293  0.465863  0.466467  0.467103  0.467767
  0.468448  0.469136  0.469827  0.470517  0.471205  0.471889  0.472567  0.473245
  0.473926  0.474608  0.475292  0.475975  0.476657  0.477335  0.478003  0.478658
  0.479297  0.479920  0.480525  0.481111  0.481679  0.482229  0.482763  0.483281
  0.483783  0.484268  0.484737  0.485190  0.485626  0.486046  0.486449  0.486837
  0.487208  0.487562  0.487900  0.488238  0.488604  0.488998  0.489423  0.489883
  0.490378  0.490914  0.491492  0.492116  0.492789  0.493516  0.494301  0.495149
  0.496064  0.497051  0.498117  0.499268  0.500511  0.501852  0.503300
  1.000000
 -0.027263 -0.026053 -0.024968 -0.023995 -0.023123 -0.022342 -0.021641 -0.021012
 -0.020449 -0.019944 -0.019491 -0.019085 -0.018721 -0.018394 -0.018102 -0.017840
 -0.017604 -0.017393 -0.017204 -0.017035 -0.016883 -0.016503 -0.016283 -0.016084
 -0.015886 -0.015681 -0.015466 -0.015242 -0.015009 -0.014764 -0.014509 -0.014242
 -0.013965 -0.013675 -0.013374 -0.013061 -0.012736 -0.012399 -0.012050 -0.011688
 -0.011314 -0.010927 -0.010526 -0.010112 -0.009684 -0.009241 -0.008784 -0.008311
 -0.007821 -0.007312 -0.006776 -0.006217 -0.005637 -0.005041 -0.004433 -0.003819
 -0.003212 -0.002621 -0.002050 -0.001502 -0.000977 -0.000476  0.000000  0.000455
  0.000892  0.001310  0.001707  0.002085  0.002441  0.002776  0.003088  0.003375
  0.003638  0.003877  0.004094  0.004290  0.004467  0.004625  0.004768  0.004894
  0.005007  0.005106  0.005193  0.005268  0.005333  0.005388  0.005434  0.005472
  0.005503  0.005525  0.005346  0.005435  0.005531  0.005636  0.005748  0.005870
  0.006001  0.006143  0.006295  0.006461  0.006639  0.006831  0.007039  0.007263
  0.007505  0.007766  0.008048  0.008353  0.008681  0.009036  0.009419
  1.000000
  0.000000  0.000000  0.000000  0.000000  0.000000  0.000000  0.000000  0.000000
  0.000000  0.000000  0.000000  0.000000  0.000000  0.000000  0.000000  0.000000
  0.000000  0.000000  0.000000  0.000000  0.000000  0.000501  0.000683  0.000807
  0.000903  0.000984  0.001053  0.001113  0.001173  0.001236  0.001302  0.001370
  0.001440  0.001514  0.001590  0.001668  0.001748  0.001832  0.001917  0.002005
  0.002095  0.002186  0.002280  0.002376  0.002473  0.002571  0.002671  0.002771
  0.002872  0.002974  0.003077  0.003180  0.003281  0.003378  0.003470  0.003553
  0.003627  0.003688  0.003737  0.003772  0.003795  0.003804  0.003801  0.003785
  0.003757  0.003716  0.003662  0.003595  0.003515  0.003424  0.003322  0.003211
  0.003090  0.002961  0.002826  0.002686  0.002541  0.002393  0.002240  0.002085
  0.001929  0.001770  0.001611  0.001451  0.001292  0.001135  0.000978  0.000824
  0.000673  0.000522  0.000000  0.000000  0.000000  0.000000  0.000000  0.000000
  0.000000  0.000000  0.000000  0.000000  0.000000  0.000000  0.000000  0.000000
  0.000000  0.000000  0.000000  0.000000  0.000000  0.000000  0.000000
  1.000000
  0.700000  0.700000  0.700000  0.700000  0.700000  0.700000  0.700000  0.700000
  0.700000  0.700000  0.700000  0.700000  0.700000  0.700000  0.700000  0.700000
  0.700000  0.700000  0.700000  0.700000  0.700000  0.700000  0.700000  0.700000
  0.700000  0.700000  0.700000  0.700000  0.700000  0.700000  0.700000  0.700000
  0.700000  0.700000  0.700000  0.700000  0.700000  0.700000  0.700000  0.700000
  0.700000  0.700000  0.700000  0.700000  0.700000  0.700000  0.700000  0.700000
  0.700000  0.700000  0.700000  0.700000  0.700000  0.700000  0.700000  0.700000
  0.700000  0.700000  0.700000  0.700000  0.700000  0.700000  0.700000  0.700000
  0.700000  0.700000  0.700000  0.700000  0.700000  0.700000  0.700000  0.700000
  0.700000  0.700000  0.700000  0.700000  0.700000  0.700000  0.700000  0.700000
  0.700000  0.700000  0.700000  0.700000  0.700000  0.700000  0.700000  0.700000
  0.700000  0.700000  0.700000  0.700000  0.700000  0.700000  0.700000  0.700000
  0.700000  0.700000  0.700000  0.700000  0.700000  0.700000  0.700000  0.700000
  0.700000  0.700000  0.700000  0.700000  0.700000  0.700000  0.700000
  1.000000
  0.449400  0.450297  0.451102  0.451824  0.452471  0.453051  0.453570  0.454037
  0.454455  0.454829  0.455165  0.455466  0.455737  0.455979  0.456196  0.456390
  0.456565  0.456721  0.456862  0.456987  0.457100  0.457213  0.457331  0.457454
  0.457584  0.457720  0.457863  0.458014  0.458172  0.458339  0.458515  0.458701
  0.458896  0.459102  0.459318  0.459546  0.459785  0.460035  0.460299  0.460575
  0.460865  0.461170  0.461490  0.461826  0.462180  0.462552  0.462944  0.463357
  0.463793  0.464258  0.464757  0.465292  0.465863  0.466467  0.467103  0.467767
  0.468448  0.469136  0.469826  0.470517  0.471205  0.471888  0.472567  0.473245
  0.473925  0.474608  0.475291  0.475975  0.476656  0.477334  0.478002  0.478657
  0.479297  0.479920  0.480525  0.481111  0.481678  0.482229  0.482763  0.483281
  0.483783  0.484268  0.484737  0.485189  0.485626  0.486046  0.486449  0.486836
  0.487207  0.487562  0.487900  0.488238  0.488603  0.488997  0.489423  0.489882
  0.490378  0.490914  0.491491  0.492115  0.492789  0.493516  0.494301  0.495149
  0.496063  0.497051  0.498117  0.499268  0.500511  0.501852  0.503300
  1.000000
 -0.027265 -0.026055 -0.024970 -0.023997 -0.023125 -0.022343 -0.021642 -0.021014
 -0.020450 -0.019945 -0.019492 -0.019086 -0.018722 -0.018396 -0.018103 -0.017841
 -0.017606 -0.017395 -0.017206 -0.017036 -0.016884 -0.016504 -0.016284 -0.016085
 -0.015887 -0.015682 -0.015468 -0.015244 -0.015010 -0.014765 -0.014510 -0.014243
 -0.013966 -0.013676 -0.013375 -0.013062 -0.012737 -0.012400 -0.012051 -0.011689
 -0.011315 -0.010927 -0.010526 -0.010112 -0.009684 -0.009242 -0.008784 -0.008311
 -0.007822 -0.007312 -0.006777 -0.006218 -0.005638 -0.005041 -0.004433 -0.003819
 -0.003212 -0.002621 -0.002050 -0.001502 -0.000977 -0.000476  0.000000  0.000455
  0.000892  0.001310  0.001707  0.002085  0.002441  0.002776  0.003088  0.003375
  0.003638  0.003877  0.004094  0.004290  0.004467  0.004625  0.004767  0.004894
  0.005007  0.005106  0.005192  0.005268  0.005332  0.005387  0.005434  0.005472
  0.005503  0.005525  0.005345  0.005434  0.005531  0.005635  0.005748  0.005869
  0.006001  0.006142  0.006295  0.006460  0.006638  0.006831  0.007038  0.007262
  0.007504  0.007766  0.008048  0.008352  0.008681  0.009036  0.009419
  1.000000
  0.000000  0.000000  0.000000  0.000000  0.000000  0.000000  0.000000  0.000000
  0.000000  0.000000  0.000000  0.000000  0.000000  0.000000  0.000000  0.000000
  0.000000  0.000000  0.000000  0.000000  0.000000  0.000501  0.000683  0.000807
  0.000903  0.000984  0.001053  0.001113  0.001173  0.001236  0.001302  0.001370
  0.001441  0.001514  0.001590  0.001668  0.001749  0.001832  0.001917  0.002005
  0.002095  0.002186  0.002280  0.002376  0.002473  0.002571  0.002671  0.002771
  0.002872  0.002974  0.003077  0.003180  0.003281  0.003378  0.003470  0.003554
  0.003627  0.003688  0.003737  0.003772  0.003795  0.003804  0.003801  0.003785
  0.003757  0.003716  0.003662  0.003595  0.003516  0.003424  0.003322  0.003211
  0.003090  0.002961  0.002826  0.002686  0.002541  0.002393  0.002240  0.002085
  0.001929  0.001770  0.001611  0.001451  0.001292  0.001135  0.000978  0.000824
  0.000673  0.000522  0.000000  0.000000  0.000000  0.000000  0.000000  0.000000
  0.000000  0.000000  0.000000  0.000000  0.000000  0.000000  0.000000  0.000000
  0.000000  0.000000  0.000000  0.000000  0.000000  0.000000  0.000000
  1.000000
  0.703369  0.703367  0.703364  0.703363  0.703361  0.703359  0.703358  0.703357
  0.703356  0.703355  0.703355  0.703354  0.703353  0.703353  0.703352  0.703352
  0.703351  0.703351  0.703351  0.703350  0.703350  0.703350  0.703349  0.703349
  0.703348  0.703348  0.703347  0.703347  0.703346  0.703345  0.703345  0.703344
  0.703343  0.703342  0.703341  0.703340  0.703339  0.703338  0.703337  0.703335
  0.703334  0.703332  0.703331  0.703329  0.703327  0.703325  0.703323  0.703320
  0.703318  0.703315  0.703312  0.703308  0.703304  0.703300  0.703296  0.703291
  0.703286  0.703281  0.703276  0.703271  0.703266  0.703260  0.703255  0.703250
  0.703245  0.703239  0.703234  0.703228  0.703223  0.703218  0.703213  0.703208
  0.703203  0.703198  0.703194  0.703189  0.703185  0.703182  0.703178  0.703174
  0.703171  0.703168  0.703165  0.703162  0.703159  0.703156  0.703154  0.703152
  0.703150  0.703148  0.703146  0.703145  0.703144  0.703143  0.703142  0.703141
  0.703140  0.703139  0.703138  0.703136  0.703135  0.703134  0.703133  0.703132
  0.703131  0.703130  0.703129  0.703128  0.703127  0.703126  0.703126
   1005.03   1.40000   0.40000   0.00500   0.00500   2.00000
 10.000000**********  0.400000  0.200000  0.100000  0.000000  0.001000  0.500000
   84176.2   84176.2  694187.9  694187.9
  101320.0  101320.0  101320.0  101320.0  101320.0  101320.0  101320.0  101320.0
  101320.0  101320.0  101320.0  101320.0  101320.0  101320.0  101320.0  101320.0
  101320.0  101320.0  101320.0  101320.0  101320.0  101320.0  101320.0  101320.0
  101320.0  101320.0  101320.0  101320.0  101320.0  101320.0  101320.0  101320.0
  101320.0  101320.0  101320.0  101320.0  101320.0
     288.1     288.1     288.1     288.1     288.1     288.1     288.1     288.1
     288.1     288.1     288.1     288.1     288.1     288.1     288.1     288.1
     288.1     288.1     288.1     288.1     288.1     288.1     288.1     288.1
     288.1     288.1     288.1     288.1     288.1     288.1     288.1     288.1
     288.1     288.1     288.1     288.1     288.1
  0.000000  0.000000  0.000000  0.000000  0.000000  0.000000  0.000000  0.000000
  0.000000  0.000000  0.000000  0.000000  0.000000  0.000000  0.000000  0.000000
  0.000000  0.000000  0.000000  0.000000  0.000000  0.000000  0.000000  0.000000
  0.000000  0.000000  0.000000  0.000000  0.000000  0.000000  0.000000  0.000000
  0.000000  0.000000  0.000000  0.000000  0.000000
166.041824166.041824166.041824166.041824166.041824166.041824166.041809166.041824
166.041824166.041824166.041824166.041824166.041824166.041824166.041824166.041824
166.041824166.041824166.041824166.041824166.041824166.041824166.041824166.041824
166.041824166.041824166.041824166.041824166.041824166.041824166.041824166.041824
166.041824166.041824166.041824166.041824166.041824
 16.137056 16.137056 16.137056 16.137056 16.137056 16.137056 16.137056 16.137056
 16.137056 16.137056 16.137056 16.137056 16.137056 16.137056 16.137056 16.137056
 16.137056 16.137056 16.137056 16.137056 16.137056 16.137056 16.137056 16.137056
 16.137056 16.137056 16.137056 16.137056 16.137056 16.137056 16.137056 16.137056
 16.137056 16.137056 16.137056 16.137056 16.137056
 -0.111479 -0.110811 -0.109976 -0.108933 -0.107629 -0.105999 -0.103961 -0.101414
 -0.098230 -0.094250 -0.089275 -0.083056 -0.075282 -0.065565 -0.053419 -0.040064
 -0.026710 -0.013355  0.000000  0.013355  0.026710  0.040064  0.053419  0.065565
  0.075282  0.083056  0.089275  0.094250  0.098230  0.101414  0.103961  0.105999
  0.107629  0.108933  0.109976  0.110811  0.111479
  1.000000  1.250000  1.562500  1.953125  2.441406  3.051758  3.814697  4.768372
  5.960464  7.450581  9.313226 11.641532 14.551915 18.189894 20.000000 20.000000
 20.000000 20.000000 20.000000 20.000000 20.000000 20.000000 18.189894 14.551915
 11.641532  9.313226  7.450581  5.960464  4.768372  3.814697  3.051758  2.441406
  1.953125  1.562500  1.250000  1.000000
  1.000000  1.250000  1.562500  1.953125  2.441406  3.051758  3.814697  4.768372
  5.960464  7.450581  9.313226 11.641532 14.551915 18.189894 20.000000 20.000000
 20.000000 20.000000 20.000000 20.000000 20.000000 20.000000 18.189894 14.551915
 11.641532  9.313226  7.450581  5.960464  4.768372  3.814697  3.051758  2.441406
  1.953125  1.562500  1.250000  1.000000
 9000 9000 9000 9000 9000
 0 0 0 0 0 0 0 0 0 0 0 0 0 0 0 0 0 0 0 0
 0 0 0 0 0 0 0 0 0 0 0 0 0 0 0 0 0 0 0 0 0 0 0 0 0 0 0 0 0 0 0 0 0 0 0 0 0
  800000.0     0.500     0.000     0.800    3000.0     1.000     0.000
  0.025000  0.800000  1.000000  0.800000
  0.050000  0.050000  0.050000  0.050000  0.050000  0.030000
  0.050000  0.050000  0.050000  0.050000  0.050000  0.030000
  0.050000  0.050000  0.050000  0.050000  0.050000  0.030000
  0.050000  0.050000  0.050000  0.050000  0.050000  0.030000
  0.050000  0.050000  0.050000  0.050000  0.050000  0.030000
  0.050000  0.050000  0.050000  0.050000  0.050000  0.030000
  0.050000  0.050000  0.050000  0.050000  0.050000  0.030000
  0.050000  0.050000  0.050000  0.050000  0.050000  0.030000
  0.050000  0.050000  0.050000  0.050000  0.050000  0.030000
  0.050000  0.050000  0.050000  0.050000  0.050000  0.030000
  0.050000  0.050000  0.050000  0.050000  0.050000  0.030000
  0.050000  0.050000  0.050000  0.050000  0.050000  0.030000
   2.00000 1000
   1   1   2   2   3   3   4   4   5   5   6   6
  7.500000 25.000000
