 DATA SET FOR "multall" . GENERATED BY "stagen" .                       
    CP   and   GAMMA 
 1005.0250    1.4000
       ITIMST 
         3
     CFL,    DAMP,    MACHLIM,    F_PDOWN 
  0.400000 10.000000  2.000000  0.000000
  IF_RESTART 
         0
  NSTEPS_MAX, CONLIM 
      9000  0.001000
   SFX,      SFT,      FAC_4TH,     NCHANGE 
  0.005000  0.005000  0.800000      1000
       NUMBER OF BLADE ROWS 
        12
        IM        KM 
        37        37
  FP(I),I=1,IMM1 
  1.000000  1.250000  1.562500  1.953125  2.441406  3.051758  3.814697  4.768372
  5.960464  7.450581  9.313226 11.641532 14.551915 18.189894 20.000000 20.000000
 20.000000 20.000000 20.000000 20.000000 20.000000 20.000000 18.189894 14.551915
 11.641532  9.313226  7.450581  5.960464  4.768372  3.814697  3.051758  2.441406
  1.953125  1.562500  1.250000  1.000000
  FR(K),K=1,KMM1 
  1.000000  1.250000  1.562500  1.953125  2.441406  3.051758  3.814697  4.768372
  5.960464  7.450581  9.313226 11.641532 14.551915 18.189894 20.000000 20.000000
 20.000000 20.000000 20.000000 20.000000 20.000000 20.000000 18.189894 14.551915
 11.641532  9.313226  7.450581  5.960464  4.768372  3.814697  3.051758  2.441406
  1.953125  1.562500  1.250000  1.000000
        IR        JR        KR        IRBB      JRBB      KRBB 
         3         3         3         9         9         9
   FBLK1,     FBLK2,     FBLK3  
  0.400000  0.200000  0.100000
       IFMIX 
         1
   RFMIX,    FEXTRAP,   FSMTHB,    FANGLE 
  0.025000  0.800000  1.000000  0.800000
      IFCOOL    IFBLEED    IF_ROUGH 
         0         0         0
       NSECS_IN 
         3
       IN_PRESS  IN_VTAN   IN_VR    IN_FLOW  IF_REPEAT  RFIN 
         0         0         1         0         0   0.50000
  IPOUT  SFEXIT  NSFEXIT 
    1  0.000000    0
  PLATE_LOSS  THROTTLE_EXIT 
  0.000000  0.000000
        ILOS      NLOS      IBOUND 
        10         5         0
   REYNO,     RF_VIS,   FTRANS, TURBVIS_LIM, PRANDTL, YPLUSWALL
  800000.0     0.500     0.000  3000.000       1.0     0.000
   YPLAM      YPTURB 
  5.000000 25.000000
      ISHIFT    NEXTRAP_LE  NEXTRAP_TE 
         2        10        10
  (NSTG(N),N=1,NROWS) 
         1         1         2         2         3         3         4         4
         5         5         6         6
  5  TIME STEPS FOR PRINTOUT 
      9000      9000      9000      9000      9000
  MARKER FOR VARIABLES TO BE SENT TO THE OUTPUT FILE.
 0 0 0 0 0 0 0 0 0 0 0 0 0 0 0 0 0 0 0 0
  STREAM SURFACES ON WHICH RESULTS ARE TO BE SENT TO   THE OUTPUT FILE 
 0 0 0 0 0 0 0 0 0 0 0 0 0 0 0 0 0 0 0 0 0 0 0 0 0 0 0 0 0 0 0 0 0 0 0 0 0
 ***************************************************************
 ************STARTING THE INPUT FOR EACH BLADE ROW**************
  BLADE ROW NUMBER =        1                                           
    NUMBER OF BLADES IN ROW 
        78
        JM        JLE       JTE 
       111        26        96
      KTIPSTART  KTIPEND 
         0         0
       BOUNDARY LAYER TRANSITION POINTS 
         0         0         0         0
  SET NEWGRID= 1 TO GENERATE A NEW GRID WITH DIFFERENT "J" POINTS AND SPACINGS.
         0
   RPMROW,    RPMHUB 
   12000.0   12000.0
       JROTHS    JROTHE    JROTTS    JROTTE 
         1         1         1         1
   PUPROW    PLEROW   PTEROW    PDROW 
   50173.8   50173.8   66714.5   66714.5
      NSECS_ROW   INSURF  
         3         0
  IF_CUSP_OUT   IFANGLES 
         1         0
         0         3         0
 ***************************************************************
  ROW NUMBER           1  SECTION NUMBER            1
           0           0           0  IF_DESIGN etc 
   1.00000   0.00000    0
 -0.010298 -0.009122 -0.008075 -0.007141 -0.006308 -0.005566 -0.004905 -0.004315
 -0.003790 -0.003321 -0.002903 -0.002531 -0.002199 -0.001904 -0.001640 -0.001405
 -0.001195 -0.001009 -0.000842 -0.000694 -0.000561 -0.000443 -0.000338 -0.000244
 -0.000161 -0.000086 -0.000012  0.000065  0.000146  0.000231  0.000320  0.000414
  0.000513  0.000616  0.000726  0.000841  0.000962  0.001090  0.001225  0.001366
  0.001515  0.001671  0.001835  0.002007  0.002188  0.002377  0.002576  0.002785
  0.003005  0.003235  0.003478  0.003734  0.004003  0.004287  0.004590  0.004916
  0.005264  0.005636  0.006029  0.006443  0.006875  0.007319  0.007766  0.008216
  0.008665  0.009113  0.009558  0.010000  0.010441  0.010884  0.011329  0.011774
  0.012219  0.012664  0.013106  0.013542  0.013970  0.014387  0.014794  0.015190
  0.015574  0.015945  0.016306  0.016656  0.016996  0.017325  0.017643  0.017952
  0.018249  0.018536  0.018812  0.019078  0.019333  0.019578  0.019812  0.020035
  0.020259  0.020496  0.020746  0.021010  0.021290  0.021586  0.021898  0.022229
  0.022578  0.022948  0.023339  0.023751  0.024188  0.024650  0.025137
  1.000000  0.000000
  0.038990  0.036404  0.034100  0.032045  0.030213  0.028580  0.027124  0.025826
  0.024668  0.023636  0.022716  0.021896  0.021165  0.020512  0.019931  0.019413
  0.018950  0.018538  0.018171  0.017843  0.017551  0.017291  0.017059  0.016852
  0.016667  0.016502  0.016769  0.016752  0.016695  0.016616  0.016518  0.016400
  0.016259  0.016093  0.015908  0.015710  0.015499  0.015275  0.015037  0.014785
  0.014517  0.014235  0.013937  0.013622  0.013290  0.012940  0.012570  0.012180
  0.011769  0.011336  0.010878  0.010395  0.009883  0.009341  0.008763  0.008139
  0.007469  0.006754  0.005994  0.005193  0.004356  0.003495  0.002624  0.001749
  0.000873  0.000000 -0.000869 -0.001731 -0.002594 -0.003460 -0.004328 -0.005198
 -0.006068 -0.006935 -0.007798 -0.008648 -0.009481 -0.010293 -0.011085 -0.011853
 -0.012598 -0.013318 -0.014016 -0.014693 -0.015349 -0.015984 -0.016598 -0.017191
 -0.017763 -0.018314 -0.018844 -0.019352 -0.019840 -0.020307 -0.020754 -0.021322
 -0.021685 -0.022068 -0.022472 -0.022901 -0.023353 -0.023831 -0.024337 -0.024871
 -0.025436 -0.026033 -0.026665 -0.027332 -0.028038 -0.028783 -0.029572
  1.000000
  0.000000  0.000000  0.000000  0.000000  0.000000  0.000000  0.000000  0.000000
  0.000000  0.000000  0.000000  0.000000  0.000000  0.000000  0.000000  0.000000
  0.000000  0.000000  0.000000  0.000000  0.000000  0.000000  0.000000  0.000000
  0.000000  0.000000  0.000798  0.001031  0.001214  0.001381  0.001536  0.001680
  0.001810  0.001925  0.002033  0.002139  0.002245  0.002351  0.002457  0.002562
  0.002668  0.002772  0.002876  0.002978  0.003080  0.003181  0.003280  0.003378
  0.003473  0.003567  0.003658  0.003746  0.003831  0.003912  0.003989  0.004062
  0.004129  0.004189  0.004240  0.004281  0.004309  0.004325  0.004327  0.004315
  0.004291  0.004255  0.004208  0.004149  0.004081  0.004001  0.003911  0.003811
  0.003701  0.003583  0.003456  0.003321  0.003182  0.003038  0.002890  0.002740
  0.002589  0.002437  0.002284  0.002131  0.001978  0.001826  0.001675  0.001525
  0.001377  0.001232  0.001089  0.000949  0.000813  0.000680  0.000522  0.000000
  0.000000  0.000000  0.000000  0.000000  0.000000  0.000000  0.000000  0.000000
  0.000000  0.000000  0.000000  0.000000  0.000000  0.000000  0.000000
  1.000000  0.000000
  0.474307  0.474326  0.474349  0.474375  0.474403  0.474430  0.474458  0.474485
  0.474512  0.474536  0.474560  0.474582  0.474602  0.474621  0.474639  0.474655
  0.474669  0.474682  0.474695  0.474706  0.474715  0.474724  0.474732  0.474740
  0.474746  0.474752  0.474763  0.474774  0.474787  0.474800  0.474813  0.474828
  0.474843  0.474859  0.474877  0.474895  0.474915  0.474935  0.474958  0.474981
  0.475006  0.475033  0.475061  0.475091  0.475123  0.475157  0.475192  0.475231
  0.475271  0.475314  0.475360  0.475409  0.475461  0.475516  0.475576  0.475641
  0.475711  0.475787  0.475868  0.475953  0.476043  0.476136  0.476231  0.476326
  0.476421  0.476515  0.476609  0.476701  0.476793  0.476885  0.476976  0.477066
  0.477155  0.477243  0.477328  0.477411  0.477491  0.477567  0.477639  0.477708
  0.477772  0.477833  0.477891  0.477944  0.477995  0.478042  0.478087  0.478128
  0.478166  0.478202  0.478234  0.478265  0.478292  0.478318  0.478341  0.478362
  0.478378  0.478395  0.478413  0.478430  0.478449  0.478468  0.478487  0.478507
  0.478527  0.478548  0.478569  0.478590  0.478611  0.478633  0.478660
 ***************************************************************
  ROW NUMBER           1  SECTION NUMBER            2
           0           0           0  IF_DESIGN etc 
   1.00000   0.00000    0
 -0.010153 -0.008997 -0.007966 -0.007047 -0.006227 -0.005497 -0.004845 -0.004264
 -0.003747 -0.003285 -0.002873 -0.002506 -0.002179 -0.001887 -0.001627 -0.001395
 -0.001188 -0.001004 -0.000839 -0.000693 -0.000562 -0.000445 -0.000341 -0.000249
 -0.000166 -0.000093 -0.000019  0.000058  0.000139  0.000223  0.000312  0.000406
  0.000504  0.000608  0.000717  0.000832  0.000953  0.001081  0.001215  0.001357
  0.001505  0.001661  0.001825  0.001997  0.002178  0.002367  0.002566  0.002775
  0.002995  0.003226  0.003469  0.003725  0.003995  0.004280  0.004583  0.004910
  0.005259  0.005632  0.006027  0.006442  0.006876  0.007321  0.007770  0.008221
  0.008672  0.009122  0.009568  0.010012  0.010455  0.010899  0.011345  0.011792
  0.012238  0.012683  0.013126  0.013563  0.013990  0.014408  0.014815  0.015210
  0.015593  0.015964  0.016324  0.016673  0.017011  0.017339  0.017656  0.017962
  0.018258  0.018543  0.018817  0.019081  0.019334  0.019576  0.019808  0.020028
  0.020249  0.020483  0.020730  0.020991  0.021267  0.021558  0.021867  0.022193
  0.022537  0.022901  0.023286  0.023693  0.024124  0.024579  0.025059
  1.000000  0.000000
  0.038431  0.035884  0.033614  0.031590  0.029785  0.028176  0.026741  0.025462
  0.024321  0.023304  0.022397  0.021589  0.020868  0.020225  0.019652  0.019142
  0.018686  0.018280  0.017918  0.017595  0.017307  0.017050  0.016822  0.016617
  0.016436  0.016273  0.016535  0.016519  0.016462  0.016383  0.016286  0.016170
  0.016030  0.015867  0.015684  0.015488  0.015280  0.015059  0.014824  0.014575
  0.014311  0.014032  0.013738  0.013428  0.013100  0.012754  0.012390  0.012005
  0.011599  0.011172  0.010720  0.010243  0.009738  0.009204  0.008634  0.008019
  0.007358  0.006653  0.005904  0.005115  0.004289  0.003441  0.002584  0.001722
  0.000860  0.000000 -0.000855 -0.001704 -0.002552 -0.003404 -0.004258 -0.005114
 -0.005969 -0.006821 -0.007669 -0.008504 -0.009322 -0.010121 -0.010898 -0.011653
 -0.012384 -0.013091 -0.013777 -0.014442 -0.015086 -0.015709 -0.016312 -0.016894
 -0.017456 -0.017997 -0.018517 -0.019017 -0.019496 -0.019954 -0.020393 -0.020951
 -0.021307 -0.021684 -0.022081 -0.022502 -0.022946 -0.023416 -0.023913 -0.024438
 -0.024993 -0.025580 -0.026200 -0.026856 -0.027549 -0.028281 -0.029056
  1.000000
  0.000000  0.000000  0.000000  0.000000  0.000000  0.000000  0.000000  0.000000
  0.000000  0.000000  0.000000  0.000000  0.000000  0.000000  0.000000  0.000000
  0.000000  0.000000  0.000000  0.000000  0.000000  0.000000  0.000000  0.000000
  0.000000  0.000000  0.000786  0.001015  0.001195  0.001360  0.001512  0.001653
  0.001782  0.001895  0.002001  0.002105  0.002210  0.002314  0.002418  0.002522
  0.002626  0.002728  0.002830  0.002932  0.003032  0.003131  0.003228  0.003325
  0.003419  0.003511  0.003600  0.003687  0.003771  0.003850  0.003926  0.003998
  0.004064  0.004123  0.004174  0.004214  0.004242  0.004257  0.004259  0.004248
  0.004224  0.004188  0.004142  0.004084  0.004016  0.003938  0.003850  0.003751
  0.003643  0.003527  0.003401  0.003269  0.003132  0.002990  0.002845  0.002697
  0.002548  0.002398  0.002248  0.002097  0.001947  0.001797  0.001648  0.001501
  0.001355  0.001212  0.001072  0.000934  0.000800  0.000670  0.000514  0.000000
  0.000000  0.000000  0.000000  0.000000  0.000000  0.000000  0.000000  0.000000
  0.000000  0.000000  0.000000  0.000000  0.000000  0.000000  0.000000
  1.000000  0.000000
  0.500000  0.500000  0.500000  0.500000  0.500000  0.500000  0.500000  0.500000
  0.500000  0.500000  0.500000  0.500000  0.500000  0.500000  0.500000  0.500000
  0.500000  0.500000  0.500000  0.500000  0.500000  0.500000  0.500000  0.500000
  0.500000  0.500000  0.500000  0.500000  0.500000  0.500000  0.500000  0.500000
  0.500000  0.500000  0.500000  0.500000  0.500000  0.500000  0.500000  0.500000
  0.500000  0.500000  0.500000  0.500000  0.500000  0.500000  0.500000  0.500000
  0.500000  0.500000  0.500000  0.500000  0.500000  0.500000  0.500000  0.500000
  0.500000  0.500000  0.500000  0.500000  0.500000  0.500000  0.500000  0.500000
  0.500000  0.500000  0.500000  0.500000  0.500000  0.500000  0.500000  0.500000
  0.500000  0.500000  0.500000  0.500000  0.500000  0.500000  0.500000  0.500000
  0.500000  0.500000  0.500000  0.500000  0.500000  0.500000  0.500000  0.500000
  0.500000  0.500000  0.500000  0.500000  0.500000  0.500000  0.500000  0.500000
  0.500000  0.500000  0.500000  0.500000  0.500000  0.500000  0.500000  0.500000
  0.500000  0.500000  0.500000  0.500000  0.500000  0.500000  0.500000
 ***************************************************************
  ROW NUMBER           1  SECTION NUMBER            3
           0           0           0  IF_DESIGN etc 
   1.00000   0.00000    0
 -0.010298 -0.009122 -0.008075 -0.007141 -0.006308 -0.005566 -0.004905 -0.004315
 -0.003790 -0.003321 -0.002903 -0.002531 -0.002199 -0.001904 -0.001640 -0.001405
 -0.001195 -0.001009 -0.000842 -0.000694 -0.000561 -0.000443 -0.000338 -0.000244
 -0.000161 -0.000086 -0.000012  0.000065  0.000146  0.000231  0.000320  0.000414
  0.000513  0.000616  0.000726  0.000841  0.000962  0.001090  0.001225  0.001366
  0.001515  0.001671  0.001835  0.002007  0.002188  0.002377  0.002576  0.002785
  0.003005  0.003235  0.003478  0.003734  0.004003  0.004287  0.004590  0.004916
  0.005264  0.005636  0.006029  0.006443  0.006875  0.007319  0.007766  0.008216
  0.008665  0.009113  0.009558  0.010000  0.010441  0.010884  0.011329  0.011774
  0.012219  0.012664  0.013106  0.013542  0.013970  0.014387  0.014794  0.015190
  0.015574  0.015945  0.016306  0.016656  0.016996  0.017325  0.017643  0.017952
  0.018249  0.018536  0.018812  0.019078  0.019333  0.019578  0.019812  0.020035
  0.020259  0.020496  0.020746  0.021010  0.021290  0.021586  0.021898  0.022229
  0.022578  0.022948  0.023339  0.023752  0.024188  0.024650  0.025137
  1.000000  0.000000
  0.039094  0.036505  0.034197  0.032139  0.030303  0.028667  0.027208  0.025907
  0.024747  0.023712  0.022790  0.021968  0.021235  0.020581  0.019998  0.019479
  0.019015  0.018602  0.018234  0.017905  0.017613  0.017352  0.017119  0.016911
  0.016726  0.016561  0.016827  0.016810  0.016752  0.016671  0.016572  0.016453
  0.016312  0.016145  0.015958  0.015759  0.015547  0.015322  0.015083  0.014829
  0.014560  0.014276  0.013977  0.013660  0.013327  0.012975  0.012603  0.012211
  0.011798  0.011363  0.010903  0.010417  0.009904  0.009360  0.008779  0.008153
  0.007481  0.006764  0.006002  0.005199  0.004360  0.003497  0.002626  0.001750
  0.000874  0.000000 -0.000869 -0.001731 -0.002592 -0.003457 -0.004324 -0.005193
 -0.006060 -0.006925 -0.007785 -0.008633 -0.009462 -0.010272 -0.011061 -0.011826
 -0.012567 -0.013284 -0.013979 -0.014653 -0.015306 -0.015938 -0.016549 -0.017140
 -0.017709 -0.018257 -0.018784 -0.019291 -0.019777 -0.020242 -0.020686 -0.021253
 -0.021614 -0.021995 -0.022399 -0.022825 -0.023276 -0.023752 -0.024256 -0.024789
 -0.025352 -0.025947 -0.026576 -0.027241 -0.027944 -0.028687 -0.029473
  1.000000
  0.000000  0.000000  0.000000  0.000000  0.000000  0.000000  0.000000  0.000000
  0.000000  0.000000  0.000000  0.000000  0.000000  0.000000  0.000000  0.000000
  0.000000  0.000000  0.000000  0.000000  0.000000  0.000000  0.000000  0.000000
  0.000000  0.000000  0.000798  0.001031  0.001214  0.001381  0.001536  0.001680
  0.001810  0.001925  0.002033  0.002139  0.002245  0.002351  0.002457  0.002562
  0.002668  0.002772  0.002876  0.002978  0.003080  0.003181  0.003280  0.003378
  0.003473  0.003567  0.003658  0.003746  0.003831  0.003912  0.003989  0.004062
  0.004129  0.004189  0.004240  0.004281  0.004309  0.004325  0.004327  0.004315
  0.004291  0.004255  0.004208  0.004149  0.004081  0.004001  0.003911  0.003811
  0.003701  0.003583  0.003456  0.003321  0.003182  0.003038  0.002890  0.002740
  0.002589  0.002437  0.002284  0.002131  0.001978  0.001826  0.001675  0.001525
  0.001377  0.001232  0.001089  0.000949  0.000813  0.000680  0.000522  0.000000
  0.000000  0.000000  0.000000  0.000000  0.000000  0.000000  0.000000  0.000000
  0.000000  0.000000  0.000000  0.000000  0.000000  0.000000  0.000000
  1.000000  0.000000
  0.525693  0.525674  0.525651  0.525625  0.525597  0.525570  0.525542  0.525515
  0.525488  0.525464  0.525440  0.525418  0.525398  0.525379  0.525361  0.525345
  0.525331  0.525318  0.525305  0.525294  0.525285  0.525276  0.525268  0.525260
  0.525254  0.525248  0.525237  0.525226  0.525213  0.525200  0.525187  0.525172
  0.525157  0.525141  0.525123  0.525105  0.525085  0.525065  0.525042  0.525019
  0.524994  0.524967  0.524939  0.524909  0.524877  0.524843  0.524808  0.524769
  0.524729  0.524686  0.524640  0.524591  0.524539  0.524484  0.524424  0.524359
  0.524289  0.524213  0.524132  0.524047  0.523957  0.523864  0.523769  0.523674
  0.523580  0.523485  0.523391  0.523299  0.523207  0.523115  0.523024  0.522934
  0.522845  0.522757  0.522672  0.522589  0.522509  0.522433  0.522361  0.522292
  0.522228  0.522167  0.522109  0.522055  0.522005  0.521958  0.521913  0.521872
  0.521834  0.521798  0.521766  0.521735  0.521708  0.521682  0.521659  0.521638
  0.521622  0.521605  0.521587  0.521569  0.521551  0.521532  0.521513  0.521493
  0.521473  0.521452  0.521432  0.521411  0.521389  0.521367  0.521341
 ***************************************************************
 ************STARTING THE INPUT FOR EACH BLADE ROW**************
  BLADE ROW NUMBER =        2                                           
    NUMBER OF BLADES IN ROW 
        71
        JM        JLE       JTE 
       106        21        91
      KTIPSTART  KTIPEND 
         0         0
       BOUNDARY LAYER TRANSITION POINTS 
         0         0         0         0
  SET NEWGRID= 1 TO GENERATE A NEW GRID WITH DIFFERENT "J" POINTS AND SPACINGS.
         0
   RPMROW,    RPMHUB 
       0.0       0.0
       JROTHS    JROTHE    JROTTS    JROTTE 
         1         1         1         1
   PUPROW    PLEROW   PTEROW    PDROW 
   66714.5   66714.5   86459.5   86459.5
      NSECS_ROW   INSURF  
         3         0
  IF_CUSP_OUT   IFANGLES 
         1         0
         0         3         0
 ***************************************************************
  ROW NUMBER           2  SECTION NUMBER            1
           0           0           0  IF_DESIGN etc 
   1.00000   0.00000    0
  0.019431  0.020076  0.020656  0.021176  0.021642  0.022060  0.022435  0.022771
  0.023073  0.023343  0.023585  0.023803  0.023997  0.024172  0.024329  0.024469
  0.024595  0.024708  0.024809  0.024900  0.024981  0.025062  0.025147  0.025236
  0.025329  0.025427  0.025530  0.025639  0.025753  0.025873  0.025999  0.026133
  0.026273  0.026421  0.026576  0.026740  0.026912  0.027092  0.027280  0.027479
  0.027687  0.027906  0.028135  0.028376  0.028630  0.028896  0.029177  0.029473
  0.029785  0.030118  0.030476  0.030859  0.031266  0.031698  0.032153  0.032627
  0.033114  0.033605  0.034098  0.034591  0.035082  0.035570  0.036054  0.036538
  0.037023  0.037510  0.037998  0.038485  0.038971  0.039455  0.039932  0.040399
  0.040855  0.041300  0.041732  0.042150  0.042556  0.042949  0.043331  0.043701
  0.044059  0.044406  0.044741  0.045065  0.045377  0.045678  0.045967  0.046244
  0.046510  0.046764  0.047006  0.047248  0.047505  0.047776  0.048062  0.048365
  0.048686  0.049025  0.049383  0.049762  0.050163  0.050588  0.051037  0.051513
  0.052016  0.052547
  1.000000  0.000000
 -0.036693 -0.035270 -0.033993 -0.032848 -0.031821 -0.030900 -0.030074 -0.029334
 -0.028670 -0.028075 -0.027541 -0.027063 -0.026633 -0.026249 -0.025904 -0.025595
 -0.025317 -0.025069 -0.024846 -0.024646 -0.024467 -0.024033 -0.023782 -0.023550
 -0.023314 -0.023066 -0.022807 -0.022535 -0.022249 -0.021950 -0.021636 -0.021306
 -0.020960 -0.020598 -0.020218 -0.019821 -0.019406 -0.018974 -0.018522 -0.018051
 -0.017559 -0.017045 -0.016509 -0.015950 -0.015366 -0.014757 -0.014121 -0.013455
 -0.012759 -0.012024 -0.011241 -0.010412 -0.009538 -0.008622 -0.007672 -0.006692
 -0.005701 -0.004714 -0.003738 -0.002776 -0.001831 -0.000905  0.000000  0.000891
  0.001773  0.002643  0.003502  0.004347  0.005178  0.005990  0.006779  0.007539
  0.008271  0.008972  0.009643  0.010284  0.010895  0.011480  0.012039  0.012574
  0.013085  0.013572  0.014038  0.014481  0.014903  0.015304  0.015685  0.016047
  0.016389  0.016679  0.016720  0.017115  0.017532  0.017973  0.018439  0.018932
  0.019453  0.020004  0.020586  0.021201  0.021851  0.022538  0.023264  0.024031
  0.024841  0.025698
  1.000000
  0.000000  0.000000  0.000000  0.000000  0.000000  0.000000  0.000000  0.000000
  0.000000  0.000000  0.000000  0.000000  0.000000  0.000000  0.000000  0.000000
  0.000000  0.000000  0.000000  0.000000  0.000000  0.000581  0.000794  0.000947
  0.001074  0.001185  0.001282  0.001365  0.001441  0.001519  0.001600  0.001684
  0.001772  0.001862  0.001956  0.002053  0.002153  0.002256  0.002362  0.002470
  0.002581  0.002695  0.002811  0.002929  0.003049  0.003171  0.003294  0.003419
  0.003544  0.003670  0.003797  0.003924  0.004049  0.004169  0.004282  0.004386
  0.004477  0.004553  0.004613  0.004657  0.004685  0.004697  0.004693  0.004674
  0.004639  0.004588  0.004521  0.004439  0.004341  0.004228  0.004102  0.003963
  0.003814  0.003655  0.003488  0.003315  0.003136  0.002953  0.002764  0.002573
  0.002378  0.002182  0.001985  0.001788  0.001592  0.001397  0.001203  0.001013
  0.000825  0.000608  0.000000  0.000000  0.000000  0.000000  0.000000  0.000000
  0.000000  0.000000  0.000000  0.000000  0.000000  0.000000  0.000000  0.000000
  0.000000  0.000000
  1.000000  0.000000
  0.478303  0.478365  0.478406  0.478441  0.478471  0.478497  0.478519  0.478538
  0.478554  0.478569  0.478581  0.478592  0.478602  0.478610  0.478618  0.478625
  0.478631  0.478636  0.478641  0.478645  0.478649  0.478655  0.478661  0.478667
  0.478674  0.478682  0.478690  0.478698  0.478707  0.478717  0.478728  0.478739
  0.478751  0.478764  0.478778  0.478794  0.478810  0.478827  0.478846  0.478866
  0.478888  0.478911  0.478936  0.478963  0.478992  0.479024  0.479057  0.479094
  0.479133  0.479176  0.479223  0.479275  0.479331  0.479392  0.479458  0.479528
  0.479602  0.479677  0.479754  0.479832  0.479911  0.479990  0.480070  0.480149
  0.480230  0.480311  0.480392  0.480474  0.480555  0.480636  0.480715  0.480792
  0.480867  0.480940  0.481010  0.481077  0.481141  0.481203  0.481262  0.481318
  0.481372  0.481424  0.481473  0.481519  0.481563  0.481605  0.481645  0.481682
  0.481717  0.481750  0.481781  0.481815  0.481850  0.481886  0.481922  0.481958
  0.481994  0.482030  0.482065  0.482099  0.482131  0.482155  0.482172  0.482185
  0.482196  0.482204
 ***************************************************************
  ROW NUMBER           2  SECTION NUMBER            2
           0           0           0  IF_DESIGN etc 
   1.00000   0.00000    0
  0.019479  0.020120  0.020696  0.021212  0.021674  0.022089  0.022461  0.022794
  0.023093  0.023361  0.023601  0.023817  0.024010  0.024183  0.024338  0.024477
  0.024602  0.024714  0.024814  0.024904  0.024985  0.025065  0.025150  0.025238
  0.025331  0.025428  0.025530  0.025638  0.025752  0.025871  0.025997  0.026129
  0.026269  0.026416  0.026571  0.026734  0.026905  0.027084  0.027272  0.027470
  0.027677  0.027895  0.028124  0.028365  0.028617  0.028883  0.029164  0.029459
  0.029771  0.030103  0.030460  0.030843  0.031251  0.031683  0.032138  0.032612
  0.033100  0.033591  0.034085  0.034579  0.035071  0.035560  0.036045  0.036530
  0.037017  0.037505  0.037993  0.038482  0.038969  0.039454  0.039932  0.040400
  0.040858  0.041303  0.041736  0.042155  0.042561  0.042954  0.043337  0.043707
  0.044066  0.044413  0.044748  0.045071  0.045383  0.045684  0.045972  0.046249
  0.046514  0.046768  0.047010  0.047252  0.047507  0.047778  0.048063  0.048365
  0.048684  0.049022  0.049379  0.049756  0.050155  0.050576  0.051022  0.051493
  0.051990  0.052517
  1.000000  0.000000
 -0.036380 -0.034966 -0.033699 -0.032562 -0.031543 -0.030630 -0.029811 -0.029077
 -0.028419 -0.027829 -0.027300 -0.026825 -0.026400 -0.026019 -0.025677 -0.025370
 -0.025095 -0.024849 -0.024628 -0.024430 -0.024253 -0.023822 -0.023573 -0.023344
 -0.023109 -0.022864 -0.022607 -0.022337 -0.022054 -0.021757 -0.021446 -0.021119
 -0.020776 -0.020416 -0.020040 -0.019646 -0.019235 -0.018806 -0.018358 -0.017891
 -0.017403 -0.016893 -0.016362 -0.015807 -0.015229 -0.014625 -0.013994 -0.013334
 -0.012643 -0.011914 -0.011138 -0.010316 -0.009449 -0.008542 -0.007600 -0.006629
 -0.005647 -0.004669 -0.003702 -0.002749 -0.001813 -0.000896  0.000000  0.000882
  0.001755  0.002616  0.003466  0.004302  0.005123  0.005927  0.006707  0.007458
  0.008181  0.008874  0.009537  0.010170  0.010774  0.011352  0.011904  0.012432
  0.012936  0.013418  0.013877  0.014314  0.014731  0.015127  0.015503  0.015860
  0.016198  0.016483  0.016523  0.016912  0.017324  0.017760  0.018220  0.018706
  0.019221  0.019764  0.020339  0.020947  0.021589  0.022268  0.022986  0.023744
  0.024546  0.025394
  1.000000
  0.000000  0.000000  0.000000  0.000000  0.000000  0.000000  0.000000  0.000000
  0.000000  0.000000  0.000000  0.000000  0.000000  0.000000  0.000000  0.000000
  0.000000  0.000000  0.000000  0.000000  0.000000  0.000575  0.000786  0.000937
  0.001063  0.001174  0.001269  0.001351  0.001427  0.001504  0.001584  0.001667
  0.001754  0.001844  0.001937  0.002033  0.002132  0.002234  0.002338  0.002446
  0.002556  0.002668  0.002783  0.002900  0.003019  0.003139  0.003261  0.003384
  0.003508  0.003633  0.003759  0.003885  0.004008  0.004127  0.004240  0.004342
  0.004432  0.004508  0.004567  0.004611  0.004638  0.004650  0.004646  0.004627
  0.004593  0.004542  0.004476  0.004395  0.004298  0.004186  0.004061  0.003924
  0.003776  0.003619  0.003454  0.003282  0.003105  0.002923  0.002737  0.002547
  0.002355  0.002161  0.001966  0.001770  0.001576  0.001383  0.001191  0.001003
  0.000817  0.000602  0.000000  0.000000  0.000000  0.000000  0.000000  0.000000
  0.000000  0.000000  0.000000  0.000000  0.000000  0.000000  0.000000  0.000000
  0.000000  0.000000
  1.000000  0.000000
  0.500000  0.500000  0.500000  0.500000  0.500000  0.500000  0.500000  0.500000
  0.500000  0.500000  0.500000  0.500000  0.500000  0.500000  0.500000  0.500000
  0.500000  0.500000  0.500000  0.500000  0.500000  0.500000  0.500000  0.500000
  0.500000  0.500000  0.500000  0.500000  0.500000  0.500000  0.500000  0.500000
  0.500000  0.500000  0.500000  0.500000  0.500000  0.500000  0.500000  0.500000
  0.500000  0.500000  0.500000  0.500000  0.500000  0.500000  0.500000  0.500000
  0.500000  0.500000  0.500000  0.500000  0.500000  0.500000  0.500000  0.500000
  0.500000  0.500000  0.500000  0.500000  0.500000  0.500000  0.500000  0.500000
  0.500000  0.500000  0.500000  0.500000  0.500000  0.500000  0.500000  0.500000
  0.500000  0.500000  0.500000  0.500000  0.500000  0.500000  0.500000  0.500000
  0.500000  0.500000  0.500000  0.500000  0.500000  0.500000  0.500000  0.500000
  0.500000  0.500000  0.500000  0.500000  0.500000  0.500000  0.500000  0.500000
  0.500000  0.500000  0.500000  0.500000  0.500000  0.500000  0.500000  0.500000
  0.500000  0.500000
 ***************************************************************
  ROW NUMBER           2  SECTION NUMBER            3
           0           0           0  IF_DESIGN etc 
   1.00000   0.00000    0
  0.019431  0.020076  0.020656  0.021176  0.021642  0.022060  0.022435  0.022771
  0.023073  0.023343  0.023585  0.023803  0.023997  0.024172  0.024329  0.024469
  0.024595  0.024708  0.024809  0.024900  0.024981  0.025062  0.025147  0.025236
  0.025329  0.025427  0.025530  0.025639  0.025753  0.025873  0.025999  0.026133
  0.026273  0.026421  0.026576  0.026740  0.026912  0.027092  0.027280  0.027479
  0.027687  0.027906  0.028135  0.028377  0.028630  0.028897  0.029177  0.029473
  0.029786  0.030118  0.030476  0.030859  0.031267  0.031699  0.032153  0.032627
  0.033114  0.033605  0.034098  0.034591  0.035082  0.035570  0.036054  0.036538
  0.037023  0.037510  0.037998  0.038485  0.038971  0.039455  0.039932  0.040399
  0.040855  0.041300  0.041732  0.042150  0.042556  0.042949  0.043331  0.043701
  0.044059  0.044406  0.044741  0.045065  0.045377  0.045678  0.045967  0.046244
  0.046510  0.046764  0.047006  0.047248  0.047505  0.047776  0.048062  0.048365
  0.048686  0.049025  0.049383  0.049762  0.050163  0.050588  0.051037  0.051513
  0.052016  0.052547
  1.000000  0.000000
 -0.036794 -0.035362 -0.034079 -0.032929 -0.031898 -0.030974 -0.030145 -0.029403
 -0.028737 -0.028140 -0.027605 -0.027125 -0.026695 -0.026309 -0.025964 -0.025654
 -0.025376 -0.025127 -0.024904 -0.024703 -0.024524 -0.024089 -0.023837 -0.023605
 -0.023368 -0.023120 -0.022860 -0.022587 -0.022301 -0.022000 -0.021685 -0.021354
 -0.021008 -0.020644 -0.020264 -0.019865 -0.019449 -0.019015 -0.018562 -0.018089
 -0.017596 -0.017080 -0.016543 -0.015982 -0.015397 -0.014786 -0.014147 -0.013480
 -0.012781 -0.012044 -0.011259 -0.010427 -0.009551 -0.008634 -0.007681 -0.006699
 -0.005706 -0.004718 -0.003740 -0.002777 -0.001831 -0.000905  0.000000  0.000891
  0.001772  0.002642  0.003500  0.004344  0.005172  0.005983  0.006770  0.007528
  0.008257  0.008956  0.009624  0.010263  0.010871  0.011453  0.012010  0.012542
  0.013050  0.013535  0.013997  0.014438  0.014857  0.015256  0.015635  0.015994
  0.016334  0.016621  0.016660  0.017053  0.017468  0.017906  0.018370  0.018860
  0.019378  0.019926  0.020505  0.021117  0.021765  0.022449  0.023174  0.023939
  0.024749  0.025605
  1.000000
  0.000000  0.000000  0.000000  0.000000  0.000000  0.000000  0.000000  0.000000
  0.000000  0.000000  0.000000  0.000000  0.000000  0.000000  0.000000  0.000000
  0.000000  0.000000  0.000000  0.000000  0.000000  0.000581  0.000794  0.000947
  0.001074  0.001185  0.001282  0.001365  0.001441  0.001519  0.001600  0.001684
  0.001772  0.001862  0.001956  0.002053  0.002153  0.002256  0.002362  0.002470
  0.002581  0.002695  0.002811  0.002929  0.003049  0.003171  0.003294  0.003419
  0.003544  0.003670  0.003797  0.003924  0.004049  0.004169  0.004282  0.004386
  0.004477  0.004553  0.004613  0.004657  0.004685  0.004697  0.004693  0.004674
  0.004639  0.004588  0.004521  0.004439  0.004341  0.004228  0.004102  0.003963
  0.003814  0.003655  0.003488  0.003315  0.003136  0.002953  0.002764  0.002573
  0.002378  0.002182  0.001985  0.001788  0.001592  0.001397  0.001203  0.001013
  0.000825  0.000608  0.000000  0.000000  0.000000  0.000000  0.000000  0.000000
  0.000000  0.000000  0.000000  0.000000  0.000000  0.000000  0.000000  0.000000
  0.000000  0.000000
  1.000000  0.000000
  0.521697  0.521635  0.521594  0.521558  0.521529  0.521503  0.521481  0.521462
  0.521446  0.521431  0.521419  0.521408  0.521399  0.521390  0.521383  0.521376
  0.521370  0.521365  0.521360  0.521356  0.521352  0.521346  0.521340  0.521334
  0.521327  0.521319  0.521312  0.521303  0.521294  0.521284  0.521274  0.521262
  0.521250  0.521237  0.521223  0.521208  0.521192  0.521174  0.521155  0.521135
  0.521114  0.521090  0.521065  0.521038  0.521009  0.520978  0.520945  0.520908
  0.520869  0.520826  0.520779  0.520727  0.520671  0.520610  0.520544  0.520474
  0.520400  0.520325  0.520248  0.520170  0.520090  0.520011  0.519932  0.519852
  0.519772  0.519690  0.519609  0.519527  0.519446  0.519365  0.519286  0.519209
  0.519133  0.519061  0.518991  0.518924  0.518860  0.518798  0.518739  0.518682
  0.518628  0.518577  0.518528  0.518481  0.518437  0.518395  0.518355  0.518318
  0.518283  0.518250  0.518219  0.518185  0.518150  0.518115  0.518079  0.518042
  0.518006  0.517970  0.517935  0.517901  0.517869  0.517845  0.517829  0.517815
  0.517804  0.517796
 ***************************************************************
 ************STARTING THE INPUT FOR EACH BLADE ROW**************
  BLADE ROW NUMBER =        3                                           
    NUMBER OF BLADES IN ROW 
        71
        JM        JLE       JTE 
       106        21        91
      KTIPSTART  KTIPEND 
         0         0
       BOUNDARY LAYER TRANSITION POINTS 
         0         0         0         0
  SET NEWGRID= 1 TO GENERATE A NEW GRID WITH DIFFERENT "J" POINTS AND SPACINGS.
         0
   RPMROW,    RPMHUB 
   12000.0   12000.0
       JROTHS    JROTHE    JROTTS    JROTTE 
         1         1         1         1
   PUPROW    PLEROW   PTEROW    PDROW 
   86459.5   86459.5  109992.8  109992.8
      NSECS_ROW   INSURF  
         3         0
  IF_CUSP_OUT   IFANGLES 
         1         0
         0         3         0
 ***************************************************************
  ROW NUMBER           3  SECTION NUMBER            1
           0           0           0  IF_DESIGN etc 
   1.00000   0.00000    0
  0.051451  0.052096  0.052675  0.053194  0.053659  0.054076  0.054450  0.054785
  0.055085  0.055354  0.055596  0.055812  0.056006  0.056180  0.056336  0.056476
  0.056602  0.056714  0.056815  0.056905  0.056986  0.057067  0.057151  0.057240
  0.057333  0.057431  0.057533  0.057641  0.057755  0.057875  0.058001  0.058134
  0.058274  0.058421  0.058576  0.058740  0.058911  0.059090  0.059279  0.059476
  0.059684  0.059902  0.060132  0.060372  0.060625  0.060891  0.061172  0.061467
  0.061779  0.062111  0.062468  0.062851  0.063259  0.063690  0.064144  0.064619
  0.065105  0.065596  0.066089  0.066582  0.067074  0.067562  0.068046  0.068530
  0.069016  0.069503  0.069991  0.070479  0.070966  0.071450  0.071928  0.072396
  0.072853  0.073298  0.073730  0.074149  0.074555  0.074949  0.075331  0.075702
  0.076061  0.076409  0.076744  0.077069  0.077381  0.077682  0.077971  0.078249
  0.078515  0.078769  0.079012  0.079255  0.079512  0.079783  0.080070  0.080374
  0.080695  0.081034  0.081392  0.081771  0.082172  0.082596  0.083044  0.083517
  0.084017  0.084546
  1.000000  0.000000
  0.030081  0.028660  0.027386  0.026244  0.025220  0.024302  0.023479  0.022741
  0.022080  0.021487  0.020955  0.020478  0.020051  0.019668  0.019324  0.019016
  0.018740  0.018493  0.018271  0.018072  0.017893  0.018182  0.018164  0.018102
  0.018015  0.017909  0.017781  0.017628  0.017448  0.017247  0.017032  0.016803
  0.016560  0.016302  0.016028  0.015738  0.015432  0.015108  0.014767  0.014407
  0.014027  0.013626  0.013203  0.012757  0.012287  0.011791  0.011266  0.010712
  0.010124  0.009497  0.008821  0.008095  0.007319  0.006496  0.005628  0.004720
  0.003787  0.002843  0.001895  0.000946  0.000000 -0.000941 -0.001876 -0.002810
 -0.003748 -0.004688 -0.005631 -0.006572 -0.007512 -0.008446 -0.009366 -0.010268
 -0.011148 -0.012005 -0.012837 -0.013643 -0.014422 -0.015178 -0.015911 -0.016622
 -0.017309 -0.017973 -0.018615 -0.019234 -0.019831 -0.020404 -0.020955 -0.021483
 -0.021989 -0.022472 -0.023087 -0.023480 -0.023894 -0.024333 -0.024796 -0.025286
 -0.025804 -0.026351 -0.026930 -0.027541 -0.028188 -0.028871 -0.029594 -0.030357
 -0.031165 -0.032018
  1.000000
  0.000000  0.000000  0.000000  0.000000  0.000000  0.000000  0.000000  0.000000
  0.000000  0.000000  0.000000  0.000000  0.000000  0.000000  0.000000  0.000000
  0.000000  0.000000  0.000000  0.000000  0.000000  0.000865  0.001117  0.001316
  0.001497  0.001665  0.001820  0.001961  0.002086  0.002202  0.002317  0.002432
  0.002547  0.002662  0.002776  0.002890  0.003003  0.003115  0.003227  0.003337
  0.003446  0.003554  0.003659  0.003763  0.003864  0.003963  0.004058  0.004150
  0.004238  0.004321  0.004400  0.004473  0.004538  0.004594  0.004638  0.004669
  0.004685  0.004688  0.004675  0.004649  0.004610  0.004559  0.004495  0.004421
  0.004335  0.004237  0.004129  0.004010  0.003882  0.003744  0.003598  0.003447
  0.003291  0.003131  0.002969  0.002805  0.002640  0.002474  0.002308  0.002143
  0.001978  0.001814  0.001652  0.001492  0.001334  0.001180  0.001028  0.000881
  0.000737  0.000566  0.000000  0.000000  0.000000  0.000000  0.000000  0.000000
  0.000000  0.000000  0.000000  0.000000  0.000000  0.000000  0.000000  0.000000
  0.000000  0.000000
  1.000000  0.000000
  0.482184  0.482197  0.482206  0.482212  0.482217  0.482229  0.482240  0.482251
  0.482260  0.482269  0.482278  0.482286  0.482293  0.482299  0.482305  0.482311
  0.482316  0.482320  0.482324  0.482328  0.482331  0.482336  0.482341  0.482346
  0.482352  0.482358  0.482365  0.482372  0.482379  0.482388  0.482396  0.482406
  0.482416  0.482427  0.482439  0.482452  0.482465  0.482480  0.482496  0.482513
  0.482531  0.482550  0.482571  0.482594  0.482618  0.482645  0.482673  0.482703
  0.482736  0.482772  0.482811  0.482854  0.482901  0.482951  0.483006  0.483063
  0.483123  0.483184  0.483247  0.483310  0.483373  0.483435  0.483498  0.483560
  0.483622  0.483685  0.483746  0.483808  0.483868  0.483927  0.483985  0.484040
  0.484093  0.484143  0.484191  0.484236  0.484279  0.484318  0.484356  0.484391
  0.484424  0.484454  0.484483  0.484509  0.484533  0.484555  0.484576  0.484595
  0.484612  0.484627  0.484641  0.484651  0.484661  0.484671  0.484682  0.484693
  0.484705  0.484717  0.484729  0.484742  0.484755  0.484768  0.484781  0.484796
  0.484810  0.484826
 ***************************************************************
  ROW NUMBER           3  SECTION NUMBER            2
           0           0           0  IF_DESIGN etc 
   1.00000   0.00000    0
  0.051479  0.052121  0.052696  0.053212  0.053675  0.054089  0.054461  0.054795
  0.055094  0.055361  0.055602  0.055817  0.056010  0.056183  0.056339  0.056478
  0.056603  0.056714  0.056815  0.056905  0.056985  0.057066  0.057150  0.057238
  0.057331  0.057428  0.057531  0.057639  0.057752  0.057872  0.057997  0.058130
  0.058270  0.058417  0.058572  0.058734  0.058905  0.059084  0.059273  0.059470
  0.059678  0.059896  0.060125  0.060365  0.060618  0.060884  0.061164  0.061460
  0.061772  0.062104  0.062461  0.062844  0.063252  0.063684  0.064138  0.064613
  0.065100  0.065592  0.066086  0.066580  0.067072  0.067561  0.068046  0.068531
  0.069018  0.069506  0.069994  0.070483  0.070971  0.071455  0.071933  0.072401
  0.072859  0.073304  0.073737  0.074156  0.074562  0.074956  0.075338  0.075708
  0.076067  0.076414  0.076749  0.077073  0.077385  0.077685  0.077974  0.078251
  0.078516  0.078769  0.079011  0.079253  0.079509  0.079779  0.080065  0.080367
  0.080686  0.081024  0.081380  0.081757  0.082156  0.082578  0.083023  0.083494
  0.083992  0.084518
  1.000000  0.000000
  0.029942  0.028528  0.027260  0.026124  0.025105  0.024192  0.023373  0.022639
  0.021980  0.021390  0.020861  0.020387  0.019961  0.019580  0.019238  0.018932
  0.018657  0.018411  0.018190  0.017992  0.017814  0.018101  0.018083  0.018020
  0.017934  0.017828  0.017700  0.017548  0.017369  0.017169  0.016955  0.016727
  0.016485  0.016228  0.015955  0.015666  0.015361  0.015039  0.014699  0.014340
  0.013962  0.013563  0.013142  0.012698  0.012229  0.011735  0.011213  0.010660
  0.010076  0.009451  0.008778  0.008055  0.007283  0.006463  0.005599  0.004695
  0.003767  0.002828  0.001885  0.000941  0.000000 -0.000936 -0.001865 -0.002794
 -0.003726 -0.004661 -0.005598 -0.006534 -0.007467 -0.008395 -0.009309 -0.010205
 -0.011079 -0.011930 -0.012756 -0.013557 -0.014331 -0.015081 -0.015809 -0.016514
 -0.017197 -0.017857 -0.018494 -0.019109 -0.019701 -0.020270 -0.020817 -0.021342
 -0.021844 -0.022323 -0.022935 -0.023325 -0.023737 -0.024172 -0.024632 -0.025119
 -0.025633 -0.026177 -0.026752 -0.027359 -0.028001 -0.028680 -0.029398 -0.030157
 -0.030959 -0.031807
  1.000000
  0.000000  0.000000  0.000000  0.000000  0.000000  0.000000  0.000000  0.000000
  0.000000  0.000000  0.000000  0.000000  0.000000  0.000000  0.000000  0.000000
  0.000000  0.000000  0.000000  0.000000  0.000000  0.000860  0.001111  0.001308
  0.001488  0.001655  0.001810  0.001950  0.002075  0.002190  0.002305  0.002419
  0.002533  0.002647  0.002761  0.002874  0.002987  0.003098  0.003209  0.003319
  0.003427  0.003534  0.003639  0.003742  0.003843  0.003941  0.004036  0.004128
  0.004215  0.004298  0.004376  0.004449  0.004514  0.004569  0.004612  0.004643
  0.004660  0.004662  0.004650  0.004624  0.004585  0.004534  0.004471  0.004397
  0.004311  0.004214  0.004106  0.003988  0.003860  0.003723  0.003579  0.003428
  0.003273  0.003114  0.002952  0.002789  0.002625  0.002461  0.002296  0.002131
  0.001967  0.001804  0.001643  0.001484  0.001327  0.001173  0.001023  0.000876
  0.000733  0.000563  0.000000  0.000000  0.000000  0.000000  0.000000  0.000000
  0.000000  0.000000  0.000000  0.000000  0.000000  0.000000  0.000000  0.000000
  0.000000  0.000000
  1.000000  0.000000
  0.500000  0.500000  0.500000  0.500000  0.500000  0.500000  0.500000  0.500000
  0.500000  0.500000  0.500000  0.500000  0.500000  0.500000  0.500000  0.500000
  0.500000  0.500000  0.500000  0.500000  0.500000  0.500000  0.500000  0.500000
  0.500000  0.500000  0.500000  0.500000  0.500000  0.500000  0.500000  0.500000
  0.500000  0.500000  0.500000  0.500000  0.500000  0.500000  0.500000  0.500000
  0.500000  0.500000  0.500000  0.500000  0.500000  0.500000  0.500000  0.500000
  0.500000  0.500000  0.500000  0.500000  0.500000  0.500000  0.500000  0.500000
  0.500000  0.500000  0.500000  0.500000  0.500000  0.500000  0.500000  0.500000
  0.500000  0.500000  0.500000  0.500000  0.500000  0.500000  0.500000  0.500000
  0.500000  0.500000  0.500000  0.500000  0.500000  0.500000  0.500000  0.500000
  0.500000  0.500000  0.500000  0.500000  0.500000  0.500000  0.500000  0.500000
  0.500000  0.500000  0.500000  0.500000  0.500000  0.500000  0.500000  0.500000
  0.500000  0.500000  0.500000  0.500000  0.500000  0.500000  0.500000  0.500000
  0.500000  0.500000
 ***************************************************************
  ROW NUMBER           3  SECTION NUMBER            3
           0           0           0  IF_DESIGN etc 
   1.00000   0.00000    0
  0.051451  0.052096  0.052675  0.053194  0.053659  0.054076  0.054450  0.054785
  0.055085  0.055354  0.055596  0.055812  0.056006  0.056180  0.056336  0.056476
  0.056602  0.056714  0.056815  0.056905  0.056986  0.057067  0.057151  0.057240
  0.057333  0.057431  0.057533  0.057641  0.057755  0.057875  0.058001  0.058134
  0.058274  0.058421  0.058576  0.058739  0.058911  0.059090  0.059279  0.059476
  0.059684  0.059902  0.060132  0.060372  0.060625  0.060891  0.061172  0.061467
  0.061779  0.062111  0.062468  0.062851  0.063259  0.063690  0.064144  0.064619
  0.065105  0.065596  0.066089  0.066582  0.067074  0.067562  0.068046  0.068530
  0.069016  0.069503  0.069991  0.070479  0.070966  0.071450  0.071928  0.072396
  0.072853  0.073298  0.073730  0.074149  0.074555  0.074949  0.075331  0.075702
  0.076061  0.076409  0.076744  0.077069  0.077381  0.077682  0.077971  0.078249
  0.078515  0.078769  0.079012  0.079255  0.079512  0.079783  0.080070  0.080374
  0.080695  0.081034  0.081392  0.081771  0.082172  0.082596  0.083044  0.083517
  0.084017  0.084546
  1.000000  0.000000
  0.030129  0.028707  0.027432  0.026289  0.025265  0.024346  0.023522  0.022783
  0.022121  0.021527  0.020995  0.020517  0.020089  0.019706  0.019362  0.019053
  0.018777  0.018529  0.018307  0.018108  0.017929  0.018217  0.018198  0.018136
  0.018049  0.017942  0.017814  0.017660  0.017479  0.017278  0.017063  0.016833
  0.016590  0.016331  0.016056  0.015765  0.015458  0.015134  0.014791  0.014430
  0.014049  0.013647  0.013223  0.012776  0.012305  0.011807  0.011282  0.010726
  0.010137  0.009508  0.008831  0.008103  0.007326  0.006501  0.005632  0.004723
  0.003789  0.002844  0.001896  0.000946  0.000000 -0.000941 -0.001875 -0.002809
 -0.003746 -0.004686 -0.005626 -0.006567 -0.007504 -0.008436 -0.009355 -0.010254
 -0.011132 -0.011987 -0.012816 -0.013620 -0.014397 -0.015151 -0.015881 -0.016589
 -0.017274 -0.017937 -0.018577 -0.019194 -0.019788 -0.020360 -0.020909 -0.021436
 -0.021940 -0.022421 -0.023036 -0.023427 -0.023841 -0.024278 -0.024740 -0.025229
 -0.025746 -0.026292 -0.026869 -0.027479 -0.028124 -0.028806 -0.029527 -0.030289
 -0.031095 -0.031947
  1.000000
  0.000000  0.000000  0.000000  0.000000  0.000000  0.000000  0.000000  0.000000
  0.000000  0.000000  0.000000  0.000000  0.000000  0.000000  0.000000  0.000000
  0.000000  0.000000  0.000000  0.000000  0.000000  0.000865  0.001117  0.001316
  0.001497  0.001665  0.001820  0.001961  0.002086  0.002202  0.002317  0.002432
  0.002547  0.002662  0.002776  0.002890  0.003003  0.003115  0.003227  0.003337
  0.003446  0.003554  0.003659  0.003763  0.003864  0.003963  0.004058  0.004150
  0.004238  0.004321  0.004400  0.004473  0.004538  0.004594  0.004638  0.004669
  0.004685  0.004688  0.004675  0.004649  0.004610  0.004559  0.004495  0.004421
  0.004335  0.004237  0.004129  0.004010  0.003882  0.003744  0.003598  0.003447
  0.003291  0.003131  0.002969  0.002805  0.002640  0.002474  0.002308  0.002143
  0.001978  0.001814  0.001652  0.001492  0.001334  0.001180  0.001028  0.000881
  0.000737  0.000566  0.000000  0.000000  0.000000  0.000000  0.000000  0.000000
  0.000000  0.000000  0.000000  0.000000  0.000000  0.000000  0.000000  0.000000
  0.000000  0.000000
  1.000000  0.000000
  0.517816  0.517803  0.517794  0.517788  0.517783  0.517771  0.517760  0.517749
  0.517740  0.517731  0.517722  0.517714  0.517707  0.517701  0.517695  0.517689
  0.517685  0.517680  0.517676  0.517672  0.517669  0.517664  0.517659  0.517654
  0.517648  0.517642  0.517635  0.517628  0.517621  0.517612  0.517604  0.517594
  0.517584  0.517573  0.517561  0.517549  0.517535  0.517520  0.517504  0.517487
  0.517469  0.517450  0.517429  0.517406  0.517382  0.517355  0.517327  0.517297
  0.517264  0.517228  0.517189  0.517146  0.517099  0.517048  0.516994  0.516937
  0.516877  0.516815  0.516753  0.516690  0.516627  0.516565  0.516502  0.516440
  0.516378  0.516316  0.516254  0.516192  0.516132  0.516072  0.516015  0.515960
  0.515907  0.515857  0.515809  0.515764  0.515721  0.515682  0.515644  0.515609
  0.515576  0.515546  0.515517  0.515491  0.515467  0.515445  0.515424  0.515405
  0.515388  0.515373  0.515359  0.515349  0.515339  0.515329  0.515318  0.515307
  0.515295  0.515283  0.515271  0.515258  0.515246  0.515232  0.515219  0.515205
  0.515190  0.515174
 ***************************************************************
 ************STARTING THE INPUT FOR EACH BLADE ROW**************
  BLADE ROW NUMBER =        4                                           
    NUMBER OF BLADES IN ROW 
        71
        JM        JLE       JTE 
       106        21        91
      KTIPSTART  KTIPEND 
         0         0
       BOUNDARY LAYER TRANSITION POINTS 
         0         0         0         0
  SET NEWGRID= 1 TO GENERATE A NEW GRID WITH DIFFERENT "J" POINTS AND SPACINGS.
         0
   RPMROW,    RPMHUB 
       0.0       0.0
       JROTHS    JROTHE    JROTTS    JROTTE 
         1         1         1         1
   PUPROW    PLEROW   PTEROW    PDROW 
  109992.8  109992.8  137338.7  137338.7
      NSECS_ROW   INSURF  
         3         0
  IF_CUSP_OUT   IFANGLES 
         1         0
         0         3         0
 ***************************************************************
  ROW NUMBER           4  SECTION NUMBER            1
           0           0           0  IF_DESIGN etc 
   1.00000   0.00000    0
  0.078972  0.079615  0.080192  0.080709  0.081173  0.081589  0.081961  0.082296
  0.082595  0.082864  0.083105  0.083321  0.083514  0.083688  0.083844  0.083983
  0.084108  0.084220  0.084321  0.084411  0.084492  0.084573  0.084657  0.084746
  0.084838  0.084936  0.085039  0.085146  0.085260  0.085380  0.085506  0.085639
  0.085778  0.085926  0.086081  0.086244  0.086415  0.086594  0.086782  0.086980
  0.087188  0.087406  0.087635  0.087875  0.088128  0.088394  0.088675  0.088970
  0.089282  0.089614  0.089971  0.090354  0.090761  0.091193  0.091647  0.092122
  0.092608  0.093100  0.093593  0.094086  0.094577  0.095066  0.095550  0.096034
  0.096520  0.097007  0.097495  0.097983  0.098470  0.098954  0.099431  0.099899
  0.100355  0.100800  0.101232  0.101651  0.102056  0.102449  0.102831  0.103201
  0.103559  0.103906  0.104241  0.104564  0.104876  0.105176  0.105465  0.105742
  0.106007  0.106260  0.106502  0.106744  0.106999  0.107270  0.107555  0.107858
  0.108177  0.108515  0.108872  0.109249  0.109648  0.110070  0.110517  0.110989
  0.111488  0.112016
  1.000000  0.000000
 -0.036462 -0.035046 -0.033777 -0.032638 -0.031617 -0.030702 -0.029881 -0.029145
 -0.028486 -0.027894 -0.027364 -0.026888 -0.026462 -0.026080 -0.025737 -0.025430
 -0.025155 -0.024908 -0.024686 -0.024488 -0.024310 -0.023878 -0.023629 -0.023399
 -0.023164 -0.022918 -0.022660 -0.022390 -0.022106 -0.021809 -0.021496 -0.021169
 -0.020825 -0.020465 -0.020088 -0.019693 -0.019281 -0.018851 -0.018402 -0.017934
 -0.017445 -0.016934 -0.016402 -0.015846 -0.015267 -0.014661 -0.014029 -0.013367
 -0.012675 -0.011945 -0.011167 -0.010343 -0.009474 -0.008565 -0.007621 -0.006647
 -0.005663 -0.004683 -0.003713 -0.002757 -0.001818 -0.000899  0.000000  0.000885
  0.001760  0.002625  0.003477  0.004317  0.005141  0.005947  0.006730  0.007485
  0.008211  0.008907  0.009573  0.010208  0.010815  0.011395  0.011950  0.012480
  0.012987  0.013471  0.013932  0.014372  0.014791  0.015189  0.015567  0.015925
  0.016265  0.016552  0.016593  0.016984  0.017398  0.017835  0.018298  0.018787
  0.019304  0.019850  0.020428  0.021038  0.021683  0.022365  0.023086  0.023847
  0.024652  0.025503
  1.000000
  0.000000  0.000000  0.000000  0.000000  0.000000  0.000000  0.000000  0.000000
  0.000000  0.000000  0.000000  0.000000  0.000000  0.000000  0.000000  0.000000
  0.000000  0.000000  0.000000  0.000000  0.000000  0.000577  0.000789  0.000940
  0.001067  0.001177  0.001273  0.001355  0.001431  0.001508  0.001589  0.001673
  0.001759  0.001850  0.001943  0.002039  0.002138  0.002240  0.002345  0.002453
  0.002563  0.002676  0.002791  0.002909  0.003028  0.003149  0.003271  0.003395
  0.003519  0.003644  0.003771  0.003897  0.004021  0.004140  0.004253  0.004356
  0.004446  0.004521  0.004581  0.004625  0.004653  0.004665  0.004661  0.004642
  0.004607  0.004556  0.004490  0.004408  0.004311  0.004199  0.004073  0.003936
  0.003787  0.003630  0.003464  0.003292  0.003114  0.002932  0.002745  0.002555
  0.002362  0.002167  0.001972  0.001776  0.001581  0.001387  0.001195  0.001006
  0.000820  0.000604  0.000000  0.000000  0.000000  0.000000  0.000000  0.000000
  0.000000  0.000000  0.000000  0.000000  0.000000  0.000000  0.000000  0.000000
  0.000000  0.000000
  1.000000  0.000000
  0.484639  0.484665  0.484687  0.484705  0.484722  0.484736  0.484748  0.484758
  0.484768  0.484776  0.484783  0.484790  0.484795  0.484801  0.484805  0.484809
  0.484813  0.484816  0.484819  0.484822  0.484824  0.484828  0.484831  0.484835
  0.484839  0.484844  0.484849  0.484854  0.484859  0.484865  0.484872  0.484879
  0.484886  0.484894  0.484902  0.484912  0.484921  0.484932  0.484943  0.484955
  0.484968  0.484982  0.484998  0.485014  0.485031  0.485050  0.485070  0.485092
  0.485116  0.485142  0.485170  0.485201  0.485235  0.485272  0.485311  0.485354
  0.485398  0.485443  0.485490  0.485537  0.485585  0.485633  0.485681  0.485729
  0.485778  0.485827  0.485877  0.485926  0.485976  0.486025  0.486073  0.486121
  0.486167  0.486211  0.486254  0.486295  0.486335  0.486373  0.486409  0.486445
  0.486478  0.486510  0.486541  0.486570  0.486598  0.486624  0.486649  0.486672
  0.486694  0.486715  0.486735  0.486757  0.486779  0.486802  0.486825  0.486849
  0.486873  0.486897  0.486920  0.486943  0.486966  0.486987  0.487001  0.487012
  0.487021  0.487028
 ***************************************************************
  ROW NUMBER           4  SECTION NUMBER            2
           0           0           0  IF_DESIGN etc 
   1.00000   0.00000    0
  0.078991  0.079632  0.080208  0.080723  0.081185  0.081600  0.081971  0.082305
  0.082603  0.082871  0.083111  0.083326  0.083519  0.083692  0.083847  0.083986
  0.084111  0.084223  0.084323  0.084413  0.084494  0.084574  0.084658  0.084747
  0.084839  0.084936  0.085039  0.085146  0.085260  0.085379  0.085505  0.085638
  0.085777  0.085924  0.086079  0.086241  0.086412  0.086591  0.086779  0.086977
  0.087184  0.087402  0.087631  0.087871  0.088124  0.088390  0.088670  0.088965
  0.089277  0.089608  0.089966  0.090348  0.090756  0.091187  0.091642  0.092116
  0.092603  0.093094  0.093588  0.094081  0.094573  0.095061  0.095546  0.096031
  0.096517  0.097005  0.097493  0.097982  0.098469  0.098953  0.099431  0.099899
  0.100356  0.100801  0.101233  0.101652  0.102058  0.102451  0.102833  0.103203
  0.103561  0.103908  0.104243  0.104567  0.104878  0.105178  0.105467  0.105744
  0.106009  0.106262  0.106504  0.106745  0.107001  0.107271  0.107556  0.107858
  0.108177  0.108514  0.108871  0.109248  0.109646  0.110067  0.110513  0.110983
  0.111481  0.112007
  1.000000  0.000000
 -0.036355 -0.034942 -0.033676 -0.032540 -0.031522 -0.030609 -0.029791 -0.029057
 -0.028399 -0.027810 -0.027281 -0.026807 -0.026382 -0.026001 -0.025659 -0.025353
 -0.025078 -0.024832 -0.024611 -0.024414 -0.024236 -0.023806 -0.023557 -0.023328
 -0.023094 -0.022848 -0.022592 -0.022322 -0.022039 -0.021742 -0.021431 -0.021104
 -0.020762 -0.020403 -0.020026 -0.019633 -0.019222 -0.018793 -0.018346 -0.017878
 -0.017391 -0.016882 -0.016351 -0.015797 -0.015219 -0.014615 -0.013984 -0.013325
 -0.012635 -0.011906 -0.011131 -0.010309 -0.009443 -0.008536 -0.007595 -0.006625
 -0.005643 -0.004666 -0.003699 -0.002747 -0.001812 -0.000896  0.000000  0.000882
  0.001754  0.002615  0.003464  0.004299  0.005120  0.005923  0.006702  0.007453
  0.008176  0.008868  0.009531  0.010164  0.010767  0.011344  0.011896  0.012424
  0.012928  0.013409  0.013867  0.014305  0.014721  0.015117  0.015492  0.015849
  0.016187  0.016472  0.016512  0.016901  0.017312  0.017747  0.018207  0.018694
  0.019208  0.019751  0.020325  0.020932  0.021574  0.022253  0.022970  0.023728
  0.024530  0.025377
  1.000000
  0.000000  0.000000  0.000000  0.000000  0.000000  0.000000  0.000000  0.000000
  0.000000  0.000000  0.000000  0.000000  0.000000  0.000000  0.000000  0.000000
  0.000000  0.000000  0.000000  0.000000  0.000000  0.000575  0.000786  0.000937
  0.001063  0.001173  0.001268  0.001350  0.001426  0.001503  0.001583  0.001666
  0.001753  0.001843  0.001935  0.002031  0.002130  0.002232  0.002337  0.002444
  0.002554  0.002666  0.002781  0.002898  0.003017  0.003137  0.003259  0.003382
  0.003506  0.003631  0.003757  0.003882  0.004006  0.004125  0.004237  0.004339
  0.004429  0.004504  0.004564  0.004608  0.004635  0.004647  0.004643  0.004624
  0.004590  0.004539  0.004473  0.004392  0.004295  0.004183  0.004058  0.003921
  0.003773  0.003616  0.003451  0.003280  0.003103  0.002921  0.002735  0.002545
  0.002353  0.002159  0.001964  0.001769  0.001575  0.001382  0.001190  0.001002
  0.000816  0.000601  0.000000  0.000000  0.000000  0.000000  0.000000  0.000000
  0.000000  0.000000  0.000000  0.000000  0.000000  0.000000  0.000000  0.000000
  0.000000  0.000000
  1.000000  0.000000
  0.500000  0.500000  0.500000  0.500000  0.500000  0.500000  0.500000  0.500000
  0.500000  0.500000  0.500000  0.500000  0.500000  0.500000  0.500000  0.500000
  0.500000  0.500000  0.500000  0.500000  0.500000  0.500000  0.500000  0.500000
  0.500000  0.500000  0.500000  0.500000  0.500000  0.500000  0.500000  0.500000
  0.500000  0.500000  0.500000  0.500000  0.500000  0.500000  0.500000  0.500000
  0.500000  0.500000  0.500000  0.500000  0.500000  0.500000  0.500000  0.500000
  0.500000  0.500000  0.500000  0.500000  0.500000  0.500000  0.500000  0.500000
  0.500000  0.500000  0.500000  0.500000  0.500000  0.500000  0.500000  0.500000
  0.500000  0.500000  0.500000  0.500000  0.500000  0.500000  0.500000  0.500000
  0.500000  0.500000  0.500000  0.500000  0.500000  0.500000  0.500000  0.500000
  0.500000  0.500000  0.500000  0.500000  0.500000  0.500000  0.500000  0.500000
  0.500000  0.500000  0.500000  0.500000  0.500000  0.500000  0.500000  0.500000
  0.500000  0.500000  0.500000  0.500000  0.500000  0.500000  0.500000  0.500000
  0.500000  0.500000
 ***************************************************************
  ROW NUMBER           4  SECTION NUMBER            3
           0           0           0  IF_DESIGN etc 
   1.00000   0.00000    0
  0.078972  0.079615  0.080192  0.080709  0.081173  0.081589  0.081961  0.082296
  0.082595  0.082864  0.083105  0.083321  0.083514  0.083688  0.083844  0.083983
  0.084108  0.084220  0.084321  0.084411  0.084492  0.084573  0.084657  0.084746
  0.084838  0.084936  0.085038  0.085146  0.085260  0.085380  0.085506  0.085639
  0.085778  0.085926  0.086081  0.086244  0.086415  0.086594  0.086782  0.086980
  0.087188  0.087406  0.087635  0.087875  0.088128  0.088394  0.088674  0.088970
  0.089282  0.089614  0.089971  0.090354  0.090761  0.091193  0.091647  0.092122
  0.092608  0.093100  0.093593  0.094086  0.094577  0.095065  0.095550  0.096034
  0.096520  0.097007  0.097495  0.097983  0.098470  0.098954  0.099431  0.099899
  0.100355  0.100800  0.101232  0.101651  0.102056  0.102449  0.102831  0.103201
  0.103559  0.103906  0.104241  0.104564  0.104876  0.105176  0.105465  0.105742
  0.106007  0.106260  0.106502  0.106744  0.106999  0.107270  0.107555  0.107857
  0.108177  0.108515  0.108872  0.109249  0.109648  0.110070  0.110517  0.110989
  0.111488  0.112016
  1.000000  0.000000
 -0.036519 -0.035099 -0.033827 -0.032686 -0.031663 -0.030746 -0.029923 -0.029186
 -0.028526 -0.027933 -0.027402 -0.026926 -0.026499 -0.026116 -0.025773 -0.025466
 -0.025190 -0.024942 -0.024721 -0.024522 -0.024344 -0.023912 -0.023662 -0.023431
 -0.023196 -0.022950 -0.022692 -0.022421 -0.022137 -0.021839 -0.021526 -0.021198
 -0.020854 -0.020493 -0.020115 -0.019720 -0.019307 -0.018876 -0.018426 -0.017957
 -0.017467 -0.016956 -0.016422 -0.015865 -0.015285 -0.014678 -0.014045 -0.013382
 -0.012689 -0.011957 -0.011178 -0.010352 -0.009482 -0.008572 -0.007626 -0.006652
 -0.005666 -0.004685 -0.003714 -0.002758 -0.001819 -0.000899  0.000000  0.000885
  0.001760  0.002624  0.003476  0.004315  0.005138  0.005943  0.006725  0.007478
  0.008202  0.008897  0.009561  0.010196  0.010800  0.011379  0.011932  0.012461
  0.012966  0.013448  0.013908  0.014346  0.014762  0.015159  0.015536  0.015893
  0.016231  0.016517  0.016556  0.016946  0.017358  0.017794  0.018255  0.018742
  0.019257  0.019802  0.020377  0.020986  0.021629  0.022309  0.023028  0.023789
  0.024593  0.025443
  1.000000
  0.000000  0.000000  0.000000  0.000000  0.000000  0.000000  0.000000  0.000000
  0.000000  0.000000  0.000000  0.000000  0.000000  0.000000  0.000000  0.000000
  0.000000  0.000000  0.000000  0.000000  0.000000  0.000577  0.000789  0.000940
  0.001067  0.001177  0.001273  0.001355  0.001431  0.001508  0.001589  0.001673
  0.001759  0.001850  0.001943  0.002039  0.002138  0.002240  0.002345  0.002453
  0.002563  0.002676  0.002791  0.002909  0.003028  0.003149  0.003271  0.003395
  0.003519  0.003644  0.003771  0.003897  0.004021  0.004140  0.004253  0.004356
  0.004446  0.004521  0.004581  0.004625  0.004653  0.004665  0.004661  0.004642
  0.004607  0.004556  0.004490  0.004408  0.004311  0.004199  0.004073  0.003936
  0.003787  0.003630  0.003464  0.003292  0.003114  0.002932  0.002745  0.002555
  0.002362  0.002167  0.001972  0.001776  0.001581  0.001387  0.001195  0.001006
  0.000820  0.000604  0.000000  0.000000  0.000000  0.000000  0.000000  0.000000
  0.000000  0.000000  0.000000  0.000000  0.000000  0.000000  0.000000  0.000000
  0.000000  0.000000
  1.000000  0.000000
  0.515361  0.515335  0.515313  0.515295  0.515278  0.515264  0.515252  0.515242
  0.515232  0.515224  0.515217  0.515210  0.515205  0.515199  0.515195  0.515191
  0.515187  0.515184  0.515181  0.515178  0.515176  0.515172  0.515169  0.515165
  0.515161  0.515156  0.515151  0.515146  0.515141  0.515135  0.515128  0.515121
  0.515114  0.515106  0.515098  0.515088  0.515079  0.515068  0.515057  0.515045
  0.515032  0.515017  0.515002  0.514986  0.514969  0.514950  0.514930  0.514908
  0.514884  0.514858  0.514830  0.514799  0.514765  0.514728  0.514688  0.514646
  0.514602  0.514556  0.514510  0.514463  0.514415  0.514367  0.514319  0.514271
  0.514222  0.514173  0.514123  0.514074  0.514024  0.513975  0.513927  0.513879
  0.513833  0.513789  0.513746  0.513705  0.513665  0.513627  0.513590  0.513555
  0.513522  0.513490  0.513459  0.513430  0.513402  0.513376  0.513351  0.513328
  0.513306  0.513285  0.513265  0.513243  0.513221  0.513198  0.513175  0.513151
  0.513127  0.513103  0.513080  0.513057  0.513034  0.513013  0.512999  0.512988
  0.512979  0.512972
 ***************************************************************
 ************STARTING THE INPUT FOR EACH BLADE ROW**************
  BLADE ROW NUMBER =        5                                           
    NUMBER OF BLADES IN ROW 
        71
        JM        JLE       JTE 
       106        21        91
      KTIPSTART  KTIPEND 
         0         0
       BOUNDARY LAYER TRANSITION POINTS 
         0         0         0         0
  SET NEWGRID= 1 TO GENERATE A NEW GRID WITH DIFFERENT "J" POINTS AND SPACINGS.
         0
   RPMROW,    RPMHUB 
   12000.0   12000.0
       JROTHS    JROTHE    JROTTS    JROTTE 
         1         1         1         1
   PUPROW    PLEROW   PTEROW    PDROW 
  137338.7  137338.7  169156.0  169156.0
      NSECS_ROW   INSURF  
         3         0
  IF_CUSP_OUT   IFANGLES 
         1         0
         0         3         0
 ***************************************************************
  ROW NUMBER           5  SECTION NUMBER            1
           0           0           0  IF_DESIGN etc 
   1.00000   0.00000    0
  0.111980  0.112623  0.113199  0.113716  0.114179  0.114595  0.114967  0.115301
  0.115600  0.115868  0.116109  0.116324  0.116518  0.116691  0.116847  0.116986
  0.117111  0.117223  0.117323  0.117413  0.117494  0.117575  0.117659  0.117747
  0.117840  0.117937  0.118040  0.118148  0.118261  0.118381  0.118507  0.118639
  0.118779  0.118926  0.119081  0.119244  0.119414  0.119594  0.119782  0.119979
  0.120187  0.120405  0.120634  0.120874  0.121127  0.121393  0.121673  0.121968
  0.122280  0.122612  0.122969  0.123351  0.123759  0.124190  0.124644  0.125118
  0.125605  0.126096  0.126590  0.127083  0.127574  0.128062  0.128547  0.129031
  0.129517  0.130005  0.130493  0.130981  0.131468  0.131952  0.132429  0.132897
  0.133354  0.133799  0.134231  0.134650  0.135056  0.135449  0.135831  0.136201
  0.136560  0.136907  0.137242  0.137566  0.137878  0.138178  0.138467  0.138744
  0.139009  0.139263  0.139505  0.139747  0.140003  0.140274  0.140560  0.140862
  0.141182  0.141520  0.141877  0.142255  0.142654  0.143076  0.143522  0.143994
  0.144492  0.145019
  1.000000  0.000000
  0.029970  0.028555  0.027286  0.026148  0.025128  0.024214  0.023394  0.022659
  0.022000  0.021409  0.020879  0.020404  0.019979  0.019597  0.019255  0.018948
  0.018673  0.018426  0.018205  0.018007  0.017829  0.018116  0.018098  0.018036
  0.017950  0.017844  0.017716  0.017564  0.017384  0.017184  0.016970  0.016742
  0.016500  0.016243  0.015970  0.015681  0.015375  0.015053  0.014713  0.014354
  0.013975  0.013576  0.013154  0.012710  0.012242  0.011747  0.011224  0.010672
  0.010086  0.009462  0.008788  0.008064  0.007291  0.006471  0.005606  0.004702
  0.003772  0.002832  0.001888  0.000942  0.000000 -0.000937 -0.001868 -0.002799
 -0.003732 -0.004669 -0.005607 -0.006545 -0.007480 -0.008410 -0.009327 -0.010224
 -0.011100 -0.011953 -0.012782 -0.013584 -0.014360 -0.015112 -0.015842 -0.016549
 -0.017233 -0.017895 -0.018534 -0.019150 -0.019743 -0.020314 -0.020862 -0.021388
 -0.021892 -0.022372 -0.022985 -0.023376 -0.023789 -0.024225 -0.024686 -0.025174
 -0.025689 -0.026234 -0.026810 -0.027419 -0.028063 -0.028743 -0.029463 -0.030223
 -0.031027 -0.031877
  1.000000
  0.000000  0.000000  0.000000  0.000000  0.000000  0.000000  0.000000  0.000000
  0.000000  0.000000  0.000000  0.000000  0.000000  0.000000  0.000000  0.000000
  0.000000  0.000000  0.000000  0.000000  0.000000  0.000861  0.001112  0.001310
  0.001491  0.001658  0.001813  0.001953  0.002078  0.002193  0.002308  0.002423
  0.002537  0.002651  0.002765  0.002878  0.002991  0.003103  0.003214  0.003324
  0.003432  0.003539  0.003645  0.003748  0.003849  0.003947  0.004042  0.004134
  0.004221  0.004304  0.004383  0.004456  0.004520  0.004576  0.004619  0.004650
  0.004667  0.004669  0.004657  0.004631  0.004592  0.004540  0.004478  0.004403
  0.004317  0.004220  0.004112  0.003994  0.003866  0.003729  0.003584  0.003433
  0.003278  0.003119  0.002957  0.002793  0.002629  0.002464  0.002299  0.002135
  0.001970  0.001807  0.001645  0.001486  0.001329  0.001175  0.001024  0.000877
  0.000734  0.000564  0.000000  0.000000  0.000000  0.000000  0.000000  0.000000
  0.000000  0.000000  0.000000  0.000000  0.000000  0.000000  0.000000  0.000000
  0.000000  0.000000
  1.000000  0.000000
  0.487028  0.487034  0.487039  0.487042  0.487049  0.487057  0.487064  0.487070
  0.487077  0.487082  0.487087  0.487092  0.487096  0.487101  0.487104  0.487108
  0.487111  0.487113  0.487116  0.487118  0.487120  0.487123  0.487126  0.487130
  0.487133  0.487137  0.487142  0.487146  0.487151  0.487156  0.487162  0.487168
  0.487174  0.487181  0.487189  0.487197  0.487205  0.487215  0.487225  0.487236
  0.487247  0.487259  0.487273  0.487287  0.487302  0.487319  0.487337  0.487356
  0.487377  0.487399  0.487424  0.487451  0.487480  0.487512  0.487546  0.487582
  0.487620  0.487659  0.487698  0.487737  0.487776  0.487816  0.487855  0.487894
  0.487933  0.487972  0.488010  0.488049  0.488087  0.488124  0.488160  0.488194
  0.488227  0.488258  0.488288  0.488316  0.488343  0.488368  0.488391  0.488413
  0.488433  0.488452  0.488470  0.488486  0.488501  0.488515  0.488528  0.488539
  0.488550  0.488559  0.488568  0.488574  0.488580  0.488587  0.488593  0.488600
  0.488607  0.488615  0.488622  0.488630  0.488638  0.488646  0.488655  0.488664
  0.488673  0.488684
 ***************************************************************
  ROW NUMBER           5  SECTION NUMBER            2
           0           0           0  IF_DESIGN etc 
   1.00000   0.00000    0
  0.111991  0.112632  0.113207  0.113723  0.114185  0.114600  0.114971  0.115304
  0.115603  0.115871  0.116111  0.116326  0.116519  0.116692  0.116847  0.116986
  0.117111  0.117223  0.117323  0.117413  0.117494  0.117574  0.117658  0.117747
  0.117839  0.117936  0.118039  0.118146  0.118260  0.118379  0.118505  0.118638
  0.118777  0.118924  0.119079  0.119242  0.119412  0.119591  0.119779  0.119977
  0.120184  0.120402  0.120631  0.120871  0.121124  0.121390  0.121670  0.121965
  0.122277  0.122609  0.122966  0.123348  0.123756  0.124188  0.124642  0.125116
  0.125603  0.126095  0.126588  0.127082  0.127573  0.128062  0.128547  0.129031
  0.129518  0.130005  0.130494  0.130982  0.131469  0.131954  0.132431  0.132899
  0.133356  0.133801  0.134234  0.134653  0.135058  0.135452  0.135834  0.136204
  0.136562  0.136909  0.137244  0.137568  0.137879  0.138179  0.138468  0.138744
  0.139010  0.139263  0.139505  0.139746  0.140002  0.140272  0.140557  0.140859
  0.141178  0.141516  0.141872  0.142249  0.142647  0.143069  0.143514  0.143984
  0.144482  0.145008
  1.000000  0.000000
  0.029921  0.028508  0.027242  0.026106  0.025088  0.024175  0.023357  0.022623
  0.021965  0.021376  0.020847  0.020373  0.019948  0.019567  0.019225  0.018919
  0.018644  0.018398  0.018177  0.017979  0.017802  0.018088  0.018070  0.018008
  0.017922  0.017816  0.017688  0.017536  0.017357  0.017157  0.016943  0.016716
  0.016474  0.016217  0.015944  0.015656  0.015351  0.015029  0.014689  0.014331
  0.013953  0.013554  0.013133  0.012689  0.012221  0.011727  0.011205  0.010653
  0.010069  0.009445  0.008772  0.008049  0.007278  0.006459  0.005595  0.004692
  0.003764  0.002826  0.001884  0.000940  0.000000 -0.000935 -0.001864 -0.002792
 -0.003724 -0.004658 -0.005594 -0.006529 -0.007462 -0.008389 -0.009303 -0.010198
 -0.011071 -0.011922 -0.012747 -0.013547 -0.014321 -0.015071 -0.015798 -0.016503
 -0.017185 -0.017845 -0.018481 -0.019096 -0.019687 -0.020256 -0.020803 -0.021327
 -0.021829 -0.022308 -0.022919 -0.023309 -0.023720 -0.024155 -0.024615 -0.025102
 -0.025616 -0.026159 -0.026733 -0.027341 -0.027982 -0.028661 -0.029378 -0.030136
 -0.030938 -0.031785
  1.000000
  0.000000  0.000000  0.000000  0.000000  0.000000  0.000000  0.000000  0.000000
  0.000000  0.000000  0.000000  0.000000  0.000000  0.000000  0.000000  0.000000
  0.000000  0.000000  0.000000  0.000000  0.000000  0.000860  0.001110  0.001308
  0.001487  0.001654  0.001809  0.001949  0.002073  0.002189  0.002303  0.002418
  0.002532  0.002646  0.002759  0.002872  0.002985  0.003096  0.003207  0.003317
  0.003425  0.003532  0.003637  0.003740  0.003841  0.003939  0.004033  0.004125
  0.004212  0.004295  0.004373  0.004446  0.004511  0.004566  0.004609  0.004640
  0.004657  0.004659  0.004647  0.004621  0.004582  0.004531  0.004468  0.004394
  0.004308  0.004211  0.004103  0.003985  0.003858  0.003721  0.003576  0.003426
  0.003271  0.003112  0.002950  0.002787  0.002624  0.002459  0.002294  0.002130
  0.001966  0.001803  0.001642  0.001483  0.001326  0.001173  0.001022  0.000875
  0.000732  0.000562  0.000000  0.000000  0.000000  0.000000  0.000000  0.000000
  0.000000  0.000000  0.000000  0.000000  0.000000  0.000000  0.000000  0.000000
  0.000000  0.000000
  1.000000  0.000000
  0.500000  0.500000  0.500000  0.500000  0.500000  0.500000  0.500000  0.500000
  0.500000  0.500000  0.500000  0.500000  0.500000  0.500000  0.500000  0.500000
  0.500000  0.500000  0.500000  0.500000  0.500000  0.500000  0.500000  0.500000
  0.500000  0.500000  0.500000  0.500000  0.500000  0.500000  0.500000  0.500000
  0.500000  0.500000  0.500000  0.500000  0.500000  0.500000  0.500000  0.500000
  0.500000  0.500000  0.500000  0.500000  0.500000  0.500000  0.500000  0.500000
  0.500000  0.500000  0.500000  0.500000  0.500000  0.500000  0.500000  0.500000
  0.500000  0.500000  0.500000  0.500000  0.500000  0.500000  0.500000  0.500000
  0.500000  0.500000  0.500000  0.500000  0.500000  0.500000  0.500000  0.500000
  0.500000  0.500000  0.500000  0.500000  0.500000  0.500000  0.500000  0.500000
  0.500000  0.500000  0.500000  0.500000  0.500000  0.500000  0.500000  0.500000
  0.500000  0.500000  0.500000  0.500000  0.500000  0.500000  0.500000  0.500000
  0.500000  0.500000  0.500000  0.500000  0.500000  0.500000  0.500000  0.500000
  0.500000  0.500000
 ***************************************************************
  ROW NUMBER           5  SECTION NUMBER            3
           0           0           0  IF_DESIGN etc 
   1.00000   0.00000    0
  0.111980  0.112623  0.113199  0.113716  0.114179  0.114595  0.114967  0.115301
  0.115600  0.115868  0.116109  0.116324  0.116518  0.116691  0.116847  0.116986
  0.117111  0.117223  0.117323  0.117413  0.117494  0.117575  0.117659  0.117747
  0.117840  0.117937  0.118040  0.118148  0.118261  0.118381  0.118507  0.118639
  0.118779  0.118926  0.119081  0.119244  0.119414  0.119594  0.119782  0.119979
  0.120187  0.120405  0.120634  0.120874  0.121127  0.121393  0.121673  0.121968
  0.122280  0.122612  0.122969  0.123351  0.123759  0.124190  0.124644  0.125118
  0.125605  0.126096  0.126590  0.127083  0.127574  0.128062  0.128547  0.129031
  0.129517  0.130005  0.130493  0.130981  0.131468  0.131952  0.132429  0.132897
  0.133354  0.133799  0.134231  0.134650  0.135056  0.135449  0.135831  0.136201
  0.136560  0.136907  0.137242  0.137566  0.137878  0.138178  0.138467  0.138744
  0.139009  0.139263  0.139505  0.139747  0.140003  0.140274  0.140560  0.140862
  0.141182  0.141520  0.141877  0.142255  0.142654  0.143076  0.143522  0.143994
  0.144492  0.145019
  1.000000  0.000000
  0.030001  0.028585  0.027315  0.026177  0.025156  0.024241  0.023421  0.022685
  0.022026  0.021434  0.020904  0.020429  0.020003  0.019621  0.019278  0.018971
  0.018696  0.018449  0.018228  0.018029  0.017851  0.018138  0.018120  0.018058
  0.017971  0.017865  0.017737  0.017584  0.017404  0.017204  0.016989  0.016761
  0.016518  0.016261  0.015987  0.015698  0.015392  0.015069  0.014728  0.014369
  0.013990  0.013589  0.013167  0.012722  0.012253  0.011757  0.011234  0.010680
  0.010094  0.009469  0.008794  0.008069  0.007295  0.006474  0.005609  0.004703
  0.003773  0.002833  0.001888  0.000943  0.000000 -0.000937 -0.001868 -0.002798
 -0.003731 -0.004667 -0.005605 -0.006542 -0.007476 -0.008405 -0.009320 -0.010216
 -0.011091 -0.011942 -0.012769 -0.013570 -0.014344 -0.015095 -0.015823 -0.016529
 -0.017212 -0.017872 -0.018510 -0.019124 -0.019717 -0.020287 -0.020834 -0.021359
 -0.021861 -0.022341 -0.022953 -0.023343 -0.023755 -0.024191 -0.024652 -0.025139
 -0.025653 -0.026198 -0.026773 -0.027381 -0.028024 -0.028703 -0.029422 -0.030181
 -0.030984 -0.031832
  1.000000
  0.000000  0.000000  0.000000  0.000000  0.000000  0.000000  0.000000  0.000000
  0.000000  0.000000  0.000000  0.000000  0.000000  0.000000  0.000000  0.000000
  0.000000  0.000000  0.000000  0.000000  0.000000  0.000861  0.001112  0.001310
  0.001491  0.001658  0.001813  0.001953  0.002078  0.002193  0.002308  0.002423
  0.002537  0.002651  0.002765  0.002878  0.002991  0.003103  0.003214  0.003324
  0.003432  0.003539  0.003645  0.003748  0.003849  0.003947  0.004042  0.004134
  0.004221  0.004304  0.004383  0.004456  0.004520  0.004576  0.004619  0.004650
  0.004667  0.004669  0.004657  0.004631  0.004592  0.004540  0.004478  0.004403
  0.004317  0.004220  0.004112  0.003994  0.003866  0.003729  0.003584  0.003433
  0.003278  0.003119  0.002957  0.002793  0.002629  0.002464  0.002299  0.002135
  0.001970  0.001807  0.001645  0.001486  0.001329  0.001175  0.001024  0.000877
  0.000734  0.000564  0.000000  0.000000  0.000000  0.000000  0.000000  0.000000
  0.000000  0.000000  0.000000  0.000000  0.000000  0.000000  0.000000  0.000000
  0.000000  0.000000
  1.000000  0.000000
  0.512972  0.512966  0.512961  0.512958  0.512951  0.512943  0.512936  0.512930
  0.512924  0.512918  0.512913  0.512908  0.512904  0.512900  0.512896  0.512893
  0.512890  0.512887  0.512884  0.512882  0.512880  0.512877  0.512874  0.512870
  0.512867  0.512863  0.512859  0.512854  0.512849  0.512844  0.512838  0.512832
  0.512826  0.512819  0.512811  0.512803  0.512795  0.512785  0.512775  0.512765
  0.512753  0.512741  0.512727  0.512713  0.512698  0.512681  0.512663  0.512644
  0.512623  0.512601  0.512576  0.512549  0.512520  0.512488  0.512454  0.512418
  0.512380  0.512342  0.512303  0.512263  0.512224  0.512184  0.512145  0.512106
  0.512067  0.512028  0.511989  0.511951  0.511913  0.511876  0.511840  0.511806
  0.511773  0.511742  0.511712  0.511684  0.511657  0.511633  0.511609  0.511587
  0.511567  0.511548  0.511530  0.511514  0.511499  0.511485  0.511472  0.511461
  0.511450  0.511441  0.511432  0.511426  0.511420  0.511413  0.511407  0.511400
  0.511393  0.511385  0.511378  0.511370  0.511362  0.511354  0.511345  0.511336
  0.511326  0.511316
 ***************************************************************
 ************STARTING THE INPUT FOR EACH BLADE ROW**************
  BLADE ROW NUMBER =        6                                           
    NUMBER OF BLADES IN ROW 
        71
        JM        JLE       JTE 
       106        21        91
      KTIPSTART  KTIPEND 
         0         0
       BOUNDARY LAYER TRANSITION POINTS 
         0         0         0         0
  SET NEWGRID= 1 TO GENERATE A NEW GRID WITH DIFFERENT "J" POINTS AND SPACINGS.
         0
   RPMROW,    RPMHUB 
       0.0       0.0
       JROTHS    JROTHE    JROTTS    JROTTE 
         1         1         1         1
   PUPROW    PLEROW   PTEROW    PDROW 
  169156.0  169156.0  205400.3  205400.3
      NSECS_ROW   INSURF  
         3         0
  IF_CUSP_OUT   IFANGLES 
         1         0
         0         3         0
 ***************************************************************
  ROW NUMBER           6  SECTION NUMBER            1
           0           0           0  IF_DESIGN etc 
   1.00000   0.00000    0
  0.139489  0.140131  0.140706  0.141222  0.141685  0.142100  0.142472  0.142806
  0.143105  0.143373  0.143613  0.143828  0.144022  0.144195  0.144350  0.144489
  0.144614  0.144726  0.144826  0.144916  0.144997  0.145078  0.145162  0.145250
  0.145343  0.145440  0.145543  0.145650  0.145764  0.145883  0.146009  0.146142
  0.146281  0.146428  0.146583  0.146746  0.146917  0.147096  0.147284  0.147482
  0.147689  0.147907  0.148136  0.148376  0.148629  0.148895  0.149175  0.149470
  0.149782  0.150114  0.150471  0.150853  0.151260  0.151692  0.152146  0.152620
  0.153107  0.153598  0.154092  0.154585  0.155076  0.155564  0.156049  0.156533
  0.157019  0.157507  0.157995  0.158483  0.158969  0.159454  0.159931  0.160398
  0.160855  0.161300  0.161732  0.162151  0.162556  0.162949  0.163331  0.163701
  0.164059  0.164405  0.164740  0.165064  0.165375  0.165675  0.165963  0.166240
  0.166505  0.166758  0.167000  0.167242  0.167497  0.167767  0.168052  0.168354
  0.168673  0.169010  0.169367  0.169744  0.170143  0.170564  0.171010  0.171481
  0.171979  0.172505
  1.000000  0.000000
 -0.036384 -0.034970 -0.033703 -0.032567 -0.031548 -0.030635 -0.029816 -0.029082
 -0.028423 -0.027833 -0.027304 -0.026830 -0.026404 -0.026023 -0.025681 -0.025374
 -0.025100 -0.024853 -0.024632 -0.024434 -0.024257 -0.023826 -0.023577 -0.023347
 -0.023113 -0.022868 -0.022611 -0.022341 -0.022058 -0.021761 -0.021449 -0.021122
 -0.020779 -0.020420 -0.020044 -0.019650 -0.019239 -0.018810 -0.018362 -0.017894
 -0.017406 -0.016897 -0.016365 -0.015811 -0.015232 -0.014629 -0.013997 -0.013337
 -0.012647 -0.011918 -0.011142 -0.010319 -0.009453 -0.008545 -0.007603 -0.006632
 -0.005649 -0.004672 -0.003704 -0.002750 -0.001814 -0.000897  0.000000  0.000883
  0.001756  0.002618  0.003469  0.004306  0.005128  0.005932  0.006713  0.007465
  0.008189  0.008883  0.009547  0.010181  0.010786  0.011365  0.011918  0.012446
  0.012952  0.013434  0.013894  0.014332  0.014749  0.015146  0.015523  0.015881
  0.016219  0.016506  0.016546  0.016936  0.017349  0.017785  0.018246  0.018733
  0.019249  0.019793  0.020369  0.020978  0.021621  0.022301  0.023020  0.023779
  0.024582  0.025431
  1.000000
  0.000000  0.000000  0.000000  0.000000  0.000000  0.000000  0.000000  0.000000
  0.000000  0.000000  0.000000  0.000000  0.000000  0.000000  0.000000  0.000000
  0.000000  0.000000  0.000000  0.000000  0.000000  0.000575  0.000787  0.000938
  0.001064  0.001174  0.001270  0.001352  0.001427  0.001505  0.001585  0.001668
  0.001755  0.001845  0.001938  0.002034  0.002133  0.002235  0.002340  0.002447
  0.002557  0.002670  0.002785  0.002902  0.003021  0.003141  0.003263  0.003387
  0.003510  0.003635  0.003762  0.003887  0.004011  0.004130  0.004242  0.004345
  0.004435  0.004510  0.004570  0.004614  0.004641  0.004653  0.004649  0.004630
  0.004596  0.004545  0.004479  0.004398  0.004301  0.004189  0.004063  0.003926
  0.003778  0.003621  0.003456  0.003284  0.003107  0.002925  0.002739  0.002549
  0.002356  0.002162  0.001967  0.001771  0.001577  0.001383  0.001192  0.001003
  0.000818  0.000602  0.000000  0.000000  0.000000  0.000000  0.000000  0.000000
  0.000000  0.000000  0.000000  0.000000  0.000000  0.000000  0.000000  0.000000
  0.000000  0.000000
  1.000000  0.000000
  0.488567  0.488583  0.488597  0.488608  0.488618  0.488627  0.488634  0.488641
  0.488647  0.488652  0.488657  0.488661  0.488665  0.488668  0.488671  0.488673
  0.488676  0.488678  0.488680  0.488681  0.488683  0.488685  0.488688  0.488690
  0.488693  0.488696  0.488699  0.488702  0.488705  0.488709  0.488713  0.488718
  0.488722  0.488727  0.488733  0.488739  0.488745  0.488752  0.488759  0.488767
  0.488775  0.488784  0.488794  0.488804  0.488815  0.488827  0.488840  0.488854
  0.488869  0.488886  0.488904  0.488924  0.488946  0.488969  0.488995  0.489022
  0.489051  0.489080  0.489110  0.489141  0.489171  0.489203  0.489234  0.489265
  0.489297  0.489329  0.489361  0.489394  0.489426  0.489459  0.489491  0.489522
  0.489552  0.489582  0.489610  0.489638  0.489664  0.489690  0.489714  0.489738
  0.489760  0.489782  0.489803  0.489823  0.489841  0.489859  0.489876  0.489893
  0.489908  0.489922  0.489936  0.489951  0.489967  0.489984  0.490000  0.490017
  0.490034  0.490051  0.490068  0.490085  0.490101  0.490116  0.490126  0.490134
  0.490141  0.490146
 ***************************************************************
  ROW NUMBER           6  SECTION NUMBER            2
           0           0           0  IF_DESIGN etc 
   1.00000   0.00000    0
  0.139497  0.140138  0.140713  0.141229  0.141691  0.142105  0.142477  0.142810
  0.143108  0.143376  0.143616  0.143831  0.144024  0.144197  0.144352  0.144491
  0.144616  0.144727  0.144828  0.144917  0.144998  0.145078  0.145163  0.145251
  0.145343  0.145441  0.145543  0.145651  0.145764  0.145883  0.146009  0.146142
  0.146281  0.146428  0.146583  0.146745  0.146916  0.147095  0.147283  0.147480
  0.147688  0.147905  0.148134  0.148374  0.148627  0.148893  0.149173  0.149468
  0.149779  0.150111  0.150468  0.150851  0.151258  0.151690  0.152144  0.152618
  0.153105  0.153596  0.154089  0.154583  0.155074  0.155562  0.156047  0.156532
  0.157018  0.157505  0.157994  0.158482  0.158969  0.159453  0.159930  0.160398
  0.160855  0.161300  0.161732  0.162151  0.162556  0.162950  0.163331  0.163701
  0.164060  0.164406  0.164741  0.165065  0.165376  0.165676  0.165964  0.166241
  0.166506  0.166759  0.167001  0.167243  0.167498  0.167768  0.168053  0.168355
  0.168674  0.169011  0.169368  0.169744  0.170143  0.170564  0.171009  0.171479
  0.171977  0.172502
  1.000000  0.000000
 -0.036343 -0.034931 -0.033665 -0.032530 -0.031512 -0.030600 -0.029781 -0.029048
 -0.028390 -0.027801 -0.027272 -0.026798 -0.026374 -0.025993 -0.025651 -0.025345
 -0.025070 -0.024824 -0.024604 -0.024406 -0.024228 -0.023798 -0.023550 -0.023320
 -0.023086 -0.022841 -0.022584 -0.022315 -0.022032 -0.021735 -0.021424 -0.021098
 -0.020755 -0.020396 -0.020020 -0.019627 -0.019216 -0.018787 -0.018340 -0.017873
 -0.017385 -0.016876 -0.016345 -0.015792 -0.015214 -0.014610 -0.013980 -0.013321
 -0.012631 -0.011902 -0.011127 -0.010306 -0.009440 -0.008534 -0.007592 -0.006623
 -0.005641 -0.004665 -0.003698 -0.002746 -0.001811 -0.000895  0.000000  0.000882
  0.001753  0.002614  0.003463  0.004298  0.005118  0.005921  0.006700  0.007451
  0.008173  0.008865  0.009528  0.010160  0.010763  0.011341  0.011892  0.012420
  0.012923  0.013404  0.013863  0.014300  0.014716  0.015112  0.015488  0.015844
  0.016181  0.016467  0.016506  0.016895  0.017307  0.017742  0.018202  0.018688
  0.019201  0.019745  0.020319  0.020926  0.021567  0.022246  0.022963  0.023721
  0.024522  0.025369
  1.000000
  0.000000  0.000000  0.000000  0.000000  0.000000  0.000000  0.000000  0.000000
  0.000000  0.000000  0.000000  0.000000  0.000000  0.000000  0.000000  0.000000
  0.000000  0.000000  0.000000  0.000000  0.000000  0.000574  0.000785  0.000936
  0.001062  0.001172  0.001268  0.001350  0.001425  0.001502  0.001582  0.001666
  0.001752  0.001842  0.001935  0.002031  0.002130  0.002231  0.002336  0.002443
  0.002553  0.002665  0.002780  0.002897  0.003016  0.003136  0.003258  0.003381
  0.003505  0.003630  0.003756  0.003881  0.004004  0.004123  0.004235  0.004338
  0.004428  0.004503  0.004563  0.004606  0.004634  0.004646  0.004642  0.004623
  0.004588  0.004538  0.004472  0.004390  0.004294  0.004182  0.004057  0.003920
  0.003772  0.003615  0.003450  0.003279  0.003102  0.002920  0.002734  0.002544
  0.002352  0.002158  0.001964  0.001769  0.001574  0.001381  0.001190  0.001002
  0.000816  0.000601  0.000000  0.000000  0.000000  0.000000  0.000000  0.000000
  0.000000  0.000000  0.000000  0.000000  0.000000  0.000000  0.000000  0.000000
  0.000000  0.000000
  1.000000  0.000000
  0.500000  0.500000  0.500000  0.500000  0.500000  0.500000  0.500000  0.500000
  0.500000  0.500000  0.500000  0.500000  0.500000  0.500000  0.500000  0.500000
  0.500000  0.500000  0.500000  0.500000  0.500000  0.500000  0.500000  0.500000
  0.500000  0.500000  0.500000  0.500000  0.500000  0.500000  0.500000  0.500000
  0.500000  0.500000  0.500000  0.500000  0.500000  0.500000  0.500000  0.500000
  0.500000  0.500000  0.500000  0.500000  0.500000  0.500000  0.500000  0.500000
  0.500000  0.500000  0.500000  0.500000  0.500000  0.500000  0.500000  0.500000
  0.500000  0.500000  0.500000  0.500000  0.500000  0.500000  0.500000  0.500000
  0.500000  0.500000  0.500000  0.500000  0.500000  0.500000  0.500000  0.500000
  0.500000  0.500000  0.500000  0.500000  0.500000  0.500000  0.500000  0.500000
  0.500000  0.500000  0.500000  0.500000  0.500000  0.500000  0.500000  0.500000
  0.500000  0.500000  0.500000  0.500000  0.500000  0.500000  0.500000  0.500000
  0.500000  0.500000  0.500000  0.500000  0.500000  0.500000  0.500000  0.500000
  0.500000  0.500000
 ***************************************************************
  ROW NUMBER           6  SECTION NUMBER            3
           0           0           0  IF_DESIGN etc 
   1.00000   0.00000    0
  0.139489  0.140131  0.140706  0.141222  0.141685  0.142100  0.142472  0.142806
  0.143105  0.143373  0.143613  0.143828  0.144022  0.144195  0.144350  0.144489
  0.144614  0.144726  0.144826  0.144916  0.144997  0.145078  0.145162  0.145250
  0.145343  0.145440  0.145543  0.145650  0.145764  0.145883  0.146009  0.146142
  0.146281  0.146429  0.146583  0.146746  0.146917  0.147096  0.147284  0.147482
  0.147689  0.147907  0.148136  0.148376  0.148629  0.148895  0.149175  0.149470
  0.149782  0.150114  0.150471  0.150853  0.151261  0.151692  0.152146  0.152621
  0.153107  0.153598  0.154092  0.154585  0.155076  0.155564  0.156049  0.156533
  0.157019  0.157507  0.157995  0.158483  0.158970  0.159454  0.159931  0.160398
  0.160855  0.161300  0.161732  0.162151  0.162556  0.162949  0.163331  0.163701
  0.164059  0.164406  0.164740  0.165064  0.165375  0.165675  0.165964  0.166240
  0.166505  0.166758  0.167000  0.167242  0.167497  0.167767  0.168052  0.168354
  0.168673  0.169011  0.169367  0.169744  0.170143  0.170564  0.171010  0.171481
  0.171979  0.172505
  1.000000  0.000000
 -0.036420 -0.035004 -0.033735 -0.032597 -0.031577 -0.030663 -0.029843 -0.029108
 -0.028449 -0.027858 -0.027328 -0.026854 -0.026428 -0.026046 -0.025704 -0.025397
 -0.025122 -0.024875 -0.024654 -0.024456 -0.024278 -0.023847 -0.023598 -0.023368
 -0.023134 -0.022888 -0.022631 -0.022361 -0.022077 -0.021780 -0.021468 -0.021141
 -0.020798 -0.020438 -0.020061 -0.019667 -0.019255 -0.018825 -0.018377 -0.017909
 -0.017420 -0.016910 -0.016378 -0.015823 -0.015244 -0.014639 -0.014007 -0.013347
 -0.012655 -0.011925 -0.011149 -0.010325 -0.009458 -0.008550 -0.007606 -0.006635
 -0.005651 -0.004673 -0.003705 -0.002751 -0.001814 -0.000897  0.000000  0.000883
  0.001756  0.002618  0.003468  0.004304  0.005126  0.005929  0.006709  0.007461
  0.008184  0.008877  0.009540  0.010173  0.010776  0.011354  0.011906  0.012433
  0.012937  0.013419  0.013877  0.014315  0.014731  0.015127  0.015502  0.015859
  0.016196  0.016482  0.016521  0.016910  0.017322  0.017757  0.018217  0.018703
  0.019217  0.019760  0.020335  0.020942  0.021584  0.022263  0.022981  0.023739
  0.024542  0.025390
  1.000000
  0.000000  0.000000  0.000000  0.000000  0.000000  0.000000  0.000000  0.000000
  0.000000  0.000000  0.000000  0.000000  0.000000  0.000000  0.000000  0.000000
  0.000000  0.000000  0.000000  0.000000  0.000000  0.000575  0.000787  0.000938
  0.001064  0.001174  0.001270  0.001352  0.001427  0.001505  0.001585  0.001668
  0.001755  0.001845  0.001938  0.002034  0.002133  0.002235  0.002340  0.002447
  0.002557  0.002670  0.002785  0.002902  0.003021  0.003141  0.003263  0.003387
  0.003510  0.003635  0.003762  0.003887  0.004011  0.004130  0.004242  0.004345
  0.004435  0.004510  0.004570  0.004614  0.004641  0.004653  0.004649  0.004630
  0.004596  0.004545  0.004479  0.004398  0.004301  0.004189  0.004063  0.003926
  0.003778  0.003621  0.003456  0.003284  0.003107  0.002925  0.002739  0.002549
  0.002356  0.002162  0.001967  0.001771  0.001577  0.001383  0.001192  0.001003
  0.000818  0.000602  0.000000  0.000000  0.000000  0.000000  0.000000  0.000000
  0.000000  0.000000  0.000000  0.000000  0.000000  0.000000  0.000000  0.000000
  0.000000  0.000000
  1.000000  0.000000
  0.511433  0.511417  0.511403  0.511392  0.511382  0.511373  0.511366  0.511359
  0.511353  0.511348  0.511343  0.511339  0.511335  0.511332  0.511329  0.511327
  0.511324  0.511322  0.511320  0.511319  0.511317  0.511315  0.511312  0.511310
  0.511307  0.511304  0.511301  0.511298  0.511295  0.511291  0.511287  0.511282
  0.511278  0.511273  0.511267  0.511261  0.511255  0.511248  0.511241  0.511233
  0.511225  0.511216  0.511206  0.511196  0.511185  0.511173  0.511160  0.511146
  0.511131  0.511114  0.511096  0.511076  0.511054  0.511030  0.511005  0.510978
  0.510949  0.510920  0.510890  0.510859  0.510828  0.510798  0.510766  0.510735
  0.510703  0.510671  0.510639  0.510606  0.510574  0.510541  0.510509  0.510478
  0.510448  0.510418  0.510390  0.510362  0.510336  0.510310  0.510286  0.510262
  0.510240  0.510218  0.510197  0.510177  0.510159  0.510141  0.510124  0.510107
  0.510092  0.510078  0.510064  0.510048  0.510033  0.510016  0.510000  0.509983
  0.509966  0.509949  0.509932  0.509915  0.509899  0.509884  0.509874  0.509866
  0.509859  0.509854
 ***************************************************************
 ************STARTING THE INPUT FOR EACH BLADE ROW**************
  BLADE ROW NUMBER =        7                                           
    NUMBER OF BLADES IN ROW 
        71
        JM        JLE       JTE 
       106        21        91
      KTIPSTART  KTIPEND 
         0         0
       BOUNDARY LAYER TRANSITION POINTS 
         0         0         0         0
  SET NEWGRID= 1 TO GENERATE A NEW GRID WITH DIFFERENT "J" POINTS AND SPACINGS.
         0
   RPMROW,    RPMHUB 
   12000.0   12000.0
       JROTHS    JROTHE    JROTTS    JROTTE 
         1         1         1         1
   PUPROW    PLEROW   PTEROW    PDROW 
  205400.3  205400.3  246808.2  246808.2
      NSECS_ROW   INSURF  
         3         0
  IF_CUSP_OUT   IFANGLES 
         1         0
         0         3         0
 ***************************************************************
  ROW NUMBER           7  SECTION NUMBER            1
           0           0           0  IF_DESIGN etc 
   1.00000   0.00000    0
  0.172491  0.173133  0.173708  0.174224  0.174687  0.175101  0.175473  0.175807
  0.176105  0.176373  0.176614  0.176829  0.177022  0.177195  0.177350  0.177490
  0.177614  0.177726  0.177826  0.177916  0.177997  0.178078  0.178162  0.178250
  0.178343  0.178440  0.178542  0.178650  0.178763  0.178883  0.179009  0.179141
  0.179281  0.179428  0.179583  0.179745  0.179916  0.180095  0.180283  0.180480
  0.180688  0.180906  0.181134  0.181375  0.181627  0.181893  0.182173  0.182468
  0.182780  0.183112  0.183469  0.183851  0.184259  0.184690  0.185144  0.185618
  0.186105  0.186596  0.187090  0.187583  0.188074  0.188562  0.189047  0.189531
  0.190017  0.190505  0.190993  0.191481  0.191968  0.192452  0.192930  0.193397
  0.193854  0.194299  0.194731  0.195150  0.195556  0.195949  0.196331  0.196701
  0.197059  0.197406  0.197741  0.198065  0.198376  0.198676  0.198965  0.199242
  0.199507  0.199760  0.200002  0.200244  0.200499  0.200770  0.201055  0.201357
  0.201677  0.202014  0.202371  0.202748  0.203147  0.203568  0.204014  0.204485
  0.204982  0.205509
  1.000000  0.000000
  0.029932  0.028518  0.027251  0.026115  0.025096  0.024183  0.023364  0.022630
  0.021972  0.021382  0.020853  0.020379  0.019954  0.019572  0.019231  0.018924
  0.018649  0.018403  0.018182  0.017984  0.017807  0.018093  0.018075  0.018013
  0.017927  0.017821  0.017694  0.017541  0.017362  0.017162  0.016948  0.016721
  0.016479  0.016222  0.015949  0.015661  0.015356  0.015034  0.014694  0.014336
  0.013957  0.013558  0.013137  0.012694  0.012226  0.011732  0.011210  0.010658
  0.010073  0.009449  0.008776  0.008053  0.007281  0.006462  0.005598  0.004695
  0.003767  0.002828  0.001885  0.000941  0.000000 -0.000936 -0.001865 -0.002794
 -0.003727 -0.004662 -0.005599 -0.006535 -0.007469 -0.008397 -0.009312 -0.010208
 -0.011082 -0.011934 -0.012761 -0.013562 -0.014336 -0.015087 -0.015816 -0.016521
 -0.017204 -0.017865 -0.018502 -0.019117 -0.019710 -0.020280 -0.020827 -0.021352
 -0.021854 -0.022334 -0.022946 -0.023336 -0.023748 -0.024184 -0.024644 -0.025131
 -0.025645 -0.026189 -0.026764 -0.027372 -0.028015 -0.028694 -0.029412 -0.030172
 -0.030974 -0.031822
  1.000000
  0.000000  0.000000  0.000000  0.000000  0.000000  0.000000  0.000000  0.000000
  0.000000  0.000000  0.000000  0.000000  0.000000  0.000000  0.000000  0.000000
  0.000000  0.000000  0.000000  0.000000  0.000000  0.000860  0.001111  0.001308
  0.001488  0.001655  0.001810  0.001950  0.002075  0.002190  0.002305  0.002419
  0.002533  0.002647  0.002761  0.002874  0.002987  0.003098  0.003209  0.003319
  0.003427  0.003534  0.003639  0.003743  0.003843  0.003941  0.004036  0.004128
  0.004215  0.004298  0.004376  0.004449  0.004514  0.004569  0.004612  0.004643
  0.004660  0.004662  0.004650  0.004624  0.004585  0.004534  0.004471  0.004397
  0.004311  0.004214  0.004106  0.003988  0.003861  0.003723  0.003579  0.003428
  0.003273  0.003114  0.002953  0.002789  0.002625  0.002461  0.002296  0.002131
  0.001967  0.001804  0.001643  0.001484  0.001327  0.001173  0.001023  0.000876
  0.000733  0.000563  0.000000  0.000000  0.000000  0.000000  0.000000  0.000000
  0.000000  0.000000  0.000000  0.000000  0.000000  0.000000  0.000000  0.000000
  0.000000  0.000000
  1.000000  0.000000
  0.490146  0.490151  0.490154  0.490156  0.490161  0.490166  0.490171  0.490175
  0.490179  0.490183  0.490186  0.490189  0.490192  0.490195  0.490197  0.490199
  0.490201  0.490203  0.490204  0.490206  0.490207  0.490209  0.490211  0.490213
  0.490216  0.490218  0.490221  0.490224  0.490227  0.490231  0.490235  0.490239
  0.490243  0.490248  0.490253  0.490258  0.490264  0.490270  0.490277  0.490284
  0.490291  0.490300  0.490309  0.490318  0.490328  0.490339  0.490351  0.490364
  0.490378  0.490393  0.490410  0.490428  0.490447  0.490469  0.490491  0.490516
  0.490541  0.490566  0.490593  0.490619  0.490646  0.490672  0.490698  0.490724
  0.490750  0.490777  0.490802  0.490828  0.490853  0.490878  0.490902  0.490925
  0.490947  0.490968  0.490988  0.491007  0.491025  0.491041  0.491057  0.491071
  0.491085  0.491097  0.491109  0.491120  0.491130  0.491139  0.491147  0.491155
  0.491162  0.491168  0.491174  0.491178  0.491182  0.491186  0.491190  0.491195
  0.491199  0.491204  0.491209  0.491214  0.491219  0.491225  0.491231  0.491237
  0.491243  0.491250
 ***************************************************************
  ROW NUMBER           7  SECTION NUMBER            2
           0           0           0  IF_DESIGN etc 
   1.00000   0.00000    0
  0.172496  0.173137  0.173712  0.174227  0.174689  0.175104  0.175475  0.175808
  0.176107  0.176375  0.176615  0.176830  0.177023  0.177196  0.177351  0.177490
  0.177615  0.177726  0.177826  0.177916  0.177997  0.178077  0.178162  0.178250
  0.178342  0.178440  0.178542  0.178650  0.178763  0.178882  0.179008  0.179141
  0.179280  0.179427  0.179582  0.179744  0.179915  0.180094  0.180282  0.180479
  0.180687  0.180905  0.181133  0.181374  0.181626  0.181892  0.182172  0.182467
  0.182779  0.183111  0.183468  0.183850  0.184257  0.184689  0.185143  0.185618
  0.186104  0.186596  0.187089  0.187582  0.188074  0.188562  0.189047  0.189532
  0.190018  0.190505  0.190994  0.191482  0.191969  0.192453  0.192931  0.193398
  0.193855  0.194300  0.194732  0.195151  0.195557  0.195950  0.196332  0.196702
  0.197060  0.197407  0.197742  0.198065  0.198377  0.198677  0.198965  0.199242
  0.199507  0.199760  0.200002  0.200244  0.200499  0.200769  0.201054  0.201356
  0.201675  0.202012  0.202369  0.202746  0.203144  0.203565  0.204010  0.204481
  0.204978  0.205504
  1.000000  0.000000
  0.029913  0.028501  0.027234  0.026099  0.025081  0.024169  0.023351  0.022617
  0.021960  0.021370  0.020841  0.020367  0.019942  0.019561  0.019220  0.018914
  0.018639  0.018393  0.018172  0.017975  0.017797  0.018083  0.018065  0.018003
  0.017917  0.017811  0.017684  0.017531  0.017352  0.017152  0.016939  0.016711
  0.016469  0.016212  0.015940  0.015651  0.015346  0.015025  0.014685  0.014327
  0.013949  0.013550  0.013129  0.012685  0.012218  0.011724  0.011202  0.010650
  0.010066  0.009442  0.008769  0.008047  0.007276  0.006457  0.005594  0.004691
  0.003763  0.002826  0.001883  0.000940  0.000000 -0.000935 -0.001863 -0.002791
 -0.003723 -0.004657 -0.005592 -0.006527 -0.007460 -0.008387 -0.009300 -0.010195
 -0.011068 -0.011919 -0.012744 -0.013544 -0.014317 -0.015067 -0.015794 -0.016499
 -0.017180 -0.017840 -0.018476 -0.019090 -0.019682 -0.020251 -0.020797 -0.021321
 -0.021823 -0.022302 -0.022913 -0.023302 -0.023714 -0.024149 -0.024609 -0.025095
 -0.025609 -0.026152 -0.026726 -0.027333 -0.027975 -0.028653 -0.029370 -0.030128
 -0.030930 -0.031777
  1.000000
  0.000000  0.000000  0.000000  0.000000  0.000000  0.000000  0.000000  0.000000
  0.000000  0.000000  0.000000  0.000000  0.000000  0.000000  0.000000  0.000000
  0.000000  0.000000  0.000000  0.000000  0.000000  0.000859  0.001110  0.001307
  0.001487  0.001654  0.001808  0.001948  0.002073  0.002188  0.002303  0.002417
  0.002531  0.002645  0.002758  0.002872  0.002984  0.003095  0.003206  0.003316
  0.003424  0.003531  0.003636  0.003739  0.003840  0.003937  0.004032  0.004124
  0.004211  0.004294  0.004372  0.004445  0.004509  0.004564  0.004608  0.004639
  0.004655  0.004657  0.004645  0.004619  0.004581  0.004529  0.004467  0.004392
  0.004307  0.004210  0.004102  0.003984  0.003857  0.003720  0.003575  0.003425
  0.003270  0.003111  0.002950  0.002787  0.002623  0.002458  0.002294  0.002129
  0.001965  0.001803  0.001641  0.001482  0.001326  0.001172  0.001022  0.000875
  0.000732  0.000562  0.000000  0.000000  0.000000  0.000000  0.000000  0.000000
  0.000000  0.000000  0.000000  0.000000  0.000000  0.000000  0.000000  0.000000
  0.000000  0.000000
  1.000000  0.000000
  0.500000  0.500000  0.500000  0.500000  0.500000  0.500000  0.500000  0.500000
  0.500000  0.500000  0.500000  0.500000  0.500000  0.500000  0.500000  0.500000
  0.500000  0.500000  0.500000  0.500000  0.500000  0.500000  0.500000  0.500000
  0.500000  0.500000  0.500000  0.500000  0.500000  0.500000  0.500000  0.500000
  0.500000  0.500000  0.500000  0.500000  0.500000  0.500000  0.500000  0.500000
  0.500000  0.500000  0.500000  0.500000  0.500000  0.500000  0.500000  0.500000
  0.500000  0.500000  0.500000  0.500000  0.500000  0.500000  0.500000  0.500000
  0.500000  0.500000  0.500000  0.500000  0.500000  0.500000  0.500000  0.500000
  0.500000  0.500000  0.500000  0.500000  0.500000  0.500000  0.500000  0.500000
  0.500000  0.500000  0.500000  0.500000  0.500000  0.500000  0.500000  0.500000
  0.500000  0.500000  0.500000  0.500000  0.500000  0.500000  0.500000  0.500000
  0.500000  0.500000  0.500000  0.500000  0.500000  0.500000  0.500000  0.500000
  0.500000  0.500000  0.500000  0.500000  0.500000  0.500000  0.500000  0.500000
  0.500000  0.500000
 ***************************************************************
  ROW NUMBER           7  SECTION NUMBER            3
           0           0           0  IF_DESIGN etc 
   1.00000   0.00000    0
  0.172491  0.173133  0.173708  0.174224  0.174687  0.175101  0.175473  0.175807
  0.176105  0.176373  0.176614  0.176829  0.177022  0.177195  0.177350  0.177490
  0.177614  0.177726  0.177826  0.177916  0.177997  0.178078  0.178162  0.178250
  0.178343  0.178440  0.178542  0.178650  0.178763  0.178883  0.179009  0.179141
  0.179281  0.179428  0.179583  0.179745  0.179916  0.180095  0.180283  0.180480
  0.180688  0.180906  0.181134  0.181375  0.181627  0.181893  0.182173  0.182468
  0.182780  0.183112  0.183469  0.183851  0.184259  0.184690  0.185144  0.185618
  0.186105  0.186596  0.187090  0.187583  0.188074  0.188562  0.189047  0.189531
  0.190017  0.190505  0.190993  0.191481  0.191968  0.192452  0.192930  0.193397
  0.193854  0.194299  0.194731  0.195150  0.195556  0.195949  0.196331  0.196701
  0.197059  0.197406  0.197741  0.198065  0.198376  0.198676  0.198965  0.199242
  0.199507  0.199760  0.200002  0.200244  0.200499  0.200770  0.201055  0.201357
  0.201677  0.202014  0.202371  0.202748  0.203147  0.203568  0.204014  0.204485
  0.204982  0.205509
  1.000000  0.000000
  0.029952  0.028538  0.027270  0.026134  0.025115  0.024201  0.023382  0.022648
  0.021989  0.021399  0.020869  0.020395  0.019970  0.019588  0.019246  0.018940
  0.018665  0.018418  0.018197  0.017999  0.017822  0.018108  0.018090  0.018028
  0.017942  0.017835  0.017707  0.017555  0.017376  0.017175  0.016961  0.016733
  0.016491  0.016234  0.015961  0.015672  0.015367  0.015044  0.014704  0.014345
  0.013967  0.013567  0.013146  0.012702  0.012233  0.011739  0.011216  0.010663
  0.010078  0.009454  0.008780  0.008057  0.007284  0.006464  0.005600  0.004696
  0.003767  0.002829  0.001885  0.000941  0.000000 -0.000936 -0.001865 -0.002794
 -0.003726 -0.004661 -0.005597 -0.006533 -0.007466 -0.008393 -0.009307 -0.010202
 -0.011076 -0.011926 -0.012752 -0.013552 -0.014326 -0.015076 -0.015803 -0.016508
 -0.017190 -0.017849 -0.018486 -0.019100 -0.019692 -0.020261 -0.020808 -0.021332
 -0.021834 -0.022313 -0.022925 -0.023314 -0.023726 -0.024161 -0.024621 -0.025108
 -0.025622 -0.026165 -0.026740 -0.027347 -0.027989 -0.028668 -0.029385 -0.030144
 -0.030945 -0.031793
  1.000000
  0.000000  0.000000  0.000000  0.000000  0.000000  0.000000  0.000000  0.000000
  0.000000  0.000000  0.000000  0.000000  0.000000  0.000000  0.000000  0.000000
  0.000000  0.000000  0.000000  0.000000  0.000000  0.000860  0.001111  0.001308
  0.001488  0.001655  0.001810  0.001950  0.002075  0.002190  0.002305  0.002419
  0.002533  0.002647  0.002761  0.002874  0.002987  0.003098  0.003209  0.003319
  0.003427  0.003534  0.003639  0.003743  0.003843  0.003941  0.004036  0.004128
  0.004215  0.004298  0.004376  0.004449  0.004514  0.004569  0.004612  0.004643
  0.004660  0.004662  0.004650  0.004624  0.004585  0.004534  0.004471  0.004397
  0.004311  0.004214  0.004106  0.003988  0.003861  0.003723  0.003579  0.003428
  0.003273  0.003114  0.002953  0.002789  0.002625  0.002461  0.002296  0.002131
  0.001967  0.001804  0.001643  0.001484  0.001327  0.001173  0.001023  0.000876
  0.000733  0.000563  0.000000  0.000000  0.000000  0.000000  0.000000  0.000000
  0.000000  0.000000  0.000000  0.000000  0.000000  0.000000  0.000000  0.000000
  0.000000  0.000000
  1.000000  0.000000
  0.509854  0.509849  0.509846  0.509844  0.509839  0.509834  0.509829  0.509825
  0.509821  0.509817  0.509814  0.509811  0.509808  0.509805  0.509803  0.509801
  0.509799  0.509797  0.509796  0.509794  0.509793  0.509791  0.509789  0.509787
  0.509784  0.509782  0.509779  0.509776  0.509773  0.509769  0.509765  0.509761
  0.509757  0.509752  0.509747  0.509742  0.509736  0.509730  0.509723  0.509716
  0.509709  0.509700  0.509691  0.509682  0.509672  0.509661  0.509649  0.509636
  0.509622  0.509607  0.509591  0.509572  0.509553  0.509531  0.509509  0.509485
  0.509459  0.509433  0.509407  0.509381  0.509354  0.509328  0.509302  0.509276
  0.509250  0.509223  0.509197  0.509172  0.509147  0.509122  0.509098  0.509075
  0.509053  0.509032  0.509012  0.508993  0.508976  0.508959  0.508943  0.508929
  0.508915  0.508903  0.508891  0.508880  0.508870  0.508861  0.508853  0.508845
  0.508838  0.508832  0.508826  0.508822  0.508818  0.508814  0.508810  0.508806
  0.508801  0.508796  0.508791  0.508786  0.508781  0.508775  0.508769  0.508763
  0.508757  0.508750
 ***************************************************************
 ************STARTING THE INPUT FOR EACH BLADE ROW**************
  BLADE ROW NUMBER =        8                                           
    NUMBER OF BLADES IN ROW 
        71
        JM        JLE       JTE 
       106        21        91
      KTIPSTART  KTIPEND 
         0         0
       BOUNDARY LAYER TRANSITION POINTS 
         0         0         0         0
  SET NEWGRID= 1 TO GENERATE A NEW GRID WITH DIFFERENT "J" POINTS AND SPACINGS.
         0
   RPMROW,    RPMHUB 
       0.0       0.0
       JROTHS    JROTHE    JROTTS    JROTTE 
         1         1         1         1
   PUPROW    PLEROW   PTEROW    PDROW 
  246808.2  246808.2  293263.2  293263.2
      NSECS_ROW   INSURF  
         3         0
  IF_CUSP_OUT   IFANGLES 
         1         0
         0         3         0
 ***************************************************************
  ROW NUMBER           8  SECTION NUMBER            1
           0           0           0  IF_DESIGN etc 
   1.00000   0.00000    0
  0.199994  0.200635  0.201211  0.201726  0.202189  0.202603  0.202975  0.203308
  0.203607  0.203875  0.204115  0.204330  0.204523  0.204696  0.204852  0.204991
  0.205115  0.205227  0.205328  0.205417  0.205498  0.205579  0.205663  0.205751
  0.205844  0.205941  0.206043  0.206151  0.206264  0.206384  0.206510  0.206642
  0.206782  0.206929  0.207083  0.207246  0.207417  0.207596  0.207784  0.207981
  0.208189  0.208406  0.208635  0.208876  0.209128  0.209394  0.209674  0.209969
  0.210281  0.210613  0.210970  0.211352  0.211760  0.212191  0.212645  0.213119
  0.213606  0.214097  0.214591  0.215084  0.215575  0.216064  0.216548  0.217033
  0.217519  0.218006  0.218494  0.218982  0.219469  0.219953  0.220431  0.220898
  0.221355  0.221800  0.222232  0.222651  0.223056  0.223449  0.223831  0.224201
  0.224559  0.224906  0.225241  0.225564  0.225875  0.226175  0.226464  0.226740
  0.227005  0.227258  0.227500  0.227742  0.227997  0.228267  0.228552  0.228854
  0.229173  0.229510  0.229866  0.230243  0.230642  0.231063  0.231508  0.231979
  0.232477  0.233003
  1.000000  0.000000
 -0.036357 -0.034945 -0.033678 -0.032543 -0.031525 -0.030612 -0.029794 -0.029060
 -0.028402 -0.027812 -0.027284 -0.026810 -0.026385 -0.026004 -0.025662 -0.025356
 -0.025081 -0.024835 -0.024614 -0.024416 -0.024239 -0.023808 -0.023560 -0.023330
 -0.023096 -0.022851 -0.022594 -0.022324 -0.022041 -0.021745 -0.021433 -0.021106
 -0.020764 -0.020405 -0.020029 -0.019635 -0.019224 -0.018795 -0.018348 -0.017881
 -0.017393 -0.016884 -0.016353 -0.015799 -0.015221 -0.014617 -0.013987 -0.013327
 -0.012637 -0.011908 -0.011133 -0.010311 -0.009445 -0.008538 -0.007597 -0.006626
 -0.005645 -0.004668 -0.003701 -0.002748 -0.001812 -0.000896  0.000000  0.000882
  0.001754  0.002616  0.003465  0.004302  0.005123  0.005926  0.006706  0.007458
  0.008181  0.008874  0.009537  0.010171  0.010775  0.011353  0.011905  0.012433
  0.012938  0.013420  0.013879  0.014317  0.014733  0.015130  0.015506  0.015863
  0.016201  0.016487  0.016527  0.016917  0.017329  0.017765  0.018225  0.018712
  0.019227  0.019771  0.020346  0.020954  0.021597  0.022276  0.022994  0.023752
  0.024555  0.025402
  1.000000
  0.000000  0.000000  0.000000  0.000000  0.000000  0.000000  0.000000  0.000000
  0.000000  0.000000  0.000000  0.000000  0.000000  0.000000  0.000000  0.000000
  0.000000  0.000000  0.000000  0.000000  0.000000  0.000575  0.000786  0.000937
  0.001063  0.001173  0.001269  0.001351  0.001426  0.001503  0.001584  0.001667
  0.001754  0.001843  0.001936  0.002032  0.002131  0.002233  0.002338  0.002445
  0.002555  0.002667  0.002782  0.002899  0.003018  0.003138  0.003260  0.003384
  0.003507  0.003632  0.003758  0.003884  0.004007  0.004126  0.004238  0.004341
  0.004431  0.004506  0.004566  0.004610  0.004637  0.004649  0.004645  0.004626
  0.004591  0.004541  0.004475  0.004394  0.004297  0.004185  0.004060  0.003923
  0.003775  0.003618  0.003453  0.003281  0.003104  0.002922  0.002736  0.002546
  0.002354  0.002160  0.001965  0.001770  0.001575  0.001382  0.001191  0.001002
  0.000817  0.000602  0.000000  0.000000  0.000000  0.000000  0.000000  0.000000
  0.000000  0.000000  0.000000  0.000000  0.000000  0.000000  0.000000  0.000000
  0.000000  0.000000
  1.000000  0.000000
  0.491174  0.491184  0.491192  0.491200  0.491206  0.491212  0.491217  0.491221
  0.491225  0.491229  0.491232  0.491235  0.491237  0.491240  0.491242  0.491243
  0.491245  0.491246  0.491248  0.491249  0.491250  0.491251  0.491253  0.491255
  0.491257  0.491259  0.491261  0.491263  0.491265  0.491268  0.491270  0.491273
  0.491277  0.491280  0.491284  0.491288  0.491292  0.491296  0.491301  0.491306
  0.491312  0.491318  0.491325  0.491331  0.491339  0.491347  0.491356  0.491365
  0.491375  0.491387  0.491399  0.491412  0.491427  0.491443  0.491460  0.491479
  0.491498  0.491518  0.491538  0.491559  0.491580  0.491601  0.491622  0.491644
  0.491666  0.491688  0.491710  0.491732  0.491755  0.491777  0.491799  0.491821
  0.491842  0.491862  0.491882  0.491901  0.491920  0.491938  0.491955  0.491972
  0.491988  0.492003  0.492018  0.492032  0.492046  0.492058  0.492071  0.492083
  0.492094  0.492104  0.492114  0.492126  0.492137  0.492150  0.492162  0.492175
  0.492187  0.492200  0.492213  0.492225  0.492237  0.492248  0.492256  0.492263
  0.492267  0.492271
 ***************************************************************
  ROW NUMBER           8  SECTION NUMBER            2
           0           0           0  IF_DESIGN etc 
   1.00000   0.00000    0
  0.199998  0.200639  0.201214  0.201730  0.202192  0.202606  0.202977  0.203310
  0.203609  0.203877  0.204117  0.204332  0.204525  0.204698  0.204853  0.204992
  0.205116  0.205228  0.205328  0.205418  0.205499  0.205579  0.205663  0.205752
  0.205844  0.205941  0.206044  0.206151  0.206265  0.206384  0.206510  0.206642
  0.206782  0.206929  0.207083  0.207246  0.207416  0.207596  0.207784  0.207981
  0.208188  0.208406  0.208635  0.208875  0.209127  0.209393  0.209673  0.209968
  0.210280  0.210612  0.210969  0.211351  0.211758  0.212190  0.212644  0.213118
  0.213605  0.214096  0.214590  0.215083  0.215574  0.216063  0.216547  0.217032
  0.217518  0.218005  0.218494  0.218982  0.219469  0.219953  0.220430  0.220898
  0.221355  0.221800  0.222232  0.222651  0.223056  0.223449  0.223831  0.224201
  0.224559  0.224906  0.225241  0.225564  0.225876  0.226176  0.226464  0.226741
  0.227006  0.227259  0.227501  0.227742  0.227998  0.228268  0.228553  0.228855
  0.229174  0.229511  0.229867  0.230244  0.230642  0.231063  0.231508  0.231979
  0.232476  0.233002
  1.000000  0.000000
 -0.036342 -0.034929 -0.033663 -0.032528 -0.031511 -0.030598 -0.029780 -0.029047
 -0.028389 -0.027800 -0.027271 -0.026797 -0.026372 -0.025991 -0.025650 -0.025344
 -0.025069 -0.024823 -0.024602 -0.024405 -0.024227 -0.023797 -0.023549 -0.023319
 -0.023085 -0.022840 -0.022583 -0.022314 -0.022031 -0.021734 -0.021423 -0.021097
 -0.020754 -0.020395 -0.020019 -0.019626 -0.019215 -0.018786 -0.018339 -0.017872
 -0.017385 -0.016876 -0.016345 -0.015791 -0.015213 -0.014610 -0.013979 -0.013320
 -0.012630 -0.011902 -0.011127 -0.010305 -0.009440 -0.008533 -0.007592 -0.006622
 -0.005641 -0.004664 -0.003698 -0.002746 -0.001811 -0.000895  0.000000  0.000881
  0.001753  0.002614  0.003462  0.004298  0.005118  0.005921  0.006700  0.007451
  0.008173  0.008865  0.009527  0.010160  0.010763  0.011340  0.011892  0.012419
  0.012923  0.013404  0.013862  0.014299  0.014715  0.015111  0.015487  0.015843
  0.016181  0.016466  0.016506  0.016895  0.017306  0.017741  0.018201  0.018687
  0.019201  0.019744  0.020318  0.020925  0.021566  0.022245  0.022962  0.023719
  0.024521  0.025368
  1.000000
  0.000000  0.000000  0.000000  0.000000  0.000000  0.000000  0.000000  0.000000
  0.000000  0.000000  0.000000  0.000000  0.000000  0.000000  0.000000  0.000000
  0.000000  0.000000  0.000000  0.000000  0.000000  0.000574  0.000785  0.000936
  0.001062  0.001172  0.001268  0.001350  0.001425  0.001502  0.001582  0.001666
  0.001752  0.001842  0.001935  0.002031  0.002129  0.002231  0.002336  0.002443
  0.002553  0.002665  0.002780  0.002897  0.003016  0.003136  0.003258  0.003381
  0.003505  0.003629  0.003755  0.003881  0.004004  0.004123  0.004235  0.004338
  0.004428  0.004503  0.004562  0.004606  0.004634  0.004645  0.004642  0.004623
  0.004588  0.004538  0.004472  0.004390  0.004293  0.004182  0.004057  0.003920
  0.003772  0.003615  0.003450  0.003278  0.003102  0.002920  0.002734  0.002544
  0.002352  0.002158  0.001963  0.001768  0.001574  0.001381  0.001190  0.001001
  0.000816  0.000601  0.000000  0.000000  0.000000  0.000000  0.000000  0.000000
  0.000000  0.000000  0.000000  0.000000  0.000000  0.000000  0.000000  0.000000
  0.000000  0.000000
  1.000000  0.000000
  0.500000  0.500000  0.500000  0.500000  0.500000  0.500000  0.500000  0.500000
  0.500000  0.500000  0.500000  0.500000  0.500000  0.500000  0.500000  0.500000
  0.500000  0.500000  0.500000  0.500000  0.500000  0.500000  0.500000  0.500000
  0.500000  0.500000  0.500000  0.500000  0.500000  0.500000  0.500000  0.500000
  0.500000  0.500000  0.500000  0.500000  0.500000  0.500000  0.500000  0.500000
  0.500000  0.500000  0.500000  0.500000  0.500000  0.500000  0.500000  0.500000
  0.500000  0.500000  0.500000  0.500000  0.500000  0.500000  0.500000  0.500000
  0.500000  0.500000  0.500000  0.500000  0.500000  0.500000  0.500000  0.500000
  0.500000  0.500000  0.500000  0.500000  0.500000  0.500000  0.500000  0.500000
  0.500000  0.500000  0.500000  0.500000  0.500000  0.500000  0.500000  0.500000
  0.500000  0.500000  0.500000  0.500000  0.500000  0.500000  0.500000  0.500000
  0.500000  0.500000  0.500000  0.500000  0.500000  0.500000  0.500000  0.500000
  0.500000  0.500000  0.500000  0.500000  0.500000  0.500000  0.500000  0.500000
  0.500000  0.500000
 ***************************************************************
  ROW NUMBER           8  SECTION NUMBER            3
           0           0           0  IF_DESIGN etc 
   1.00000   0.00000    0
  0.199994  0.200635  0.201211  0.201726  0.202189  0.202603  0.202975  0.203308
  0.203607  0.203875  0.204115  0.204330  0.204523  0.204696  0.204852  0.204991
  0.205115  0.205227  0.205328  0.205417  0.205498  0.205579  0.205663  0.205751
  0.205844  0.205941  0.206043  0.206151  0.206264  0.206384  0.206510  0.206642
  0.206782  0.206929  0.207083  0.207246  0.207417  0.207596  0.207784  0.207981
  0.208189  0.208406  0.208635  0.208876  0.209128  0.209394  0.209674  0.209969
  0.210281  0.210613  0.210970  0.211352  0.211760  0.212191  0.212645  0.213119
  0.213606  0.214097  0.214591  0.215084  0.215575  0.216064  0.216548  0.217033
  0.217519  0.218006  0.218494  0.218982  0.219469  0.219953  0.220431  0.220898
  0.221355  0.221800  0.222232  0.222651  0.223056  0.223449  0.223831  0.224201
  0.224559  0.224906  0.225241  0.225564  0.225875  0.226175  0.226464  0.226740
  0.227005  0.227258  0.227500  0.227742  0.227997  0.228267  0.228552  0.228854
  0.229173  0.229510  0.229866  0.230243  0.230642  0.231063  0.231508  0.231979
  0.232477  0.233003
  1.000000  0.000000
 -0.036381 -0.034967 -0.033700 -0.032563 -0.031544 -0.030631 -0.029812 -0.029078
 -0.028419 -0.027829 -0.027300 -0.026826 -0.026400 -0.026019 -0.025677 -0.025371
 -0.025096 -0.024850 -0.024629 -0.024431 -0.024253 -0.023823 -0.023574 -0.023344
 -0.023110 -0.022865 -0.022607 -0.022338 -0.022055 -0.021758 -0.021446 -0.021119
 -0.020776 -0.020417 -0.020040 -0.019647 -0.019235 -0.018806 -0.018358 -0.017891
 -0.017403 -0.016893 -0.016362 -0.015807 -0.015229 -0.014625 -0.013993 -0.013333
 -0.012643 -0.011914 -0.011137 -0.010315 -0.009449 -0.008541 -0.007599 -0.006628
 -0.005646 -0.004669 -0.003701 -0.002748 -0.001812 -0.000896  0.000000  0.000882
  0.001754  0.002616  0.003465  0.004301  0.005121  0.005924  0.006704  0.007455
  0.008177  0.008870  0.009532  0.010165  0.010768  0.011345  0.011897  0.012424
  0.012928  0.013409  0.013867  0.014304  0.014720  0.015116  0.015492  0.015848
  0.016185  0.016471  0.016510  0.016899  0.017310  0.017745  0.018205  0.018691
  0.019204  0.019747  0.020321  0.020928  0.021570  0.022248  0.022965  0.023724
  0.024525  0.025373
  1.000000
  0.000000  0.000000  0.000000  0.000000  0.000000  0.000000  0.000000  0.000000
  0.000000  0.000000  0.000000  0.000000  0.000000  0.000000  0.000000  0.000000
  0.000000  0.000000  0.000000  0.000000  0.000000  0.000575  0.000786  0.000937
  0.001063  0.001173  0.001269  0.001351  0.001426  0.001503  0.001584  0.001667
  0.001754  0.001843  0.001936  0.002032  0.002131  0.002233  0.002338  0.002445
  0.002555  0.002667  0.002782  0.002899  0.003018  0.003138  0.003260  0.003384
  0.003507  0.003632  0.003758  0.003884  0.004007  0.004126  0.004238  0.004341
  0.004431  0.004506  0.004566  0.004610  0.004637  0.004649  0.004645  0.004626
  0.004591  0.004541  0.004475  0.004394  0.004297  0.004185  0.004060  0.003923
  0.003775  0.003618  0.003453  0.003281  0.003104  0.002922  0.002736  0.002546
  0.002354  0.002160  0.001965  0.001770  0.001575  0.001382  0.001191  0.001002
  0.000817  0.000602  0.000000  0.000000  0.000000  0.000000  0.000000  0.000000
  0.000000  0.000000  0.000000  0.000000  0.000000  0.000000  0.000000  0.000000
  0.000000  0.000000
  1.000000  0.000000
  0.508826  0.508816  0.508808  0.508800  0.508794  0.508788  0.508783  0.508779
  0.508775  0.508771  0.508768  0.508765  0.508763  0.508760  0.508758  0.508757
  0.508755  0.508754  0.508752  0.508751  0.508750  0.508749  0.508747  0.508745
  0.508743  0.508741  0.508739  0.508737  0.508735  0.508732  0.508730  0.508727
  0.508723  0.508720  0.508716  0.508712  0.508708  0.508704  0.508699  0.508694
  0.508688  0.508682  0.508676  0.508669  0.508661  0.508653  0.508644  0.508635
  0.508625  0.508614  0.508601  0.508588  0.508573  0.508557  0.508540  0.508521
  0.508502  0.508482  0.508462  0.508441  0.508420  0.508399  0.508377  0.508356
  0.508334  0.508312  0.508290  0.508268  0.508245  0.508223  0.508201  0.508179
  0.508158  0.508138  0.508118  0.508099  0.508080  0.508062  0.508045  0.508028
  0.508012  0.507997  0.507982  0.507968  0.507954  0.507941  0.507929  0.507917
  0.507906  0.507896  0.507886  0.507874  0.507862  0.507850  0.507838  0.507825
  0.507812  0.507800  0.507787  0.507775  0.507763  0.507751  0.507744  0.507737
  0.507733  0.507729
 ***************************************************************
 ************STARTING THE INPUT FOR EACH BLADE ROW**************
  BLADE ROW NUMBER =        9                                           
    NUMBER OF BLADES IN ROW 
        71
        JM        JLE       JTE 
       106        21        91
      KTIPSTART  KTIPEND 
         0         0
       BOUNDARY LAYER TRANSITION POINTS 
         0         0         0         0
  SET NEWGRID= 1 TO GENERATE A NEW GRID WITH DIFFERENT "J" POINTS AND SPACINGS.
         0
   RPMROW,    RPMHUB 
   12000.0   12000.0
       JROTHS    JROTHE    JROTTS    JROTTE 
         1         1         1         1
   PUPROW    PLEROW   PTEROW    PDROW 
  293263.2  293263.2  345581.7  345581.7
      NSECS_ROW   INSURF  
         3         0
  IF_CUSP_OUT   IFANGLES 
         1         0
         0         3         0
 ***************************************************************
  ROW NUMBER           9  SECTION NUMBER            1
           0           0           0  IF_DESIGN etc 
   1.00000   0.00000    0
  0.232996  0.233637  0.234213  0.234728  0.235191  0.235605  0.235977  0.236310
  0.236609  0.236876  0.237116  0.237332  0.237525  0.237698  0.237853  0.237992
  0.238117  0.238228  0.238329  0.238418  0.238499  0.238580  0.238664  0.238752
  0.238845  0.238942  0.239044  0.239152  0.239265  0.239385  0.239510  0.239643
  0.239782  0.239929  0.240084  0.240247  0.240417  0.240596  0.240784  0.240982
  0.241189  0.241407  0.241636  0.241876  0.242128  0.242394  0.242674  0.242969
  0.243281  0.243613  0.243970  0.244352  0.244759  0.245191  0.245645  0.246119
  0.246606  0.247097  0.247590  0.248083  0.248575  0.249063  0.249548  0.250032
  0.250518  0.251005  0.251494  0.251982  0.252469  0.252953  0.253430  0.253898
  0.254355  0.254799  0.255232  0.255651  0.256056  0.256449  0.256831  0.257201
  0.257559  0.257906  0.258241  0.258564  0.258876  0.259176  0.259464  0.259741
  0.260006  0.260259  0.260501  0.260743  0.260998  0.261268  0.261554  0.261856
  0.262175  0.262512  0.262868  0.263245  0.263644  0.264065  0.264510  0.264981
  0.265479  0.266004
  1.000000  0.000000
  0.029916  0.028503  0.027237  0.026101  0.025083  0.024170  0.023352  0.022619
  0.021961  0.021371  0.020842  0.020368  0.019943  0.019562  0.019221  0.018915
  0.018640  0.018394  0.018173  0.017975  0.017798  0.018084  0.018066  0.018004
  0.017918  0.017812  0.017685  0.017532  0.017353  0.017153  0.016940  0.016712
  0.016470  0.016214  0.015941  0.015652  0.015348  0.015026  0.014686  0.014328
  0.013950  0.013551  0.013130  0.012687  0.012219  0.011725  0.011204  0.010652
  0.010067  0.009444  0.008771  0.008049  0.007277  0.006458  0.005595  0.004692
  0.003764  0.002826  0.001884  0.000941  0.000000 -0.000935 -0.001864 -0.002792
 -0.003724 -0.004659 -0.005595 -0.006530 -0.007463 -0.008391 -0.009305 -0.010200
 -0.011074 -0.011925 -0.012751 -0.013552 -0.014325 -0.015076 -0.015804 -0.016509
 -0.017191 -0.017851 -0.018488 -0.019103 -0.019695 -0.020264 -0.020811 -0.021335
 -0.021837 -0.022317 -0.022928 -0.023318 -0.023730 -0.024165 -0.024625 -0.025111
 -0.025626 -0.026169 -0.026744 -0.027351 -0.027993 -0.028672 -0.029390 -0.030148
 -0.030950 -0.031798
  1.000000
  0.000000  0.000000  0.000000  0.000000  0.000000  0.000000  0.000000  0.000000
  0.000000  0.000000  0.000000  0.000000  0.000000  0.000000  0.000000  0.000000
  0.000000  0.000000  0.000000  0.000000  0.000000  0.000860  0.001110  0.001308
  0.001487  0.001654  0.001809  0.001949  0.002073  0.002189  0.002303  0.002418
  0.002532  0.002646  0.002759  0.002872  0.002985  0.003096  0.003207  0.003317
  0.003425  0.003532  0.003637  0.003740  0.003841  0.003939  0.004034  0.004125
  0.004212  0.004295  0.004374  0.004446  0.004511  0.004566  0.004610  0.004640
  0.004657  0.004659  0.004647  0.004621  0.004582  0.004531  0.004468  0.004394
  0.004308  0.004211  0.004104  0.003986  0.003858  0.003721  0.003576  0.003426
  0.003271  0.003112  0.002951  0.002788  0.002624  0.002459  0.002294  0.002130
  0.001966  0.001803  0.001642  0.001483  0.001326  0.001173  0.001022  0.000875
  0.000732  0.000562  0.000000  0.000000  0.000000  0.000000  0.000000  0.000000
  0.000000  0.000000  0.000000  0.000000  0.000000  0.000000  0.000000  0.000000
  0.000000  0.000000
  1.000000  0.000000
  0.492271  0.492275  0.492277  0.492279  0.492282  0.492286  0.492289  0.492292
  0.492295  0.492297  0.492300  0.492302  0.492304  0.492305  0.492307  0.492309
  0.492310  0.492311  0.492312  0.492313  0.492314  0.492315  0.492317  0.492318
  0.492320  0.492322  0.492324  0.492326  0.492328  0.492331  0.492333  0.492336
  0.492339  0.492342  0.492346  0.492350  0.492354  0.492358  0.492363  0.492368
  0.492373  0.492379  0.492385  0.492391  0.492399  0.492406  0.492415  0.492423
  0.492433  0.492444  0.492455  0.492468  0.492481  0.492496  0.492512  0.492529
  0.492547  0.492565  0.492583  0.492601  0.492620  0.492638  0.492656  0.492675
  0.492693  0.492711  0.492729  0.492747  0.492765  0.492782  0.492798  0.492815
  0.492830  0.492845  0.492858  0.492872  0.492884  0.492895  0.492906  0.492916
  0.492926  0.492934  0.492943  0.492950  0.492957  0.492964  0.492970  0.492975
  0.492980  0.492984  0.492988  0.492991  0.492993  0.492996  0.492999  0.493002
  0.493006  0.493009  0.493012  0.493016  0.493020  0.493024  0.493028  0.493032
  0.493036  0.493041
 ***************************************************************
  ROW NUMBER           9  SECTION NUMBER            2
           0           0           0  IF_DESIGN etc 
   1.00000   0.00000    0
  0.232998  0.233640  0.234214  0.234730  0.235192  0.235606  0.235978  0.236311
  0.236609  0.236877  0.237117  0.237332  0.237525  0.237698  0.237853  0.237992
  0.238117  0.238228  0.238329  0.238418  0.238499  0.238579  0.238664  0.238752
  0.238844  0.238942  0.239044  0.239152  0.239265  0.239384  0.239510  0.239642
  0.239782  0.239929  0.240084  0.240246  0.240417  0.240596  0.240784  0.240981
  0.241188  0.241406  0.241635  0.241875  0.242128  0.242393  0.242673  0.242969
  0.243280  0.243612  0.243969  0.244351  0.244759  0.245190  0.245644  0.246119
  0.246605  0.247097  0.247590  0.248083  0.248575  0.249063  0.249548  0.250032
  0.250518  0.251006  0.251494  0.251982  0.252469  0.252953  0.253431  0.253898
  0.254355  0.254800  0.255232  0.255651  0.256057  0.256450  0.256832  0.257202
  0.257560  0.257906  0.258241  0.258565  0.258876  0.259176  0.259465  0.259741
  0.260006  0.260259  0.260501  0.260743  0.260998  0.261268  0.261553  0.261855
  0.262174  0.262511  0.262867  0.263244  0.263642  0.264064  0.264509  0.264979
  0.265476  0.266002
  1.000000  0.000000
  0.029909  0.028497  0.027231  0.026096  0.025078  0.024165  0.023347  0.022614
  0.021956  0.021367  0.020838  0.020365  0.019940  0.019559  0.019217  0.018911
  0.018637  0.018391  0.018170  0.017972  0.017795  0.018081  0.018063  0.018001
  0.017915  0.017809  0.017681  0.017529  0.017350  0.017150  0.016936  0.016709
  0.016467  0.016210  0.015938  0.015649  0.015344  0.015023  0.014683  0.014325
  0.013947  0.013548  0.013127  0.012684  0.012216  0.011722  0.011201  0.010649
  0.010065  0.009441  0.008768  0.008046  0.007275  0.006456  0.005593  0.004690
  0.003763  0.002825  0.001883  0.000940  0.000000 -0.000935 -0.001863 -0.002791
 -0.003722 -0.004656 -0.005592 -0.006527 -0.007459 -0.008386 -0.009299 -0.010194
 -0.011067 -0.011917 -0.012742 -0.013542 -0.014315 -0.015065 -0.015792 -0.016496
 -0.017178 -0.017837 -0.018474 -0.019088 -0.019679 -0.020248 -0.020794 -0.021318
 -0.021820 -0.022299 -0.022910 -0.023299 -0.023711 -0.024146 -0.024605 -0.025091
 -0.025605 -0.026148 -0.026722 -0.027329 -0.027971 -0.028649 -0.029366 -0.030124
 -0.030925 -0.031772
  1.000000
  0.000000  0.000000  0.000000  0.000000  0.000000  0.000000  0.000000  0.000000
  0.000000  0.000000  0.000000  0.000000  0.000000  0.000000  0.000000  0.000000
  0.000000  0.000000  0.000000  0.000000  0.000000  0.000859  0.001109  0.001307
  0.001487  0.001654  0.001808  0.001948  0.002072  0.002188  0.002302  0.002417
  0.002531  0.002644  0.002758  0.002871  0.002983  0.003095  0.003206  0.003315
  0.003423  0.003530  0.003635  0.003738  0.003839  0.003937  0.004032  0.004123
  0.004210  0.004293  0.004372  0.004444  0.004509  0.004564  0.004607  0.004638
  0.004655  0.004657  0.004645  0.004619  0.004580  0.004529  0.004466  0.004392
  0.004306  0.004209  0.004102  0.003984  0.003856  0.003719  0.003575  0.003424
  0.003269  0.003111  0.002949  0.002786  0.002623  0.002458  0.002293  0.002129
  0.001965  0.001802  0.001641  0.001482  0.001326  0.001172  0.001022  0.000875
  0.000732  0.000562  0.000000  0.000000  0.000000  0.000000  0.000000  0.000000
  0.000000  0.000000  0.000000  0.000000  0.000000  0.000000  0.000000  0.000000
  0.000000  0.000000
  1.000000  0.000000
  0.500000  0.500000  0.500000  0.500000  0.500000  0.500000  0.500000  0.500000
  0.500000  0.500000  0.500000  0.500000  0.500000  0.500000  0.500000  0.500000
  0.500000  0.500000  0.500000  0.500000  0.500000  0.500000  0.500000  0.500000
  0.500000  0.500000  0.500000  0.500000  0.500000  0.500000  0.500000  0.500000
  0.500000  0.500000  0.500000  0.500000  0.500000  0.500000  0.500000  0.500000
  0.500000  0.500000  0.500000  0.500000  0.500000  0.500000  0.500000  0.500000
  0.500000  0.500000  0.500000  0.500000  0.500000  0.500000  0.500000  0.500000
  0.500000  0.500000  0.500000  0.500000  0.500000  0.500000  0.500000  0.500000
  0.500000  0.500000  0.500000  0.500000  0.500000  0.500000  0.500000  0.500000
  0.500000  0.500000  0.500000  0.500000  0.500000  0.500000  0.500000  0.500000
  0.500000  0.500000  0.500000  0.500000  0.500000  0.500000  0.500000  0.500000
  0.500000  0.500000  0.500000  0.500000  0.500000  0.500000  0.500000  0.500000
  0.500000  0.500000  0.500000  0.500000  0.500000  0.500000  0.500000  0.500000
  0.500000  0.500000
 ***************************************************************
  ROW NUMBER           9  SECTION NUMBER            3
           0           0           0  IF_DESIGN etc 
   1.00000   0.00000    0
  0.232996  0.233637  0.234213  0.234728  0.235191  0.235605  0.235977  0.236310
  0.236608  0.236876  0.237116  0.237332  0.237525  0.237698  0.237853  0.237992
  0.238117  0.238228  0.238329  0.238418  0.238499  0.238579  0.238664  0.238752
  0.238845  0.238942  0.239044  0.239152  0.239265  0.239385  0.239510  0.239643
  0.239782  0.239929  0.240084  0.240247  0.240417  0.240596  0.240784  0.240982
  0.241189  0.241407  0.241635  0.241876  0.242128  0.242394  0.242674  0.242969
  0.243281  0.243613  0.243969  0.244352  0.244759  0.245191  0.245645  0.246119
  0.246606  0.247097  0.247590  0.248083  0.248575  0.249063  0.249548  0.250032
  0.250518  0.251005  0.251494  0.251982  0.252469  0.252953  0.253430  0.253898
  0.254355  0.254799  0.255232  0.255650  0.256056  0.256449  0.256831  0.257201
  0.257559  0.257906  0.258241  0.258564  0.258876  0.259176  0.259464  0.259741
  0.260006  0.260259  0.260501  0.260743  0.260998  0.261268  0.261554  0.261856
  0.262175  0.262512  0.262868  0.263245  0.263644  0.264065  0.264510  0.264981
  0.265478  0.266004
  1.000000  0.000000
  0.029930  0.028517  0.027250  0.026115  0.025096  0.024183  0.023365  0.022631
  0.021973  0.021383  0.020854  0.020380  0.019955  0.019573  0.019232  0.018925
  0.018651  0.018404  0.018184  0.017986  0.017808  0.018095  0.018076  0.018014
  0.017928  0.017822  0.017694  0.017542  0.017363  0.017163  0.016949  0.016721
  0.016479  0.016222  0.015949  0.015660  0.015355  0.015033  0.014693  0.014335
  0.013957  0.013557  0.013136  0.012692  0.012224  0.011730  0.011208  0.010656
  0.010071  0.009447  0.008774  0.008051  0.007279  0.006460  0.005596  0.004693
  0.003765  0.002827  0.001884  0.000941  0.000000 -0.000935 -0.001864 -0.002792
 -0.003724 -0.004658 -0.005594 -0.006529 -0.007461 -0.008388 -0.009302 -0.010196
 -0.011070 -0.011920 -0.012745 -0.013545 -0.014318 -0.015068 -0.015795 -0.016500
 -0.017181 -0.017840 -0.018477 -0.019091 -0.019682 -0.020251 -0.020798 -0.021322
 -0.021823 -0.022302 -0.022913 -0.023303 -0.023714 -0.024149 -0.024609 -0.025095
 -0.025609 -0.026152 -0.026727 -0.027334 -0.027975 -0.028654 -0.029371 -0.030129
 -0.030930 -0.031777
  1.000000
  0.000000  0.000000  0.000000  0.000000  0.000000  0.000000  0.000000  0.000000
  0.000000  0.000000  0.000000  0.000000  0.000000  0.000000  0.000000  0.000000
  0.000000  0.000000  0.000000  0.000000  0.000000  0.000860  0.001110  0.001308
  0.001487  0.001654  0.001809  0.001949  0.002073  0.002189  0.002303  0.002418
  0.002532  0.002646  0.002759  0.002872  0.002985  0.003096  0.003207  0.003317
  0.003425  0.003532  0.003637  0.003740  0.003841  0.003939  0.004034  0.004125
  0.004212  0.004295  0.004374  0.004446  0.004511  0.004566  0.004610  0.004640
  0.004657  0.004659  0.004647  0.004621  0.004582  0.004531  0.004468  0.004394
  0.004308  0.004211  0.004104  0.003986  0.003858  0.003721  0.003577  0.003426
  0.003271  0.003112  0.002951  0.002788  0.002624  0.002459  0.002294  0.002130
  0.001966  0.001803  0.001642  0.001483  0.001326  0.001173  0.001022  0.000875
  0.000732  0.000562  0.000000  0.000000  0.000000  0.000000  0.000000  0.000000
  0.000000  0.000000  0.000000  0.000000  0.000000  0.000000  0.000000  0.000000
  0.000000  0.000000
  1.000000  0.000000
  0.507729  0.507725  0.507723  0.507721  0.507718  0.507714  0.507711  0.507708
  0.507705  0.507703  0.507700  0.507698  0.507696  0.507695  0.507693  0.507692
  0.507690  0.507689  0.507688  0.507687  0.507686  0.507685  0.507683  0.507682
  0.507680  0.507678  0.507676  0.507674  0.507672  0.507669  0.507667  0.507664
  0.507661  0.507658  0.507654  0.507650  0.507646  0.507642  0.507637  0.507632
  0.507627  0.507621  0.507615  0.507608  0.507601  0.507593  0.507585  0.507576
  0.507566  0.507556  0.507544  0.507532  0.507518  0.507503  0.507487  0.507470
  0.507452  0.507434  0.507416  0.507397  0.507379  0.507361  0.507342  0.507324
  0.507306  0.507288  0.507269  0.507252  0.507234  0.507216  0.507200  0.507184
  0.507168  0.507154  0.507140  0.507127  0.507115  0.507103  0.507092  0.507082
  0.507073  0.507064  0.507056  0.507048  0.507041  0.507035  0.507029  0.507024
  0.507019  0.507015  0.507011  0.507009  0.507006  0.507003  0.507000  0.506997
  0.506994  0.506991  0.506988  0.506984  0.506980  0.506977  0.506973  0.506968
  0.506964  0.506959
 ***************************************************************
 ************STARTING THE INPUT FOR EACH BLADE ROW**************
  BLADE ROW NUMBER =       10                                           
    NUMBER OF BLADES IN ROW 
        71
        JM        JLE       JTE 
       106        21        91
      KTIPSTART  KTIPEND 
         0         0
       BOUNDARY LAYER TRANSITION POINTS 
         0         0         0         0
  SET NEWGRID= 1 TO GENERATE A NEW GRID WITH DIFFERENT "J" POINTS AND SPACINGS.
         0
   RPMROW,    RPMHUB 
       0.0       0.0
       JROTHS    JROTHE    JROTTS    JROTTE 
         1         1         1         1
   PUPROW    PLEROW   PTEROW    PDROW 
  345581.7  345581.7  403572.4  403572.4
      NSECS_ROW   INSURF  
         3         0
  IF_CUSP_OUT   IFANGLES 
         1         0
         0         3         0
 ***************************************************************
  ROW NUMBER          10  SECTION NUMBER            1
           0           0           0  IF_DESIGN etc 
   1.00000   0.00000    0
  0.260497  0.261138  0.261713  0.262229  0.262691  0.263105  0.263477  0.263810
  0.264109  0.264376  0.264617  0.264832  0.265025  0.265198  0.265353  0.265492
  0.265617  0.265728  0.265829  0.265918  0.265999  0.266080  0.266164  0.266252
  0.266345  0.266442  0.266544  0.266652  0.266765  0.266884  0.267010  0.267143
  0.267282  0.267429  0.267584  0.267747  0.267917  0.268096  0.268284  0.268482
  0.268689  0.268907  0.269136  0.269376  0.269628  0.269894  0.270174  0.270469
  0.270781  0.271113  0.271470  0.271852  0.272259  0.272691  0.273145  0.273619
  0.274106  0.274597  0.275091  0.275584  0.276075  0.276563  0.277048  0.277532
  0.278019  0.278506  0.278994  0.279482  0.279969  0.280453  0.280931  0.281398
  0.281855  0.282300  0.282732  0.283151  0.283556  0.283949  0.284331  0.284701
  0.285059  0.285406  0.285741  0.286064  0.286375  0.286675  0.286964  0.287240
  0.287505  0.287758  0.288000  0.288242  0.288497  0.288767  0.289052  0.289354
  0.289673  0.290010  0.290366  0.290743  0.291141  0.291562  0.292007  0.292478
  0.292976  0.293501
  1.000000  0.000000
 -0.036346 -0.034934 -0.033668 -0.032532 -0.031515 -0.030602 -0.029784 -0.029051
 -0.028393 -0.027803 -0.027275 -0.026801 -0.026376 -0.025995 -0.025653 -0.025347
 -0.025073 -0.024827 -0.024606 -0.024408 -0.024231 -0.023800 -0.023552 -0.023322
 -0.023088 -0.022843 -0.022586 -0.022317 -0.022034 -0.021737 -0.021426 -0.021100
 -0.020757 -0.020398 -0.020022 -0.019629 -0.019218 -0.018789 -0.018342 -0.017875
 -0.017387 -0.016878 -0.016347 -0.015793 -0.015216 -0.014612 -0.013982 -0.013322
 -0.012632 -0.011904 -0.011129 -0.010307 -0.009442 -0.008535 -0.007594 -0.006624
 -0.005643 -0.004666 -0.003699 -0.002747 -0.001812 -0.000896  0.000000  0.000882
  0.001754  0.002615  0.003464  0.004300  0.005120  0.005924  0.006703  0.007454
  0.008177  0.008870  0.009533  0.010166  0.010769  0.011347  0.011899  0.012427
  0.012931  0.013412  0.013872  0.014309  0.014725  0.015122  0.015498  0.015854
  0.016192  0.016478  0.016518  0.016907  0.017319  0.017755  0.018215  0.018701
  0.019216  0.019760  0.020334  0.020942  0.021584  0.022263  0.022980  0.023739
  0.024540  0.025388
  1.000000
  0.000000  0.000000  0.000000  0.000000  0.000000  0.000000  0.000000  0.000000
  0.000000  0.000000  0.000000  0.000000  0.000000  0.000000  0.000000  0.000000
  0.000000  0.000000  0.000000  0.000000  0.000000  0.000575  0.000786  0.000937
  0.001063  0.001173  0.001268  0.001350  0.001426  0.001503  0.001583  0.001666
  0.001753  0.001843  0.001935  0.002031  0.002130  0.002232  0.002337  0.002444
  0.002554  0.002666  0.002781  0.002898  0.003017  0.003137  0.003259  0.003382
  0.003506  0.003631  0.003757  0.003882  0.004006  0.004125  0.004237  0.004339
  0.004429  0.004504  0.004564  0.004608  0.004635  0.004647  0.004643  0.004624
  0.004590  0.004539  0.004473  0.004392  0.004295  0.004183  0.004058  0.003921
  0.003773  0.003616  0.003451  0.003280  0.003103  0.002921  0.002735  0.002545
  0.002353  0.002159  0.001964  0.001769  0.001575  0.001382  0.001190  0.001002
  0.000816  0.000601  0.000000  0.000000  0.000000  0.000000  0.000000  0.000000
  0.000000  0.000000  0.000000  0.000000  0.000000  0.000000  0.000000  0.000000
  0.000000  0.000000
  1.000000  0.000000
  0.492988  0.492995  0.493001  0.493006  0.493011  0.493015  0.493018  0.493021
  0.493024  0.493026  0.493029  0.493030  0.493032  0.493034  0.493035  0.493036
  0.493038  0.493039  0.493039  0.493040  0.493041  0.493042  0.493043  0.493044
  0.493046  0.493047  0.493048  0.493050  0.493052  0.493053  0.493055  0.493057
  0.493059  0.493062  0.493064  0.493067  0.493070  0.493073  0.493077  0.493080
  0.493084  0.493089  0.493093  0.493098  0.493103  0.493109  0.493115  0.493122
  0.493129  0.493137  0.493145  0.493155  0.493165  0.493176  0.493189  0.493202
  0.493215  0.493230  0.493244  0.493259  0.493274  0.493289  0.493304  0.493319
  0.493335  0.493350  0.493366  0.493382  0.493399  0.493415  0.493431  0.493446
  0.493461  0.493476  0.493491  0.493505  0.493518  0.493532  0.493544  0.493556
  0.493568  0.493579  0.493590  0.493601  0.493611  0.493621  0.493630  0.493638
  0.493647  0.493655  0.493662  0.493671  0.493680  0.493689  0.493699  0.493708
  0.493718  0.493728  0.493738  0.493747  0.493756  0.493765  0.493771  0.493776
  0.493780  0.493783
 ***************************************************************
  ROW NUMBER          10  SECTION NUMBER            2
           0           0           0  IF_DESIGN etc 
   1.00000   0.00000    0
  0.260499  0.261140  0.261715  0.262230  0.262692  0.263107  0.263478  0.263811
  0.264110  0.264377  0.264617  0.264832  0.265025  0.265198  0.265353  0.265492
  0.265617  0.265729  0.265829  0.265919  0.265999  0.266080  0.266164  0.266252
  0.266345  0.266442  0.266544  0.266652  0.266765  0.266885  0.267010  0.267143
  0.267282  0.267429  0.267584  0.267746  0.267917  0.268096  0.268284  0.268481
  0.268689  0.268906  0.269135  0.269375  0.269628  0.269894  0.270173  0.270469
  0.270780  0.271112  0.271469  0.271851  0.272259  0.272690  0.273144  0.273619
  0.274105  0.274597  0.275090  0.275583  0.276074  0.276563  0.277048  0.277532
  0.278018  0.278506  0.278994  0.279482  0.279969  0.280453  0.280930  0.281398
  0.281855  0.282300  0.282732  0.283151  0.283556  0.283949  0.284331  0.284701
  0.285059  0.285406  0.285741  0.286064  0.286376  0.286676  0.286964  0.287241
  0.287505  0.287759  0.288000  0.288242  0.288497  0.288767  0.289053  0.289354
  0.289673  0.290010  0.290367  0.290743  0.291142  0.291563  0.292008  0.292478
  0.292975  0.293501
  1.000000  0.000000
 -0.036340 -0.034928 -0.033662 -0.032527 -0.031509 -0.030597 -0.029779 -0.029045
 -0.028388 -0.027798 -0.027270 -0.026796 -0.026371 -0.025990 -0.025649 -0.025343
 -0.025068 -0.024822 -0.024601 -0.024404 -0.024226 -0.023796 -0.023548 -0.023318
 -0.023084 -0.022839 -0.022582 -0.022313 -0.022030 -0.021733 -0.021422 -0.021096
 -0.020753 -0.020394 -0.020018 -0.019625 -0.019214 -0.018786 -0.018338 -0.017871
 -0.017384 -0.016875 -0.016344 -0.015790 -0.015212 -0.014609 -0.013979 -0.013319
 -0.012629 -0.011901 -0.011126 -0.010305 -0.009439 -0.008533 -0.007592 -0.006622
 -0.005641 -0.004664 -0.003698 -0.002746 -0.001811 -0.000895  0.000000  0.000881
  0.001753  0.002614  0.003462  0.004298  0.005118  0.005921  0.006699  0.007450
  0.008172  0.008865  0.009527  0.010159  0.010762  0.011340  0.011891  0.012419
  0.012922  0.013403  0.013862  0.014299  0.014715  0.015110  0.015486  0.015842
  0.016180  0.016465  0.016505  0.016894  0.017305  0.017740  0.018200  0.018686
  0.019200  0.019743  0.020317  0.020924  0.021565  0.022244  0.022960  0.023718
  0.024520  0.025366
  1.000000
  0.000000  0.000000  0.000000  0.000000  0.000000  0.000000  0.000000  0.000000
  0.000000  0.000000  0.000000  0.000000  0.000000  0.000000  0.000000  0.000000
  0.000000  0.000000  0.000000  0.000000  0.000000  0.000574  0.000785  0.000936
  0.001062  0.001172  0.001268  0.001350  0.001425  0.001502  0.001582  0.001666
  0.001752  0.001842  0.001935  0.002030  0.002129  0.002231  0.002336  0.002443
  0.002553  0.002665  0.002780  0.002897  0.003015  0.003136  0.003258  0.003381
  0.003504  0.003629  0.003755  0.003881  0.004004  0.004123  0.004235  0.004338
  0.004428  0.004503  0.004562  0.004606  0.004633  0.004645  0.004641  0.004622
  0.004588  0.004537  0.004472  0.004390  0.004293  0.004182  0.004056  0.003919
  0.003772  0.003615  0.003450  0.003278  0.003101  0.002920  0.002734  0.002544
  0.002352  0.002158  0.001963  0.001768  0.001574  0.001381  0.001190  0.001001
  0.000816  0.000601  0.000000  0.000000  0.000000  0.000000  0.000000  0.000000
  0.000000  0.000000  0.000000  0.000000  0.000000  0.000000  0.000000  0.000000
  0.000000  0.000000
  1.000000  0.000000
  0.500000  0.500000  0.500000  0.500000  0.500000  0.500000  0.500000  0.500000
  0.500000  0.500000  0.500000  0.500000  0.500000  0.500000  0.500000  0.500000
  0.500000  0.500000  0.500000  0.500000  0.500000  0.500000  0.500000  0.500000
  0.500000  0.500000  0.500000  0.500000  0.500000  0.500000  0.500000  0.500000
  0.500000  0.500000  0.500000  0.500000  0.500000  0.500000  0.500000  0.500000
  0.500000  0.500000  0.500000  0.500000  0.500000  0.500000  0.500000  0.500000
  0.500000  0.500000  0.500000  0.500000  0.500000  0.500000  0.500000  0.500000
  0.500000  0.500000  0.500000  0.500000  0.500000  0.500000  0.500000  0.500000
  0.500000  0.500000  0.500000  0.500000  0.500000  0.500000  0.500000  0.500000
  0.500000  0.500000  0.500000  0.500000  0.500000  0.500000  0.500000  0.500000
  0.500000  0.500000  0.500000  0.500000  0.500000  0.500000  0.500000  0.500000
  0.500000  0.500000  0.500000  0.500000  0.500000  0.500000  0.500000  0.500000
  0.500000  0.500000  0.500000  0.500000  0.500000  0.500000  0.500000  0.500000
  0.500000  0.500000
 ***************************************************************
  ROW NUMBER          10  SECTION NUMBER            3
           0           0           0  IF_DESIGN etc 
   1.00000   0.00000    0
  0.260497  0.261138  0.261713  0.262229  0.262691  0.263105  0.263477  0.263810
  0.264109  0.264376  0.264617  0.264832  0.265025  0.265198  0.265353  0.265492
  0.265617  0.265728  0.265829  0.265918  0.265999  0.266080  0.266164  0.266252
  0.266345  0.266442  0.266544  0.266652  0.266765  0.266884  0.267010  0.267143
  0.267282  0.267429  0.267584  0.267747  0.267917  0.268096  0.268284  0.268482
  0.268689  0.268907  0.269136  0.269376  0.269628  0.269894  0.270174  0.270469
  0.270781  0.271113  0.271470  0.271852  0.272259  0.272691  0.273145  0.273619
  0.274106  0.274597  0.275091  0.275584  0.276075  0.276563  0.277048  0.277532
  0.278019  0.278506  0.278994  0.279482  0.279969  0.280453  0.280931  0.281398
  0.281855  0.282300  0.282732  0.283151  0.283556  0.283949  0.284331  0.284701
  0.285059  0.285406  0.285741  0.286064  0.286375  0.286675  0.286964  0.287240
  0.287505  0.287758  0.288000  0.288242  0.288497  0.288767  0.289052  0.289354
  0.289673  0.290010  0.290366  0.290743  0.291141  0.291562  0.292007  0.292478
  0.292976  0.293501
  1.000000  0.000000
 -0.036363 -0.034949 -0.033683 -0.032547 -0.031528 -0.030615 -0.029797 -0.029063
 -0.028405 -0.027815 -0.027286 -0.026812 -0.026387 -0.026006 -0.025664 -0.025358
 -0.025083 -0.024837 -0.024616 -0.024418 -0.024241 -0.023811 -0.023562 -0.023332
 -0.023098 -0.022853 -0.022596 -0.022326 -0.022044 -0.021747 -0.021435 -0.021108
 -0.020766 -0.020407 -0.020030 -0.019637 -0.019226 -0.018797 -0.018349 -0.017882
 -0.017394 -0.016885 -0.016353 -0.015799 -0.015221 -0.014617 -0.013987 -0.013327
 -0.012636 -0.011908 -0.011132 -0.010310 -0.009444 -0.008537 -0.007596 -0.006625
 -0.005643 -0.004666 -0.003700 -0.002747 -0.001812 -0.000896  0.000000  0.000882
  0.001754  0.002614  0.003463  0.004299  0.005119  0.005922  0.006701  0.007452
  0.008174  0.008867  0.009529  0.010161  0.010764  0.011341  0.011893  0.012420
  0.012924  0.013405  0.013863  0.014300  0.014716  0.015112  0.015487  0.015843
  0.016181  0.016466  0.016505  0.016894  0.017305  0.017740  0.018200  0.018685
  0.019199  0.019742  0.020316  0.020923  0.021564  0.022242  0.022959  0.023717
  0.024518  0.025366
  1.000000
  0.000000  0.000000  0.000000  0.000000  0.000000  0.000000  0.000000  0.000000
  0.000000  0.000000  0.000000  0.000000  0.000000  0.000000  0.000000  0.000000
  0.000000  0.000000  0.000000  0.000000  0.000000  0.000575  0.000786  0.000937
  0.001063  0.001173  0.001268  0.001350  0.001426  0.001503  0.001583  0.001666
  0.001753  0.001843  0.001935  0.002031  0.002130  0.002232  0.002337  0.002444
  0.002554  0.002666  0.002781  0.002898  0.003017  0.003137  0.003259  0.003382
  0.003506  0.003631  0.003757  0.003882  0.004006  0.004125  0.004237  0.004339
  0.004429  0.004504  0.004564  0.004608  0.004635  0.004647  0.004643  0.004624
  0.004590  0.004539  0.004473  0.004392  0.004295  0.004183  0.004058  0.003921
  0.003773  0.003616  0.003451  0.003280  0.003103  0.002921  0.002735  0.002545
  0.002353  0.002159  0.001964  0.001769  0.001575  0.001382  0.001190  0.001002
  0.000816  0.000601  0.000000  0.000000  0.000000  0.000000  0.000000  0.000000
  0.000000  0.000000  0.000000  0.000000  0.000000  0.000000  0.000000  0.000000
  0.000000  0.000000
  1.000000  0.000000
  0.507011  0.507004  0.506999  0.506994  0.506989  0.506985  0.506982  0.506979
  0.506976  0.506974  0.506972  0.506970  0.506968  0.506966  0.506965  0.506964
  0.506963  0.506962  0.506961  0.506960  0.506959  0.506958  0.506957  0.506956
  0.506954  0.506953  0.506952  0.506950  0.506948  0.506947  0.506945  0.506943
  0.506940  0.506938  0.506936  0.506933  0.506930  0.506927  0.506923  0.506920
  0.506916  0.506912  0.506907  0.506902  0.506897  0.506891  0.506885  0.506878
  0.506871  0.506863  0.506855  0.506845  0.506835  0.506824  0.506811  0.506798
  0.506785  0.506771  0.506756  0.506741  0.506727  0.506711  0.506696  0.506681
  0.506665  0.506650  0.506634  0.506618  0.506602  0.506585  0.506570  0.506554
  0.506539  0.506524  0.506509  0.506495  0.506482  0.506469  0.506456  0.506444
  0.506432  0.506420  0.506410  0.506399  0.506389  0.506380  0.506370  0.506362
  0.506353  0.506346  0.506338  0.506329  0.506320  0.506311  0.506301  0.506292
  0.506282  0.506272  0.506262  0.506253  0.506244  0.506235  0.506229  0.506224
  0.506220  0.506217
 ***************************************************************
 ************STARTING THE INPUT FOR EACH BLADE ROW**************
  BLADE ROW NUMBER =       11                                           
    NUMBER OF BLADES IN ROW 
        71
        JM        JLE       JTE 
       106        21        91
      KTIPSTART  KTIPEND 
         0         0
       BOUNDARY LAYER TRANSITION POINTS 
         0         0         0         0
  SET NEWGRID= 1 TO GENERATE A NEW GRID WITH DIFFERENT "J" POINTS AND SPACINGS.
         0
   RPMROW,    RPMHUB 
   12000.0   12000.0
       JROTHS    JROTHE    JROTTS    JROTTE 
         1         1         1         1
   PUPROW    PLEROW   PTEROW    PDROW 
  403572.4  403572.4  468133.6  468133.6
      NSECS_ROW   INSURF  
         3         0
  IF_CUSP_OUT   IFANGLES 
         1         0
         0         3         0
 ***************************************************************
  ROW NUMBER          11  SECTION NUMBER            1
           0           0           0  IF_DESIGN etc 
   1.00000   0.00000    0
  0.293497  0.294139  0.294714  0.295229  0.295691  0.296106  0.296477  0.296810
  0.297109  0.297377  0.297617  0.297832  0.298025  0.298198  0.298353  0.298492
  0.298617  0.298728  0.298829  0.298918  0.298999  0.299080  0.299164  0.299252
  0.299345  0.299442  0.299544  0.299652  0.299765  0.299884  0.300010  0.300143
  0.300282  0.300429  0.300584  0.300746  0.300917  0.301096  0.301284  0.301482
  0.301689  0.301907  0.302135  0.302376  0.302628  0.302894  0.303174  0.303469
  0.303780  0.304112  0.304469  0.304852  0.305259  0.305691  0.306145  0.306619
  0.307105  0.307597  0.308090  0.308583  0.309075  0.309563  0.310048  0.310532
  0.311018  0.311506  0.311994  0.312482  0.312969  0.313453  0.313930  0.314398
  0.314855  0.315300  0.315732  0.316151  0.316556  0.316950  0.317331  0.317701
  0.318060  0.318406  0.318741  0.319064  0.319376  0.319676  0.319964  0.320241
  0.320506  0.320759  0.321001  0.321243  0.321498  0.321768  0.322054  0.322355
  0.322674  0.323012  0.323368  0.323745  0.324143  0.324564  0.325009  0.325480
  0.325978  0.326503
  1.000000  0.000000
  0.029911  0.028499  0.027232  0.026097  0.025079  0.024167  0.023349  0.022615
  0.021958  0.021368  0.020839  0.020365  0.019941  0.019560  0.019218  0.018912
  0.018637  0.018391  0.018170  0.017973  0.017795  0.018082  0.018064  0.018002
  0.017916  0.017810  0.017682  0.017530  0.017351  0.017151  0.016937  0.016710
  0.016468  0.016211  0.015939  0.015650  0.015345  0.015024  0.014684  0.014326
  0.013948  0.013549  0.013128  0.012685  0.012217  0.011723  0.011202  0.010650
  0.010066  0.009442  0.008769  0.008047  0.007276  0.006457  0.005594  0.004691
  0.003764  0.002826  0.001883  0.000940  0.000000 -0.000935 -0.001864 -0.002792
 -0.003723 -0.004658 -0.005593 -0.006529 -0.007461 -0.008389 -0.009303 -0.010198
 -0.011071 -0.011922 -0.012748 -0.013548 -0.014321 -0.015071 -0.015799 -0.016504
 -0.017186 -0.017845 -0.018482 -0.019097 -0.019688 -0.020258 -0.020804 -0.021329
 -0.021830 -0.022310 -0.022921 -0.023310 -0.023722 -0.024157 -0.024617 -0.025103
 -0.025617 -0.026161 -0.026735 -0.027342 -0.027984 -0.028663 -0.029380 -0.030138
 -0.030940 -0.031787
  1.000000
  0.000000  0.000000  0.000000  0.000000  0.000000  0.000000  0.000000  0.000000
  0.000000  0.000000  0.000000  0.000000  0.000000  0.000000  0.000000  0.000000
  0.000000  0.000000  0.000000  0.000000  0.000000  0.000859  0.001110  0.001307
  0.001487  0.001654  0.001809  0.001949  0.002073  0.002188  0.002303  0.002417
  0.002531  0.002645  0.002759  0.002872  0.002984  0.003096  0.003206  0.003316
  0.003424  0.003531  0.003636  0.003739  0.003840  0.003938  0.004033  0.004124
  0.004211  0.004294  0.004373  0.004445  0.004510  0.004565  0.004609  0.004639
  0.004656  0.004658  0.004646  0.004620  0.004581  0.004530  0.004467  0.004393
  0.004307  0.004210  0.004103  0.003985  0.003857  0.003720  0.003576  0.003425
  0.003270  0.003111  0.002950  0.002787  0.002623  0.002459  0.002294  0.002130
  0.001966  0.001803  0.001642  0.001483  0.001326  0.001172  0.001022  0.000875
  0.000732  0.000562  0.000000  0.000000  0.000000  0.000000  0.000000  0.000000
  0.000000  0.000000  0.000000  0.000000  0.000000  0.000000  0.000000  0.000000
  0.000000  0.000000
  1.000000  0.000000
  0.493783  0.493786  0.493787  0.493789  0.493791  0.493794  0.493796  0.493798
  0.493800  0.493802  0.493804  0.493805  0.493807  0.493808  0.493809  0.493810
  0.493811  0.493812  0.493813  0.493813  0.493814  0.493815  0.493816  0.493817
  0.493818  0.493820  0.493821  0.493823  0.493824  0.493826  0.493828  0.493830
  0.493832  0.493834  0.493837  0.493840  0.493843  0.493846  0.493849  0.493853
  0.493856  0.493861  0.493865  0.493870  0.493875  0.493881  0.493887  0.493893
  0.493900  0.493908  0.493916  0.493925  0.493935  0.493946  0.493957  0.493969
  0.493982  0.493995  0.494008  0.494022  0.494035  0.494048  0.494061  0.494075
  0.494088  0.494101  0.494114  0.494127  0.494140  0.494152  0.494164  0.494176
  0.494187  0.494197  0.494208  0.494217  0.494226  0.494234  0.494242  0.494249
  0.494256  0.494263  0.494268  0.494274  0.494279  0.494283  0.494288  0.494292
  0.494295  0.494298  0.494301  0.494303  0.494305  0.494307  0.494309  0.494311
  0.494314  0.494316  0.494319  0.494321  0.494323  0.494326  0.494329  0.494331
  0.494334  0.494337
 ***************************************************************
  ROW NUMBER          11  SECTION NUMBER            2
           0           0           0  IF_DESIGN etc 
   1.00000   0.00000    0
  0.293499  0.294140  0.294715  0.295230  0.295692  0.296106  0.296478  0.296811
  0.297109  0.297377  0.297617  0.297832  0.298025  0.298198  0.298353  0.298492
  0.298617  0.298728  0.298829  0.298919  0.298999  0.299080  0.299164  0.299252
  0.299345  0.299442  0.299544  0.299652  0.299765  0.299884  0.300010  0.300143
  0.300282  0.300429  0.300584  0.300746  0.300917  0.301096  0.301284  0.301481
  0.301689  0.301906  0.302135  0.302375  0.302628  0.302894  0.303173  0.303469
  0.303780  0.304112  0.304469  0.304851  0.305259  0.305690  0.306145  0.306619
  0.307105  0.307597  0.308090  0.308583  0.309075  0.309563  0.310048  0.310532
  0.311018  0.311506  0.311994  0.312482  0.312969  0.313453  0.313931  0.314398
  0.314855  0.315300  0.315732  0.316151  0.316557  0.316950  0.317332  0.317702
  0.318060  0.318406  0.318742  0.319065  0.319376  0.319676  0.319965  0.320241
  0.320506  0.320759  0.321001  0.321243  0.321498  0.321768  0.322053  0.322355
  0.322674  0.323011  0.323368  0.323744  0.324143  0.324564  0.325009  0.325479
  0.325976  0.326502
  1.000000  0.000000
  0.029909  0.028497  0.027231  0.026096  0.025078  0.024165  0.023347  0.022614
  0.021956  0.021367  0.020838  0.020365  0.019940  0.019559  0.019217  0.018911
  0.018637  0.018391  0.018170  0.017972  0.017795  0.018081  0.018063  0.018001
  0.017915  0.017809  0.017681  0.017529  0.017350  0.017150  0.016936  0.016709
  0.016467  0.016210  0.015938  0.015649  0.015344  0.015023  0.014683  0.014325
  0.013947  0.013548  0.013127  0.012684  0.012216  0.011722  0.011201  0.010649
  0.010065  0.009441  0.008768  0.008046  0.007275  0.006456  0.005593  0.004690
  0.003763  0.002825  0.001883  0.000940  0.000000 -0.000935 -0.001863 -0.002791
 -0.003722 -0.004656 -0.005592 -0.006527 -0.007459 -0.008386 -0.009299 -0.010194
 -0.011067 -0.011917 -0.012742 -0.013542 -0.014315 -0.015065 -0.015792 -0.016496
 -0.017178 -0.017837 -0.018474 -0.019088 -0.019679 -0.020248 -0.020794 -0.021318
 -0.021820 -0.022299 -0.022910 -0.023299 -0.023711 -0.024146 -0.024605 -0.025091
 -0.025605 -0.026148 -0.026722 -0.027329 -0.027971 -0.028649 -0.029366 -0.030124
 -0.030925 -0.031772
  1.000000
  0.000000  0.000000  0.000000  0.000000  0.000000  0.000000  0.000000  0.000000
  0.000000  0.000000  0.000000  0.000000  0.000000  0.000000  0.000000  0.000000
  0.000000  0.000000  0.000000  0.000000  0.000000  0.000859  0.001109  0.001307
  0.001487  0.001654  0.001808  0.001948  0.002072  0.002188  0.002302  0.002417
  0.002531  0.002644  0.002758  0.002871  0.002983  0.003095  0.003206  0.003315
  0.003423  0.003530  0.003635  0.003738  0.003839  0.003937  0.004032  0.004123
  0.004210  0.004293  0.004372  0.004444  0.004509  0.004564  0.004607  0.004638
  0.004655  0.004657  0.004645  0.004619  0.004580  0.004529  0.004466  0.004392
  0.004306  0.004209  0.004102  0.003984  0.003856  0.003719  0.003575  0.003424
  0.003269  0.003111  0.002949  0.002786  0.002623  0.002458  0.002293  0.002129
  0.001965  0.001802  0.001641  0.001482  0.001326  0.001172  0.001022  0.000875
  0.000732  0.000562  0.000000  0.000000  0.000000  0.000000  0.000000  0.000000
  0.000000  0.000000  0.000000  0.000000  0.000000  0.000000  0.000000  0.000000
  0.000000  0.000000
  1.000000  0.000000
  0.500000  0.500000  0.500000  0.500000  0.500000  0.500000  0.500000  0.500000
  0.500000  0.500000  0.500000  0.500000  0.500000  0.500000  0.500000  0.500000
  0.500000  0.500000  0.500000  0.500000  0.500000  0.500000  0.500000  0.500000
  0.500000  0.500000  0.500000  0.500000  0.500000  0.500000  0.500000  0.500000
  0.500000  0.500000  0.500000  0.500000  0.500000  0.500000  0.500000  0.500000
  0.500000  0.500000  0.500000  0.500000  0.500000  0.500000  0.500000  0.500000
  0.500000  0.500000  0.500000  0.500000  0.500000  0.500000  0.500000  0.500000
  0.500000  0.500000  0.500000  0.500000  0.500000  0.500000  0.500000  0.500000
  0.500000  0.500000  0.500000  0.500000  0.500000  0.500000  0.500000  0.500000
  0.500000  0.500000  0.500000  0.500000  0.500000  0.500000  0.500000  0.500000
  0.500000  0.500000  0.500000  0.500000  0.500000  0.500000  0.500000  0.500000
  0.500000  0.500000  0.500000  0.500000  0.500000  0.500000  0.500000  0.500000
  0.500000  0.500000  0.500000  0.500000  0.500000  0.500000  0.500000  0.500000
  0.500000  0.500000
 ***************************************************************
  ROW NUMBER          11  SECTION NUMBER            3
           0           0           0  IF_DESIGN etc 
   1.00000   0.00000    0
  0.293497  0.294139  0.294714  0.295229  0.295691  0.296106  0.296477  0.296810
  0.297109  0.297377  0.297617  0.297832  0.298025  0.298198  0.298353  0.298492
  0.298617  0.298728  0.298829  0.298918  0.298999  0.299080  0.299164  0.299252
  0.299345  0.299442  0.299544  0.299652  0.299765  0.299884  0.300010  0.300143
  0.300282  0.300429  0.300584  0.300746  0.300917  0.301096  0.301284  0.301482
  0.301689  0.301907  0.302135  0.302376  0.302628  0.302894  0.303174  0.303469
  0.303780  0.304112  0.304469  0.304852  0.305259  0.305691  0.306145  0.306619
  0.307105  0.307597  0.308090  0.308583  0.309075  0.309563  0.310048  0.310532
  0.311018  0.311506  0.311994  0.312482  0.312969  0.313453  0.313930  0.314398
  0.314855  0.315300  0.315732  0.316151  0.316556  0.316950  0.317331  0.317701
  0.318060  0.318406  0.318741  0.319064  0.319376  0.319676  0.319964  0.320241
  0.320506  0.320759  0.321001  0.321243  0.321498  0.321768  0.322054  0.322355
  0.322674  0.323012  0.323368  0.323745  0.324143  0.324564  0.325009  0.325480
  0.325978  0.326503
  1.000000  0.000000
  0.029921  0.028509  0.027242  0.026107  0.025089  0.024176  0.023358  0.022624
  0.021966  0.021376  0.020848  0.020374  0.019949  0.019567  0.019226  0.018920
  0.018645  0.018399  0.018178  0.017980  0.017803  0.018089  0.018071  0.018009
  0.017923  0.017817  0.017689  0.017537  0.017357  0.017157  0.016944  0.016716
  0.016474  0.016217  0.015945  0.015656  0.015351  0.015029  0.014689  0.014331
  0.013953  0.013553  0.013133  0.012689  0.012221  0.011727  0.011205  0.010653
  0.010068  0.009444  0.008771  0.008049  0.007277  0.006458  0.005595  0.004692
  0.003764  0.002826  0.001883  0.000940  0.000000 -0.000935 -0.001864 -0.002792
 -0.003723 -0.004657 -0.005593 -0.006528 -0.007460 -0.008387 -0.009300 -0.010195
 -0.011068 -0.011918 -0.012743 -0.013543 -0.014316 -0.015066 -0.015793 -0.016497
 -0.017179 -0.017838 -0.018474 -0.019088 -0.019680 -0.020248 -0.020795 -0.021319
 -0.021820 -0.022299 -0.022910 -0.023300 -0.023711 -0.024146 -0.024606 -0.025092
 -0.025606 -0.026149 -0.026723 -0.027330 -0.027971 -0.028650 -0.029367 -0.030125
 -0.030926 -0.031773
  1.000000
  0.000000  0.000000  0.000000  0.000000  0.000000  0.000000  0.000000  0.000000
  0.000000  0.000000  0.000000  0.000000  0.000000  0.000000  0.000000  0.000000
  0.000000  0.000000  0.000000  0.000000  0.000000  0.000859  0.001110  0.001307
  0.001487  0.001654  0.001809  0.001949  0.002073  0.002188  0.002303  0.002417
  0.002531  0.002645  0.002759  0.002872  0.002984  0.003096  0.003206  0.003316
  0.003424  0.003531  0.003636  0.003739  0.003840  0.003938  0.004033  0.004124
  0.004211  0.004294  0.004373  0.004445  0.004510  0.004565  0.004609  0.004639
  0.004656  0.004658  0.004646  0.004620  0.004581  0.004530  0.004467  0.004393
  0.004307  0.004210  0.004103  0.003985  0.003857  0.003720  0.003576  0.003425
  0.003270  0.003111  0.002950  0.002787  0.002623  0.002459  0.002294  0.002130
  0.001966  0.001803  0.001642  0.001483  0.001326  0.001172  0.001022  0.000875
  0.000732  0.000562  0.000000  0.000000  0.000000  0.000000  0.000000  0.000000
  0.000000  0.000000  0.000000  0.000000  0.000000  0.000000  0.000000  0.000000
  0.000000  0.000000
  1.000000  0.000000
  0.506217  0.506214  0.506213  0.506211  0.506209  0.506206  0.506204  0.506202
  0.506200  0.506198  0.506196  0.506195  0.506193  0.506192  0.506191  0.506190
  0.506189  0.506188  0.506187  0.506187  0.506186  0.506185  0.506184  0.506183
  0.506182  0.506180  0.506179  0.506177  0.506176  0.506174  0.506172  0.506170
  0.506168  0.506166  0.506163  0.506160  0.506157  0.506154  0.506151  0.506147
  0.506144  0.506139  0.506135  0.506130  0.506125  0.506120  0.506113  0.506107
  0.506100  0.506092  0.506084  0.506075  0.506065  0.506054  0.506043  0.506031
  0.506018  0.506005  0.505992  0.505978  0.505965  0.505952  0.505939  0.505925
  0.505912  0.505899  0.505886  0.505873  0.505860  0.505848  0.505836  0.505824
  0.505813  0.505802  0.505792  0.505783  0.505774  0.505766  0.505758  0.505751
  0.505744  0.505738  0.505732  0.505726  0.505721  0.505717  0.505712  0.505709
  0.505705  0.505702  0.505699  0.505697  0.505695  0.505693  0.505691  0.505689
  0.505686  0.505684  0.505682  0.505679  0.505677  0.505674  0.505671  0.505669
  0.505666  0.505663
 ***************************************************************
 ************STARTING THE INPUT FOR EACH BLADE ROW**************
  BLADE ROW NUMBER =       12                                           
    NUMBER OF BLADES IN ROW 
        71
        JM        JLE       JTE 
       111        21        91
      KTIPSTART  KTIPEND 
         0         0
       BOUNDARY LAYER TRANSITION POINTS 
         0         0         0         0
  SET NEWGRID= 1 TO GENERATE A NEW GRID WITH DIFFERENT "J" POINTS AND SPACINGS.
         0
   RPMROW,    RPMHUB 
       0.0       0.0
       JROTHS    JROTHE    JROTTS    JROTTE 
         1         1         1         1
   PUPROW    PLEROW   PTEROW    PDROW 
  468133.6  468133.6  538996.4  538996.4
      NSECS_ROW   INSURF  
         3         0
  IF_CUSP_OUT   IFANGLES 
         1         0
         0         3         0
 ***************************************************************
  ROW NUMBER          12  SECTION NUMBER            1
           0           0           0  IF_DESIGN etc 
   1.00000   0.00000    0
  0.320999  0.321640  0.322215  0.322731  0.323193  0.323607  0.323979  0.324312
  0.324610  0.324878  0.325118  0.325333  0.325526  0.325699  0.325854  0.325993
  0.326118  0.326229  0.326330  0.326420  0.326500  0.326581  0.326665  0.326753
  0.326846  0.326943  0.327045  0.327153  0.327266  0.327385  0.327511  0.327644
  0.327783  0.327930  0.328085  0.328247  0.328418  0.328597  0.328785  0.328982
  0.329190  0.329407  0.329636  0.329876  0.330129  0.330395  0.330674  0.330970
  0.331281  0.331613  0.331970  0.332352  0.332760  0.333191  0.333645  0.334120
  0.334606  0.335097  0.335591  0.336084  0.336575  0.337064  0.337548  0.338033
  0.338519  0.339006  0.339495  0.339983  0.340470  0.340954  0.341431  0.341899
  0.342356  0.342800  0.343233  0.343651  0.344057  0.344450  0.344832  0.345202
  0.345560  0.345907  0.346241  0.346565  0.346876  0.347176  0.347465  0.347741
  0.348006  0.348259  0.348501  0.348743  0.349003  0.349285  0.349589  0.349917
  0.350271  0.350654  0.351067  0.351512  0.351994  0.352513  0.353074  0.353679
  0.354333  0.355038  0.355800  0.356622  0.357510  0.358469  0.359503
  1.000000  0.000000
 -0.036340 -0.034928 -0.033662 -0.032527 -0.031509 -0.030597 -0.029779 -0.029046
 -0.028388 -0.027799 -0.027270 -0.026796 -0.026371 -0.025990 -0.025649 -0.025343
 -0.025068 -0.024822 -0.024601 -0.024404 -0.024226 -0.023796 -0.023548 -0.023318
 -0.023084 -0.022839 -0.022582 -0.022313 -0.022030 -0.021734 -0.021422 -0.021096
 -0.020753 -0.020394 -0.020018 -0.019625 -0.019214 -0.018786 -0.018338 -0.017871
 -0.017384 -0.016875 -0.016344 -0.015791 -0.015213 -0.014610 -0.013979 -0.013320
 -0.012630 -0.011902 -0.011127 -0.010305 -0.009440 -0.008534 -0.007592 -0.006623
 -0.005641 -0.004665 -0.003698 -0.002746 -0.001811 -0.000896  0.000000  0.000882
  0.001753  0.002614  0.003463  0.004299  0.005119  0.005922  0.006701  0.007452
  0.008174  0.008867  0.009530  0.010162  0.010766  0.011343  0.011895  0.012422
  0.012926  0.013407  0.013866  0.014303  0.014720  0.015116  0.015491  0.015848
  0.016186  0.016471  0.016511  0.016900  0.017320  0.017774  0.018264  0.018792
  0.019363  0.019980  0.020645  0.021363  0.022138  0.022975  0.023879  0.024854
  0.025907  0.027044  0.028271  0.029596  0.031026  0.032570  0.034237
  1.000000
  0.000000  0.000000  0.000000  0.000000  0.000000  0.000000  0.000000  0.000000
  0.000000  0.000000  0.000000  0.000000  0.000000  0.000000  0.000000  0.000000
  0.000000  0.000000  0.000000  0.000000  0.000000  0.000574  0.000785  0.000936
  0.001062  0.001173  0.001268  0.001350  0.001425  0.001502  0.001583  0.001666
  0.001752  0.001842  0.001935  0.002031  0.002130  0.002231  0.002336  0.002443
  0.002553  0.002666  0.002780  0.002897  0.003016  0.003136  0.003258  0.003381
  0.003505  0.003630  0.003756  0.003881  0.004005  0.004124  0.004236  0.004338
  0.004428  0.004503  0.004563  0.004606  0.004634  0.004646  0.004642  0.004623
  0.004588  0.004538  0.004472  0.004391  0.004294  0.004182  0.004057  0.003920
  0.003772  0.003615  0.003450  0.003279  0.003102  0.002921  0.002734  0.002545
  0.002352  0.002159  0.001964  0.001769  0.001574  0.001381  0.001190  0.001002
  0.000816  0.000601  0.000000  0.000000  0.000000  0.000000  0.000000  0.000000
  0.000000  0.000000  0.000000  0.000000  0.000000  0.000000  0.000000  0.000000
  0.000000  0.000000  0.000000  0.000000  0.000000  0.000000  0.000000
  1.000000  0.000000
  0.494301  0.494306  0.494310  0.494314  0.494317  0.494320  0.494322  0.494325
  0.494326  0.494328  0.494329  0.494331  0.494332  0.494333  0.494333  0.494334
  0.494335  0.494335  0.494336  0.494337  0.494337  0.494338  0.494338  0.494339
  0.494340  0.494341  0.494342  0.494343  0.494344  0.494345  0.494347  0.494348
  0.494349  0.494351  0.494353  0.494355  0.494357  0.494359  0.494361  0.494364
  0.494366  0.494369  0.494372  0.494376  0.494379  0.494383  0.494388  0.494392
  0.494397  0.494402  0.494408  0.494415  0.494422  0.494429  0.494437  0.494446
  0.494455  0.494465  0.494474  0.494484  0.494494  0.494504  0.494513  0.494523
  0.494533  0.494543  0.494553  0.494563  0.494573  0.494583  0.494593  0.494602
  0.494611  0.494620  0.494628  0.494636  0.494644  0.494651  0.494658  0.494665
  0.494671  0.494677  0.494683  0.494688  0.494693  0.494698  0.494703  0.494707
  0.494711  0.494715  0.494718  0.494720  0.494721  0.494723  0.494725  0.494727
  0.494729  0.494732  0.494734  0.494736  0.494738  0.494741  0.494743  0.494745
  0.494748  0.494750  0.494752  0.494754  0.494755  0.494756  0.494757
 ***************************************************************
  ROW NUMBER          12  SECTION NUMBER            2
           0           0           0  IF_DESIGN etc 
   1.00000   0.00000    0
  0.321000  0.321641  0.322216  0.322731  0.323193  0.323608  0.323979  0.324312
  0.324610  0.324878  0.325118  0.325333  0.325526  0.325699  0.325854  0.325993
  0.326118  0.326230  0.326330  0.326420  0.326500  0.326581  0.326665  0.326753
  0.326846  0.326943  0.327045  0.327153  0.327266  0.327385  0.327511  0.327644
  0.327783  0.327930  0.328085  0.328247  0.328418  0.328597  0.328785  0.328982
  0.329189  0.329407  0.329636  0.329876  0.330129  0.330394  0.330674  0.330969
  0.331281  0.331613  0.331970  0.332352  0.332759  0.333191  0.333645  0.334119
  0.334606  0.335097  0.335591  0.336084  0.336575  0.337064  0.337548  0.338033
  0.338519  0.339006  0.339495  0.339983  0.340469  0.340954  0.341431  0.341899
  0.342356  0.342800  0.343233  0.343652  0.344057  0.344450  0.344832  0.345202
  0.345560  0.345907  0.346242  0.346565  0.346877  0.347176  0.347465  0.347741
  0.348006  0.348259  0.348501  0.348743  0.349003  0.349285  0.349589  0.349917
  0.350271  0.350654  0.351066  0.351512  0.351993  0.352513  0.353073  0.353679
  0.354332  0.355038  0.355799  0.356621  0.357509  0.358467  0.359502
  1.000000  0.000000
 -0.036340 -0.034928 -0.033662 -0.032527 -0.031509 -0.030597 -0.029779 -0.029045
 -0.028388 -0.027798 -0.027270 -0.026796 -0.026371 -0.025990 -0.025649 -0.025343
 -0.025068 -0.024822 -0.024601 -0.024404 -0.024226 -0.023796 -0.023548 -0.023318
 -0.023084 -0.022839 -0.022582 -0.022313 -0.022030 -0.021733 -0.021422 -0.021096
 -0.020753 -0.020394 -0.020018 -0.019625 -0.019214 -0.018786 -0.018338 -0.017871
 -0.017384 -0.016875 -0.016344 -0.015790 -0.015212 -0.014609 -0.013979 -0.013319
 -0.012629 -0.011901 -0.011126 -0.010305 -0.009439 -0.008533 -0.007592 -0.006622
 -0.005641 -0.004664 -0.003698 -0.002746 -0.001811 -0.000895  0.000000  0.000881
  0.001753  0.002614  0.003462  0.004298  0.005118  0.005921  0.006699  0.007450
  0.008172  0.008865  0.009527  0.010159  0.010762  0.011340  0.011891  0.012419
  0.012922  0.013403  0.013862  0.014299  0.014715  0.015110  0.015486  0.015842
  0.016180  0.016465  0.016505  0.016894  0.017314  0.017768  0.018257  0.018786
  0.019356  0.019972  0.020638  0.021356  0.022131  0.022967  0.023871  0.024846
  0.025898  0.027035  0.028262  0.029586  0.031016  0.032560  0.034226
  1.000000
  0.000000  0.000000  0.000000  0.000000  0.000000  0.000000  0.000000  0.000000
  0.000000  0.000000  0.000000  0.000000  0.000000  0.000000  0.000000  0.000000
  0.000000  0.000000  0.000000  0.000000  0.000000  0.000574  0.000785  0.000936
  0.001062  0.001172  0.001268  0.001350  0.001425  0.001502  0.001582  0.001666
  0.001752  0.001842  0.001935  0.002030  0.002129  0.002231  0.002336  0.002443
  0.002553  0.002665  0.002780  0.002897  0.003015  0.003136  0.003258  0.003381
  0.003504  0.003629  0.003755  0.003881  0.004004  0.004123  0.004235  0.004338
  0.004428  0.004503  0.004562  0.004606  0.004633  0.004645  0.004641  0.004622
  0.004588  0.004537  0.004472  0.004390  0.004293  0.004182  0.004056  0.003919
  0.003772  0.003615  0.003450  0.003278  0.003101  0.002920  0.002734  0.002544
  0.002352  0.002158  0.001963  0.001768  0.001574  0.001381  0.001190  0.001001
  0.000816  0.000601  0.000000  0.000000  0.000000  0.000000  0.000000  0.000000
  0.000000  0.000000  0.000000  0.000000  0.000000  0.000000  0.000000  0.000000
  0.000000  0.000000  0.000000  0.000000  0.000000  0.000000  0.000000
  1.000000  0.000000
  0.500000  0.500000  0.500000  0.500000  0.500000  0.500000  0.500000  0.500000
  0.500000  0.500000  0.500000  0.500000  0.500000  0.500000  0.500000  0.500000
  0.500000  0.500000  0.500000  0.500000  0.500000  0.500000  0.500000  0.500000
  0.500000  0.500000  0.500000  0.500000  0.500000  0.500000  0.500000  0.500000
  0.500000  0.500000  0.500000  0.500000  0.500000  0.500000  0.500000  0.500000
  0.500000  0.500000  0.500000  0.500000  0.500000  0.500000  0.500000  0.500000
  0.500000  0.500000  0.500000  0.500000  0.500000  0.500000  0.500000  0.500000
  0.500000  0.500000  0.500000  0.500000  0.500000  0.500000  0.500000  0.500000
  0.500000  0.500000  0.500000  0.500000  0.500000  0.500000  0.500000  0.500000
  0.500000  0.500000  0.500000  0.500000  0.500000  0.500000  0.500000  0.500000
  0.500000  0.500000  0.500000  0.500000  0.500000  0.500000  0.500000  0.500000
  0.500000  0.500000  0.500000  0.500000  0.500000  0.500000  0.500000  0.500000
  0.500000  0.500000  0.500000  0.500000  0.500000  0.500000  0.500000  0.500000
  0.500000  0.500000  0.500000  0.500000  0.500000  0.500000  0.500000
 ***************************************************************
  ROW NUMBER          12  SECTION NUMBER            3
           0           0           0  IF_DESIGN etc 
   1.00000   0.00000    0
  0.320999  0.321640  0.322215  0.322731  0.323193  0.323607  0.323979  0.324312
  0.324610  0.324878  0.325118  0.325333  0.325526  0.325699  0.325854  0.325993
  0.326118  0.326229  0.326330  0.326420  0.326500  0.326581  0.326665  0.326753
  0.326846  0.326943  0.327045  0.327153  0.327266  0.327385  0.327511  0.327644
  0.327783  0.327930  0.328085  0.328247  0.328418  0.328597  0.328785  0.328982
  0.329190  0.329407  0.329636  0.329876  0.330129  0.330395  0.330674  0.330970
  0.331281  0.331613  0.331970  0.332352  0.332760  0.333191  0.333645  0.334120
  0.334606  0.335097  0.335591  0.336084  0.336575  0.337064  0.337548  0.338033
  0.338519  0.339006  0.339495  0.339983  0.340470  0.340954  0.341431  0.341899
  0.342356  0.342800  0.343233  0.343651  0.344057  0.344450  0.344832  0.345202
  0.345560  0.345907  0.346241  0.346565  0.346876  0.347176  0.347465  0.347741
  0.348006  0.348259  0.348501  0.348743  0.349003  0.349285  0.349589  0.349917
  0.350271  0.350654  0.351067  0.351512  0.351994  0.352513  0.353074  0.353679
  0.354333  0.355038  0.355800  0.356622  0.357510  0.358469  0.359503
  1.000000  0.000000
 -0.036351 -0.034938 -0.033672 -0.032536 -0.031518 -0.030606 -0.029787 -0.029054
 -0.028396 -0.027806 -0.027278 -0.026804 -0.026379 -0.025998 -0.025656 -0.025350
 -0.025075 -0.024829 -0.024609 -0.024411 -0.024233 -0.023803 -0.023555 -0.023325
 -0.023091 -0.022846 -0.022589 -0.022319 -0.022037 -0.021740 -0.021428 -0.021102
 -0.020759 -0.020400 -0.020024 -0.019631 -0.019220 -0.018791 -0.018343 -0.017876
 -0.017389 -0.016880 -0.016348 -0.015794 -0.015216 -0.014613 -0.013982 -0.013323
 -0.012633 -0.011904 -0.011129 -0.010307 -0.009441 -0.008535 -0.007593 -0.006623
 -0.005642 -0.004665 -0.003699 -0.002746 -0.001811 -0.000896  0.000000  0.000882
  0.001753  0.002614  0.003463  0.004298  0.005118  0.005921  0.006700  0.007451
  0.008173  0.008865  0.009527  0.010160  0.010763  0.011340  0.011891  0.012418
  0.012922  0.013403  0.013861  0.014298  0.014714  0.015110  0.015486  0.015842
  0.016179  0.016464  0.016504  0.016893  0.017313  0.017767  0.018256  0.018785
  0.019356  0.019972  0.020637  0.021355  0.022130  0.022966  0.023870  0.024845
  0.025898  0.027034  0.028261  0.029586  0.031016  0.032560  0.034226
  1.000000
  0.000000  0.000000  0.000000  0.000000  0.000000  0.000000  0.000000  0.000000
  0.000000  0.000000  0.000000  0.000000  0.000000  0.000000  0.000000  0.000000
  0.000000  0.000000  0.000000  0.000000  0.000000  0.000574  0.000785  0.000936
  0.001062  0.001173  0.001268  0.001350  0.001425  0.001502  0.001583  0.001666
  0.001752  0.001842  0.001935  0.002031  0.002130  0.002231  0.002336  0.002443
  0.002553  0.002666  0.002780  0.002897  0.003016  0.003136  0.003258  0.003381
  0.003505  0.003630  0.003756  0.003881  0.004005  0.004124  0.004236  0.004338
  0.004428  0.004503  0.004563  0.004606  0.004634  0.004646  0.004642  0.004623
  0.004588  0.004538  0.004472  0.004391  0.004294  0.004182  0.004057  0.003920
  0.003772  0.003615  0.003450  0.003279  0.003102  0.002921  0.002734  0.002545
  0.002352  0.002159  0.001964  0.001769  0.001574  0.001381  0.001190  0.001002
  0.000816  0.000601  0.000000  0.000000  0.000000  0.000000  0.000000  0.000000
  0.000000  0.000000  0.000000  0.000000  0.000000  0.000000  0.000000  0.000000
  0.000000  0.000000  0.000000  0.000000  0.000000  0.000000  0.000000
  1.000000  0.000000
  0.505699  0.505694  0.505690  0.505686  0.505683  0.505680  0.505678  0.505676
  0.505674  0.505672  0.505671  0.505670  0.505668  0.505667  0.505667  0.505666
  0.505665  0.505664  0.505664  0.505663  0.505663  0.505662  0.505662  0.505661
  0.505660  0.505659  0.505658  0.505657  0.505656  0.505655  0.505653  0.505652
  0.505650  0.505649  0.505647  0.505645  0.505643  0.505641  0.505639  0.505636
  0.505634  0.505631  0.505628  0.505624  0.505621  0.505617  0.505613  0.505608
  0.505603  0.505598  0.505592  0.505585  0.505578  0.505571  0.505563  0.505554
  0.505545  0.505535  0.505526  0.505516  0.505506  0.505497  0.505487  0.505477
  0.505467  0.505457  0.505447  0.505437  0.505427  0.505417  0.505407  0.505398
  0.505389  0.505380  0.505372  0.505364  0.505356  0.505349  0.505342  0.505335
  0.505329  0.505323  0.505317  0.505312  0.505307  0.505302  0.505297  0.505293
  0.505289  0.505285  0.505282  0.505280  0.505278  0.505277  0.505275  0.505273
  0.505271  0.505268  0.505266  0.505264  0.505261  0.505259  0.505257  0.505255
  0.505252  0.505250  0.505248  0.505246  0.505245  0.505244  0.505243
  STARTING INLET BOUNDARY CONDITION DATA .
  NUMBER OF POINTS FOR INLET BOUNDARY CONDITIONS 
        37
  SPACING OF INLET BOUNDARY CONDITION POINTS 
  1.000000  1.250000  1.562500  1.953125  2.441406  3.051758  3.814697  4.768372
  5.960464  7.450581  9.313226 11.641532 14.551915 18.189894 20.000000 20.000000
 20.000000 20.000000 20.000000 20.000000 20.000000 20.000000 18.189894 14.551915
 11.641532  9.313226  7.450581  5.960464  4.768372  3.814697  3.051758  2.441406
  1.953125  1.562500  1.250000  1.000000
   INLET STAGNATION PRESSURES 
  101320.0  101320.0  101320.0  101320.0  101320.0  101320.0  101320.0  101320.0
  101320.0  101320.0  101320.0  101320.0  101320.0  101320.0  101320.0  101320.0
  101320.0  101320.0  101320.0  101320.0  101320.0  101320.0  101320.0  101320.0
  101320.0  101320.0  101320.0  101320.0  101320.0  101320.0  101320.0  101320.0
  101320.0  101320.0  101320.0  101320.0  101320.0
   INLET STAGNATION TEMPERATURES 
  288.1500  288.1500  288.1500  288.1500  288.1500  288.1500  288.1500  288.1500
  288.1500  288.1500  288.1500  288.1500  288.1500  288.1500  288.1500  288.1500
  288.1500  288.1500  288.1500  288.1500  288.1500  288.1500  288.1500  288.1500
  288.1500  288.1500  288.1500  288.1500  288.1500  288.1500  288.1500  288.1500
  288.1500  288.1500  288.1500  288.1500  288.1500
   INLET ABSOLUTE TANGENTIAL VELOCITY 
    0.0000    0.0000    0.0000    0.0000    0.0000    0.0000    0.0000    0.0000
    0.0000    0.0000    0.0000    0.0000    0.0000    0.0000    0.0000    0.0000
    0.0000    0.0000    0.0000    0.0000    0.0000    0.0000    0.0000    0.0000
    0.0000    0.0000    0.0000    0.0000    0.0000    0.0000    0.0000    0.0000
    0.0000    0.0000    0.0000    0.0000    0.0000
   INLET MERIDIONAL VELOCITY 
  166.0644  166.0644  166.0644  166.0645  166.0644  166.0644  166.0644  166.0645
  166.0644  166.0644  166.0644  166.0644  166.0644  166.0645  166.0644  166.0644
  166.0644  166.0644  166.0644  166.0644  166.0644  166.0644  166.0644  166.0644
  166.0644  166.0644  166.0644  166.0644  166.0644  166.0644  166.0644  166.0644
  166.0644  166.0644  166.0644  166.0644  166.0644
   INLET MERIDIONAL YAW ANGLE  
   59.2303   59.2303   59.2303   59.2303   59.2303   59.2303   59.2303   59.2303
   59.2303   59.2303   59.2303   59.2303   59.2303   59.2303   59.2303   59.2303
   59.2303   59.2303   59.2303   59.2303   59.2303   59.2303   59.2303   59.2303
   59.2303   59.2303   59.2303   59.2303   59.2303   59.2303   59.2303   59.2303
   59.2303   59.2303   59.2303   59.2303   59.2303
   INLET PITCH ANGLE 
   -0.2736   -0.2719   -0.2699   -0.2673   -0.2641   -0.2601   -0.2551   -0.2489
   -0.2410   -0.2313   -0.2191   -0.2038   -0.1847   -0.1609   -0.1311   -0.0983
   -0.0655   -0.0328   -0.0000    0.0328    0.0655    0.0983    0.1311    0.1609
    0.1847    0.2038    0.2191    0.2313    0.2410    0.2489    0.2551    0.2601
    0.2641    0.2673    0.2699    0.2719    0.2736
   PDOWN_HUB   PDOWN_TIP 
  538996.4  538996.4
 MIXING LENGTH LIMITS ON ALL BLADE ROWS
  0.050000  0.050000  0.050000  0.050000  0.050000  0.030000
  0.050000  0.050000  0.050000  0.050000  0.050000  0.030000
  0.050000  0.050000  0.050000  0.050000  0.050000  0.030000
  0.050000  0.050000  0.050000  0.050000  0.050000  0.030000
  0.050000  0.050000  0.050000  0.050000  0.050000  0.030000
  0.050000  0.050000  0.050000  0.050000  0.050000  0.030000
  0.050000  0.050000  0.050000  0.050000  0.050000  0.030000
  0.050000  0.050000  0.050000  0.050000  0.050000  0.030000
  0.050000  0.050000  0.050000  0.050000  0.050000  0.030000
  0.050000  0.050000  0.050000  0.050000  0.050000  0.030000
  0.050000  0.050000  0.050000  0.050000  0.050000  0.030000
  0.050000  0.050000  0.050000  0.050000  0.050000  0.030000
  FACTOR TO INCREASE THE TURBULENT VISCOSITY OVER THE FIRST NMIXUP STEPS 
   2.00000 1000
