    3D DATASET FOR MULTALL, GENERATED BY STAGEN  
   37    0   37    0 9000    0    0    3   22    1    2   37   10   10 1000
    0    2    1    3    0    1    0   10    5    0    1    0
    3    3    3    9    9    9    1    3    1
  BLADE ROW NUMBER =        1                                           
   40    9   34  178    0    0    1    1    1    1    0    0    0    0    0    0
    6930.4   43624.6   43624.6   57060.9   57060.9   0.00000    6930.4
  1.000000
 -0.010685 -0.007188 -0.004858 -0.003307 -0.002274 -0.001585 -0.001126 -0.000819
 -0.000614 -0.000423 -0.000207  0.000043  0.000330  0.000663  0.001045  0.001481
  0.001979  0.002549  0.003206  0.003984  0.004916  0.005975  0.007054  0.008119
  0.009187  0.010268  0.011339  0.012355  0.013302  0.014182  0.014998  0.015746
  0.016423  0.017026  0.017646  0.018340  0.019115  0.019982  0.020949  0.022003
  1.000000
  0.017364  0.013467  0.010862  0.009119  0.007952  0.007171  0.006648  0.006298
  0.006063  0.006141  0.006019  0.005812  0.005561  0.005270  0.004938  0.004565
  0.004148  0.003684  0.003168  0.002583  0.001921  0.001225  0.000578  0.000000
 -0.000516 -0.000975 -0.001367 -0.001682 -0.001929 -0.002119 -0.002262 -0.002366
 -0.002440 -0.002604 -0.002556 -0.002501 -0.002441 -0.002373 -0.002297 -0.002213
  1.000000
  0.000000  0.000000  0.000000  0.000000  0.000000  0.000000  0.000000  0.000000
  0.000000  0.000617  0.000833  0.000993  0.001143  0.001293  0.001443  0.001589
  0.001731  0.001865  0.001988  0.002094  0.002174  0.002208  0.002186  0.002116
  0.002002  0.001846  0.001656  0.001448  0.001232  0.001013  0.000799  0.000592
  0.000398  0.000000  0.000000  0.000000  0.000000  0.000000  0.000000  0.000000
  1.000000
  0.348569  0.348692  0.348896  0.349093  0.349254  0.349375  0.349462  0.349523
  0.349565  0.349644  0.349737  0.349847  0.349980  0.350139  0.350331  0.350560
  0.350835  0.351165  0.351565  0.352061  0.352682  0.353412  0.354169  0.354917
  0.355651  0.356364  0.357030  0.357613  0.358106  0.358517  0.358852  0.359120
  0.359328  0.359485  0.359597  0.359713  0.359834  0.359958  0.360094  0.360330
  1.000000
 -0.009485 -0.006447 -0.004413 -0.003052 -0.002140 -0.001530 -0.001121 -0.000848
 -0.000665 -0.000482 -0.000273 -0.000031  0.000249  0.000575  0.000951  0.001384
  0.001882  0.002456  0.003123  0.003920  0.004881  0.005980  0.007102  0.008210
  0.009316  0.010426  0.011514  0.012532  0.013466  0.014320  0.015098  0.015800
  0.016426  0.016975  0.017525  0.018137  0.018821  0.019585  0.020436  0.021387
  1.000000
  0.023072  0.018335  0.015164  0.013042  0.011620  0.010669  0.010032  0.009605
  0.009320  0.009368  0.009201  0.008935  0.008605  0.008219  0.007772  0.007262
  0.006680  0.006018  0.005263  0.004380  0.003344  0.002198  0.001071  0.000000
 -0.001027 -0.002016 -0.002945 -0.003779 -0.004512 -0.005159 -0.005727 -0.006222
 -0.006649 -0.007115 -0.007375 -0.007665 -0.007989 -0.008350 -0.008753 -0.009203
  1.000000
  0.000000  0.000000  0.000000  0.000000  0.000000  0.000000  0.000000  0.000000
  0.000000  0.000671  0.000910  0.001089  0.001254  0.001418  0.001581  0.001742
  0.001897  0.002044  0.002179  0.002296  0.002383  0.002419  0.002395  0.002318
  0.002194  0.002023  0.001815  0.001586  0.001350  0.001110  0.000875  0.000649
  0.000436  0.000000  0.000000  0.000000  0.000000  0.000000  0.000000  0.000000
  1.000000
  0.421200  0.421200  0.421200  0.421200  0.421200  0.421200  0.421200  0.421200
  0.421200  0.421200  0.421200  0.421200  0.421200  0.421200  0.421200  0.421200
  0.421200  0.421200  0.421200  0.421200  0.421200  0.421200  0.421200  0.421200
  0.421200  0.421200  0.421200  0.421200  0.421200  0.421200  0.421200  0.421200
  0.421200  0.421200  0.421200  0.421200  0.421200  0.421200  0.421200  0.421200
  1.000000
 -0.010685 -0.007188 -0.004858 -0.003307 -0.002274 -0.001585 -0.001126 -0.000819
 -0.000614 -0.000423 -0.000207  0.000043  0.000330  0.000663  0.001045  0.001481
  0.001979  0.002549  0.003206  0.003984  0.004916  0.005975  0.007054  0.008119
  0.009187  0.010268  0.011339  0.012355  0.013302  0.014182  0.014998  0.015746
  0.016423  0.017026  0.017646  0.018340  0.019115  0.019982  0.020949  0.022003
  1.000000
  0.034870  0.027991  0.023380  0.020292  0.018224  0.016840  0.015913  0.015292
  0.014877  0.014933  0.014685  0.014295  0.013802  0.013221  0.012545  0.011765
  0.010869  0.009840  0.008654  0.007249  0.005577  0.003700  0.001819  0.000000
 -0.001777 -0.003521 -0.005192 -0.006723 -0.008098 -0.009333 -0.010439 -0.011420
 -0.012282 -0.013143 -0.013744 -0.014415 -0.015163 -0.015999 -0.016931 -0.017968
  1.000000
  0.000000  0.000000  0.000000  0.000000  0.000000  0.000000  0.000000  0.000000
  0.000000  0.000953  0.001299  0.001563  0.001799  0.002035  0.002269  0.002499
  0.002721  0.002932  0.003125  0.003293  0.003417  0.003469  0.003435  0.003326
  0.003146  0.002901  0.002602  0.002274  0.001934  0.001591  0.001253  0.000928
  0.000623  0.000000  0.000000  0.000000  0.000000  0.000000  0.000000  0.000000
  1.000000
  0.493831  0.493708  0.493504  0.493307  0.493146  0.493025  0.492938  0.492877
  0.492835  0.492756  0.492663  0.492553  0.492420  0.492261  0.492069  0.491840
  0.491565  0.491235  0.490835  0.490339  0.489718  0.488988  0.488231  0.487483
  0.486749  0.486036  0.485370  0.484787  0.484294  0.483883  0.483548  0.483280
  0.483072  0.482915  0.482803  0.482687  0.482566  0.482442  0.482306  0.482070
  BLADE ROW NUMBER =        2                                           
   40    9   34  163    0    0    1    1    1    1    0    0    0    0    0    0
       0.0   57060.9   57060.9   72900.6   72900.6   0.00000       0.0
  1.000000
  0.015833  0.017125  0.018150  0.018939  0.019546  0.020013  0.020371  0.020646
  0.020857  0.021065  0.021301  0.021573  0.021887  0.022250  0.022668  0.023145
  0.023690  0.024315  0.025034  0.025888  0.026907  0.028062  0.029232  0.030382
  0.031525  0.032671  0.033795  0.034851  0.035822  0.036716  0.037535  0.038278
  0.038946  0.039535  0.040124  0.040789  0.041540  0.042394  0.043374  0.044481
  1.000000
 -0.025030 -0.022579 -0.020690 -0.019239 -0.018124 -0.017267 -0.016610 -0.016105
 -0.015717 -0.015015 -0.014524 -0.013968 -0.013336 -0.012620 -0.011814 -0.010917
 -0.009919 -0.008815 -0.007590 -0.006201 -0.004629 -0.002965 -0.001406  0.000000
  0.001274  0.002425  0.003431  0.004266  0.004942  0.005485  0.005918  0.006258
  0.006521  0.006535  0.006885  0.007276  0.007712  0.008197  0.008735  0.009335
  1.000000
  0.000000  0.000000  0.000000  0.000000  0.000000  0.000000  0.000000  0.000000
  0.000000  0.000614  0.000808  0.000944  0.001089  0.001251  0.001429  0.001622
  0.001829  0.002048  0.002274  0.002505  0.002728  0.002908  0.003010  0.003028
  0.002965  0.002819  0.002598  0.002320  0.002005  0.001665  0.001314  0.000962
  0.000622  0.000000  0.000000  0.000000  0.000000  0.000000  0.000000  0.000000
  1.000000
  0.359127  0.359504  0.359683  0.359808  0.359897  0.359962  0.360011  0.360048
  0.360076  0.360119  0.360171  0.360234  0.360313  0.360410  0.360531  0.360679
  0.360861  0.361087  0.361366  0.361722  0.362179  0.362732  0.363323  0.363925
  0.364538  0.365158  0.365766  0.366329  0.366835  0.367287  0.367687  0.368035
  0.368333  0.368585  0.368852  0.369121  0.369380  0.369605  0.369715  0.369772
  1.000000
  0.016225  0.017458  0.018405  0.019132  0.019691  0.020119  0.020448  0.020701
  0.020894  0.021088  0.021310  0.021566  0.021863  0.022207  0.022606  0.023064
  0.023591  0.024199  0.024905  0.025749  0.026767  0.027930  0.029119  0.030292
  0.031463  0.032639  0.033791  0.034869  0.035857  0.036762  0.037586  0.038329
  0.038992  0.039573  0.040155  0.040804  0.041528  0.042337  0.043238  0.044245
  1.000000
 -0.019677 -0.017754 -0.016277 -0.015143 -0.014273 -0.013605 -0.013092 -0.012698
 -0.012396 -0.011831 -0.011444 -0.011005 -0.010507 -0.009942 -0.009306 -0.008598
 -0.007810 -0.006939 -0.005972 -0.004875 -0.003637 -0.002327 -0.001102  0.000000
  0.000996  0.001892  0.002674  0.003318  0.003837  0.004252  0.004581  0.004837
  0.005033  0.005037  0.005312  0.005619  0.005962  0.006345  0.006771  0.007248
  1.000000
  0.000000  0.000000  0.000000  0.000000  0.000000  0.000000  0.000000  0.000000
  0.000000  0.000518  0.000682  0.000797  0.000919  0.001055  0.001205  0.001368
  0.001543  0.001727  0.001918  0.002113  0.002301  0.002453  0.002539  0.002554
  0.002500  0.002378  0.002192  0.001957  0.001691  0.001405  0.001108  0.000812
  0.000525  0.000000  0.000000  0.000000  0.000000  0.000000  0.000000  0.000000
  1.000000
  0.421200  0.421200  0.421200  0.421200  0.421200  0.421200  0.421200  0.421200
  0.421200  0.421200  0.421200  0.421200  0.421200  0.421200  0.421200  0.421200
  0.421200  0.421200  0.421200  0.421200  0.421200  0.421200  0.421200  0.421200
  0.421200  0.421200  0.421200  0.421200  0.421200  0.421200  0.421200  0.421200
  0.421200  0.421200  0.421200  0.421200  0.421200  0.421200  0.421200  0.421200
  1.000000
  0.015832  0.017124  0.018149  0.018939  0.019545  0.020012  0.020370  0.020645
  0.020856  0.021064  0.021300  0.021572  0.021886  0.022249  0.022667  0.023144
  0.023690  0.024314  0.025034  0.025887  0.026906  0.028061  0.029232  0.030382
  0.031525  0.032671  0.033795  0.034851  0.035822  0.036716  0.037535  0.038279
  0.038946  0.039535  0.040124  0.040789  0.041541  0.042394  0.043374  0.044481
  1.000000
 -0.019060 -0.017202 -0.015780 -0.014689 -0.013851 -0.013209 -0.012716 -0.012337
 -0.012047 -0.011486 -0.011109 -0.010682 -0.010198 -0.009648 -0.009030 -0.008341
 -0.007576 -0.006728 -0.005788 -0.004723 -0.003519 -0.002249 -0.001064  0.000000
  0.000958  0.001818  0.002564  0.003177  0.003667  0.004057  0.004363  0.004599
  0.004779  0.004761  0.005027  0.005324  0.005656  0.006027  0.006443  0.006907
  1.000000
  0.000000  0.000000  0.000000  0.000000  0.000000  0.000000  0.000000  0.000000
  0.000000  0.000538  0.000708  0.000827  0.000954  0.001096  0.001252  0.001421
  0.001602  0.001793  0.001991  0.002194  0.002390  0.002547  0.002636  0.002652
  0.002597  0.002470  0.002276  0.002032  0.001756  0.001459  0.001151  0.000843
  0.000545  0.000000  0.000000  0.000000  0.000000  0.000000  0.000000  0.000000
  1.000000
  0.483273  0.482897  0.482717  0.482592  0.482504  0.482438  0.482389  0.482352
  0.482324  0.482281  0.482229  0.482166  0.482087  0.481990  0.481870  0.481721
  0.481539  0.481314  0.481035  0.480679  0.480222  0.479669  0.479078  0.478476
  0.477863  0.477242  0.476635  0.476072  0.475565  0.475113  0.474713  0.474366
  0.474067  0.473815  0.473548  0.473279  0.473020  0.472795  0.472685  0.472628
  BLADE ROW NUMBER =        3                                           
   40    9   34  164    0    0    1    1    1    1    0    0    0    0    0    0
    6930.4   72900.6   72900.6   91635.4   91635.4   0.00000    6930.4
  1.000000
  0.042856  0.044158  0.045165  0.045931  0.046519  0.046970  0.047316  0.047581
  0.047785  0.047986  0.048215  0.048478  0.048784  0.049137  0.049544  0.050010
  0.050544  0.051157  0.051865  0.052707  0.053718  0.054868  0.056039  0.057194
  0.058347  0.059506  0.060646  0.061718  0.062707  0.063619  0.064455  0.065214
  0.065896  0.066498  0.067109  0.067792  0.068555  0.069406  0.070357  0.071413
  1.000000
  0.013472  0.011839  0.010584  0.009622  0.008883  0.008316  0.007881  0.007547
  0.007290  0.007354  0.007212  0.006979  0.006694  0.006364  0.005985  0.005557
  0.005074  0.004533  0.003926  0.003229  0.002430  0.001571  0.000752  0.000000
 -0.000694 -0.001335 -0.001910 -0.002401 -0.002811 -0.003153 -0.003437 -0.003670
 -0.003860 -0.004121 -0.004172 -0.004229 -0.004293 -0.004364 -0.004443 -0.004532
  1.000000
  0.000000  0.000000  0.000000  0.000000  0.000000  0.000000  0.000000  0.000000
  0.000000  0.000639  0.000863  0.001030  0.001186  0.001342  0.001496  0.001648
  0.001795  0.001935  0.002062  0.002172  0.002255  0.002289  0.002267  0.002194
  0.002076  0.001914  0.001718  0.001502  0.001277  0.001051  0.000828  0.000614
  0.000413  0.000000  0.000000  0.000000  0.000000  0.000000  0.000000  0.000000
  1.000000
  0.369666  0.369759  0.369798  0.369868  0.369927  0.369976  0.370015  0.370046
  0.370071  0.370108  0.370153  0.370208  0.370276  0.370360  0.370464  0.370591
  0.370748  0.370940  0.371178  0.371480  0.371865  0.372326  0.372812  0.373299
  0.373784  0.374263  0.374716  0.375118  0.375462  0.375753  0.375992  0.376184
  0.376334  0.376448  0.376520  0.376596  0.376675  0.376758  0.376846  0.376965
  1.000000
  0.043101  0.044337  0.045285  0.046014  0.046573  0.047002  0.047332  0.047585
  0.047779  0.047973  0.048195  0.048451  0.048749  0.049094  0.049494  0.049952
  0.050481  0.051090  0.051797  0.052643  0.053662  0.054828  0.056018  0.057194
  0.058367  0.059545  0.060699  0.061779  0.062769  0.063676  0.064501  0.065246
  0.065909  0.066492  0.067075  0.067725  0.068451  0.069260  0.070164  0.071172
  1.000000
  0.017181  0.015254  0.013775  0.012639  0.011767  0.011098  0.010584  0.010190
  0.009887  0.009938  0.009760  0.009478  0.009128  0.008719  0.008245  0.007703
  0.007086  0.006384  0.005584  0.004647  0.003547  0.002332  0.001137  0.000000
 -0.001089 -0.002139 -0.003124 -0.004009 -0.004787 -0.005473 -0.006075 -0.006600
 -0.007053 -0.007548 -0.007824 -0.008131 -0.008475 -0.008858 -0.009286 -0.009763
  1.000000
  0.000000  0.000000  0.000000  0.000000  0.000000  0.000000  0.000000  0.000000
  0.000000  0.000712  0.000965  0.001155  0.001330  0.001504  0.001678  0.001848
  0.002013  0.002169  0.002311  0.002435  0.002528  0.002566  0.002541  0.002459
  0.002327  0.002146  0.001925  0.001683  0.001432  0.001178  0.000928  0.000688
  0.000462  0.000000  0.000000  0.000000  0.000000  0.000000  0.000000  0.000000
  1.000000
  0.421200  0.421200  0.421200  0.421200  0.421200  0.421200  0.421200  0.421200
  0.421200  0.421200  0.421200  0.421200  0.421200  0.421200  0.421200  0.421200
  0.421200  0.421200  0.421200  0.421200  0.421200  0.421200  0.421200  0.421200
  0.421200  0.421200  0.421200  0.421200  0.421200  0.421200  0.421200  0.421200
  0.421200  0.421200  0.421200  0.421200  0.421200  0.421200  0.421200  0.421200
  1.000000
  0.042858  0.044160  0.045166  0.045933  0.046521  0.046972  0.047318  0.047583
  0.047787  0.047988  0.048216  0.048480  0.048785  0.049138  0.049545  0.050011
  0.050545  0.051158  0.051866  0.052709  0.053720  0.054870  0.056041  0.057196
  0.058348  0.059507  0.060647  0.061720  0.062709  0.063621  0.064457  0.065216
  0.065897  0.066500  0.067111  0.067794  0.068556  0.069408  0.070358  0.071415
  1.000000
  0.022546  0.020124  0.018266  0.016838  0.015742  0.014901  0.014255  0.013759
  0.013378  0.013433  0.013207  0.012851  0.012402  0.011874  0.011260  0.010553
  0.009742  0.008812  0.007743  0.006479  0.004978  0.003297  0.001619  0.000000
 -0.001576 -0.003118 -0.004591 -0.005935 -0.007138 -0.008215 -0.009177 -0.010027
 -0.010773 -0.011521 -0.012030 -0.012598 -0.013233 -0.013941 -0.014731 -0.015611
  1.000000
  0.000000  0.000000  0.000000  0.000000  0.000000  0.000000  0.000000  0.000000
  0.000000  0.000879  0.001197  0.001438  0.001655  0.001872  0.002088  0.002299
  0.002505  0.002699  0.002875  0.003029  0.003144  0.003193  0.003162  0.003060
  0.002894  0.002669  0.002394  0.002093  0.001780  0.001464  0.001153  0.000854
  0.000574  0.000000  0.000000  0.000000  0.000000  0.000000  0.000000  0.000000
  1.000000
  0.472733  0.472640  0.472601  0.472531  0.472472  0.472424  0.472385  0.472353
  0.472329  0.472291  0.472246  0.472191  0.472123  0.472039  0.471936  0.471808
  0.471652  0.471459  0.471221  0.470920  0.470535  0.470074  0.469588  0.469100
  0.468615  0.468136  0.467684  0.467281  0.466937  0.466647  0.466408  0.466215
  0.466065  0.465952  0.465880  0.465804  0.465725  0.465642  0.465554  0.465435
  BLADE ROW NUMBER =        4                                           
   40    9   34  164    0    0    1    1    1    1    0    0    0    0    0    0
       0.0   91635.4   91635.4  113203.3  113203.3   0.00000       0.0
  1.000000
  0.066156  0.067419  0.068393  0.069142  0.069717  0.070158  0.070497  0.070757
  0.070957  0.071155  0.071381  0.071642  0.071944  0.072294  0.072698  0.073161
  0.073693  0.074304  0.075012  0.075856  0.076869  0.078024  0.079200  0.080358
  0.081513  0.082671  0.083806  0.084869  0.085845  0.086740  0.087557  0.088296
  0.088955  0.089536  0.090116  0.090766  0.091495  0.092313  0.093237  0.094276
  1.000000
 -0.022599 -0.020383 -0.018680 -0.017372 -0.016368 -0.015597 -0.015005 -0.014550
 -0.014201 -0.013564 -0.013120 -0.012618 -0.012047 -0.011400 -0.010672 -0.009861
 -0.008960 -0.007962 -0.006854 -0.005599 -0.004179 -0.002676 -0.001269  0.000000
  0.001148  0.002184  0.003090  0.003841  0.004446  0.004933  0.005321  0.005624
  0.005858  0.005865  0.006181  0.006534  0.006928  0.007367  0.007856  0.008400
  1.000000
  0.000000  0.000000  0.000000  0.000000  0.000000  0.000000  0.000000  0.000000
  0.000000  0.000565  0.000744  0.000869  0.001002  0.001151  0.001315  0.001493
  0.001683  0.001884  0.002092  0.002305  0.002510  0.002676  0.002769  0.002786
  0.002728  0.002594  0.002390  0.002135  0.001844  0.001532  0.001209  0.000886
  0.000572  0.000000  0.000000  0.000000  0.000000  0.000000  0.000000  0.000000
  1.000000
  0.376386  0.376555  0.376659  0.376733  0.376787  0.376828  0.376858  0.376882
  0.376900  0.376927  0.376960  0.377000  0.377048  0.377108  0.377182  0.377273
  0.377384  0.377521  0.377692  0.377909  0.378189  0.378530  0.378895  0.379270
  0.379652  0.380041  0.380423  0.380778  0.381098  0.381384  0.381637  0.381858
  0.382049  0.382210  0.382384  0.382561  0.382735  0.382895  0.383001  0.383055
  1.000000
  0.066328  0.067555  0.068497  0.069220  0.069776  0.070202  0.070529  0.070780
  0.070973  0.071166  0.071386  0.071641  0.071936  0.072279  0.072675  0.073131
  0.073656  0.074260  0.074963  0.075802  0.076814  0.077971  0.079153  0.080321
  0.081485  0.082654  0.083800  0.084873  0.085856  0.086756  0.087575  0.088315
  0.088974  0.089552  0.090131  0.090776  0.091497  0.092301  0.093198  0.094198
  1.000000
 -0.019572 -0.017658 -0.016190 -0.015062 -0.014197 -0.013532 -0.013022 -0.012630
 -0.012330 -0.011768 -0.011382 -0.010946 -0.010450 -0.009888 -0.009256 -0.008552
 -0.007769 -0.006901 -0.005940 -0.004849 -0.003617 -0.002315 -0.001096  0.000000
  0.000990  0.001882  0.002659  0.003300  0.003816  0.004230  0.004556  0.004811
  0.005006  0.005010  0.005284  0.005589  0.005930  0.006311  0.006735  0.007209
  1.000000
  0.000000  0.000000  0.000000  0.000000  0.000000  0.000000  0.000000  0.000000
  0.000000  0.000515  0.000678  0.000792  0.000914  0.001049  0.001199  0.001361
  0.001535  0.001718  0.001908  0.002102  0.002289  0.002440  0.002525  0.002540
  0.002487  0.002365  0.002180  0.001947  0.001682  0.001397  0.001102  0.000808
  0.000522  0.000000  0.000000  0.000000  0.000000  0.000000  0.000000  0.000000
  1.000000
  0.421200  0.421200  0.421200  0.421200  0.421200  0.421200  0.421200  0.421200
  0.421200  0.421200  0.421200  0.421200  0.421200  0.421200  0.421200  0.421200
  0.421200  0.421200  0.421200  0.421200  0.421200  0.421200  0.421200  0.421200
  0.421200  0.421200  0.421200  0.421200  0.421200  0.421200  0.421200  0.421200
  0.421200  0.421200  0.421200  0.421200  0.421200  0.421200  0.421200  0.421200
  1.000000
  0.066156  0.067419  0.068393  0.069142  0.069717  0.070158  0.070497  0.070757
  0.070957  0.071155  0.071381  0.071642  0.071944  0.072294  0.072698  0.073161
  0.073693  0.074304  0.075012  0.075856  0.076869  0.078024  0.079199  0.080358
  0.081513  0.082670  0.083805  0.084869  0.085845  0.086740  0.087557  0.088295
  0.088955  0.089536  0.090116  0.090766  0.091495  0.092313  0.093236  0.094275
  1.000000
 -0.018532 -0.016726 -0.015341 -0.014278 -0.013463 -0.012836 -0.012356 -0.011987
 -0.011703 -0.011162 -0.010795 -0.010381 -0.009910 -0.009377 -0.008776 -0.008107
 -0.007363 -0.006540 -0.005626 -0.004592 -0.003422 -0.002188 -0.001036  0.000000
  0.000934  0.001773  0.002501  0.003100  0.003580  0.003962  0.004263  0.004496
  0.004673  0.004661  0.004920  0.005209  0.005532  0.005892  0.006295  0.006745
  1.000000
  0.000000  0.000000  0.000000  0.000000  0.000000  0.000000  0.000000  0.000000
  0.000000  0.000514  0.000676  0.000789  0.000911  0.001046  0.001195  0.001356
  0.001529  0.001712  0.001901  0.002094  0.002281  0.002431  0.002516  0.002531
  0.002478  0.002357  0.002172  0.001939  0.001676  0.001392  0.001098  0.000805
  0.000520  0.000000  0.000000  0.000000  0.000000  0.000000  0.000000  0.000000
  1.000000
  0.466014  0.465845  0.465741  0.465667  0.465613  0.465572  0.465542  0.465518
  0.465500  0.465473  0.465440  0.465400  0.465352  0.465292  0.465218  0.465127
  0.465016  0.464878  0.464708  0.464491  0.464211  0.463870  0.463505  0.463130
  0.462748  0.462359  0.461977  0.461622  0.461302  0.461017  0.460763  0.460542
  0.460351  0.460190  0.460016  0.459839  0.459665  0.459505  0.459399  0.459345
  BLADE ROW NUMBER =        5                                           
   40    9   34  165    0    0    1    1    1    1    0    0    0    0    0    0
    6930.4  113203.3  113203.3  138155.6  138155.6   0.00000    6930.4
  1.000000
  0.093965  0.095224  0.096189  0.096929  0.097497  0.097932  0.098266  0.098523
  0.098720  0.098916  0.099139  0.099396  0.099695  0.100041  0.100441  0.100900
  0.101427  0.102034  0.102737  0.103576  0.104586  0.105738  0.106913  0.108073
  0.109231  0.110394  0.111535  0.112606  0.113590  0.114493  0.115318  0.116064
  0.116731  0.117318  0.117909  0.118569  0.119305  0.120127  0.121045  0.122067
  1.000000
  0.014157  0.012481  0.011195  0.010208  0.009450  0.008869  0.008422  0.008079
  0.007816  0.007873  0.007724  0.007482  0.007186  0.006841  0.006445  0.005996
  0.005488  0.004917  0.004272  0.003527  0.002666  0.001733  0.000835  0.000000
 -0.000781 -0.001513 -0.002181 -0.002762 -0.003257 -0.003680 -0.004039 -0.004341
 -0.004594 -0.004914 -0.005022 -0.005142 -0.005277 -0.005427 -0.005594 -0.005780
  1.000000
  0.000000  0.000000  0.000000  0.000000  0.000000  0.000000  0.000000  0.000000
  0.000000  0.000640  0.000866  0.001033  0.001189  0.001346  0.001501  0.001653
  0.001801  0.001940  0.002068  0.002180  0.002262  0.002297  0.002275  0.002201
  0.002083  0.001921  0.001723  0.001507  0.001282  0.001054  0.000831  0.000616
  0.000414  0.000000  0.000000  0.000000  0.000000  0.000000  0.000000  0.000000
  1.000000
  0.383043  0.383081  0.383120  0.383166  0.383204  0.383235  0.383260  0.383280
  0.383296  0.383321  0.383350  0.383386  0.383430  0.383484  0.383550  0.383632
  0.383732  0.383855  0.384007  0.384200  0.384446  0.384741  0.385052  0.385364
  0.385675  0.385980  0.386268  0.386523  0.386741  0.386924  0.387075  0.387196
  0.387290  0.387362  0.387408  0.387456  0.387507  0.387561  0.387618  0.387687
  1.000000
  0.094068  0.095297  0.096239  0.096963  0.097519  0.097946  0.098273  0.098525
  0.098718  0.098911  0.099131  0.099386  0.099682  0.100025  0.100422  0.100878
  0.101403  0.102008  0.102711  0.103552  0.104565  0.105723  0.106906  0.108075
  0.109241  0.110411  0.111558  0.112632  0.113616  0.114517  0.115337  0.116077
  0.116737  0.117316  0.117895  0.118541  0.119262  0.120067  0.120965  0.121967
  1.000000
  0.017076  0.015160  0.013690  0.012562  0.011695  0.011030  0.010519  0.010127
  0.009826  0.009877  0.009700  0.009420  0.009072  0.008665  0.008194  0.007656
  0.007042  0.006345  0.005549  0.004618  0.003525  0.002318  0.001130  0.000000
 -0.001083 -0.002125 -0.003105 -0.003984 -0.004757 -0.005439 -0.006038 -0.006559
 -0.007010 -0.007501 -0.007776 -0.008081 -0.008423 -0.008804 -0.009229 -0.009703
  1.000000
  0.000000  0.000000  0.000000  0.000000  0.000000  0.000000  0.000000  0.000000
  0.000000  0.000707  0.000959  0.001148  0.001322  0.001495  0.001667  0.001837
  0.002000  0.002155  0.002297  0.002420  0.002512  0.002550  0.002526  0.002444
  0.002313  0.002133  0.001914  0.001672  0.001423  0.001170  0.000922  0.000684
  0.000460  0.000000  0.000000  0.000000  0.000000  0.000000  0.000000  0.000000
  1.000000
  0.421200  0.421200  0.421200  0.421200  0.421200  0.421200  0.421200  0.421200
  0.421200  0.421200  0.421200  0.421200  0.421200  0.421200  0.421200  0.421200
  0.421200  0.421200  0.421200  0.421200  0.421200  0.421200  0.421200  0.421200
  0.421200  0.421200  0.421200  0.421200  0.421200  0.421200  0.421200  0.421200
  0.421200  0.421200  0.421200  0.421200  0.421200  0.421200  0.421200  0.421200
  1.000000
  0.093967  0.095226  0.096191  0.096931  0.097498  0.097934  0.098268  0.098525
  0.098722  0.098918  0.099141  0.099398  0.099697  0.100043  0.100443  0.100902
  0.101429  0.102036  0.102739  0.103578  0.104588  0.105740  0.106915  0.108075
  0.109233  0.110396  0.111537  0.112608  0.113592  0.114495  0.115320  0.116066
  0.116733  0.117320  0.117911  0.118571  0.119307  0.120129  0.121046  0.122069
  1.000000
  0.020647  0.018411  0.016694  0.015375  0.014363  0.013586  0.012989  0.012531
  0.012179  0.012232  0.012024  0.011695  0.011283  0.010798  0.010234  0.009587
  0.008844  0.007994  0.007018  0.005867  0.004503  0.002979  0.001461  0.000000
 -0.001418 -0.002803 -0.004121 -0.005321 -0.006393 -0.007350 -0.008201 -0.008953
 -0.009610 -0.010288 -0.010730 -0.011222 -0.011771 -0.012385 -0.013069 -0.013832
  1.000000
  0.000000  0.000000  0.000000  0.000000  0.000000  0.000000  0.000000  0.000000
  0.000000  0.000815  0.001109  0.001331  0.001532  0.001733  0.001933  0.002129
  0.002319  0.002498  0.002663  0.002806  0.002912  0.002956  0.002927  0.002833
  0.002680  0.002471  0.002217  0.001938  0.001648  0.001355  0.001068  0.000791
  0.000531  0.000000  0.000000  0.000000  0.000000  0.000000  0.000000  0.000000
  1.000000
  0.459357  0.459319  0.459280  0.459234  0.459196  0.459165  0.459140  0.459120
  0.459104  0.459079  0.459050  0.459014  0.458970  0.458916  0.458849  0.458768
  0.458668  0.458545  0.458393  0.458199  0.457953  0.457658  0.457347  0.457035
  0.456725  0.456419  0.456131  0.455876  0.455659  0.455476  0.455325  0.455204
  0.455110  0.455038  0.454992  0.454944  0.454893  0.454839  0.454782  0.454713
  BLADE ROW NUMBER =        6                                           
   40    9   34  166    0    0    1    1    1    1    0    0    0    0    0    0
       0.0  138155.6  138155.6  166375.2  166375.2   0.00000       0.0
  1.000000
  0.117163  0.118404  0.119359  0.120092  0.120654  0.121086  0.121418  0.121673
  0.121868  0.122063  0.122285  0.122542  0.122839  0.123185  0.123584  0.124042
  0.124569  0.125175  0.125878  0.126718  0.127729  0.128882  0.130059  0.131220
  0.132377  0.133538  0.134676  0.135742  0.136719  0.137613  0.138429  0.139165
  0.139822  0.140399  0.140975  0.141619  0.142340  0.143147  0.144053  0.145068
  1.000000
 -0.021496 -0.019390 -0.017772 -0.016529 -0.015575 -0.014842 -0.014280 -0.013848
 -0.013517 -0.012908 -0.012486 -0.012008 -0.011464 -0.010849 -0.010156 -0.009384
 -0.008526 -0.007575 -0.006521 -0.005327 -0.003975 -0.002545 -0.001206  0.000000
  0.001091  0.002075  0.002935  0.003647  0.004220  0.004681  0.005048  0.005334
  0.005556  0.005557  0.005859  0.006195  0.006570  0.006988  0.007453  0.007972
  1.000000
  0.000000  0.000000  0.000000  0.000000  0.000000  0.000000  0.000000  0.000000
  0.000000  0.000544  0.000716  0.000837  0.000965  0.001108  0.001266  0.001438
  0.001621  0.001815  0.002015  0.002220  0.002417  0.002577  0.002667  0.002683
  0.002627  0.002498  0.002302  0.002056  0.001776  0.001475  0.001164  0.000853
  0.000551  0.000000  0.000000  0.000000  0.000000  0.000000  0.000000  0.000000
  1.000000
  0.387344  0.387444  0.387511  0.387559  0.387594  0.387621  0.387641  0.387657
  0.387669  0.387687  0.387708  0.387734  0.387766  0.387805  0.387853  0.387912
  0.387984  0.388073  0.388184  0.388326  0.388509  0.388733  0.388974  0.389222
  0.389476  0.389736  0.389993  0.390232  0.390449  0.390644  0.390818  0.390971
  0.391104  0.391217  0.391342  0.391470  0.391596  0.391712  0.391791  0.391833
  1.000000
  0.117245  0.118468  0.119408  0.120129  0.120683  0.121108  0.121434  0.121685
  0.121877  0.122069  0.122289  0.122543  0.122837  0.123179  0.123575  0.124029
  0.124553  0.125156  0.125856  0.126693  0.127703  0.128857  0.130036  0.131200
  0.132362  0.133528  0.134670  0.135740  0.136721  0.137618  0.138436  0.139173
  0.139830  0.140407  0.140984  0.141628  0.142346  0.143148  0.144043  0.145041
  1.000000
 -0.019520 -0.017612 -0.016147 -0.015023 -0.014159 -0.013496 -0.012988 -0.012597
 -0.012297 -0.011737 -0.011352 -0.010917 -0.010423 -0.009862 -0.009232 -0.008529
 -0.007748 -0.006883 -0.005924 -0.004837 -0.003608 -0.002308 -0.001094  0.000000
  0.000988  0.001877  0.002652  0.003292  0.003806  0.004218  0.004544  0.004798
  0.004993  0.004997  0.005270  0.005574  0.005914  0.006294  0.006717  0.007190
  1.000000
  0.000000  0.000000  0.000000  0.000000  0.000000  0.000000  0.000000  0.000000
  0.000000  0.000514  0.000676  0.000790  0.000911  0.001047  0.001196  0.001357
  0.001531  0.001714  0.001903  0.002097  0.002283  0.002433  0.002518  0.002533
  0.002480  0.002359  0.002175  0.001941  0.001677  0.001394  0.001100  0.000806
  0.000521  0.000000  0.000000  0.000000  0.000000  0.000000  0.000000  0.000000
  1.000000
  0.421200  0.421200  0.421200  0.421200  0.421200  0.421200  0.421200  0.421200
  0.421200  0.421200  0.421200  0.421200  0.421200  0.421200  0.421200  0.421200
  0.421200  0.421200  0.421200  0.421200  0.421200  0.421200  0.421200  0.421200
  0.421200  0.421200  0.421200  0.421200  0.421200  0.421200  0.421200  0.421200
  0.421200  0.421200  0.421200  0.421200  0.421200  0.421200  0.421200  0.421200
  1.000000
  0.117163  0.118405  0.119359  0.120092  0.120655  0.121087  0.121418  0.121673
  0.121868  0.122063  0.122285  0.122542  0.122840  0.123185  0.123584  0.124042
  0.124569  0.125175  0.125878  0.126718  0.127729  0.128882  0.130059  0.131220
  0.132377  0.133538  0.134676  0.135741  0.136718  0.137613  0.138428  0.139165
  0.139821  0.140398  0.140974  0.141619  0.142340  0.143146  0.144052  0.145067
  1.000000
 -0.018490 -0.016687 -0.015304 -0.014242 -0.013427 -0.012802 -0.012322 -0.011953
 -0.011670 -0.011132 -0.010767 -0.010354 -0.009884 -0.009352 -0.008753 -0.008086
 -0.007344 -0.006523 -0.005613 -0.004581 -0.003415 -0.002184 -0.001034  0.000000
  0.000933  0.001771  0.002499  0.003099  0.003580  0.003964  0.004266  0.004500
  0.004679  0.004670  0.004929  0.005217  0.005539  0.005898  0.006299  0.006748
  1.000000
  0.000000  0.000000  0.000000  0.000000  0.000000  0.000000  0.000000  0.000000
  0.000000  0.000506  0.000666  0.000778  0.000897  0.001031  0.001178  0.001337
  0.001507  0.001687  0.001874  0.002064  0.002248  0.002396  0.002480  0.002495
  0.002443  0.002324  0.002141  0.001912  0.001652  0.001372  0.001083  0.000793
  0.000513  0.000000  0.000000  0.000000  0.000000  0.000000  0.000000  0.000000
  1.000000
  0.455056  0.454956  0.454889  0.454841  0.454806  0.454779  0.454759  0.454743
  0.454731  0.454713  0.454692  0.454666  0.454634  0.454595  0.454547  0.454488
  0.454416  0.454327  0.454216  0.454074  0.453891  0.453667  0.453426  0.453178
  0.452924  0.452664  0.452408  0.452168  0.451951  0.451756  0.451582  0.451429
  0.451296  0.451183  0.451058  0.450930  0.450804  0.450688  0.450609  0.450567
  BLADE ROW NUMBER =        7                                           
   40    9   34  166    0    0    1    1    1    1    0    0    0    0    0    0
    6930.4  166375.2  166375.2  198474.0  198474.0   0.00000    6930.4
  1.000000
  0.144938  0.146177  0.147128  0.147857  0.148417  0.148847  0.149177  0.149430
  0.149624  0.149818  0.150039  0.150294  0.150590  0.150934  0.151331  0.151787
  0.152312  0.152916  0.153617  0.154455  0.155464  0.156616  0.157792  0.158954
  0.160113  0.161276  0.162417  0.163487  0.164468  0.165368  0.166188  0.166929
  0.167590  0.168171  0.168754  0.169405  0.170131  0.170942  0.171846  0.172855
  1.000000
  0.014704  0.012988  0.011671  0.010660  0.009884  0.009288  0.008831  0.008480
  0.008210  0.008264  0.008109  0.007860  0.007555  0.007199  0.006789  0.006323
  0.005795  0.005199  0.004525  0.003744  0.002838  0.001850  0.000894  0.000000
 -0.000843 -0.001638 -0.002371 -0.003014 -0.003567 -0.004044 -0.004454 -0.004803
 -0.005098 -0.005451 -0.005596 -0.005757 -0.005937 -0.006137 -0.006361 -0.006611
  1.000000
  0.000000  0.000000  0.000000  0.000000  0.000000  0.000000  0.000000  0.000000
  0.000000  0.000648  0.000877  0.001047  0.001205  0.001363  0.001521  0.001675
  0.001825  0.001966  0.002095  0.002208  0.002291  0.002327  0.002305  0.002230
  0.002110  0.001947  0.001746  0.001526  0.001299  0.001068  0.000842  0.000624
  0.000420  0.000000  0.000000  0.000000  0.000000  0.000000  0.000000  0.000000
  1.000000
  0.391829  0.391855  0.391884  0.391915  0.391941  0.391962  0.391978  0.391992
  0.392002  0.392018  0.392038  0.392063  0.392092  0.392129  0.392174  0.392229
  0.392297  0.392380  0.392483  0.392613  0.392780  0.392980  0.393192  0.393404
  0.393615  0.393822  0.394017  0.394190  0.394338  0.394461  0.394563  0.394645
  0.394708  0.394757  0.394788  0.394820  0.394855  0.394891  0.394931  0.394976
  1.000000
  0.144987  0.146212  0.147152  0.147874  0.148428  0.148854  0.149180  0.149431
  0.149623  0.149816  0.150036  0.150290  0.150585  0.150927  0.151323  0.151778
  0.152301  0.152905  0.153606  0.154444  0.155455  0.156610  0.157790  0.158955
  0.160118  0.161285  0.162428  0.163499  0.164481  0.165379  0.166197  0.166935
  0.167593  0.168170  0.168748  0.169393  0.170112  0.170914  0.171810  0.172809
  1.000000
  0.017029  0.015119  0.013653  0.012527  0.011663  0.011000  0.010490  0.010099
  0.009799  0.009850  0.009674  0.009394  0.009047  0.008641  0.008172  0.007635
  0.007023  0.006327  0.005534  0.004606  0.003516  0.002311  0.001126  0.000000
 -0.001080 -0.002120 -0.003096 -0.003973 -0.004744 -0.005424 -0.006021 -0.006541
 -0.006991 -0.007481 -0.007754 -0.008059 -0.008400 -0.008779 -0.009203 -0.009676
  1.000000
  0.000000  0.000000  0.000000  0.000000  0.000000  0.000000  0.000000  0.000000
  0.000000  0.000705  0.000957  0.001145  0.001318  0.001491  0.001663  0.001831
  0.001995  0.002150  0.002291  0.002414  0.002505  0.002543  0.002519  0.002437
  0.002307  0.002127  0.001908  0.001668  0.001419  0.001167  0.000920  0.000682
  0.000458  0.000000  0.000000  0.000000  0.000000  0.000000  0.000000  0.000000
  1.000000
  0.421200  0.421200  0.421200  0.421200  0.421200  0.421200  0.421200  0.421200
  0.421200  0.421200  0.421200  0.421200  0.421200  0.421200  0.421200  0.421200
  0.421200  0.421200  0.421200  0.421200  0.421200  0.421200  0.421200  0.421200
  0.421200  0.421200  0.421200  0.421200  0.421200  0.421200  0.421200  0.421200
  0.421200  0.421200  0.421200  0.421200  0.421200  0.421200  0.421200  0.421200
  1.000000
  0.144940  0.146179  0.147130  0.147859  0.148419  0.148848  0.149178  0.149431
  0.149626  0.149819  0.150041  0.150296  0.150592  0.150936  0.151333  0.151789
  0.152314  0.152918  0.153619  0.154457  0.155465  0.156618  0.157794  0.158955
  0.160114  0.161278  0.162419  0.163489  0.164470  0.165369  0.166190  0.166930
  0.167591  0.168173  0.168756  0.169407  0.170133  0.170943  0.171848  0.172857
  1.000000
  0.019635  0.017495  0.015851  0.014589  0.013621  0.012877  0.012306  0.011867
  0.011531  0.011583  0.011384  0.011070  0.010676  0.010214  0.009677  0.009060
  0.008354  0.007547  0.006622  0.005531  0.004241  0.002803  0.001373  0.000000
 -0.001331 -0.002627 -0.003858 -0.004976 -0.005973 -0.006860 -0.007649 -0.008344
 -0.008950 -0.009578 -0.009979 -0.010427 -0.010926 -0.011483 -0.012105 -0.012799
  1.000000
  0.000000  0.000000  0.000000  0.000000  0.000000  0.000000  0.000000  0.000000
  0.000000  0.000782  0.001064  0.001276  0.001469  0.001662  0.001853  0.002041
  0.002223  0.002395  0.002553  0.002690  0.002792  0.002834  0.002807  0.002716
  0.002569  0.002369  0.002126  0.001858  0.001580  0.001300  0.001024  0.000759
  0.000510  0.000000  0.000000  0.000000  0.000000  0.000000  0.000000  0.000000
  1.000000
  0.450571  0.450545  0.450516  0.450485  0.450459  0.450438  0.450421  0.450408
  0.450398  0.450381  0.450362  0.450337  0.450308  0.450271  0.450226  0.450171
  0.450103  0.450020  0.449917  0.449786  0.449620  0.449419  0.449208  0.448996
  0.448785  0.448578  0.448382  0.448209  0.448062  0.447938  0.447837  0.447755
  0.447691  0.447643  0.447612  0.447580  0.447545  0.447509  0.447469  0.447424
  BLADE ROW NUMBER =        8                                           
   40    9   34  167    0    0    1    1    1    1    0    0    0    0    0    0
       0.0  198474.0  198474.0  234278.8  234278.8   0.00000       0.0
  1.000000
  0.168095  0.169326  0.170272  0.170999  0.171556  0.171984  0.172313  0.172565
  0.172759  0.172952  0.173173  0.173428  0.173724  0.174067  0.174464  0.174920
  0.175445  0.176049  0.176750  0.177588  0.178598  0.179751  0.180928  0.182090
  0.183248  0.184411  0.185550  0.186617  0.187594  0.188489  0.189305  0.190040
  0.190696  0.191272  0.191847  0.192490  0.193208  0.194011  0.194909  0.195915
  1.000000
 -0.020914 -0.018865 -0.017292 -0.016084 -0.015157 -0.014444 -0.013898 -0.013478
 -0.013156 -0.012562 -0.012151 -0.011686 -0.011157 -0.010558 -0.009883 -0.009132
 -0.008296 -0.007372 -0.006345 -0.005183 -0.003867 -0.002475 -0.001173  0.000000
  0.001061  0.002017  0.002852  0.003543  0.004100  0.004547  0.004902  0.005180
  0.005394  0.005393  0.005686  0.006013  0.006377  0.006784  0.007238  0.007743
  1.000000
  0.000000  0.000000  0.000000  0.000000  0.000000  0.000000  0.000000  0.000000
  0.000000  0.000534  0.000703  0.000821  0.000947  0.001087  0.001242  0.001410
  0.001591  0.001780  0.001977  0.002178  0.002372  0.002528  0.002617  0.002632
  0.002577  0.002451  0.002259  0.002017  0.001743  0.001448  0.001142  0.000837
  0.000541  0.000000  0.000000  0.000000  0.000000  0.000000  0.000000  0.000000
  1.000000
  0.394751  0.394816  0.394861  0.394894  0.394918  0.394937  0.394951  0.394962
  0.394970  0.394982  0.394997  0.395014  0.395036  0.395063  0.395096  0.395136
  0.395185  0.395246  0.395322  0.395419  0.395544  0.395698  0.395865  0.396036
  0.396213  0.396395  0.396576  0.396745  0.396899  0.397039  0.397164  0.397275
  0.397372  0.397455  0.397550  0.397646  0.397741  0.397829  0.397889  0.397921
  1.000000
  0.168136  0.169358  0.170297  0.171018  0.171571  0.171995  0.172321  0.172572
  0.172764  0.172956  0.173176  0.173429  0.173723  0.174065  0.174460  0.174914
  0.175437  0.176040  0.176739  0.177576  0.178584  0.179737  0.180915  0.182078
  0.183239  0.184404  0.185545  0.186614  0.187594  0.188491  0.189307  0.190044
  0.190700  0.191277  0.191853  0.192497  0.193215  0.194016  0.194909  0.195907
  1.000000
 -0.019502 -0.017596 -0.016132 -0.015009 -0.014146 -0.013484 -0.012976 -0.012585
 -0.012286 -0.011726 -0.011342 -0.010907 -0.010413 -0.009853 -0.009223 -0.008521
 -0.007741 -0.006877 -0.005919 -0.004832 -0.003604 -0.002306 -0.001093  0.000000
  0.000987  0.001875  0.002650  0.003289  0.003803  0.004215  0.004540  0.004794
  0.004989  0.004992  0.005265  0.005569  0.005909  0.006288  0.006711  0.007183
  1.000000
  0.000000  0.000000  0.000000  0.000000  0.000000  0.000000  0.000000  0.000000
  0.000000  0.000513  0.000676  0.000789  0.000911  0.001046  0.001195  0.001356
  0.001529  0.001712  0.001901  0.002095  0.002281  0.002431  0.002516  0.002531
  0.002478  0.002357  0.002173  0.001940  0.001676  0.001392  0.001099  0.000805
  0.000520  0.000000  0.000000  0.000000  0.000000  0.000000  0.000000  0.000000
  1.000000
  0.421200  0.421200  0.421200  0.421200  0.421200  0.421200  0.421200  0.421200
  0.421200  0.421200  0.421200  0.421200  0.421200  0.421200  0.421200  0.421200
  0.421200  0.421200  0.421200  0.421200  0.421200  0.421200  0.421200  0.421200
  0.421200  0.421200  0.421200  0.421200  0.421200  0.421200  0.421200  0.421200
  0.421200  0.421200  0.421200  0.421200  0.421200  0.421200  0.421200  0.421200
  1.000000
  0.168094  0.169326  0.170272  0.170998  0.171556  0.171984  0.172313  0.172565
  0.172759  0.172952  0.173173  0.173428  0.173724  0.174067  0.174464  0.174920
  0.175445  0.176049  0.176750  0.177588  0.178598  0.179751  0.180928  0.182090
  0.183248  0.184411  0.185550  0.186617  0.187594  0.188489  0.189304  0.190040
  0.190696  0.191272  0.191847  0.192490  0.193208  0.194010  0.194909  0.195914
  1.000000
 -0.018584 -0.016771 -0.015380 -0.014312 -0.013492 -0.012863 -0.012380 -0.012009
 -0.011724 -0.011185 -0.010818 -0.010403 -0.009932 -0.009397 -0.008795 -0.008125
 -0.007380 -0.006556 -0.005641 -0.004604 -0.003433 -0.002196 -0.001040  0.000000
  0.000938  0.001782  0.002515  0.003119  0.003604  0.003991  0.004296  0.004533
  0.004713  0.004708  0.004967  0.005257  0.005580  0.005941  0.006344  0.006795
  1.000000
  0.000000  0.000000  0.000000  0.000000  0.000000  0.000000  0.000000  0.000000
  0.000000  0.000505  0.000664  0.000776  0.000895  0.001027  0.001174  0.001332
  0.001503  0.001682  0.001868  0.002058  0.002240  0.002388  0.002472  0.002486
  0.002435  0.002316  0.002134  0.001905  0.001646  0.001368  0.001079  0.000791
  0.000511  0.000000  0.000000  0.000000  0.000000  0.000000  0.000000  0.000000
  1.000000
  0.447649  0.447584  0.447539  0.447506  0.447482  0.447463  0.447449  0.447438
  0.447430  0.447418  0.447403  0.447386  0.447364  0.447337  0.447304  0.447264
  0.447215  0.447154  0.447079  0.446982  0.446856  0.446703  0.446536  0.446365
  0.446188  0.446006  0.445826  0.445657  0.445502  0.445362  0.445237  0.445126
  0.445029  0.444946  0.444851  0.444755  0.444660  0.444571  0.444511  0.444479
  BLADE ROW NUMBER =        9                                           
   40    9   34  167    0    0    1    1    1    1    0    0    0    0    0    0
    6930.4  234278.8  234278.8  274462.4  274462.4   0.00000    6930.4
  1.000000
  0.195856  0.197087  0.198031  0.198756  0.199312  0.199739  0.200067  0.200319
  0.200512  0.200705  0.200925  0.201179  0.201475  0.201817  0.202213  0.202668
  0.203192  0.203795  0.204495  0.205331  0.206340  0.207492  0.208668  0.209830
  0.210990  0.212154  0.213295  0.214363  0.215343  0.216241  0.217059  0.217798
  0.218456  0.219035  0.219615  0.220261  0.220983  0.221789  0.222687  0.223690
  1.000000
  0.015127  0.013377  0.012035  0.011004  0.010213  0.009605  0.009139  0.008781
  0.008506  0.008559  0.008399  0.008145  0.007832  0.007467  0.007046  0.006567
  0.006024  0.005410  0.004714  0.003906  0.002965  0.001937  0.000938  0.000000
 -0.000888 -0.001730 -0.002508 -0.003196 -0.003792 -0.004307 -0.004753 -0.005135
 -0.005460 -0.005830 -0.006000 -0.006189 -0.006401 -0.006637 -0.006900 -0.007194
  1.000000
  0.000000  0.000000  0.000000  0.000000  0.000000  0.000000  0.000000  0.000000
  0.000000  0.000656  0.000888  0.001061  0.001222  0.001382  0.001541  0.001698
  0.001849  0.001993  0.002124  0.002238  0.002322  0.002358  0.002336  0.002261
  0.002138  0.001972  0.001770  0.001547  0.001316  0.001083  0.000853  0.000633
  0.000425  0.000000  0.000000  0.000000  0.000000  0.000000  0.000000  0.000000
  1.000000
  0.397920  0.397939  0.397960  0.397983  0.398001  0.398015  0.398027  0.398036
  0.398043  0.398055  0.398069  0.398086  0.398107  0.398133  0.398164  0.398203
  0.398251  0.398310  0.398383  0.398475  0.398594  0.398735  0.398885  0.399035
  0.399185  0.399332  0.399470  0.399592  0.399696  0.399783  0.399855  0.399912
  0.399957  0.399991  0.400012  0.400035  0.400059  0.400084  0.400112  0.400143
  1.000000
  0.195881  0.197104  0.198043  0.198764  0.199318  0.199743  0.200069  0.200319
  0.200512  0.200704  0.200924  0.201177  0.201472  0.201813  0.202209  0.202663
  0.203186  0.203789  0.204489  0.205326  0.206336  0.207489  0.208667  0.209832
  0.210993  0.212158  0.213301  0.214370  0.215350  0.216248  0.217065  0.217802
  0.218459  0.219036  0.219612  0.220256  0.220974  0.221776  0.222670  0.223668
  1.000000
  0.017008  0.015100  0.013636  0.012512  0.011649  0.010986  0.010477  0.010087
  0.009787  0.009838  0.009662  0.009382  0.009036  0.008631  0.008162  0.007626
  0.007014  0.006320  0.005527  0.004600  0.003511  0.002308  0.001125  0.000000
 -0.001078 -0.002117 -0.003092 -0.003968 -0.004738 -0.005417 -0.006014 -0.006533
 -0.006982 -0.007472 -0.007745 -0.008049 -0.008389 -0.008769 -0.009192 -0.009664
  1.000000
  0.000000  0.000000  0.000000  0.000000  0.000000  0.000000  0.000000  0.000000
  0.000000  0.000704  0.000955  0.001143  0.001316  0.001489  0.001661  0.001829
  0.001992  0.002147  0.002288  0.002411  0.002502  0.002540  0.002516  0.002434
  0.002304  0.002124  0.001906  0.001666  0.001417  0.001166  0.000918  0.000681
  0.000458  0.000000  0.000000  0.000000  0.000000  0.000000  0.000000  0.000000
  1.000000
  0.421200  0.421200  0.421200  0.421200  0.421200  0.421200  0.421200  0.421200
  0.421200  0.421200  0.421200  0.421200  0.421200  0.421200  0.421200  0.421200
  0.421200  0.421200  0.421200  0.421200  0.421200  0.421200  0.421200  0.421200
  0.421200  0.421200  0.421200  0.421200  0.421200  0.421200  0.421200  0.421200
  0.421200  0.421200  0.421200  0.421200  0.421200  0.421200  0.421200  0.421200
  1.000000
  0.195857  0.197088  0.198032  0.198757  0.199313  0.199740  0.200068  0.200320
  0.200513  0.200706  0.200926  0.201181  0.201476  0.201818  0.202214  0.202669
  0.203193  0.203796  0.204496  0.205333  0.206341  0.207493  0.208670  0.209832
  0.210991  0.212155  0.213296  0.214365  0.215345  0.216243  0.217061  0.217800
  0.218458  0.219037  0.219617  0.220263  0.220985  0.221791  0.222690  0.223693
  1.000000
  0.019017  0.016934  0.015334  0.014106  0.013163  0.012439  0.011884  0.011457
  0.011130  0.011181  0.010988  0.010682  0.010300  0.009851  0.009330  0.008733
  0.008049  0.007269  0.006374  0.005321  0.004078  0.002692  0.001318  0.000000
 -0.001275 -0.002515 -0.003690 -0.004756 -0.005704 -0.006547 -0.007295 -0.007953
 -0.008525 -0.009121 -0.009495 -0.009913 -0.010380 -0.010900 -0.011481 -0.012129
  1.000000
  0.000000  0.000000  0.000000  0.000000  0.000000  0.000000  0.000000  0.000000
  0.000000  0.000763  0.001037  0.001243  0.001431  0.001619  0.001806  0.001989
  0.002166  0.002334  0.002488  0.002621  0.002721  0.002762  0.002735  0.002647
  0.002504  0.002309  0.002072  0.001811  0.001540  0.001267  0.000998  0.000740
  0.000497  0.000000  0.000000  0.000000  0.000000  0.000000  0.000000  0.000000
  1.000000
  0.444480  0.444461  0.444440  0.444417  0.444399  0.444385  0.444373  0.444364
  0.444357  0.444345  0.444331  0.444314  0.444293  0.444267  0.444236  0.444197
  0.444149  0.444090  0.444017  0.443925  0.443806  0.443665  0.443515  0.443365
  0.443215  0.443068  0.442930  0.442808  0.442704  0.442617  0.442545  0.442488
  0.442443  0.442409  0.442388  0.442365  0.442341  0.442316  0.442288  0.442257
  BLADE ROW NUMBER =       10                                           
   40    9   34  167    0    0    1    1    1    1    0    0    0    0    0    0
       0.0  274462.4  274462.4  318794.0  318794.0   0.00000       0.0
  1.000000
  0.218996  0.220223  0.221165  0.221889  0.222444  0.222871  0.223198  0.223449
  0.223642  0.223835  0.224055  0.224309  0.224604  0.224947  0.225343  0.225797
  0.226321  0.226924  0.227625  0.228462  0.229471  0.230623  0.231800  0.232963
  0.234122  0.235285  0.236425  0.237492  0.238470  0.239365  0.240180  0.240916
  0.241571  0.242147  0.242722  0.243364  0.244081  0.244882  0.245778  0.246779
  1.000000
 -0.020565 -0.018551 -0.017005 -0.015818 -0.014906 -0.014206 -0.013669 -0.013257
 -0.012940 -0.012355 -0.011951 -0.011493 -0.010973 -0.010383 -0.009720 -0.008981
 -0.008159 -0.007249 -0.006240 -0.005096 -0.003802 -0.002434 -0.001153  0.000000
  0.001043  0.001983  0.002803  0.003481  0.004028  0.004466  0.004814  0.005086
  0.005295  0.005292  0.005581  0.005902  0.006261  0.006661  0.007107  0.007604
  1.000000
  0.000000  0.000000  0.000000  0.000000  0.000000  0.000000  0.000000  0.000000
  0.000000  0.000528  0.000695  0.000812  0.000937  0.001076  0.001229  0.001395
  0.001573  0.001761  0.001956  0.002154  0.002346  0.002501  0.002588  0.002604
  0.002550  0.002425  0.002235  0.001996  0.001724  0.001432  0.001130  0.000828
  0.000535  0.000000  0.000000  0.000000  0.000000  0.000000  0.000000  0.000000
  1.000000
  0.399989  0.400033  0.400064  0.400087  0.400104  0.400117  0.400127  0.400135
  0.400141  0.400150  0.400160  0.400172  0.400188  0.400206  0.400229  0.400258
  0.400293  0.400336  0.400389  0.400458  0.400547  0.400657  0.400776  0.400899
  0.401027  0.401159  0.401290  0.401415  0.401529  0.401633  0.401727  0.401810
  0.401884  0.401947  0.402021  0.402096  0.402171  0.402240  0.402287  0.402313
  1.000000
  0.219019  0.220241  0.221179  0.221899  0.222452  0.222877  0.223203  0.223453
  0.223645  0.223837  0.224057  0.224310  0.224604  0.224946  0.225341  0.225794
  0.226317  0.226919  0.227619  0.228455  0.229463  0.230616  0.231793  0.232956
  0.234116  0.235280  0.236421  0.237490  0.238469  0.239365  0.240181  0.240918
  0.241574  0.242150  0.242726  0.243369  0.244087  0.244888  0.245781  0.246778
  1.000000
 -0.019494 -0.017588 -0.016125 -0.015002 -0.014140 -0.013478 -0.012970 -0.012580
 -0.012280 -0.011721 -0.011337 -0.010903 -0.010409 -0.009849 -0.009219 -0.008518
 -0.007738 -0.006874 -0.005916 -0.004830 -0.003603 -0.002305 -0.001092  0.000000
  0.000986  0.001875  0.002649  0.003287  0.003801  0.004213  0.004538  0.004792
  0.004986  0.004990  0.005263  0.005567  0.005907  0.006285  0.006708  0.007180
  1.000000
  0.000000  0.000000  0.000000  0.000000  0.000000  0.000000  0.000000  0.000000
  0.000000  0.000513  0.000675  0.000789  0.000910  0.001045  0.001194  0.001356
  0.001529  0.001711  0.001900  0.002094  0.002280  0.002430  0.002515  0.002530
  0.002477  0.002356  0.002172  0.001939  0.001675  0.001392  0.001098  0.000804
  0.000520  0.000000  0.000000  0.000000  0.000000  0.000000  0.000000  0.000000
  1.000000
  0.421200  0.421200  0.421200  0.421200  0.421200  0.421200  0.421200  0.421200
  0.421200  0.421200  0.421200  0.421200  0.421200  0.421200  0.421200  0.421200
  0.421200  0.421200  0.421200  0.421200  0.421200  0.421200  0.421200  0.421200
  0.421200  0.421200  0.421200  0.421200  0.421200  0.421200  0.421200  0.421200
  0.421200  0.421200  0.421200  0.421200  0.421200  0.421200  0.421200  0.421200
  1.000000
  0.218996  0.220223  0.221165  0.221889  0.222444  0.222871  0.223198  0.223449
  0.223642  0.223835  0.224055  0.224309  0.224604  0.224947  0.225342  0.225797
  0.226321  0.226924  0.227625  0.228462  0.229471  0.230623  0.231800  0.232963
  0.234122  0.235285  0.236425  0.237492  0.238470  0.239365  0.240180  0.240916
  0.241571  0.242147  0.242722  0.243364  0.244081  0.244882  0.245778  0.246779
  1.000000
 -0.018700 -0.016876 -0.015475 -0.014400 -0.013574 -0.012941 -0.012454 -0.012081
 -0.011794 -0.011253 -0.010884 -0.010466 -0.009992 -0.009454 -0.008849 -0.008175
 -0.007426 -0.006596 -0.005676 -0.004633 -0.003455 -0.002210 -0.001046  0.000000
  0.000944  0.001794  0.002532  0.003141  0.003630  0.004021  0.004329  0.004568
  0.004751  0.004747  0.005008  0.005299  0.005625  0.005988  0.006394  0.006847
  1.000000
  0.000000  0.000000  0.000000  0.000000  0.000000  0.000000  0.000000  0.000000
  0.000000  0.000505  0.000664  0.000776  0.000895  0.001028  0.001174  0.001333
  0.001503  0.001682  0.001868  0.002058  0.002241  0.002389  0.002472  0.002487
  0.002435  0.002317  0.002135  0.001906  0.001647  0.001368  0.001080  0.000791
  0.000511  0.000000  0.000000  0.000000  0.000000  0.000000  0.000000  0.000000
  1.000000
  0.442411  0.442367  0.442335  0.442313  0.442296  0.442283  0.442273  0.442265
  0.442259  0.442250  0.442240  0.442228  0.442212  0.442194  0.442171  0.442142
  0.442107  0.442065  0.442011  0.441942  0.441853  0.441743  0.441624  0.441501
  0.441373  0.441241  0.441109  0.440985  0.440871  0.440767  0.440673  0.440590
  0.440516  0.440453  0.440379  0.440304  0.440229  0.440160  0.440113  0.440087
  BLADE ROW NUMBER =       11                                           
   40    9   34  168    0    0    1    1    1    1    0    0    0    0    0    0
    6930.4  318794.0  318794.0  368008.8  368008.8   0.00000    6930.4
  1.000000
  0.246751  0.247978  0.248919  0.249642  0.250197  0.250622  0.250949  0.251200
  0.251393  0.251585  0.251805  0.252059  0.252354  0.252696  0.253091  0.253546
  0.254069  0.254672  0.255371  0.256208  0.257216  0.258368  0.259545  0.260707
  0.261866  0.263030  0.264171  0.265240  0.266219  0.267116  0.267934  0.268671
  0.269329  0.269906  0.270484  0.271129  0.271849  0.272652  0.273548  0.274548
  1.000000
  0.015453  0.013677  0.012314  0.011267  0.010464  0.009847  0.009374  0.009010
  0.008731  0.008783  0.008621  0.008362  0.008043  0.007671  0.007241  0.006753
  0.006197  0.005569  0.004857  0.004028  0.003061  0.002002  0.000971  0.000000
 -0.000921 -0.001798 -0.002612 -0.003333 -0.003959 -0.004504 -0.004976 -0.005383
 -0.005730 -0.006121 -0.006309 -0.006520 -0.006754 -0.007016 -0.007309 -0.007635
  1.000000
  0.000000  0.000000  0.000000  0.000000  0.000000  0.000000  0.000000  0.000000
  0.000000  0.000663  0.000898  0.001073  0.001236  0.001398  0.001559  0.001718
  0.001871  0.002016  0.002148  0.002264  0.002349  0.002385  0.002363  0.002287
  0.002163  0.001995  0.001791  0.001565  0.001331  0.001096  0.000863  0.000640
  0.000430  0.000000  0.000000  0.000000  0.000000  0.000000  0.000000  0.000000
  1.000000
  0.402312  0.402327  0.402343  0.402359  0.402372  0.402382  0.402391  0.402397
  0.402402  0.402410  0.402421  0.402433  0.402448  0.402467  0.402490  0.402519
  0.402554  0.402597  0.402650  0.402717  0.402804  0.402908  0.403018  0.403128
  0.403237  0.403344  0.403446  0.403535  0.403611  0.403675  0.403727  0.403769
  0.403801  0.403826  0.403841  0.403857  0.403875  0.403893  0.403913  0.403936
  1.000000
  0.246765  0.247988  0.248926  0.249647  0.250200  0.250625  0.250951  0.251201
  0.251393  0.251586  0.251805  0.252059  0.252353  0.252694  0.253090  0.253544
  0.254066  0.254669  0.255369  0.256205  0.257214  0.258367  0.259544  0.260708
  0.261868  0.263033  0.264175  0.265244  0.266223  0.267120  0.267937  0.268673
  0.269330  0.269906  0.270483  0.271126  0.271844  0.272645  0.273539  0.274536
  1.000000
  0.016998  0.015091  0.013628  0.012504  0.011642  0.010979  0.010471  0.010081
  0.009781  0.009832  0.009656  0.009377  0.009031  0.008626  0.008157  0.007621
  0.007010  0.006316  0.005524  0.004597  0.003509  0.002307  0.001124  0.000000
 -0.001078 -0.002116 -0.003091 -0.003966 -0.004736 -0.005414 -0.006010 -0.006529
 -0.006978 -0.007467 -0.007740 -0.008045 -0.008384 -0.008763 -0.009186 -0.009659
  1.000000
  0.000000  0.000000  0.000000  0.000000  0.000000  0.000000  0.000000  0.000000
  0.000000  0.000704  0.000955  0.001143  0.001316  0.001488  0.001660  0.001828
  0.001991  0.002146  0.002287  0.002409  0.002501  0.002539  0.002514  0.002433
  0.002302  0.002123  0.001905  0.001665  0.001416  0.001165  0.000918  0.000681
  0.000457  0.000000  0.000000  0.000000  0.000000  0.000000  0.000000  0.000000
  1.000000
  0.421200  0.421200  0.421200  0.421200  0.421200  0.421200  0.421200  0.421200
  0.421200  0.421200  0.421200  0.421200  0.421200  0.421200  0.421200  0.421200
  0.421200  0.421200  0.421200  0.421200  0.421200  0.421200  0.421200  0.421200
  0.421200  0.421200  0.421200  0.421200  0.421200  0.421200  0.421200  0.421200
  0.421200  0.421200  0.421200  0.421200  0.421200  0.421200  0.421200  0.421200
  1.000000
  0.246753  0.247979  0.248921  0.249643  0.250198  0.250624  0.250951  0.251202
  0.251394  0.251587  0.251807  0.252060  0.252355  0.252697  0.253093  0.253547
  0.254070  0.254673  0.255372  0.256209  0.257217  0.258369  0.259546  0.260708
  0.261868  0.263032  0.264173  0.265241  0.266221  0.267118  0.267935  0.268672
  0.269330  0.269907  0.270485  0.271130  0.271850  0.272653  0.273549  0.274549
  1.000000
  0.018604  0.016558  0.014987  0.013781  0.012856  0.012145  0.011599  0.011180
  0.010859  0.010910  0.010720  0.010420  0.010045  0.009606  0.009096  0.008511
  0.007842  0.007079  0.006205  0.005178  0.003966  0.002617  0.001280  0.000000
 -0.001237 -0.002437 -0.003574 -0.004604 -0.005518 -0.006330 -0.007049 -0.007681
 -0.008230 -0.008803 -0.009159 -0.009556 -0.009999 -0.010493 -0.011045 -0.011660
  1.000000
  0.000000  0.000000  0.000000  0.000000  0.000000  0.000000  0.000000  0.000000
  0.000000  0.000750  0.001019  0.001222  0.001407  0.001591  0.001775  0.001955
  0.002129  0.002294  0.002445  0.002576  0.002674  0.002715  0.002688  0.002602
  0.002461  0.002270  0.002037  0.001780  0.001513  0.001246  0.000981  0.000727
  0.000488  0.000000  0.000000  0.000000  0.000000  0.000000  0.000000  0.000000
  1.000000
  0.440088  0.440073  0.440057  0.440041  0.440028  0.440018  0.440009  0.440003
  0.439998  0.439990  0.439979  0.439967  0.439952  0.439933  0.439910  0.439881
  0.439846  0.439803  0.439750  0.439682  0.439596  0.439492  0.439382  0.439272
  0.439163  0.439055  0.438954  0.438865  0.438789  0.438725  0.438673  0.438631
  0.438599  0.438574  0.438559  0.438543  0.438525  0.438507  0.438487  0.438464
  BLADE ROW NUMBER =       12                                           
   40    9   34  168    0    0    1    1    1    1    0    0    0    0    0    0
       0.0  368008.8  368008.8  421817.1  421817.1   0.00000       0.0
  1.000000
  0.269884  0.271108  0.272049  0.272770  0.273325  0.273750  0.274077  0.274328
  0.274520  0.274712  0.274932  0.275186  0.275481  0.275823  0.276218  0.276672
  0.277196  0.277799  0.278498  0.279335  0.280344  0.281496  0.282673  0.283835
  0.284995  0.286158  0.287299  0.288366  0.289344  0.290240  0.291055  0.291791
  0.292446  0.293022  0.293597  0.294239  0.294956  0.295757  0.296651  0.297650
  1.000000
 -0.020337 -0.018346 -0.016818 -0.015644 -0.014743 -0.014052 -0.013520 -0.013113
 -0.012800 -0.012220 -0.011820 -0.011368 -0.010853 -0.010270 -0.009614 -0.008883
 -0.008070 -0.007170 -0.006171 -0.005040 -0.003760 -0.002407 -0.001140  0.000000
  0.001031  0.001960  0.002771  0.003440  0.003980  0.004413  0.004756  0.005024
  0.005231  0.005226  0.005511  0.005829  0.006184  0.006580  0.007021  0.007513
  1.000000
  0.000000  0.000000  0.000000  0.000000  0.000000  0.000000  0.000000  0.000000
  0.000000  0.000524  0.000690  0.000807  0.000930  0.001069  0.001221  0.001386
  0.001563  0.001749  0.001942  0.002140  0.002331  0.002484  0.002571  0.002586
  0.002532  0.002409  0.002220  0.001982  0.001712  0.001422  0.001123  0.000822
  0.000531  0.000000  0.000000  0.000000  0.000000  0.000000  0.000000  0.000000
  1.000000
  0.403825  0.403857  0.403879  0.403896  0.403908  0.403918  0.403925  0.403931
  0.403935  0.403941  0.403949  0.403958  0.403969  0.403982  0.403999  0.404020
  0.404045  0.404077  0.404116  0.404166  0.404231  0.404312  0.404400  0.404491
  0.404586  0.404685  0.404784  0.404877  0.404964  0.405043  0.405116  0.405180
  0.405237  0.405287  0.405346  0.405406  0.405465  0.405521  0.405559  0.405580
  1.000000
  0.269897  0.271118  0.272057  0.272777  0.273330  0.273754  0.274080  0.274330
  0.274522  0.274714  0.274933  0.275187  0.275481  0.275822  0.276217  0.276671
  0.277194  0.277796  0.278495  0.279331  0.280339  0.281491  0.282668  0.283831
  0.284991  0.286155  0.287296  0.288364  0.289343  0.290239  0.291056  0.291792
  0.292448  0.293024  0.293600  0.294243  0.294961  0.295761  0.296654  0.297651
  1.000000
 -0.019490 -0.017585 -0.016123 -0.015000 -0.014138 -0.013476 -0.012968 -0.012578
 -0.012278 -0.011719 -0.011335 -0.010901 -0.010407 -0.009848 -0.009218 -0.008516
 -0.007736 -0.006873 -0.005915 -0.004829 -0.003602 -0.002305 -0.001092  0.000000
  0.000986  0.001874  0.002648  0.003287  0.003801  0.004212  0.004537  0.004791
  0.004986  0.004989  0.005262  0.005566  0.005906  0.006284  0.006707  0.007179
  1.000000
  0.000000  0.000000  0.000000  0.000000  0.000000  0.000000  0.000000  0.000000
  0.000000  0.000513  0.000675  0.000789  0.000910  0.001045  0.001194  0.001355
  0.001529  0.001711  0.001900  0.002093  0.002279  0.002430  0.002514  0.002530
  0.002477  0.002356  0.002171  0.001939  0.001675  0.001392  0.001098  0.000804
  0.000520  0.000000  0.000000  0.000000  0.000000  0.000000  0.000000  0.000000
  1.000000
  0.421200  0.421200  0.421200  0.421200  0.421200  0.421200  0.421200  0.421200
  0.421200  0.421200  0.421200  0.421200  0.421200  0.421200  0.421200  0.421200
  0.421200  0.421200  0.421200  0.421200  0.421200  0.421200  0.421200  0.421200
  0.421200  0.421200  0.421200  0.421200  0.421200  0.421200  0.421200  0.421200
  0.421200  0.421200  0.421200  0.421200  0.421200  0.421200  0.421200  0.421200
  1.000000
  0.269884  0.271108  0.272049  0.272770  0.273325  0.273750  0.274077  0.274328
  0.274520  0.274712  0.274932  0.275186  0.275481  0.275823  0.276218  0.276672
  0.277196  0.277799  0.278498  0.279335  0.280344  0.281496  0.282673  0.283835
  0.284995  0.286158  0.287299  0.288366  0.289344  0.290240  0.291055  0.291791
  0.292446  0.293022  0.293597  0.294239  0.294956  0.295757  0.296651  0.297650
  1.000000
 -0.018810 -0.016974 -0.015565 -0.014483 -0.013652 -0.013015 -0.012525 -0.012149
 -0.011861 -0.011317 -0.010946 -0.010526 -0.010049 -0.009508 -0.008900 -0.008222
 -0.007469 -0.006634 -0.005709 -0.004660 -0.003475 -0.002223 -0.001053  0.000000
  0.000950  0.001805  0.002549  0.003162  0.003654  0.004048  0.004358  0.004600
  0.004784  0.004782  0.005044  0.005338  0.005665  0.006030  0.006438  0.006894
  1.000000
  0.000000  0.000000  0.000000  0.000000  0.000000  0.000000  0.000000  0.000000
  0.000000  0.000505  0.000665  0.000777  0.000896  0.001029  0.001176  0.001335
  0.001505  0.001685  0.001871  0.002061  0.002245  0.002393  0.002476  0.002491
  0.002439  0.002321  0.002138  0.001909  0.001649  0.001370  0.001081  0.000792
  0.000512  0.000000  0.000000  0.000000  0.000000  0.000000  0.000000  0.000000
  1.000000
  0.438575  0.438543  0.438521  0.438504  0.438492  0.438482  0.438475  0.438469
  0.438465  0.438459  0.438451  0.438442  0.438431  0.438417  0.438401  0.438380
  0.438355  0.438323  0.438284  0.438234  0.438168  0.438088  0.438000  0.437909
  0.437814  0.437715  0.437616  0.437523  0.437436  0.437356  0.437284  0.437220
  0.437163  0.437113  0.437054  0.436994  0.436935  0.436879  0.436841  0.436820
  BLADE ROW NUMBER =       13                                           
   40    9   34  168    0    0    1    1    1    1    0    0    0    0    0    0
    6930.4  421817.1  421817.1  481016.8  481016.8   0.00000    6930.4
  1.000000
  0.297637  0.298861  0.299801  0.300523  0.301076  0.301502  0.301828  0.302079
  0.302271  0.302463  0.302683  0.302937  0.303231  0.303573  0.303968  0.304422
  0.304945  0.305547  0.306247  0.307083  0.308091  0.309243  0.310420  0.311582
  0.312742  0.313906  0.315047  0.316115  0.317094  0.317991  0.318807  0.319544
  0.320201  0.320778  0.321355  0.321999  0.322718  0.323520  0.324415  0.325413
  1.000000
  0.015704  0.013907  0.012528  0.011469  0.010657  0.010032  0.009553  0.009186
  0.008903  0.008954  0.008790  0.008528  0.008204  0.007827  0.007391  0.006895
  0.006330  0.005691  0.004966  0.004121  0.003134  0.002052  0.000996  0.000000
 -0.000947 -0.001850 -0.002690 -0.003436 -0.004087 -0.004654 -0.005146 -0.005571
 -0.005935 -0.006342 -0.006544 -0.006770 -0.007023 -0.007304 -0.007618 -0.007969
  1.000000
  0.000000  0.000000  0.000000  0.000000  0.000000  0.000000  0.000000  0.000000
  0.000000  0.000669  0.000906  0.001084  0.001248  0.001411  0.001574  0.001734
  0.001889  0.002035  0.002169  0.002285  0.002372  0.002408  0.002385  0.002309
  0.002184  0.002014  0.001807  0.001580  0.001343  0.001105  0.000871  0.000646
  0.000434  0.000000  0.000000  0.000000  0.000000  0.000000  0.000000  0.000000
  1.000000
  0.405580  0.405592  0.405604  0.405616  0.405626  0.405633  0.405639  0.405643
  0.405647  0.405653  0.405661  0.405670  0.405682  0.405696  0.405713  0.405734
  0.405761  0.405793  0.405833  0.405884  0.405949  0.406027  0.406110  0.406192
  0.406275  0.406356  0.406432  0.406499  0.406556  0.406604  0.406643  0.406674
  0.406699  0.406717  0.406728  0.406740  0.406753  0.406766  0.406781  0.406798
  1.000000
  0.297644  0.298867  0.299805  0.300525  0.301078  0.301503  0.301829  0.302079
  0.302271  0.302463  0.302683  0.302936  0.303230  0.303572  0.303967  0.304421
  0.304943  0.305546  0.306245  0.307081  0.308090  0.309242  0.310420  0.311583
  0.312743  0.313907  0.315049  0.316117  0.317096  0.317993  0.318809  0.319546
  0.320202  0.320778  0.321355  0.321998  0.322715  0.323516  0.324410  0.325407
  1.000000
  0.016992  0.015086  0.013623  0.012500  0.011638  0.010976  0.010468  0.010077
  0.009778  0.009829  0.009653  0.009374  0.009028  0.008623  0.008154  0.007619
  0.007008  0.006314  0.005522  0.004596  0.003508  0.002306  0.001124  0.000000
 -0.001077 -0.002115 -0.003090 -0.003964 -0.004734 -0.005412 -0.006008 -0.006527
 -0.006976 -0.007465 -0.007738 -0.008042 -0.008382 -0.008761 -0.009183 -0.009655
  1.000000
  0.000000  0.000000  0.000000  0.000000  0.000000  0.000000  0.000000  0.000000
  0.000000  0.000704  0.000954  0.001142  0.001315  0.001488  0.001659  0.001828
  0.001991  0.002145  0.002286  0.002409  0.002500  0.002538  0.002513  0.002432
  0.002302  0.002122  0.001904  0.001664  0.001416  0.001165  0.000918  0.000680
  0.000457  0.000000  0.000000  0.000000  0.000000  0.000000  0.000000  0.000000
  1.000000
  0.421200  0.421200  0.421200  0.421200  0.421200  0.421200  0.421200  0.421200
  0.421200  0.421200  0.421200  0.421200  0.421200  0.421200  0.421200  0.421200
  0.421200  0.421200  0.421200  0.421200  0.421200  0.421200  0.421200  0.421200
  0.421200  0.421200  0.421200  0.421200  0.421200  0.421200  0.421200  0.421200
  0.421200  0.421200  0.421200  0.421200  0.421200  0.421200  0.421200  0.421200
  1.000000
  0.297638  0.298862  0.299802  0.300524  0.301077  0.301503  0.301829  0.302080
  0.302272  0.302464  0.302684  0.302938  0.303232  0.303574  0.303969  0.304423
  0.304946  0.305548  0.306248  0.307084  0.308092  0.309244  0.310421  0.311583
  0.312743  0.313907  0.315048  0.316116  0.317095  0.317992  0.318808  0.319545
  0.320202  0.320779  0.321356  0.322000  0.322719  0.323521  0.324416  0.325414
  1.000000
  0.018310  0.016290  0.014739  0.013549  0.012635  0.011934  0.011395  0.010981
  0.010664  0.010715  0.010528  0.010232  0.009863  0.009429  0.008927  0.008351
  0.007693  0.006943  0.006084  0.005075  0.003885  0.002562  0.001253  0.000000
 -0.001209 -0.002381 -0.003490 -0.004493 -0.005382 -0.006171 -0.006869 -0.007482
 -0.008014 -0.008570 -0.008912 -0.009294 -0.009719 -0.010194 -0.010724 -0.011315
  1.000000
  0.000000  0.000000  0.000000  0.000000  0.000000  0.000000  0.000000  0.000000
  0.000000  0.000741  0.001007  0.001207  0.001390  0.001572  0.001753  0.001931
  0.002103  0.002266  0.002415  0.002545  0.002641  0.002682  0.002655  0.002570
  0.002431  0.002243  0.002012  0.001758  0.001495  0.001230  0.000969  0.000718
  0.000483  0.000000  0.000000  0.000000  0.000000  0.000000  0.000000  0.000000
  1.000000
  0.436820  0.436808  0.436796  0.436784  0.436774  0.436767  0.436761  0.436757
  0.436753  0.436747  0.436739  0.436730  0.436718  0.436704  0.436687  0.436666
  0.436639  0.436607  0.436567  0.436516  0.436451  0.436373  0.436291  0.436208
  0.436125  0.436044  0.435968  0.435901  0.435844  0.435796  0.435757  0.435726
  0.435701  0.435683  0.435672  0.435660  0.435647  0.435634  0.435619  0.435602
  BLADE ROW NUMBER =       14                                           
   40    9   34  169    0    0    1    1    1    1    0    0    0    0    0    0
       0.0  481016.8  481016.8  545258.5  545258.5   0.00000       0.0
  1.000000
  0.320765  0.321989  0.322928  0.323649  0.324203  0.324628  0.324954  0.325205
  0.325397  0.325589  0.325809  0.326063  0.326357  0.326699  0.327094  0.327548
  0.328071  0.328674  0.329373  0.330209  0.331218  0.332370  0.333547  0.334710
  0.335869  0.337033  0.338173  0.339241  0.340220  0.341115  0.341931  0.342667
  0.343322  0.343898  0.344473  0.345116  0.345832  0.346633  0.347526  0.348525
  1.000000
 -0.020179 -0.018204 -0.016688 -0.015524 -0.014630 -0.013944 -0.013417 -0.013013
 -0.012702 -0.012127 -0.011730 -0.011280 -0.010770 -0.010191 -0.009540 -0.008814
 -0.008008 -0.007114 -0.006124 -0.005001 -0.003730 -0.002388 -0.001131  0.000000
  0.001022  0.001944  0.002748  0.003412  0.003947  0.004375  0.004716  0.004981
  0.005186  0.005195  0.005477  0.005793  0.006145  0.006537  0.006975  0.007464
  1.000000
  0.000000  0.000000  0.000000  0.000000  0.000000  0.000000  0.000000  0.000000
  0.000000  0.000522  0.000687  0.000803  0.000926  0.001064  0.001215  0.001380
  0.001556  0.001742  0.001934  0.002130  0.002320  0.002473  0.002560  0.002575
  0.002521  0.002398  0.002210  0.001973  0.001705  0.001416  0.001118  0.000819
  0.000529  0.000000  0.000000  0.000000  0.000000  0.000000  0.000000  0.000000
  1.000000
  0.406717  0.406740  0.406756  0.406768  0.406778  0.406785  0.406790  0.406795
  0.406798  0.406803  0.406808  0.406815  0.406823  0.406834  0.406846  0.406861
  0.406880  0.406904  0.406933  0.406971  0.407020  0.407081  0.407147  0.407216
  0.407289  0.407364  0.407441  0.407513  0.407581  0.407643  0.407700  0.407751
  0.407796  0.407836  0.407884  0.407933  0.407981  0.408027  0.408058  0.408075
  1.000000
  0.320773  0.321995  0.322933  0.323653  0.324206  0.324630  0.324956  0.325206
  0.325398  0.325590  0.325810  0.326063  0.326357  0.326699  0.327094  0.327547
  0.328070  0.328672  0.329371  0.330207  0.331215  0.332367  0.333544  0.334707
  0.335867  0.337031  0.338172  0.339240  0.340219  0.341115  0.341931  0.342667
  0.343323  0.343899  0.344476  0.345118  0.345836  0.346636  0.347530  0.348526
  1.000000
 -0.019489 -0.017584 -0.016122 -0.014999 -0.014137 -0.013475 -0.012967 -0.012577
 -0.012278 -0.011718 -0.011335 -0.010900 -0.010407 -0.009847 -0.009217 -0.008516
 -0.007736 -0.006873 -0.005915 -0.004829 -0.003602 -0.002305 -0.001092  0.000000
  0.000986  0.001874  0.002648  0.003287  0.003800  0.004212  0.004537  0.004791
  0.004985  0.004989  0.005261  0.005566  0.005905  0.006284  0.006707  0.007179
  1.000000
  0.000000  0.000000  0.000000  0.000000  0.000000  0.000000  0.000000  0.000000
  0.000000  0.000513  0.000675  0.000789  0.000910  0.001045  0.001194  0.001355
  0.001528  0.001711  0.001900  0.002093  0.002279  0.002430  0.002514  0.002529
  0.002477  0.002355  0.002171  0.001938  0.001675  0.001392  0.001098  0.000804
  0.000520  0.000000  0.000000  0.000000  0.000000  0.000000  0.000000  0.000000
  1.000000
  0.421200  0.421200  0.421200  0.421200  0.421200  0.421200  0.421200  0.421200
  0.421200  0.421200  0.421200  0.421200  0.421200  0.421200  0.421200  0.421200
  0.421200  0.421200  0.421200  0.421200  0.421200  0.421200  0.421200  0.421200
  0.421200  0.421200  0.421200  0.421200  0.421200  0.421200  0.421200  0.421200
  0.421200  0.421200  0.421200  0.421200  0.421200  0.421200  0.421200  0.421200
  1.000000
  0.320765  0.321989  0.322928  0.323649  0.324203  0.324628  0.324954  0.325205
  0.325397  0.325589  0.325809  0.326063  0.326357  0.326699  0.327094  0.327548
  0.328071  0.328674  0.329373  0.330210  0.331218  0.332370  0.333547  0.334710
  0.335869  0.337033  0.338173  0.339241  0.340220  0.341115  0.341931  0.342667
  0.343322  0.343898  0.344473  0.345116  0.345832  0.346633  0.347526  0.348525
  1.000000
 -0.018905 -0.017059 -0.015642 -0.014555 -0.013720 -0.013079 -0.012586 -0.012209
 -0.011919 -0.011373 -0.011000 -0.010578 -0.010099 -0.009555 -0.008944 -0.008263
 -0.007506 -0.006667 -0.005738 -0.004684 -0.003493 -0.002235 -0.001058  0.000000
  0.000955  0.001815  0.002563  0.003180  0.003675  0.004071  0.004384  0.004627
  0.004813  0.004811  0.005075  0.005370  0.005699  0.006066  0.006476  0.006934
  1.000000
  0.000000  0.000000  0.000000  0.000000  0.000000  0.000000  0.000000  0.000000
  0.000000  0.000506  0.000666  0.000778  0.000898  0.001031  0.001178  0.001337
  0.001508  0.001688  0.001874  0.002065  0.002248  0.002397  0.002480  0.002495
  0.002443  0.002325  0.002142  0.001912  0.001652  0.001373  0.001083  0.000793
  0.000513  0.000000  0.000000  0.000000  0.000000  0.000000  0.000000  0.000000
  1.000000
  0.435683  0.435660  0.435644  0.435631  0.435622  0.435615  0.435610  0.435605
  0.435602  0.435597  0.435592  0.435585  0.435577  0.435567  0.435554  0.435539
  0.435520  0.435496  0.435467  0.435429  0.435380  0.435319  0.435253  0.435184
  0.435111  0.435036  0.434960  0.434887  0.434819  0.434757  0.434700  0.434649
  0.434604  0.434564  0.434516  0.434467  0.434418  0.434373  0.434342  0.434325
  BLADE ROW NUMBER =       15                                           
   40    9   34  169    0    0    1    1    1    1    0    0    0    0    0    0
    6930.4  545258.5  545258.5  615403.8  615403.8   0.00000    6930.4
  1.000000
  0.348516  0.349740  0.350679  0.351400  0.351953  0.352378  0.352704  0.352955
  0.353147  0.353339  0.353559  0.353812  0.354107  0.354448  0.354843  0.355297
  0.355820  0.356422  0.357121  0.357958  0.358966  0.360118  0.361295  0.362457
  0.363617  0.364781  0.365922  0.366990  0.367969  0.368866  0.369682  0.370419
  0.371075  0.371652  0.372229  0.372872  0.373590  0.374392  0.375286  0.376284
  1.000000
  0.015902  0.014089  0.012697  0.011628  0.010808  0.010178  0.009694  0.009323
  0.009038  0.009089  0.008923  0.008658  0.008331  0.007949  0.007509  0.007006
  0.006435  0.005787  0.005051  0.004194  0.003192  0.002091  0.001015  0.000000
 -0.000967 -0.001891 -0.002752 -0.003517 -0.004186 -0.004770 -0.005278 -0.005718
 -0.006095 -0.006514 -0.006727 -0.006966 -0.007231 -0.007528 -0.007859 -0.008228
  1.000000
  0.000000  0.000000  0.000000  0.000000  0.000000  0.000000  0.000000  0.000000
  0.000000  0.000674  0.000913  0.001092  0.001257  0.001422  0.001586  0.001747
  0.001903  0.002051  0.002185  0.002303  0.002390  0.002427  0.002403  0.002327
  0.002201  0.002029  0.001821  0.001592  0.001354  0.001114  0.000878  0.000651
  0.000437  0.000000  0.000000  0.000000  0.000000  0.000000  0.000000  0.000000
  1.000000
  0.408075  0.408084  0.408094  0.408103  0.408111  0.408116  0.408121  0.408124
  0.408127  0.408132  0.408138  0.408145  0.408154  0.408165  0.408178  0.408194
  0.408215  0.408239  0.408270  0.408309  0.408360  0.408420  0.408483  0.408547
  0.408611  0.408673  0.408731  0.408783  0.408827  0.408863  0.408893  0.408917
  0.408935  0.408949  0.408957  0.408966  0.408975  0.408986  0.408997  0.409010
  1.000000
  0.348522  0.349744  0.350682  0.351402  0.351955  0.352380  0.352705  0.352956
  0.353148  0.353340  0.353559  0.353813  0.354107  0.354448  0.354843  0.355297
  0.355820  0.356422  0.357121  0.357957  0.358965  0.360118  0.361295  0.362458
  0.363618  0.364782  0.365923  0.366991  0.367970  0.368867  0.369683  0.370419
  0.371076  0.371652  0.372228  0.372871  0.373588  0.374389  0.375282  0.376279
  1.000000
  0.016989  0.015084  0.013621  0.012498  0.011636  0.010974  0.010466  0.010076
  0.009776  0.009827  0.009651  0.009372  0.009026  0.008621  0.008153  0.007617
  0.007007  0.006313  0.005521  0.004595  0.003507  0.002306  0.001124  0.000000
 -0.001077 -0.002115 -0.003089 -0.003964 -0.004733 -0.005412 -0.006007 -0.006526
 -0.006974 -0.007463 -0.007736 -0.008041 -0.008380 -0.008759 -0.009182 -0.009654
  1.000000
  0.000000  0.000000  0.000000  0.000000  0.000000  0.000000  0.000000  0.000000
  0.000000  0.000704  0.000954  0.001142  0.001315  0.001487  0.001659  0.001827
  0.001990  0.002145  0.002285  0.002408  0.002499  0.002538  0.002513  0.002432
  0.002301  0.002122  0.001904  0.001664  0.001416  0.001165  0.000917  0.000680
  0.000457  0.000000  0.000000  0.000000  0.000000  0.000000  0.000000  0.000000
  1.000000
  0.421200  0.421200  0.421200  0.421200  0.421200  0.421200  0.421200  0.421200
  0.421200  0.421200  0.421200  0.421200  0.421200  0.421200  0.421200  0.421200
  0.421200  0.421200  0.421200  0.421200  0.421200  0.421200  0.421200  0.421200
  0.421200  0.421200  0.421200  0.421200  0.421200  0.421200  0.421200  0.421200
  0.421200  0.421200  0.421200  0.421200  0.421200  0.421200  0.421200  0.421200
  1.000000
  0.348518  0.349741  0.350680  0.351401  0.351955  0.352380  0.352706  0.352956
  0.353148  0.353341  0.353560  0.353814  0.354108  0.354449  0.354844  0.355298
  0.355821  0.356423  0.357123  0.357959  0.358967  0.360119  0.361296  0.362458
  0.363618  0.364782  0.365923  0.366991  0.367970  0.368866  0.369683  0.370419
  0.371076  0.371652  0.372229  0.372873  0.373591  0.374392  0.375286  0.376284
  1.000000
  0.018092  0.016091  0.014555  0.013376  0.012471  0.011776  0.011243  0.010833
  0.010519  0.010570  0.010385  0.010092  0.009726  0.009298  0.008801  0.008232
  0.007582  0.006841  0.005993  0.004997  0.003824  0.002521  0.001232  0.000000
 -0.001188 -0.002339 -0.003426 -0.004409 -0.005280 -0.006051 -0.006733 -0.007331
 -0.007851 -0.008394 -0.008725 -0.009095 -0.009507 -0.009967 -0.010480 -0.011053
  1.000000
  0.000000  0.000000  0.000000  0.000000  0.000000  0.000000  0.000000  0.000000
  0.000000  0.000735  0.000998  0.001196  0.001377  0.001558  0.001737  0.001913
  0.002084  0.002246  0.002393  0.002522  0.002617  0.002657  0.002631  0.002547
  0.002409  0.002222  0.001994  0.001742  0.001482  0.001219  0.000960  0.000712
  0.000478  0.000000  0.000000  0.000000  0.000000  0.000000  0.000000  0.000000
  1.000000
  0.434325  0.434316  0.434306  0.434297  0.434289  0.434284  0.434279  0.434276
  0.434273  0.434268  0.434262  0.434255  0.434246  0.434235  0.434222  0.434206
  0.434185  0.434160  0.434130  0.434090  0.434040  0.433980  0.433916  0.433853
  0.433789  0.433727  0.433669  0.433617  0.433573  0.433537  0.433507  0.433483
  0.433465  0.433451  0.433443  0.433434  0.433425  0.433414  0.433403  0.433390
  BLADE ROW NUMBER =       16                                           
   40    9   34  169    0    0    1    1    1    1    0    0    0    0    0    0
       0.0  615403.8  615403.8  691042.6  691042.6   0.00000       0.0
  1.000000
  0.371644  0.372867  0.373806  0.374526  0.375080  0.375504  0.375830  0.376081
  0.376273  0.376465  0.376685  0.376938  0.377232  0.377574  0.377969  0.378423
  0.378946  0.379548  0.380248  0.381084  0.382092  0.383245  0.384422  0.385584
  0.386744  0.387907  0.389048  0.390116  0.391094  0.391990  0.392806  0.393541
  0.394197  0.394773  0.395348  0.395991  0.396708  0.397508  0.398401  0.399399
  1.000000
 -0.020062 -0.018099 -0.016592 -0.015435 -0.014546 -0.013865 -0.013341 -0.012939
 -0.012630 -0.012058 -0.011663 -0.011216 -0.010708 -0.010133 -0.009485 -0.008764
 -0.007962 -0.007073 -0.006088 -0.004972 -0.003709 -0.002374 -0.001125  0.000000
  0.001016  0.001932  0.002731  0.003391  0.003922  0.004348  0.004686  0.004949
  0.005152  0.005160  0.005441  0.005755  0.006105  0.006495  0.006931  0.007416
  1.000000
  0.000000  0.000000  0.000000  0.000000  0.000000  0.000000  0.000000  0.000000
  0.000000  0.000520  0.000685  0.000801  0.000923  0.001060  0.001211  0.001375
  0.001551  0.001736  0.001928  0.002124  0.002313  0.002465  0.002551  0.002567
  0.002513  0.002390  0.002203  0.001967  0.001699  0.001412  0.001114  0.000816
  0.000527  0.000000  0.000000  0.000000  0.000000  0.000000  0.000000  0.000000
  1.000000
  0.408949  0.408966  0.408978  0.408987  0.408994  0.409000  0.409004  0.409007
  0.409010  0.409014  0.409018  0.409023  0.409029  0.409037  0.409047  0.409058
  0.409073  0.409090  0.409113  0.409142  0.409179  0.409226  0.409277  0.409330
  0.409387  0.409446  0.409505  0.409563  0.409616  0.409666  0.409712  0.409753
  0.409790  0.409823  0.409863  0.409904  0.409945  0.409982  0.410009  0.410023
  1.000000
  0.371649  0.372871  0.373809  0.374529  0.375082  0.375506  0.375832  0.376082
  0.376274  0.376466  0.376685  0.376939  0.377233  0.377574  0.377969  0.378423
  0.378945  0.379547  0.380247  0.381082  0.382090  0.383243  0.384419  0.385582
  0.386742  0.387906  0.389047  0.390115  0.391094  0.391990  0.392806  0.393542
  0.394198  0.394774  0.395350  0.395993  0.396710  0.397511  0.398404  0.399401
  1.000000
 -0.019488 -0.017583 -0.016121 -0.014998 -0.014136 -0.013475 -0.012966 -0.012576
 -0.012277 -0.011718 -0.011334 -0.010900 -0.010406 -0.009846 -0.009217 -0.008515
 -0.007736 -0.006872 -0.005914 -0.004829 -0.003602 -0.002305 -0.001092  0.000000
  0.000986  0.001874  0.002648  0.003286  0.003800  0.004212  0.004537  0.004791
  0.004985  0.004988  0.005261  0.005565  0.005905  0.006284  0.006707  0.007178
  1.000000
  0.000000  0.000000  0.000000  0.000000  0.000000  0.000000  0.000000  0.000000
  0.000000  0.000513  0.000675  0.000789  0.000910  0.001045  0.001194  0.001355
  0.001528  0.001711  0.001900  0.002093  0.002279  0.002430  0.002514  0.002529
  0.002476  0.002355  0.002171  0.001938  0.001675  0.001391  0.001098  0.000804
  0.000520  0.000000  0.000000  0.000000  0.000000  0.000000  0.000000  0.000000
  1.000000
  0.421200  0.421200  0.421200  0.421200  0.421200  0.421200  0.421200  0.421200
  0.421200  0.421200  0.421200  0.421200  0.421200  0.421200  0.421200  0.421200
  0.421200  0.421200  0.421200  0.421200  0.421200  0.421200  0.421200  0.421200
  0.421200  0.421200  0.421200  0.421200  0.421200  0.421200  0.421200  0.421200
  0.421200  0.421200  0.421200  0.421200  0.421200  0.421200  0.421200  0.421200
  1.000000
  0.371644  0.372867  0.373806  0.374526  0.375080  0.375504  0.375831  0.376081
  0.376273  0.376465  0.376685  0.376938  0.377233  0.377574  0.377969  0.378423
  0.378946  0.379548  0.380248  0.381084  0.382092  0.383245  0.384422  0.385584
  0.386744  0.387908  0.389048  0.390116  0.391094  0.391990  0.392806  0.393542
  0.394197  0.394773  0.395349  0.395991  0.396708  0.397508  0.398401  0.399399
  1.000000
 -0.018983 -0.017130 -0.015707 -0.014614 -0.013776 -0.013132 -0.012637 -0.012258
 -0.011967 -0.011419 -0.011045 -0.010621 -0.010140 -0.009594 -0.008981 -0.008297
 -0.007537 -0.006695 -0.005761 -0.004703 -0.003508 -0.002244 -0.001063  0.000000
  0.000959  0.001823  0.002574  0.003194  0.003692  0.004090  0.004405  0.004649
  0.004836  0.004835  0.005101  0.005397  0.005727  0.006096  0.006507  0.006967
  1.000000
  0.000000  0.000000  0.000000  0.000000  0.000000  0.000000  0.000000  0.000000
  0.000000  0.000507  0.000667  0.000780  0.000899  0.001033  0.001180  0.001339
  0.001510  0.001690  0.001877  0.002068  0.002252  0.002401  0.002484  0.002499
  0.002447  0.002328  0.002145  0.001915  0.001655  0.001375  0.001085  0.000795
  0.000514  0.000000  0.000000  0.000000  0.000000  0.000000  0.000000  0.000000
  1.000000
  0.433451  0.433434  0.433422  0.433413  0.433406  0.433400  0.433396  0.433393
  0.433390  0.433386  0.433382  0.433377  0.433371  0.433363  0.433353  0.433342
  0.433327  0.433309  0.433287  0.433258  0.433221  0.433174  0.433123  0.433070
  0.433013  0.432954  0.432895  0.432837  0.432784  0.432734  0.432688  0.432647
  0.432610  0.432577  0.432537  0.432496  0.432455  0.432418  0.432391  0.432377
  BLADE ROW NUMBER =       17                                           
   40    9   34  169    0    0    1    1    1    1    0    0    0    0    0    0
    6930.4  691042.6  691042.6  773099.9  773099.9   0.00000    6930.4
  1.000000
  0.399394  0.400617  0.401556  0.402277  0.402830  0.403254  0.403581  0.403831
  0.404023  0.404215  0.404435  0.404688  0.404982  0.405324  0.405719  0.406173
  0.406695  0.407297  0.407997  0.408833  0.409841  0.410993  0.412170  0.413332
  0.414492  0.415656  0.416797  0.417865  0.418844  0.419740  0.420557  0.421293
  0.421950  0.422526  0.423102  0.423746  0.424464  0.425265  0.426158  0.427156
  1.000000
  0.016059  0.014232  0.012830  0.011753  0.010927  0.010293  0.009806  0.009432
  0.009145  0.009195  0.009028  0.008761  0.008431  0.008046  0.007601  0.007094
  0.006517  0.005863  0.005119  0.004251  0.003237  0.002122  0.001031  0.000000
 -0.000983 -0.001923 -0.002800 -0.003581 -0.004264 -0.004862 -0.005383 -0.005834
 -0.006220 -0.006650 -0.006872 -0.007119 -0.007396 -0.007704 -0.008048 -0.008432
  1.000000
  0.000000  0.000000  0.000000  0.000000  0.000000  0.000000  0.000000  0.000000
  0.000000  0.000678  0.000919  0.001099  0.001265  0.001431  0.001596  0.001758
  0.001915  0.002063  0.002199  0.002317  0.002405  0.002442  0.002418  0.002341
  0.002214  0.002042  0.001832  0.001602  0.001362  0.001121  0.000883  0.000655
  0.000440  0.000000  0.000000  0.000000  0.000000  0.000000  0.000000  0.000000
  1.000000
  0.410023  0.410031  0.410038  0.410045  0.410051  0.410055  0.410058  0.410061
  0.410063  0.410067  0.410071  0.410077  0.410084  0.410092  0.410103  0.410115
  0.410131  0.410151  0.410175  0.410205  0.410245  0.410292  0.410342  0.410392
  0.410442  0.410490  0.410536  0.410577  0.410611  0.410640  0.410663  0.410682
  0.410696  0.410707  0.410713  0.410720  0.410727  0.410735  0.410744  0.410754
  1.000000
  0.399398  0.400620  0.401558  0.402278  0.402831  0.403255  0.403581  0.403831
  0.404023  0.404215  0.404435  0.404688  0.404982  0.405324  0.405719  0.406172
  0.406695  0.407297  0.407996  0.408833  0.409841  0.410993  0.412170  0.413333
  0.414493  0.415657  0.416798  0.417866  0.418845  0.419742  0.420558  0.421294
  0.421950  0.422526  0.423102  0.423745  0.424463  0.425263  0.426157  0.427154
  1.000000
  0.016988  0.015083  0.013620  0.012497  0.011635  0.010973  0.010465  0.010075
  0.009776  0.009827  0.009651  0.009372  0.009026  0.008621  0.008152  0.007617
  0.007006  0.006312  0.005521  0.004595  0.003507  0.002306  0.001124  0.000000
 -0.001077 -0.002115 -0.003089 -0.003964 -0.004733 -0.005411 -0.006007 -0.006526
 -0.006974 -0.007463 -0.007736 -0.008040 -0.008380 -0.008759 -0.009181 -0.009653
  1.000000
  0.000000  0.000000  0.000000  0.000000  0.000000  0.000000  0.000000  0.000000
  0.000000  0.000704  0.000954  0.001142  0.001315  0.001487  0.001659  0.001827
  0.001990  0.002144  0.002285  0.002408  0.002499  0.002537  0.002513  0.002432
  0.002301  0.002122  0.001904  0.001664  0.001416  0.001164  0.000917  0.000680
  0.000457  0.000000  0.000000  0.000000  0.000000  0.000000  0.000000  0.000000
  1.000000
  0.421200  0.421200  0.421200  0.421200  0.421200  0.421200  0.421200  0.421200
  0.421200  0.421200  0.421200  0.421200  0.421200  0.421200  0.421200  0.421200
  0.421200  0.421200  0.421200  0.421200  0.421200  0.421200  0.421200  0.421200
  0.421200  0.421200  0.421200  0.421200  0.421200  0.421200  0.421200  0.421200
  0.421200  0.421200  0.421200  0.421200  0.421200  0.421200  0.421200  0.421200
  1.000000
  0.399395  0.400618  0.401557  0.402277  0.402831  0.403255  0.403581  0.403832
  0.404024  0.404216  0.404435  0.404689  0.404983  0.405325  0.405720  0.406173
  0.406696  0.407298  0.407997  0.408834  0.409842  0.410994  0.412171  0.413333
  0.414493  0.415657  0.416798  0.417866  0.418845  0.419741  0.420558  0.421294
  0.421950  0.422527  0.423103  0.423747  0.424464  0.425265  0.426159  0.427157
  1.000000
  0.017925  0.015939  0.014415  0.013244  0.012346  0.011656  0.011126  0.010720
  0.010408  0.010459  0.010275  0.009984  0.009622  0.009197  0.008704  0.008140
  0.007496  0.006762  0.005923  0.004938  0.003777  0.002489  0.001216  0.000000
 -0.001172 -0.002306 -0.003377 -0.004344 -0.005200 -0.005958 -0.006628 -0.007214
 -0.007723 -0.008257 -0.008580 -0.008940 -0.009342 -0.009790 -0.010290 -0.010849
  1.000000
  0.000000  0.000000  0.000000  0.000000  0.000000  0.000000  0.000000  0.000000
  0.000000  0.000730  0.000992  0.001188  0.001368  0.001547  0.001725  0.001900
  0.002070  0.002230  0.002377  0.002505  0.002599  0.002639  0.002613  0.002529
  0.002392  0.002207  0.001980  0.001730  0.001472  0.001211  0.000954  0.000707
  0.000475  0.000000  0.000000  0.000000  0.000000  0.000000  0.000000  0.000000
  1.000000
  0.432377  0.432369  0.432362  0.432355  0.432349  0.432345  0.432342  0.432339
  0.432337  0.432333  0.432329  0.432323  0.432316  0.432308  0.432297  0.432285
  0.432269  0.432249  0.432225  0.432195  0.432155  0.432108  0.432058  0.432008
  0.431958  0.431910  0.431864  0.431823  0.431789  0.431760  0.431737  0.431718
  0.431704  0.431693  0.431687  0.431680  0.431673  0.431665  0.431656  0.431646
  BLADE ROW NUMBER =       18                                           
   40    9   34  170    0    0    1    1    1    1    0    0    0    0    0    0
       0.0  773099.9  773099.9  861105.2  861105.2   0.00000       0.0
  1.000000
  0.422521  0.423744  0.424682  0.425403  0.425956  0.426381  0.426707  0.426957
  0.427149  0.427341  0.427561  0.427814  0.428108  0.428450  0.428845  0.429299
  0.429821  0.430424  0.431123  0.431959  0.432967  0.434120  0.435296  0.436459
  0.437619  0.438783  0.439923  0.440991  0.441970  0.442866  0.443681  0.444417
  0.445073  0.445649  0.446225  0.446867  0.447584  0.448384  0.449278  0.450275
  1.000000
 -0.019974 -0.018020 -0.016520 -0.015368 -0.014484 -0.013805 -0.013284 -0.012884
 -0.012576 -0.012006 -0.011613 -0.011168 -0.010662 -0.010089 -0.009444 -0.008726
 -0.007927 -0.007043 -0.006062 -0.004950 -0.003692 -0.002363 -0.001120  0.000000
  0.001012  0.001923  0.002718  0.003375  0.003904  0.004327  0.004663  0.004925
  0.005127  0.005134  0.005414  0.005726  0.006075  0.006463  0.006897  0.007380
  1.000000
  0.000000  0.000000  0.000000  0.000000  0.000000  0.000000  0.000000  0.000000
  0.000000  0.000519  0.000684  0.000799  0.000921  0.001058  0.001209  0.001372
  0.001547  0.001732  0.001923  0.002119  0.002307  0.002460  0.002545  0.002561
  0.002507  0.002385  0.002198  0.001962  0.001695  0.001408  0.001111  0.000814
  0.000526  0.000000  0.000000  0.000000  0.000000  0.000000  0.000000  0.000000
  1.000000
  0.410707  0.410720  0.410729  0.410737  0.410742  0.410746  0.410749  0.410752
  0.410754  0.410757  0.410760  0.410764  0.410769  0.410775  0.410782  0.410791
  0.410802  0.410816  0.410834  0.410856  0.410886  0.410922  0.410962  0.411005
  0.411049  0.411096  0.411144  0.411190  0.411234  0.411274  0.411311  0.411346
  0.411376  0.411403  0.411437  0.411471  0.411505  0.411536  0.411559  0.411571
  1.000000
  0.422525  0.423746  0.424684  0.425404  0.425957  0.426382  0.426708  0.426958
  0.427150  0.427342  0.427561  0.427814  0.428108  0.428450  0.428845  0.429298
  0.429821  0.430423  0.431122  0.431958  0.432966  0.434118  0.435295  0.436458
  0.437617  0.438781  0.439922  0.440990  0.441969  0.442865  0.443681  0.444417
  0.445074  0.445650  0.446226  0.446869  0.447586  0.448386  0.449280  0.450276
  1.000000
 -0.019488 -0.017583 -0.016121 -0.014998 -0.014136 -0.013475 -0.012967 -0.012576
 -0.012277 -0.011718 -0.011334 -0.010900 -0.010406 -0.009846 -0.009217 -0.008515
 -0.007736 -0.006872 -0.005914 -0.004829 -0.003602 -0.002305 -0.001092  0.000000
  0.000986  0.001874  0.002648  0.003286  0.003800  0.004212  0.004537  0.004791
  0.004985  0.004988  0.005261  0.005565  0.005905  0.006284  0.006707  0.007178
  1.000000
  0.000000  0.000000  0.000000  0.000000  0.000000  0.000000  0.000000  0.000000
  0.000000  0.000513  0.000675  0.000789  0.000910  0.001045  0.001194  0.001355
  0.001528  0.001711  0.001900  0.002093  0.002279  0.002430  0.002514  0.002529
  0.002476  0.002355  0.002171  0.001938  0.001675  0.001391  0.001098  0.000804
  0.000520  0.000000  0.000000  0.000000  0.000000  0.000000  0.000000  0.000000
  1.000000
  0.421200  0.421200  0.421200  0.421200  0.421200  0.421200  0.421200  0.421200
  0.421200  0.421200  0.421200  0.421200  0.421200  0.421200  0.421200  0.421200
  0.421200  0.421200  0.421200  0.421200  0.421200  0.421200  0.421200  0.421200
  0.421200  0.421200  0.421200  0.421200  0.421200  0.421200  0.421200  0.421200
  0.421200  0.421200  0.421200  0.421200  0.421200  0.421200  0.421200  0.421200
  1.000000
  0.422521  0.423744  0.424682  0.425403  0.425956  0.426381  0.426707  0.426957
  0.427149  0.427341  0.427561  0.427814  0.428108  0.428450  0.428845  0.429299
  0.429821  0.430424  0.431123  0.431959  0.432967  0.434120  0.435296  0.436459
  0.437619  0.438783  0.439923  0.440991  0.441970  0.442866  0.443681  0.444417
  0.445073  0.445649  0.446225  0.446867  0.447584  0.448384  0.449278  0.450275
  1.000000
 -0.019049 -0.017189 -0.015761 -0.014664 -0.013823 -0.013176 -0.012680 -0.012299
 -0.012007 -0.011458 -0.011082 -0.010658 -0.010175 -0.009627 -0.009011 -0.008325
 -0.007562 -0.006718 -0.005781 -0.004720 -0.003520 -0.002252 -0.001067  0.000000
  0.000963  0.001830  0.002584  0.003206  0.003706  0.004106  0.004422  0.004668
  0.004856  0.004855  0.005122  0.005419  0.005750  0.006120  0.006533  0.006994
  1.000000
  0.000000  0.000000  0.000000  0.000000  0.000000  0.000000  0.000000  0.000000
  0.000000  0.000508  0.000668  0.000781  0.000900  0.001034  0.001181  0.001341
  0.001512  0.001693  0.001880  0.002071  0.002255  0.002404  0.002488  0.002503
  0.002451  0.002331  0.002148  0.001918  0.001657  0.001377  0.001086  0.000796
  0.000514  0.000000  0.000000  0.000000  0.000000  0.000000  0.000000  0.000000
  1.000000
  0.431693  0.431680  0.431671  0.431663  0.431658  0.431654  0.431650  0.431648
  0.431646  0.431643  0.431640  0.431636  0.431631  0.431625  0.431618  0.431609
  0.431598  0.431584  0.431566  0.431544  0.431515  0.431478  0.431438  0.431396
  0.431351  0.431304  0.431256  0.431210  0.431166  0.431126  0.431089  0.431055
  0.431024  0.430997  0.430963  0.430929  0.430895  0.430864  0.430841  0.430829
  BLADE ROW NUMBER =       19                                           
   40    9   34  170    0    0    1    1    1    1    0    0    0    0    0    0
    6930.4  861105.2  861105.2  956047.6  956047.6   0.00000    6930.4
  1.000000
  0.450272  0.451494  0.452433  0.453153  0.453706  0.454131  0.454457  0.454707
  0.454899  0.455091  0.455311  0.455564  0.455858  0.456200  0.456595  0.457048
  0.457571  0.458173  0.458872  0.459708  0.460716  0.461868  0.463045  0.464208
  0.465367  0.466532  0.467672  0.468741  0.469720  0.470616  0.471432  0.472168
  0.472825  0.473401  0.473977  0.474620  0.475338  0.476139  0.477033  0.478030
  1.000000
  0.016185  0.014347  0.012937  0.011854  0.011023  0.010385  0.009895  0.009519
  0.009230  0.009281  0.009112  0.008843  0.008512  0.008124  0.007676  0.007165
  0.006583  0.005924  0.005173  0.004298  0.003274  0.002147  0.001044  0.000000
 -0.000995 -0.001948 -0.002839 -0.003632 -0.004327 -0.004935 -0.005466 -0.005926
 -0.006321 -0.006758 -0.006987 -0.007242 -0.007527 -0.007845 -0.008200 -0.008596
  1.000000
  0.000000  0.000000  0.000000  0.000000  0.000000  0.000000  0.000000  0.000000
  0.000000  0.000681  0.000923  0.001104  0.001271  0.001438  0.001604  0.001767
  0.001925  0.002074  0.002210  0.002329  0.002417  0.002454  0.002430  0.002352
  0.002225  0.002052  0.001841  0.001610  0.001369  0.001126  0.000888  0.000658
  0.000442  0.000000  0.000000  0.000000  0.000000  0.000000  0.000000  0.000000
  1.000000
  0.411571  0.411578  0.411584  0.411590  0.411594  0.411597  0.411600  0.411602
  0.411603  0.411606  0.411610  0.411614  0.411619  0.411626  0.411634  0.411644
  0.411657  0.411672  0.411691  0.411716  0.411747  0.411785  0.411824  0.411864
  0.411904  0.411943  0.411979  0.412011  0.412039  0.412062  0.412080  0.412095
  0.412106  0.412115  0.412120  0.412125  0.412131  0.412137  0.412144  0.412152
  1.000000
  0.450274  0.451496  0.452434  0.453154  0.453707  0.454131  0.454457  0.454707
  0.454899  0.455091  0.455311  0.455564  0.455858  0.456200  0.456595  0.457048
  0.457571  0.458173  0.458872  0.459708  0.460717  0.461869  0.463046  0.464208
  0.465368  0.466532  0.467673  0.468741  0.469720  0.470617  0.471433  0.472169
  0.472825  0.473401  0.473978  0.474620  0.475338  0.476138  0.477032  0.478029
  1.000000
  0.016987  0.015082  0.013620  0.012497  0.011635  0.010973  0.010465  0.010075
  0.009775  0.009826  0.009650  0.009371  0.009025  0.008620  0.008152  0.007616
  0.007006  0.006312  0.005521  0.004594  0.003507  0.002306  0.001124  0.000000
 -0.001077 -0.002114 -0.003089 -0.003963 -0.004733 -0.005411 -0.006007 -0.006526
 -0.006974 -0.007463 -0.007735 -0.008040 -0.008379 -0.008758 -0.009181 -0.009653
  1.000000
  0.000000  0.000000  0.000000  0.000000  0.000000  0.000000  0.000000  0.000000
  0.000000  0.000704  0.000954  0.001142  0.001315  0.001487  0.001659  0.001827
  0.001990  0.002144  0.002285  0.002408  0.002499  0.002537  0.002513  0.002432
  0.002301  0.002122  0.001904  0.001664  0.001415  0.001164  0.000917  0.000680
  0.000457  0.000000  0.000000  0.000000  0.000000  0.000000  0.000000  0.000000
  1.000000
  0.421200  0.421200  0.421200  0.421200  0.421200  0.421200  0.421200  0.421200
  0.421200  0.421200  0.421200  0.421200  0.421200  0.421200  0.421200  0.421200
  0.421200  0.421200  0.421200  0.421200  0.421200  0.421200  0.421200  0.421200
  0.421200  0.421200  0.421200  0.421200  0.421200  0.421200  0.421200  0.421200
  0.421200  0.421200  0.421200  0.421200  0.421200  0.421200  0.421200  0.421200
  1.000000
  0.450272  0.451495  0.452433  0.453154  0.453707  0.454131  0.454457  0.454708
  0.454900  0.455092  0.455311  0.455565  0.455859  0.456200  0.456595  0.457049
  0.457572  0.458174  0.458873  0.459709  0.460717  0.461869  0.463046  0.464209
  0.465368  0.466532  0.467673  0.468741  0.469720  0.470617  0.471433  0.472169
  0.472825  0.473402  0.473978  0.474621  0.475339  0.476140  0.477033  0.478030
  1.000000
  0.017793  0.015819  0.014303  0.013140  0.012246  0.011561  0.011034  0.010630
  0.010320  0.010371  0.010188  0.009899  0.009539  0.009117  0.008628  0.008068
  0.007428  0.006700  0.005867  0.004890  0.003740  0.002464  0.001203  0.000000
 -0.001159 -0.002280 -0.003338 -0.004292 -0.005136 -0.005884 -0.006543 -0.007121
 -0.007622 -0.008147 -0.008463 -0.008816 -0.009209 -0.009649 -0.010139 -0.010685
  1.000000
  0.000000  0.000000  0.000000  0.000000  0.000000  0.000000  0.000000  0.000000
  0.000000  0.000726  0.000986  0.001181  0.001360  0.001538  0.001716  0.001890
  0.002059  0.002218  0.002364  0.002491  0.002585  0.002625  0.002599  0.002515
  0.002379  0.002195  0.001969  0.001721  0.001464  0.001204  0.000949  0.000703
  0.000472  0.000000  0.000000  0.000000  0.000000  0.000000  0.000000  0.000000
  1.000000
  0.430829  0.430822  0.430816  0.430810  0.430806  0.430803  0.430800  0.430798
  0.430797  0.430794  0.430790  0.430786  0.430781  0.430774  0.430766  0.430756
  0.430743  0.430728  0.430708  0.430684  0.430653  0.430615  0.430576  0.430536
  0.430496  0.430457  0.430421  0.430389  0.430361  0.430338  0.430320  0.430305
  0.430294  0.430285  0.430280  0.430275  0.430269  0.430263  0.430256  0.430248
  BLADE ROW NUMBER =       20                                           
   40    9   34  170    0    0    1    1    1    1    0    0    0    0    0    0
       0.0  956047.6  956047.6 1057394.8 1057394.8   0.00000       0.0
  1.000000
  0.473397  0.474619  0.475558  0.476278  0.476831  0.477256  0.477582  0.477832
  0.478024  0.478216  0.478436  0.478689  0.478983  0.479325  0.479720  0.480173
  0.480696  0.481298  0.481998  0.482834  0.483842  0.484994  0.486171  0.487333
  0.488493  0.489657  0.490798  0.491866  0.492844  0.493740  0.494556  0.495292
  0.495948  0.496524  0.497100  0.497742  0.498459  0.499259  0.500153  0.501150
  1.000000
 -0.019906 -0.017959 -0.016464 -0.015316 -0.014435 -0.013758 -0.013239 -0.012840
 -0.012534 -0.011965 -0.011573 -0.011130 -0.010626 -0.010055 -0.009412 -0.008696
 -0.007900 -0.007019 -0.006041 -0.004933 -0.003680 -0.002355 -0.001116  0.000000
  0.001008  0.001916  0.002708  0.003362  0.003889  0.004311  0.004645  0.004906
  0.005107  0.005114  0.005393  0.005704  0.006051  0.006438  0.006870  0.007352
  1.000000
  0.000000  0.000000  0.000000  0.000000  0.000000  0.000000  0.000000  0.000000
  0.000000  0.000518  0.000682  0.000797  0.000920  0.001056  0.001206  0.001370
  0.001544  0.001729  0.001920  0.002115  0.002303  0.002455  0.002541  0.002556
  0.002503  0.002380  0.002194  0.001959  0.001692  0.001406  0.001109  0.000813
  0.000525  0.000000  0.000000  0.000000  0.000000  0.000000  0.000000  0.000000
  1.000000
  0.412115  0.412125  0.412133  0.412138  0.412143  0.412146  0.412148  0.412150
  0.412152  0.412154  0.412157  0.412160  0.412164  0.412168  0.412174  0.412181
  0.412190  0.412201  0.412214  0.412232  0.412255  0.412284  0.412316  0.412350
  0.412386  0.412424  0.412463  0.412501  0.412537  0.412570  0.412601  0.412630
  0.412655  0.412678  0.412707  0.412736  0.412765  0.412792  0.412811  0.412822
  1.000000
  0.473400  0.474621  0.475559  0.476279  0.476832  0.477257  0.477582  0.477833
  0.478025  0.478217  0.478436  0.478689  0.478983  0.479325  0.479720  0.480173
  0.480696  0.481298  0.481997  0.482833  0.483841  0.484993  0.486170  0.487333
  0.488492  0.489656  0.490797  0.491865  0.492844  0.493740  0.494556  0.495292
  0.495949  0.496525  0.497101  0.497743  0.498461  0.499261  0.500154  0.501151
  1.000000
 -0.019488 -0.017583 -0.016121 -0.014998 -0.014136 -0.013475 -0.012967 -0.012576
 -0.012277 -0.011718 -0.011334 -0.010900 -0.010406 -0.009846 -0.009217 -0.008515
 -0.007736 -0.006872 -0.005914 -0.004829 -0.003602 -0.002305 -0.001092  0.000000
  0.000986  0.001874  0.002648  0.003286  0.003800  0.004212  0.004537  0.004791
  0.004985  0.004988  0.005261  0.005565  0.005905  0.006284  0.006707  0.007178
  1.000000
  0.000000  0.000000  0.000000  0.000000  0.000000  0.000000  0.000000  0.000000
  0.000000  0.000513  0.000675  0.000789  0.000910  0.001045  0.001194  0.001355
  0.001528  0.001711  0.001900  0.002093  0.002279  0.002430  0.002514  0.002529
  0.002476  0.002355  0.002171  0.001938  0.001675  0.001391  0.001098  0.000804
  0.000520  0.000000  0.000000  0.000000  0.000000  0.000000  0.000000  0.000000
  1.000000
  0.421200  0.421200  0.421200  0.421200  0.421200  0.421200  0.421200  0.421200
  0.421200  0.421200  0.421200  0.421200  0.421200  0.421200  0.421200  0.421200
  0.421200  0.421200  0.421200  0.421200  0.421200  0.421200  0.421200  0.421200
  0.421200  0.421200  0.421200  0.421200  0.421200  0.421200  0.421200  0.421200
  0.421200  0.421200  0.421200  0.421200  0.421200  0.421200  0.421200  0.421200
  1.000000
  0.473397  0.474619  0.475558  0.476278  0.476831  0.477256  0.477582  0.477832
  0.478024  0.478216  0.478436  0.478689  0.478983  0.479325  0.479720  0.480173
  0.480696  0.481298  0.481998  0.482834  0.483842  0.484994  0.486171  0.487333
  0.488493  0.489657  0.490798  0.491866  0.492844  0.493740  0.494556  0.495292
  0.495948  0.496524  0.497100  0.497742  0.498459  0.499260  0.500153  0.501150
  1.000000
 -0.019104 -0.017238 -0.015805 -0.014706 -0.013862 -0.013213 -0.012716 -0.012334
 -0.012041 -0.011490 -0.011114 -0.010688 -0.010203 -0.009655 -0.009037 -0.008349
 -0.007584 -0.006737 -0.005798 -0.004733 -0.003530 -0.002259 -0.001070  0.000000
  0.000966  0.001836  0.002592  0.003216  0.003718  0.004119  0.004436  0.004683
  0.004872  0.004872  0.005139  0.005437  0.005770  0.006141  0.006555  0.007017
  1.000000
  0.000000  0.000000  0.000000  0.000000  0.000000  0.000000  0.000000  0.000000
  0.000000  0.000508  0.000669  0.000782  0.000902  0.001035  0.001183  0.001343
  0.001514  0.001695  0.001882  0.002074  0.002258  0.002407  0.002491  0.002506
  0.002454  0.002334  0.002151  0.001920  0.001659  0.001379  0.001088  0.000797
  0.000515  0.000000  0.000000  0.000000  0.000000  0.000000  0.000000  0.000000
  1.000000
  0.430285  0.430275  0.430267  0.430262  0.430257  0.430254  0.430252  0.430249
  0.430248  0.430246  0.430243  0.430240  0.430236  0.430232  0.430226  0.430219
  0.430210  0.430199  0.430186  0.430168  0.430145  0.430116  0.430084  0.430050
  0.430014  0.429976  0.429937  0.429899  0.429863  0.429830  0.429799  0.429770
  0.429745  0.429722  0.429693  0.429664  0.429635  0.429608  0.429589  0.429579
  BLADE ROW NUMBER =       21                                           
   40    9   34  170    0    0    1    1    1    1    0    0    0    0    0    0
    6930.4 1057394.8 1057394.8 1166200.4 1166200.4   0.00000    6930.4
  1.000000
  0.501148  0.502370  0.503308  0.504028  0.504581  0.505006  0.505332  0.505582
  0.505774  0.505966  0.506185  0.506439  0.506733  0.507074  0.507469  0.507923
  0.508446  0.509048  0.509747  0.510583  0.511591  0.512743  0.513920  0.515082
  0.516242  0.517406  0.518547  0.519615  0.520594  0.521490  0.522306  0.523043
  0.523699  0.524275  0.524851  0.525494  0.526212  0.527012  0.527906  0.528903
  1.000000
  0.016287  0.014441  0.013024  0.011936  0.011101  0.010460  0.009968  0.009590
  0.009300  0.009350  0.009180  0.008910  0.008577  0.008187  0.007736  0.007222
  0.006637  0.005973  0.005217  0.004335  0.003303  0.002167  0.001054  0.000000
 -0.001005 -0.001969 -0.002870 -0.003674 -0.004378 -0.004995 -0.005534 -0.006002
 -0.006403 -0.006847 -0.007081 -0.007343 -0.007635 -0.007960 -0.008323 -0.008729
  1.000000
  0.000000  0.000000  0.000000  0.000000  0.000000  0.000000  0.000000  0.000000
  0.000000  0.000684  0.000927  0.001109  0.001277  0.001444  0.001611  0.001774
  0.001933  0.002082  0.002219  0.002338  0.002427  0.002464  0.002440  0.002362
  0.002235  0.002061  0.001849  0.001616  0.001375  0.001131  0.000891  0.000661
  0.000444  0.000000  0.000000  0.000000  0.000000  0.000000  0.000000  0.000000
  1.000000
  0.412822  0.412827  0.412832  0.412837  0.412840  0.412843  0.412845  0.412847
  0.412848  0.412850  0.412853  0.412857  0.412861  0.412867  0.412873  0.412882
  0.412892  0.412904  0.412920  0.412940  0.412965  0.412995  0.413027  0.413059
  0.413091  0.413123  0.413152  0.413178  0.413200  0.413218  0.413233  0.413245
  0.413254  0.413261  0.413265  0.413269  0.413274  0.413278  0.413283  0.413288
  1.000000
  0.501149  0.502371  0.503309  0.504029  0.504582  0.505006  0.505332  0.505582
  0.505774  0.505966  0.506186  0.506439  0.506733  0.507075  0.507469  0.507923
  0.508446  0.509048  0.509747  0.510583  0.511591  0.512743  0.513920  0.515083
  0.516243  0.517407  0.518547  0.519616  0.520595  0.521491  0.522307  0.523043
  0.523699  0.524275  0.524851  0.525494  0.526212  0.527012  0.527905  0.528902
  1.000000
  0.016986  0.015081  0.013619  0.012496  0.011634  0.010972  0.010464  0.010074
  0.009775  0.009825  0.009650  0.009371  0.009025  0.008620  0.008151  0.007616
  0.007006  0.006312  0.005520  0.004594  0.003507  0.002306  0.001124  0.000000
 -0.001077 -0.002114 -0.003089 -0.003963 -0.004733 -0.005411 -0.006006 -0.006525
 -0.006973 -0.007462 -0.007735 -0.008039 -0.008379 -0.008758 -0.009180 -0.009652
  1.000000
  0.000000  0.000000  0.000000  0.000000  0.000000  0.000000  0.000000  0.000000
  0.000000  0.000703  0.000954  0.001142  0.001315  0.001487  0.001659  0.001827
  0.001990  0.002144  0.002285  0.002408  0.002499  0.002537  0.002512  0.002431
  0.002301  0.002122  0.001904  0.001664  0.001415  0.001164  0.000917  0.000680
  0.000457  0.000000  0.000000  0.000000  0.000000  0.000000  0.000000  0.000000
  1.000000
  0.421200  0.421200  0.421200  0.421200  0.421200  0.421200  0.421200  0.421200
  0.421200  0.421200  0.421200  0.421200  0.421200  0.421200  0.421200  0.421200
  0.421200  0.421200  0.421200  0.421200  0.421200  0.421200  0.421200  0.421200
  0.421200  0.421200  0.421200  0.421200  0.421200  0.421200  0.421200  0.421200
  0.421200  0.421200  0.421200  0.421200  0.421200  0.421200  0.421200  0.421200
  1.000000
  0.501148  0.502370  0.503309  0.504029  0.504582  0.505006  0.505332  0.505583
  0.505775  0.505967  0.506186  0.506440  0.506734  0.507075  0.507470  0.507924
  0.508446  0.509048  0.509748  0.510584  0.511592  0.512744  0.513920  0.515083
  0.516243  0.517407  0.518548  0.519616  0.520595  0.521491  0.522307  0.523043
  0.523699  0.524276  0.524852  0.525495  0.526212  0.527013  0.527907  0.528903
  1.000000
  0.017687  0.015722  0.014214  0.013056  0.012166  0.011484  0.010960  0.010558
  0.010249  0.010300  0.010118  0.009830  0.009472  0.009052  0.008566  0.008009
  0.007373  0.006650  0.005822  0.004852  0.003710  0.002443  0.001193  0.000000
 -0.001148 -0.002258 -0.003306 -0.004250 -0.005085 -0.005823 -0.006475 -0.007045
 -0.007539 -0.008058 -0.008369 -0.008716 -0.009102 -0.009534 -0.010015 -0.010553
  1.000000
  0.000000  0.000000  0.000000  0.000000  0.000000  0.000000  0.000000  0.000000
  0.000000  0.000723  0.000982  0.001176  0.001354  0.001532  0.001708  0.001882
  0.002050  0.002208  0.002353  0.002480  0.002574  0.002613  0.002587  0.002504
  0.002369  0.002185  0.001960  0.001713  0.001458  0.001199  0.000945  0.000700
  0.000470  0.000000  0.000000  0.000000  0.000000  0.000000  0.000000  0.000000
  1.000000
  0.429578  0.429573  0.429568  0.429563  0.429560  0.429557  0.429555  0.429553
  0.429552  0.429549  0.429547  0.429543  0.429539  0.429533  0.429527  0.429518
  0.429508  0.429496  0.429480  0.429461  0.429435  0.429405  0.429373  0.429341
  0.429309  0.429277  0.429248  0.429222  0.429200  0.429182  0.429167  0.429155
  0.429146  0.429139  0.429135  0.429131  0.429126  0.429122  0.429117  0.429112
  BLADE ROW NUMBER =       22                                           
   40    9   34  170    0    0    1    1    1    1    0    0    0    0    0    0
       0.0 1166200.4 1166200.4 1281870.1 1281870.1   0.00000       0.0
  1.000000
  0.524274  0.525496  0.526434  0.527155  0.527707  0.528132  0.528458  0.528708
  0.528900  0.529092  0.529311  0.529565  0.529859  0.530200  0.530595  0.531049
  0.531572  0.532174  0.532873  0.533709  0.534717  0.535869  0.537046  0.538209
  0.539368  0.540532  0.541673  0.542741  0.543720  0.544616  0.545433  0.546169
  0.546825  0.547401  0.547977  0.548780  0.549898  0.551457  0.553628  0.556653
  1.000000
 -0.019850 -0.017908 -0.016418 -0.015273 -0.014395 -0.013720 -0.013202 -0.012805
 -0.012500 -0.011932 -0.011541 -0.011099 -0.010597 -0.010027 -0.009386 -0.008672
 -0.007878 -0.006999 -0.006024 -0.004919 -0.003669 -0.002348 -0.001113  0.000000
  0.001005  0.001911  0.002700  0.003352  0.003877  0.004297  0.004631  0.004890
  0.005090  0.005096  0.005374  0.005761  0.006300  0.007051  0.008098  0.009555
  1.000000
  0.000000  0.000000  0.000000  0.000000  0.000000  0.000000  0.000000  0.000000
  0.000000  0.000518  0.000681  0.000796  0.000918  0.001054  0.001205  0.001368
  0.001542  0.001726  0.001917  0.002112  0.002300  0.002452  0.002537  0.002552
  0.002499  0.002377  0.002191  0.001956  0.001690  0.001404  0.001108  0.000812
  0.000524  0.000000  0.000000  0.000000  0.000000  0.000000  0.000000  0.000000
  1.000000
  0.413261  0.413269  0.413275  0.413279  0.413282  0.413284  0.413286  0.413287
  0.413288  0.413290  0.413292  0.413294  0.413297  0.413301  0.413306  0.413311
  0.413318  0.413327  0.413339  0.413353  0.413371  0.413394  0.413418  0.413443
  0.413468  0.413494  0.413518  0.413541  0.413561  0.413578  0.413593  0.413606
  0.413616  0.413625  0.413629  0.413634  0.413639  0.413645  0.413650  0.413651
  1.000000
  0.524275  0.525497  0.526435  0.527155  0.527708  0.528132  0.528458  0.528708
  0.528900  0.529092  0.529311  0.529565  0.529859  0.530200  0.530595  0.531049
  0.531571  0.532174  0.532873  0.533709  0.534717  0.535869  0.537046  0.538209
  0.539368  0.540532  0.541673  0.542741  0.543720  0.544617  0.545433  0.546169
  0.546825  0.547401  0.547977  0.548780  0.549898  0.551456  0.553627  0.556652
  1.000000
 -0.019489 -0.017584 -0.016122 -0.014999 -0.014137 -0.013475 -0.012967 -0.012577
 -0.012278 -0.011718 -0.011335 -0.010900 -0.010407 -0.009847 -0.009217 -0.008516
 -0.007736 -0.006873 -0.005915 -0.004829 -0.003602 -0.002305 -0.001092  0.000000
  0.000986  0.001874  0.002648  0.003287  0.003800  0.004212  0.004537  0.004791
  0.004985  0.004989  0.005261  0.005641  0.006171  0.006908  0.007936  0.009367
  1.000000
  0.000000  0.000000  0.000000  0.000000  0.000000  0.000000  0.000000  0.000000
  0.000000  0.000513  0.000675  0.000789  0.000910  0.001045  0.001194  0.001355
  0.001528  0.001711  0.001900  0.002093  0.002279  0.002430  0.002514  0.002529
  0.002477  0.002355  0.002171  0.001938  0.001675  0.001392  0.001098  0.000804
  0.000520  0.000000  0.000000  0.000000  0.000000  0.000000  0.000000  0.000000
  1.000000
  0.421200  0.421200  0.421200  0.421200  0.421200  0.421200  0.421200  0.421200
  0.421200  0.421200  0.421200  0.421200  0.421200  0.421200  0.421200  0.421200
  0.421200  0.421200  0.421200  0.421200  0.421200  0.421200  0.421200  0.421200
  0.421200  0.421200  0.421200  0.421200  0.421200  0.421200  0.421200  0.421200
  0.421200  0.421200  0.421200  0.421200  0.421200  0.421200  0.421200  0.421200
  1.000000
  0.524274  0.525496  0.526434  0.527155  0.527708  0.528132  0.528458  0.528708
  0.528900  0.529092  0.529312  0.529565  0.529859  0.530201  0.530595  0.531049
  0.531572  0.532174  0.532873  0.533709  0.534717  0.535869  0.537046  0.538209
  0.539368  0.540532  0.541673  0.542742  0.543720  0.544617  0.545433  0.546169
  0.546825  0.547401  0.547977  0.548780  0.549899  0.551457  0.553628  0.556653
  1.000000
 -0.019148 -0.017278 -0.015842 -0.014740 -0.013893 -0.013244 -0.012745 -0.012362
 -0.012068 -0.011517 -0.011139 -0.010712 -0.010227 -0.009677 -0.009058 -0.008368
 -0.007601 -0.006753 -0.005811 -0.004744 -0.003538 -0.002264 -0.001072  0.000000
  0.000968  0.001840  0.002599  0.003224  0.003728  0.004130  0.004448  0.004696
  0.004886  0.004886  0.005154  0.005528  0.006048  0.006772  0.007782  0.009189
  1.000000
  0.000000  0.000000  0.000000  0.000000  0.000000  0.000000  0.000000  0.000000
  0.000000  0.000509  0.000670  0.000782  0.000902  0.001036  0.001184  0.001344
  0.001516  0.001697  0.001884  0.002076  0.002260  0.002410  0.002493  0.002508
  0.002456  0.002337  0.002153  0.001922  0.001661  0.001380  0.001089  0.000798
  0.000515  0.000000  0.000000  0.000000  0.000000  0.000000  0.000000  0.000000
  1.000000
  0.429139  0.429131  0.429125  0.429121  0.429118  0.429116  0.429114  0.429113
  0.429112  0.429110  0.429108  0.429106  0.429103  0.429099  0.429094  0.429089
  0.429081  0.429073  0.429062  0.429047  0.429029  0.429006  0.428982  0.428957
  0.428932  0.428906  0.428882  0.428859  0.428839  0.428822  0.428807  0.428794
  0.428784  0.428775  0.428771  0.428767  0.428761  0.428755  0.428750  0.428749
   1005.03   1.40000   0.40000   0.00500   0.00500   2.00000
 10.000000**********  0.400000  0.200000  0.100000  0.000000  0.001000  0.500000
   43624.6   43624.6 1281870.1 1281870.1
   52730.0   52730.0   52730.0   52730.0   52730.0   52730.0   52730.0   52730.0
   52730.0   52730.0   52730.0   52730.0   52730.0   52730.0   52730.0   52730.0
   52730.0   52730.0   52730.0   52730.0   52730.0   52730.0   52730.0   52730.0
   52730.0   52730.0   52730.0   52730.0   52730.0   52730.0   52730.0   52730.0
   52730.0   52730.0   52730.0   52730.0   52730.0
     275.3     275.3     275.3     275.3     275.3     275.3     275.3     275.3
     275.3     275.3     275.3     275.3     275.3     275.3     275.3     275.3
     275.3     275.3     275.3     275.3     275.3     275.3     275.3     275.3
     275.3     275.3     275.3     275.3     275.3     275.3     275.3     275.3
     275.3     275.3     275.3     275.3     275.3
  0.000000  0.000000  0.000000  0.000000  0.000000  0.000000  0.000000  0.000000
  0.000000  0.000000  0.000000  0.000000  0.000000  0.000000  0.000000  0.000000
  0.000000  0.000000  0.000000  0.000000  0.000000  0.000000  0.000000  0.000000
  0.000000  0.000000  0.000000  0.000000  0.000000  0.000000  0.000000  0.000000
  0.000000  0.000000  0.000000  0.000000  0.000000
152.752045152.752045152.752045152.752045152.752045152.752045152.752029152.752045
152.752045152.752045152.752060152.752045152.752045152.752045152.752045152.752045
152.752045152.752045152.752045152.752045152.752045152.752045152.752045152.752045
152.752045152.752045152.752045152.752045152.752045152.752045152.752045152.752045
152.752045152.752045152.752045152.752045152.752045
 26.578833 26.578833 26.578835 26.578833 26.578833 26.578833 26.578831 26.578833
 26.578833 26.578833 26.578833 26.578833 26.578835 26.578833 26.578833 26.578833
 26.578835 26.578833 26.578833 26.578833 26.578833 26.578833 26.578833 26.578833
 26.578833 26.578833 26.578833 26.578833 26.578833 26.578833 26.578833 26.578833
 26.578833 26.578833 26.578833 26.578833 26.578833
 -1.145836 -1.138972 -1.130393 -1.119669 -1.106264 -1.089508 -1.068563 -1.042381
 -1.009654 -0.968745 -0.917609 -0.853689 -0.773789 -0.673913 -0.549070 -0.411802
 -0.274535 -0.137267 -0.000000  0.137267  0.274535  0.411802  0.549069  0.673913
  0.773788  0.853689  0.917609  0.968745  1.009653  1.042381  1.068562  1.089508
  1.106264  1.119669  1.130393  1.138972  1.145836
  1.000000  1.250000  1.562500  1.953125  2.441406  3.051758  3.814697  4.768372
  5.960464  7.450581  9.313226 11.641532 14.551915 18.189894 20.000000 20.000000
 20.000000 20.000000 20.000000 20.000000 20.000000 20.000000 18.189894 14.551915
 11.641532  9.313226  7.450581  5.960464  4.768372  3.814697  3.051758  2.441406
  1.953125  1.562500  1.250000  1.000000
  1.000000  1.250000  1.562500  1.953125  2.441406  3.051758  3.814697  4.768372
  5.960464  7.450581  9.313226 11.641532 14.551915 18.189894 20.000000 20.000000
 20.000000 20.000000 20.000000 20.000000 20.000000 20.000000 18.189894 14.551915
 11.641532  9.313226  7.450581  5.960464  4.768372  3.814697  3.051758  2.441406
  1.953125  1.562500  1.250000  1.000000
 9000 9000 9000 9000 9000
 0 0 0 0 0 0 0 0 0 0 0 0 0 0 0 0 0 0 0 0
 0 0 0 0 0 0 0 0 0 0 0 0 0 0 0 0 0 0 0 0 0 0 0 0 0 0 0 0 0 0 0 0 0 0 0 0 0
  800000.0     0.500     0.000     0.800    3000.0     1.000     0.000
  0.025000  0.800000  1.000000  0.800000
  0.050000  0.050000  0.050000  0.050000  0.050000  0.030000
  0.050000  0.050000  0.050000  0.050000  0.050000  0.030000
  0.050000  0.050000  0.050000  0.050000  0.050000  0.030000
  0.050000  0.050000  0.050000  0.050000  0.050000  0.030000
  0.050000  0.050000  0.050000  0.050000  0.050000  0.030000
  0.050000  0.050000  0.050000  0.050000  0.050000  0.030000
  0.050000  0.050000  0.050000  0.050000  0.050000  0.030000
  0.050000  0.050000  0.050000  0.050000  0.050000  0.030000
  0.050000  0.050000  0.050000  0.050000  0.050000  0.030000
  0.050000  0.050000  0.050000  0.050000  0.050000  0.030000
  0.050000  0.050000  0.050000  0.050000  0.050000  0.030000
  0.050000  0.050000  0.050000  0.050000  0.050000  0.030000
  0.050000  0.050000  0.050000  0.050000  0.050000  0.030000
  0.050000  0.050000  0.050000  0.050000  0.050000  0.030000
  0.050000  0.050000  0.050000  0.050000  0.050000  0.030000
  0.050000  0.050000  0.050000  0.050000  0.050000  0.030000
  0.050000  0.050000  0.050000  0.050000  0.050000  0.030000
  0.050000  0.050000  0.050000  0.050000  0.050000  0.030000
  0.050000  0.050000  0.050000  0.050000  0.050000  0.030000
  0.050000  0.050000  0.050000  0.050000  0.050000  0.030000
  0.050000  0.050000  0.050000  0.050000  0.050000  0.030000
  0.050000  0.050000  0.050000  0.050000  0.050000  0.030000
   2.00000 1000
   1   1   2   2   3   3   4   4   5   5   6   6   7   7   8   8   9   9  10  10
  11  11
  7.500000 25.000000
