    3D DATASET FOR MULTALL, GENERATED BY STAGEN  
   37    0   37    0 9000    0    0    3   12    1    2   37   10   10 1000
    0    2    1    3    0    1    0   10    5    0    1    0
    3    3    3    9    9    9    1    3    1
  BLADE ROW NUMBER =        1                                           
  111   26   96  314    0    0    1    1    1    1    0    0    0    0    0    0
    3600.0   85128.0   85128.0  108508.9  108508.9   0.00000    3600.0
  1.000000
 -0.010102 -0.008944 -0.007912 -0.006991 -0.006170 -0.005439 -0.004787 -0.004205
 -0.003687 -0.003224 -0.002812 -0.002445 -0.002117 -0.001825 -0.001565 -0.001333
 -0.001126 -0.000941 -0.000777 -0.000630 -0.000499 -0.000383 -0.000279 -0.000186
 -0.000104 -0.000030  0.000043  0.000120  0.000201  0.000285  0.000374  0.000467
  0.000565  0.000668  0.000777  0.000892  0.001013  0.001140  0.001274  0.001414
  0.001563  0.001718  0.001881  0.002053  0.002232  0.002421  0.002619  0.002828
  0.003046  0.003276  0.003518  0.003773  0.004042  0.004326  0.004628  0.004952
  0.005300  0.005671  0.006064  0.006477  0.006908  0.007351  0.007798  0.008247
  0.008696  0.009143  0.009587  0.010028  0.010469  0.010911  0.011355  0.011799
  0.012244  0.012687  0.013128  0.013562  0.013988  0.014404  0.014810  0.015204
  0.015585  0.015955  0.016314  0.016662  0.016999  0.017326  0.017642  0.017948
  0.018243  0.018528  0.018802  0.019065  0.019318  0.019560  0.019791  0.020012
  0.020233  0.020467  0.020714  0.020975  0.021251  0.021543  0.021852  0.022178
  0.022523  0.022887  0.023273  0.023680  0.024111  0.024566  0.025047
  1.000000
  0.019937  0.018406  0.017042  0.015826  0.014741  0.013774  0.012912  0.012144
  0.011458  0.010847  0.010303  0.009817  0.009384  0.008998  0.008653  0.008346
  0.008073  0.007829  0.007611  0.007417  0.007244  0.007090  0.006953  0.006830
  0.006721  0.006623  0.006744  0.006718  0.006675  0.006621  0.006555  0.006476
  0.006384  0.006284  0.006179  0.006068  0.005952  0.005829  0.005701  0.005568
  0.005428  0.005282  0.005131  0.004974  0.004812  0.004643  0.004468  0.004287
  0.004100  0.003906  0.003706  0.003499  0.003286  0.003065  0.002834  0.002592
  0.002340  0.002079  0.001810  0.001537  0.001262  0.000990  0.000727  0.000473
  0.000231  0.000000 -0.000220 -0.000428 -0.000626 -0.000815 -0.000995 -0.001164
 -0.001323 -0.001473 -0.001612 -0.001740 -0.001856 -0.001960 -0.002054 -0.002138
 -0.002213 -0.002278 -0.002335 -0.002385 -0.002427 -0.002463 -0.002494 -0.002519
 -0.002538 -0.002554 -0.002565 -0.002572 -0.002576 -0.002577 -0.002575 -0.002686
 -0.002649 -0.002609 -0.002568 -0.002523 -0.002477 -0.002428 -0.002376 -0.002321
 -0.002262 -0.002201 -0.002136 -0.002067 -0.001994 -0.001917 -0.001836
  1.000000
  0.000000  0.000000  0.000000  0.000000  0.000000  0.000000  0.000000  0.000000
  0.000000  0.000000  0.000000  0.000000  0.000000  0.000000  0.000000  0.000000
  0.000000  0.000000  0.000000  0.000000  0.000000  0.000000  0.000000  0.000000
  0.000000  0.000000  0.000422  0.000552  0.000648  0.000732  0.000809  0.000875
  0.000934  0.000989  0.001045  0.001099  0.001154  0.001209  0.001263  0.001317
  0.001371  0.001425  0.001479  0.001531  0.001584  0.001636  0.001687  0.001737
  0.001786  0.001834  0.001881  0.001927  0.001970  0.002012  0.002052  0.002089
  0.002124  0.002155  0.002181  0.002202  0.002217  0.002224  0.002226  0.002220
  0.002208  0.002190  0.002165  0.002135  0.002100  0.002059  0.002013  0.001962
  0.001905  0.001844  0.001778  0.001709  0.001638  0.001564  0.001488  0.001411
  0.001333  0.001255  0.001177  0.001098  0.001020  0.000942  0.000864  0.000787
  0.000711  0.000636  0.000563  0.000491  0.000421  0.000352  0.000286  0.000000
  0.000000  0.000000  0.000000  0.000000  0.000000  0.000000  0.000000  0.000000
  0.000000  0.000000  0.000000  0.000000  0.000000  0.000000  0.000000
  1.000000
  0.482382  0.482393  0.482406  0.482421  0.482436  0.482452  0.482468  0.482483
  0.482498  0.482513  0.482526  0.482539  0.482550  0.482561  0.482571  0.482580
  0.482589  0.482596  0.482603  0.482609  0.482615  0.482620  0.482625  0.482629
  0.482633  0.482636  0.482642  0.482649  0.482656  0.482664  0.482671  0.482680
  0.482689  0.482698  0.482708  0.482719  0.482730  0.482742  0.482755  0.482769
  0.482783  0.482799  0.482815  0.482832  0.482851  0.482870  0.482891  0.482913
  0.482937  0.482962  0.482988  0.483017  0.483047  0.483079  0.483114  0.483152
  0.483192  0.483236  0.483283  0.483333  0.483386  0.483440  0.483494  0.483550
  0.483605  0.483660  0.483714  0.483768  0.483821  0.483875  0.483928  0.483980
  0.484032  0.484083  0.484132  0.484180  0.484226  0.484271  0.484313  0.484352
  0.484390  0.484425  0.484458  0.484489  0.484519  0.484546  0.484572  0.484595
  0.484618  0.484638  0.484657  0.484675  0.484691  0.484705  0.484719  0.484731
  0.484740  0.484750  0.484760  0.484770  0.484781  0.484792  0.484803  0.484815
  0.484827  0.484839  0.484851  0.484863  0.484876  0.484889  0.484903
  1.000000
 -0.010053 -0.008902 -0.007875 -0.006959 -0.006143 -0.005415 -0.004766 -0.004188
 -0.003672 -0.003212 -0.002802 -0.002436 -0.002110 -0.001820 -0.001560 -0.001329
 -0.001123 -0.000940 -0.000776 -0.000630 -0.000500 -0.000384 -0.000280 -0.000188
 -0.000106 -0.000032  0.000041  0.000118  0.000198  0.000283  0.000371  0.000464
  0.000562  0.000666  0.000774  0.000889  0.001009  0.001137  0.001270  0.001411
  0.001559  0.001715  0.001878  0.002049  0.002229  0.002418  0.002616  0.002824
  0.003043  0.003273  0.003515  0.003770  0.004039  0.004323  0.004625  0.004950
  0.005299  0.005670  0.006063  0.006477  0.006909  0.007352  0.007800  0.008249
  0.008698  0.009146  0.009591  0.010032  0.010473  0.010916  0.011360  0.011805
  0.012250  0.012693  0.013135  0.013569  0.013995  0.014412  0.014817  0.015210
  0.015592  0.015961  0.016320  0.016667  0.017004  0.017331  0.017646  0.017952
  0.018246  0.018530  0.018803  0.019066  0.019318  0.019559  0.019790  0.020010
  0.020230  0.020462  0.020708  0.020968  0.021243  0.021534  0.021841  0.022165
  0.022509  0.022871  0.023255  0.023660  0.024089  0.024542  0.025021
  1.000000
  0.019841  0.018318  0.016961  0.015751  0.014672  0.013709  0.012852  0.012087
  0.011405  0.010797  0.010255  0.009771  0.009340  0.008956  0.008614  0.008308
  0.008036  0.007793  0.007577  0.007384  0.007211  0.007058  0.006921  0.006799
  0.006690  0.006593  0.006713  0.006687  0.006645  0.006591  0.006525  0.006446
  0.006355  0.006255  0.006151  0.006040  0.005924  0.005803  0.005675  0.005542
  0.005403  0.005258  0.005107  0.004951  0.004789  0.004621  0.004447  0.004267
  0.004080  0.003887  0.003688  0.003483  0.003270  0.003050  0.002820  0.002580
  0.002329  0.002068  0.001801  0.001529  0.001255  0.000985  0.000723  0.000471
  0.000230  0.000000 -0.000219 -0.000426 -0.000623 -0.000811 -0.000989 -0.001157
 -0.001316 -0.001464 -0.001602 -0.001729 -0.001844 -0.001948 -0.002042 -0.002125
 -0.002199 -0.002264 -0.002320 -0.002370 -0.002412 -0.002448 -0.002478 -0.002502
 -0.002522 -0.002537 -0.002547 -0.002555 -0.002559 -0.002559 -0.002558 -0.002668
 -0.002631 -0.002591 -0.002550 -0.002506 -0.002460 -0.002411 -0.002359 -0.002304
 -0.002246 -0.002185 -0.002120 -0.002052 -0.001979 -0.001903 -0.001822
  1.000000
  0.000000  0.000000  0.000000  0.000000  0.000000  0.000000  0.000000  0.000000
  0.000000  0.000000  0.000000  0.000000  0.000000  0.000000  0.000000  0.000000
  0.000000  0.000000  0.000000  0.000000  0.000000  0.000000  0.000000  0.000000
  0.000000  0.000000  0.000420  0.000549  0.000644  0.000728  0.000804  0.000870
  0.000929  0.000984  0.001039  0.001093  0.001148  0.001202  0.001256  0.001310
  0.001364  0.001417  0.001471  0.001523  0.001575  0.001627  0.001677  0.001727
  0.001776  0.001824  0.001871  0.001916  0.001960  0.002001  0.002041  0.002078
  0.002112  0.002143  0.002169  0.002190  0.002205  0.002212  0.002214  0.002208
  0.002197  0.002178  0.002153  0.002123  0.002088  0.002048  0.002002  0.001951
  0.001895  0.001834  0.001769  0.001700  0.001630  0.001556  0.001480  0.001404
  0.001326  0.001248  0.001170  0.001092  0.001014  0.000936  0.000859  0.000783
  0.000707  0.000633  0.000560  0.000488  0.000418  0.000351  0.000285  0.000000
  0.000000  0.000000  0.000000  0.000000  0.000000  0.000000  0.000000  0.000000
  0.000000  0.000000  0.000000  0.000000  0.000000  0.000000  0.000000
  1.000000
  0.500000  0.500000  0.500000  0.500000  0.500000  0.500000  0.500000  0.500000
  0.500000  0.500000  0.500000  0.500000  0.500000  0.500000  0.500000  0.500000
  0.500000  0.500000  0.500000  0.500000  0.500000  0.500000  0.500000  0.500000
  0.500000  0.500000  0.500000  0.500000  0.500000  0.500000  0.500000  0.500000
  0.500000  0.500000  0.500000  0.500000  0.500000  0.500000  0.500000  0.500000
  0.500000  0.500000  0.500000  0.500000  0.500000  0.500000  0.500000  0.500000
  0.500000  0.500000  0.500000  0.500000  0.500000  0.500000  0.500000  0.500000
  0.500000  0.500000  0.500000  0.500000  0.500000  0.500000  0.500000  0.500000
  0.500000  0.500000  0.500000  0.500000  0.500000  0.500000  0.500000  0.500000
  0.500000  0.500000  0.500000  0.500000  0.500000  0.500000  0.500000  0.500000
  0.500000  0.500000  0.500000  0.500000  0.500000  0.500000  0.500000  0.500000
  0.500000  0.500000  0.500000  0.500000  0.500000  0.500000  0.500000  0.500000
  0.500000  0.500000  0.500000  0.500000  0.500000  0.500000  0.500000  0.500000
  0.500000  0.500000  0.500000  0.500000  0.500000  0.500000  0.500000
  1.000000
 -0.010102 -0.008944 -0.007912 -0.006991 -0.006170 -0.005439 -0.004787 -0.004205
 -0.003687 -0.003224 -0.002812 -0.002445 -0.002117 -0.001825 -0.001565 -0.001333
 -0.001126 -0.000941 -0.000777 -0.000630 -0.000499 -0.000383 -0.000279 -0.000186
 -0.000104 -0.000030  0.000043  0.000120  0.000201  0.000285  0.000374  0.000467
  0.000565  0.000668  0.000777  0.000892  0.001013  0.001140  0.001274  0.001414
  0.001563  0.001718  0.001881  0.002053  0.002232  0.002421  0.002619  0.002828
  0.003046  0.003276  0.003518  0.003773  0.004042  0.004326  0.004628  0.004952
  0.005300  0.005671  0.006064  0.006477  0.006908  0.007351  0.007798  0.008247
  0.008696  0.009143  0.009587  0.010028  0.010469  0.010911  0.011355  0.011799
  0.012244  0.012687  0.013128  0.013562  0.013988  0.014404  0.014810  0.015204
  0.015585  0.015955  0.016314  0.016662  0.016999  0.017326  0.017642  0.017948
  0.018243  0.018528  0.018802  0.019065  0.019318  0.019560  0.019791  0.020012
  0.020233  0.020467  0.020714  0.020975  0.021251  0.021543  0.021852  0.022178
  0.022523  0.022887  0.023273  0.023680  0.024111  0.024566  0.025047
  1.000000
  0.019960  0.018429  0.017064  0.015847  0.014761  0.013793  0.012930  0.012161
  0.011475  0.010863  0.010318  0.009832  0.009398  0.009012  0.008667  0.008360
  0.008086  0.007842  0.007624  0.007430  0.007257  0.007102  0.006965  0.006842
  0.006733  0.006635  0.006755  0.006729  0.006686  0.006632  0.006566  0.006486
  0.006394  0.006294  0.006189  0.006078  0.005961  0.005839  0.005710  0.005576
  0.005436  0.005290  0.005139  0.004982  0.004819  0.004649  0.004474  0.004293
  0.004105  0.003911  0.003710  0.003504  0.003289  0.003068  0.002837  0.002595
  0.002342  0.002080  0.001811  0.001538  0.001262  0.000991  0.000727  0.000474
  0.000231  0.000000 -0.000220 -0.000428 -0.000626 -0.000815 -0.000994 -0.001163
 -0.001322 -0.001471 -0.001610 -0.001738 -0.001853 -0.001958 -0.002051 -0.002135
 -0.002209 -0.002274 -0.002331 -0.002380 -0.002423 -0.002458 -0.002488 -0.002513
 -0.002533 -0.002548 -0.002558 -0.002565 -0.002569 -0.002570 -0.002569 -0.002679
 -0.002642 -0.002602 -0.002560 -0.002516 -0.002469 -0.002420 -0.002368 -0.002313
 -0.002254 -0.002193 -0.002128 -0.002059 -0.001986 -0.001909 -0.001828
  1.000000
  0.000000  0.000000  0.000000  0.000000  0.000000  0.000000  0.000000  0.000000
  0.000000  0.000000  0.000000  0.000000  0.000000  0.000000  0.000000  0.000000
  0.000000  0.000000  0.000000  0.000000  0.000000  0.000000  0.000000  0.000000
  0.000000  0.000000  0.000422  0.000552  0.000648  0.000732  0.000809  0.000875
  0.000934  0.000989  0.001045  0.001099  0.001154  0.001209  0.001263  0.001317
  0.001371  0.001425  0.001479  0.001531  0.001584  0.001636  0.001687  0.001737
  0.001786  0.001834  0.001881  0.001927  0.001970  0.002012  0.002052  0.002089
  0.002124  0.002155  0.002181  0.002202  0.002217  0.002224  0.002226  0.002220
  0.002208  0.002190  0.002165  0.002135  0.002100  0.002059  0.002013  0.001962
  0.001905  0.001844  0.001778  0.001709  0.001638  0.001564  0.001488  0.001411
  0.001333  0.001255  0.001177  0.001098  0.001020  0.000942  0.000864  0.000787
  0.000711  0.000636  0.000563  0.000491  0.000421  0.000352  0.000286  0.000000
  0.000000  0.000000  0.000000  0.000000  0.000000  0.000000  0.000000  0.000000
  0.000000  0.000000  0.000000  0.000000  0.000000  0.000000  0.000000
  1.000000
  0.517618  0.517607  0.517594  0.517579  0.517564  0.517548  0.517532  0.517517
  0.517502  0.517487  0.517474  0.517461  0.517450  0.517439  0.517429  0.517420
  0.517411  0.517404  0.517397  0.517391  0.517385  0.517380  0.517375  0.517371
  0.517367  0.517364  0.517358  0.517351  0.517344  0.517336  0.517329  0.517320
  0.517311  0.517302  0.517292  0.517281  0.517270  0.517258  0.517245  0.517231
  0.517217  0.517201  0.517185  0.517168  0.517149  0.517129  0.517109  0.517087
  0.517063  0.517038  0.517012  0.516983  0.516953  0.516921  0.516886  0.516848
  0.516808  0.516764  0.516717  0.516667  0.516614  0.516560  0.516506  0.516450
  0.516395  0.516340  0.516286  0.516232  0.516178  0.516125  0.516072  0.516020
  0.515968  0.515918  0.515868  0.515819  0.515773  0.515729  0.515687  0.515648
  0.515610  0.515575  0.515542  0.515511  0.515481  0.515454  0.515428  0.515404
  0.515382  0.515362  0.515343  0.515325  0.515309  0.515295  0.515281  0.515269
  0.515260  0.515250  0.515240  0.515230  0.515219  0.515208  0.515197  0.515185
  0.515173  0.515161  0.515149  0.515137  0.515124  0.515111  0.515097
  BLADE ROW NUMBER =        2                                           
  106   21   91  286    0    0    1    1    1    1    0    0    0    0    0    0
       0.0  108508.9  108508.9  135651.7  135651.7   0.00000       0.0
  1.000000
  0.019474  0.020117  0.020694  0.021211  0.021674  0.022090  0.022463  0.022797
  0.023097  0.023365  0.023606  0.023822  0.024016  0.024189  0.024345  0.024484
  0.024609  0.024721  0.024822  0.024912  0.024993  0.025074  0.025158  0.025247
  0.025339  0.025437  0.025540  0.025647  0.025761  0.025881  0.026007  0.026140
  0.026279  0.026427  0.026582  0.026745  0.026916  0.027095  0.027283  0.027481
  0.027689  0.027907  0.028136  0.028376  0.028629  0.028895  0.029175  0.029471
  0.029783  0.030115  0.030472  0.030855  0.031262  0.031694  0.032148  0.032622
  0.033109  0.033600  0.034094  0.034587  0.035078  0.035566  0.036051  0.036535
  0.037021  0.037508  0.037996  0.038484  0.038970  0.039454  0.039931  0.040399
  0.040855  0.041300  0.041732  0.042151  0.042556  0.042949  0.043331  0.043701
  0.044059  0.044406  0.044741  0.045064  0.045376  0.045676  0.045964  0.046241
  0.046506  0.046759  0.047001  0.047243  0.047498  0.047768  0.048054  0.048356
  0.048675  0.049013  0.049370  0.049747  0.050147  0.050569  0.051015  0.051488
  0.051987  0.052515
  1.000000
 -0.017429 -0.016579 -0.015817 -0.015133 -0.014520 -0.013971 -0.013478 -0.013037
 -0.012641 -0.012285 -0.011967 -0.011682 -0.011426 -0.011196 -0.010991 -0.010806
 -0.010641 -0.010493 -0.010360 -0.010241 -0.010134 -0.009877 -0.009724 -0.009585
 -0.009449 -0.009308 -0.009160 -0.009007 -0.008847 -0.008681 -0.008508 -0.008328
 -0.008141 -0.007947 -0.007746 -0.007537 -0.007322 -0.007100 -0.006871 -0.006635
 -0.006392 -0.006143 -0.005886 -0.005622 -0.005352 -0.005075 -0.004791 -0.004500
 -0.004202 -0.003894 -0.003575 -0.003246 -0.002909 -0.002569 -0.002228 -0.001890
 -0.001564 -0.001255 -0.000964 -0.000693 -0.000442 -0.000211  0.000000  0.000193
  0.000369  0.000528  0.000669  0.000791  0.000896  0.000984  0.001053  0.001105
  0.001142  0.001163  0.001169  0.001163  0.001145  0.001117  0.001080  0.001034
  0.000981  0.000921  0.000855  0.000784  0.000708  0.000630  0.000548  0.000465
  0.000380  0.000294  0.000090  0.000049  0.000005 -0.000040 -0.000089 -0.000140
 -0.000194 -0.000251 -0.000311 -0.000375 -0.000443 -0.000514 -0.000590 -0.000669
 -0.000754 -0.000843
  1.000000
  0.000000  0.000000  0.000000  0.000000  0.000000  0.000000  0.000000  0.000000
  0.000000  0.000000  0.000000  0.000000  0.000000  0.000000  0.000000  0.000000
  0.000000  0.000000  0.000000  0.000000  0.000000  0.000325  0.000444  0.000524
  0.000584  0.000634  0.000676  0.000713  0.000752  0.000792  0.000835  0.000878
  0.000923  0.000970  0.001019  0.001069  0.001121  0.001174  0.001229  0.001285
  0.001342  0.001401  0.001461  0.001522  0.001584  0.001648  0.001710  0.001775
  0.001839  0.001905  0.001971  0.002036  0.002101  0.002163  0.002222  0.002276
  0.002323  0.002362  0.002393  0.002416  0.002430  0.002436  0.002434  0.002424
  0.002406  0.002380  0.002345  0.002303  0.002252  0.002193  0.002127  0.002055
  0.001979  0.001897  0.001810  0.001720  0.001627  0.001532  0.001435  0.001336
  0.001235  0.001134  0.001032  0.000930  0.000828  0.000727  0.000627  0.000528
  0.000431  0.000336  0.000000  0.000000  0.000000  0.000000  0.000000  0.000000
  0.000000  0.000000  0.000000  0.000000  0.000000  0.000000  0.000000  0.000000
  0.000000  0.000000
  1.000000
  0.484700  0.484735  0.484759  0.484780  0.484797  0.484812  0.484825  0.484836
  0.484845  0.484854  0.484861  0.484867  0.484873  0.484878  0.484883  0.484887
  0.484890  0.484893  0.484896  0.484899  0.484901  0.484904  0.484908  0.484912
  0.484916  0.484920  0.484925  0.484930  0.484935  0.484941  0.484947  0.484954
  0.484961  0.484969  0.484977  0.484986  0.484996  0.485006  0.485017  0.485029
  0.485042  0.485056  0.485071  0.485087  0.485104  0.485123  0.485143  0.485164
  0.485187  0.485213  0.485241  0.485272  0.485306  0.485342  0.485381  0.485423
  0.485467  0.485512  0.485559  0.485606  0.485653  0.485701  0.485749  0.485797
  0.485846  0.485895  0.485945  0.485995  0.486044  0.486094  0.486142  0.486190
  0.486236  0.486281  0.486324  0.486366  0.486406  0.486444  0.486481  0.486517
  0.486551  0.486583  0.486614  0.486644  0.486672  0.486699  0.486724  0.486748
  0.486771  0.486792  0.486812  0.486835  0.486858  0.486882  0.486906  0.486930
  0.486955  0.486979  0.487003  0.487025  0.487047  0.487063  0.487075  0.487085
  0.487092  0.487098
  1.000000
  0.019493  0.020134  0.020709  0.021225  0.021687  0.022101  0.022473  0.022806
  0.023105  0.023372  0.023612  0.023828  0.024021  0.024194  0.024349  0.024488
  0.024612  0.024724  0.024824  0.024914  0.024995  0.025075  0.025160  0.025248
  0.025340  0.025438  0.025540  0.025648  0.025761  0.025880  0.026006  0.026139
  0.026278  0.026425  0.026580  0.026742  0.026913  0.027092  0.027280  0.027478
  0.027685  0.027903  0.028132  0.028372  0.028625  0.028890  0.029170  0.029466
  0.029777  0.030109  0.030466  0.030849  0.031256  0.031688  0.032142  0.032617
  0.033103  0.033595  0.034088  0.034582  0.035073  0.035562  0.036047  0.036531
  0.037017  0.037505  0.037993  0.038482  0.038969  0.039453  0.039931  0.040398
  0.040855  0.041300  0.041733  0.042152  0.042557  0.042951  0.043332  0.043702
  0.044061  0.044408  0.044743  0.045066  0.045378  0.045678  0.045966  0.046243
  0.046508  0.046761  0.047003  0.047244  0.047500  0.047770  0.048055  0.048357
  0.048676  0.049013  0.049370  0.049747  0.050145  0.050566  0.051011  0.051482
  0.051980  0.052505
  1.000000
 -0.017375 -0.016527 -0.015767 -0.015085 -0.014474 -0.013927 -0.013435 -0.012995
 -0.012600 -0.012246 -0.011929 -0.011645 -0.011389 -0.011161 -0.010956 -0.010772
 -0.010607 -0.010459 -0.010327 -0.010208 -0.010102 -0.009846 -0.009693 -0.009555
 -0.009419 -0.009278 -0.009131 -0.008979 -0.008820 -0.008654 -0.008481 -0.008302
 -0.008116 -0.007922 -0.007721 -0.007513 -0.007299 -0.007077 -0.006849 -0.006614
 -0.006372 -0.006123 -0.005867 -0.005604 -0.005335 -0.005058 -0.004776 -0.004486
 -0.004188 -0.003882 -0.003563 -0.003235 -0.002900 -0.002560 -0.002220 -0.001884
 -0.001558 -0.001250 -0.000961 -0.000691 -0.000440 -0.000210  0.000000  0.000192
  0.000367  0.000526  0.000666  0.000788  0.000893  0.000980  0.001049  0.001101
  0.001137  0.001157  0.001164  0.001158  0.001140  0.001112  0.001075  0.001029
  0.000976  0.000916  0.000850  0.000779  0.000704  0.000626  0.000544  0.000461
  0.000377  0.000291  0.000088  0.000047  0.000004 -0.000042 -0.000090 -0.000141
 -0.000195 -0.000252 -0.000312 -0.000376 -0.000443 -0.000514 -0.000589 -0.000669
 -0.000753 -0.000841
  1.000000
  0.000000  0.000000  0.000000  0.000000  0.000000  0.000000  0.000000  0.000000
  0.000000  0.000000  0.000000  0.000000  0.000000  0.000000  0.000000  0.000000
  0.000000  0.000000  0.000000  0.000000  0.000000  0.000324  0.000442  0.000522
  0.000582  0.000631  0.000673  0.000711  0.000749  0.000789  0.000831  0.000875
  0.000920  0.000967  0.001015  0.001065  0.001117  0.001170  0.001224  0.001280
  0.001337  0.001396  0.001456  0.001517  0.001579  0.001641  0.001704  0.001768
  0.001833  0.001898  0.001963  0.002029  0.002093  0.002155  0.002213  0.002267
  0.002314  0.002353  0.002384  0.002407  0.002421  0.002427  0.002425  0.002415
  0.002397  0.002371  0.002336  0.002294  0.002243  0.002185  0.002119  0.002048
  0.001971  0.001890  0.001803  0.001714  0.001621  0.001526  0.001429  0.001331
  0.001231  0.001130  0.001028  0.000926  0.000825  0.000724  0.000624  0.000526
  0.000429  0.000335  0.000000  0.000000  0.000000  0.000000  0.000000  0.000000
  0.000000  0.000000  0.000000  0.000000  0.000000  0.000000  0.000000  0.000000
  0.000000  0.000000
  1.000000
  0.500000  0.500000  0.500000  0.500000  0.500000  0.500000  0.500000  0.500000
  0.500000  0.500000  0.500000  0.500000  0.500000  0.500000  0.500000  0.500000
  0.500000  0.500000  0.500000  0.500000  0.500000  0.500000  0.500000  0.500000
  0.500000  0.500000  0.500000  0.500000  0.500000  0.500000  0.500000  0.500000
  0.500000  0.500000  0.500000  0.500000  0.500000  0.500000  0.500000  0.500000
  0.500000  0.500000  0.500000  0.500000  0.500000  0.500000  0.500000  0.500000
  0.500000  0.500000  0.500000  0.500000  0.500000  0.500000  0.500000  0.500000
  0.500000  0.500000  0.500000  0.500000  0.500000  0.500000  0.500000  0.500000
  0.500000  0.500000  0.500000  0.500000  0.500000  0.500000  0.500000  0.500000
  0.500000  0.500000  0.500000  0.500000  0.500000  0.500000  0.500000  0.500000
  0.500000  0.500000  0.500000  0.500000  0.500000  0.500000  0.500000  0.500000
  0.500000  0.500000  0.500000  0.500000  0.500000  0.500000  0.500000  0.500000
  0.500000  0.500000  0.500000  0.500000  0.500000  0.500000  0.500000  0.500000
  0.500000  0.500000
  1.000000
  0.019474  0.020117  0.020694  0.021211  0.021674  0.022090  0.022463  0.022797
  0.023097  0.023365  0.023606  0.023822  0.024016  0.024189  0.024345  0.024484
  0.024609  0.024721  0.024822  0.024912  0.024993  0.025074  0.025158  0.025247
  0.025339  0.025437  0.025540  0.025647  0.025761  0.025881  0.026007  0.026140
  0.026279  0.026427  0.026582  0.026745  0.026916  0.027095  0.027283  0.027481
  0.027689  0.027907  0.028136  0.028376  0.028629  0.028895  0.029175  0.029471
  0.029783  0.030115  0.030472  0.030855  0.031262  0.031694  0.032148  0.032622
  0.033109  0.033600  0.034094  0.034587  0.035078  0.035566  0.036051  0.036535
  0.037021  0.037508  0.037996  0.038484  0.038970  0.039454  0.039931  0.040399
  0.040855  0.041300  0.041732  0.042151  0.042556  0.042949  0.043331  0.043701
  0.044059  0.044406  0.044741  0.045064  0.045376  0.045676  0.045964  0.046241
  0.046506  0.046759  0.047001  0.047243  0.047498  0.047768  0.048054  0.048356
  0.048675  0.049013  0.049370  0.049747  0.050147  0.050569  0.051015  0.051488
  0.051987  0.052515
  1.000000
 -0.017451 -0.016599 -0.015835 -0.015151 -0.014537 -0.013987 -0.013493 -0.013051
 -0.012655 -0.012299 -0.011980 -0.011695 -0.011438 -0.011209 -0.011003 -0.010818
 -0.010653 -0.010504 -0.010371 -0.010252 -0.010145 -0.009888 -0.009735 -0.009596
 -0.009460 -0.009318 -0.009171 -0.009017 -0.008858 -0.008691 -0.008518 -0.008338
 -0.008151 -0.007956 -0.007754 -0.007546 -0.007330 -0.007108 -0.006879 -0.006642
 -0.006399 -0.006149 -0.005892 -0.005628 -0.005357 -0.005080 -0.004796 -0.004505
 -0.004206 -0.003898 -0.003578 -0.003249 -0.002912 -0.002571 -0.002229 -0.001891
 -0.001565 -0.001255 -0.000964 -0.000693 -0.000442 -0.000211  0.000000  0.000193
  0.000369  0.000528  0.000668  0.000791  0.000896  0.000983  0.001052  0.001104
  0.001141  0.001161  0.001167  0.001161  0.001143  0.001115  0.001077  0.001032
  0.000978  0.000918  0.000852  0.000780  0.000705  0.000626  0.000545  0.000461
  0.000376  0.000291  0.000086  0.000045  0.000002 -0.000044 -0.000092 -0.000143
 -0.000197 -0.000254 -0.000315 -0.000379 -0.000446 -0.000518 -0.000593 -0.000673
 -0.000757 -0.000846
  1.000000
  0.000000  0.000000  0.000000  0.000000  0.000000  0.000000  0.000000  0.000000
  0.000000  0.000000  0.000000  0.000000  0.000000  0.000000  0.000000  0.000000
  0.000000  0.000000  0.000000  0.000000  0.000000  0.000325  0.000444  0.000524
  0.000584  0.000634  0.000676  0.000713  0.000752  0.000792  0.000835  0.000878
  0.000923  0.000970  0.001019  0.001069  0.001121  0.001174  0.001229  0.001285
  0.001342  0.001401  0.001461  0.001522  0.001584  0.001648  0.001710  0.001775
  0.001839  0.001905  0.001971  0.002036  0.002101  0.002163  0.002222  0.002276
  0.002323  0.002362  0.002393  0.002416  0.002430  0.002436  0.002434  0.002424
  0.002406  0.002380  0.002345  0.002303  0.002252  0.002193  0.002127  0.002055
  0.001979  0.001897  0.001810  0.001720  0.001627  0.001532  0.001435  0.001336
  0.001235  0.001134  0.001032  0.000930  0.000828  0.000727  0.000627  0.000528
  0.000431  0.000336  0.000000  0.000000  0.000000  0.000000  0.000000  0.000000
  0.000000  0.000000  0.000000  0.000000  0.000000  0.000000  0.000000  0.000000
  0.000000  0.000000
  1.000000
  0.515300  0.515265  0.515241  0.515220  0.515203  0.515188  0.515175  0.515164
  0.515155  0.515146  0.515139  0.515133  0.515127  0.515122  0.515117  0.515113
  0.515110  0.515107  0.515104  0.515101  0.515099  0.515096  0.515092  0.515088
  0.515084  0.515080  0.515075  0.515070  0.515065  0.515059  0.515053  0.515046
  0.515039  0.515031  0.515023  0.515014  0.515004  0.514994  0.514983  0.514971
  0.514958  0.514944  0.514929  0.514913  0.514896  0.514877  0.514858  0.514836
  0.514813  0.514787  0.514759  0.514728  0.514695  0.514658  0.514619  0.514577
  0.514533  0.514488  0.514441  0.514394  0.514347  0.514299  0.514251  0.514203
  0.514154  0.514105  0.514055  0.514005  0.513956  0.513906  0.513858  0.513810
  0.513764  0.513719  0.513676  0.513634  0.513594  0.513556  0.513519  0.513483
  0.513449  0.513417  0.513386  0.513356  0.513328  0.513301  0.513276  0.513252
  0.513229  0.513208  0.513188  0.513165  0.513142  0.513118  0.513094  0.513070
  0.513045  0.513021  0.512997  0.512975  0.512953  0.512937  0.512925  0.512915
  0.512908  0.512902
  BLADE ROW NUMBER =        3                                           
  106   21   91  288    0    0    1    1    1    1    0    0    0    0    0    0
    3600.0  135651.7  135651.7  167300.8  167300.8   0.00000    3600.0
  1.000000
  0.051480  0.052123  0.052699  0.053216  0.053679  0.054095  0.054467  0.054801
  0.055100  0.055368  0.055609  0.055824  0.056018  0.056191  0.056347  0.056486
  0.056611  0.056723  0.056823  0.056913  0.056994  0.057075  0.057159  0.057247
  0.057340  0.057437  0.057540  0.057648  0.057761  0.057881  0.058007  0.058139
  0.058279  0.058426  0.058581  0.058744  0.058915  0.059094  0.059282  0.059479
  0.059687  0.059905  0.060134  0.060374  0.060627  0.060893  0.061173  0.061468
  0.061780  0.062112  0.062469  0.062851  0.063259  0.063690  0.064144  0.064619
  0.065105  0.065596  0.066090  0.066583  0.067074  0.067562  0.068047  0.068531
  0.069017  0.069505  0.069993  0.070481  0.070968  0.071452  0.071929  0.072397
  0.072854  0.073299  0.073731  0.074150  0.074556  0.074949  0.075331  0.075701
  0.076060  0.076407  0.076742  0.077066  0.077378  0.077678  0.077967  0.078244
  0.078509  0.078763  0.079005  0.079247  0.079503  0.079774  0.080060  0.080362
  0.080682  0.081020  0.081377  0.081755  0.082154  0.082576  0.083022  0.083494
  0.083992  0.084519
  1.000000
  0.014541  0.013692  0.012930  0.012247  0.011634  0.011086  0.010593  0.010152
  0.009757  0.009402  0.009084  0.008799  0.008543  0.008314  0.008109  0.007925
  0.007759  0.007611  0.007479  0.007360  0.007253  0.007385  0.007356  0.007310
  0.007251  0.007178  0.007091  0.006991  0.006881  0.006766  0.006645  0.006517
  0.006383  0.006243  0.006096  0.005943  0.005784  0.005619  0.005447  0.005269
  0.005084  0.004892  0.004694  0.004489  0.004277  0.004058  0.003832  0.003597
  0.003355  0.003103  0.002838  0.002562  0.002276  0.001981  0.001682  0.001381
  0.001084  0.000796  0.000518  0.000253  0.000000 -0.000241 -0.000469 -0.000686
 -0.000892 -0.001089 -0.001274 -0.001448 -0.001612 -0.001764 -0.001904 -0.002031
 -0.002145 -0.002248 -0.002340 -0.002422 -0.002493 -0.002556 -0.002610 -0.002656
 -0.002696 -0.002729 -0.002756 -0.002778 -0.002794 -0.002806 -0.002814 -0.002819
 -0.002820 -0.002818 -0.002939 -0.002898 -0.002855 -0.002809 -0.002761 -0.002710
 -0.002656 -0.002599 -0.002539 -0.002475 -0.002408 -0.002337 -0.002261 -0.002182
 -0.002098 -0.002009
  1.000000
  0.000000  0.000000  0.000000  0.000000  0.000000  0.000000  0.000000  0.000000
  0.000000  0.000000  0.000000  0.000000  0.000000  0.000000  0.000000  0.000000
  0.000000  0.000000  0.000000  0.000000  0.000000  0.000462  0.000604  0.000709
  0.000802  0.000885  0.000958  0.001022  0.001083  0.001143  0.001203  0.001263
  0.001323  0.001383  0.001442  0.001501  0.001560  0.001618  0.001676  0.001734
  0.001790  0.001846  0.001901  0.001955  0.002008  0.002059  0.002109  0.002157
  0.002203  0.002246  0.002287  0.002325  0.002359  0.002388  0.002410  0.002426
  0.002435  0.002437  0.002431  0.002418  0.002397  0.002370  0.002337  0.002298
  0.002254  0.002204  0.002148  0.002086  0.002019  0.001947  0.001871  0.001794
  0.001712  0.001629  0.001545  0.001460  0.001374  0.001288  0.001202  0.001116
  0.001031  0.000946  0.000861  0.000778  0.000696  0.000616  0.000537  0.000461
  0.000386  0.000313  0.000000  0.000000  0.000000  0.000000  0.000000  0.000000
  0.000000  0.000000  0.000000  0.000000  0.000000  0.000000  0.000000  0.000000
  0.000000  0.000000
  1.000000
  0.487085  0.487094  0.487099  0.487104  0.487107  0.487115  0.487122  0.487129
  0.487135  0.487140  0.487145  0.487150  0.487155  0.487159  0.487162  0.487166
  0.487169  0.487171  0.487174  0.487176  0.487178  0.487181  0.487184  0.487187
  0.487191  0.487195  0.487199  0.487204  0.487208  0.487213  0.487219  0.487225
  0.487231  0.487238  0.487245  0.487253  0.487262  0.487271  0.487281  0.487292
  0.487303  0.487315  0.487329  0.487343  0.487358  0.487374  0.487392  0.487411
  0.487432  0.487454  0.487479  0.487506  0.487535  0.487567  0.487601  0.487637
  0.487675  0.487714  0.487753  0.487792  0.487832  0.487872  0.487911  0.487950
  0.487989  0.488028  0.488067  0.488106  0.488144  0.488181  0.488217  0.488252
  0.488285  0.488317  0.488346  0.488375  0.488401  0.488426  0.488450  0.488472
  0.488492  0.488511  0.488529  0.488546  0.488561  0.488575  0.488587  0.488599
  0.488610  0.488619  0.488628  0.488634  0.488640  0.488647  0.488653  0.488660
  0.488667  0.488675  0.488682  0.488690  0.488698  0.488706  0.488715  0.488724
  0.488734  0.488744
  1.000000
  0.051491  0.052132  0.052708  0.053223  0.053685  0.054100  0.054471  0.054805
  0.055103  0.055371  0.055611  0.055826  0.056019  0.056192  0.056348  0.056487
  0.056611  0.056723  0.056823  0.056913  0.056994  0.057074  0.057159  0.057247
  0.057339  0.057437  0.057539  0.057647  0.057760  0.057879  0.058005  0.058138
  0.058277  0.058424  0.058579  0.058742  0.058912  0.059092  0.059280  0.059477
  0.059684  0.059902  0.060131  0.060371  0.060624  0.060890  0.061170  0.061465
  0.061777  0.062109  0.062466  0.062848  0.063256  0.063688  0.064142  0.064617
  0.065103  0.065595  0.066088  0.066582  0.067073  0.067562  0.068047  0.068532
  0.069018  0.069506  0.069994  0.070482  0.070970  0.071454  0.071932  0.072399
  0.072856  0.073302  0.073734  0.074153  0.074559  0.074952  0.075334  0.075704
  0.076062  0.076409  0.076744  0.077068  0.077379  0.077680  0.077968  0.078245
  0.078510  0.078763  0.079005  0.079246  0.079502  0.079772  0.080058  0.080359
  0.080678  0.081016  0.081372  0.081749  0.082148  0.082569  0.083014  0.083485
  0.083982  0.084508
  1.000000
  0.014516  0.013668  0.012907  0.012226  0.011615  0.011067  0.010576  0.010135
  0.009740  0.009386  0.009069  0.008784  0.008529  0.008301  0.008095  0.007912
  0.007747  0.007599  0.007466  0.007348  0.007241  0.007373  0.007344  0.007298
  0.007239  0.007166  0.007079  0.006979  0.006870  0.006755  0.006634  0.006506
  0.006373  0.006233  0.006086  0.005933  0.005774  0.005609  0.005438  0.005260
  0.005075  0.004884  0.004686  0.004481  0.004269  0.004050  0.003825  0.003591
  0.003349  0.003097  0.002833  0.002557  0.002271  0.001978  0.001679  0.001379
  0.001082  0.000794  0.000517  0.000253  0.000000 -0.000240 -0.000468 -0.000684
 -0.000890 -0.001086 -0.001271 -0.001445 -0.001608 -0.001760 -0.001899 -0.002026
 -0.002140 -0.002242 -0.002334 -0.002415 -0.002486 -0.002548 -0.002602 -0.002649
 -0.002688 -0.002721 -0.002748 -0.002769 -0.002786 -0.002798 -0.002806 -0.002810
 -0.002811 -0.002809 -0.002930 -0.002889 -0.002846 -0.002800 -0.002752 -0.002701
 -0.002647 -0.002590 -0.002530 -0.002467 -0.002399 -0.002328 -0.002253 -0.002174
 -0.002090 -0.002001
  1.000000
  0.000000  0.000000  0.000000  0.000000  0.000000  0.000000  0.000000  0.000000
  0.000000  0.000000  0.000000  0.000000  0.000000  0.000000  0.000000  0.000000
  0.000000  0.000000  0.000000  0.000000  0.000000  0.000461  0.000603  0.000707
  0.000800  0.000883  0.000956  0.001020  0.001081  0.001141  0.001201  0.001261
  0.001320  0.001380  0.001439  0.001498  0.001557  0.001615  0.001673  0.001730
  0.001787  0.001842  0.001897  0.001951  0.002004  0.002055  0.002105  0.002152
  0.002198  0.002241  0.002282  0.002320  0.002354  0.002382  0.002405  0.002421
  0.002430  0.002432  0.002425  0.002412  0.002392  0.002365  0.002332  0.002293
  0.002249  0.002199  0.002143  0.002081  0.002014  0.001943  0.001867  0.001790
  0.001709  0.001626  0.001542  0.001456  0.001371  0.001285  0.001199  0.001114
  0.001028  0.000943  0.000859  0.000776  0.000695  0.000615  0.000536  0.000460
  0.000385  0.000312  0.000000  0.000000  0.000000  0.000000  0.000000  0.000000
  0.000000  0.000000  0.000000  0.000000  0.000000  0.000000  0.000000  0.000000
  0.000000  0.000000
  1.000000
  0.500000  0.500000  0.500000  0.500000  0.500000  0.500000  0.500000  0.500000
  0.500000  0.500000  0.500000  0.500000  0.500000  0.500000  0.500000  0.500000
  0.500000  0.500000  0.500000  0.500000  0.500000  0.500000  0.500000  0.500000
  0.500000  0.500000  0.500000  0.500000  0.500000  0.500000  0.500000  0.500000
  0.500000  0.500000  0.500000  0.500000  0.500000  0.500000  0.500000  0.500000
  0.500000  0.500000  0.500000  0.500000  0.500000  0.500000  0.500000  0.500000
  0.500000  0.500000  0.500000  0.500000  0.500000  0.500000  0.500000  0.500000
  0.500000  0.500000  0.500000  0.500000  0.500000  0.500000  0.500000  0.500000
  0.500000  0.500000  0.500000  0.500000  0.500000  0.500000  0.500000  0.500000
  0.500000  0.500000  0.500000  0.500000  0.500000  0.500000  0.500000  0.500000
  0.500000  0.500000  0.500000  0.500000  0.500000  0.500000  0.500000  0.500000
  0.500000  0.500000  0.500000  0.500000  0.500000  0.500000  0.500000  0.500000
  0.500000  0.500000  0.500000  0.500000  0.500000  0.500000  0.500000  0.500000
  0.500000  0.500000
  1.000000
  0.051480  0.052123  0.052699  0.053216  0.053679  0.054095  0.054467  0.054801
  0.055100  0.055368  0.055609  0.055824  0.056018  0.056191  0.056347  0.056486
  0.056611  0.056723  0.056823  0.056913  0.056994  0.057075  0.057159  0.057247
  0.057340  0.057437  0.057540  0.057648  0.057761  0.057881  0.058007  0.058139
  0.058279  0.058426  0.058581  0.058744  0.058915  0.059094  0.059282  0.059479
  0.059687  0.059905  0.060134  0.060374  0.060627  0.060893  0.061173  0.061468
  0.061780  0.062112  0.062469  0.062851  0.063259  0.063690  0.064144  0.064619
  0.065105  0.065596  0.066090  0.066583  0.067074  0.067562  0.068047  0.068531
  0.069017  0.069505  0.069993  0.070481  0.070968  0.071452  0.071929  0.072397
  0.072854  0.073299  0.073731  0.074150  0.074556  0.074949  0.075331  0.075701
  0.076060  0.076407  0.076742  0.077066  0.077378  0.077678  0.077967  0.078244
  0.078509  0.078763  0.079005  0.079247  0.079503  0.079774  0.080060  0.080362
  0.080682  0.081020  0.081377  0.081755  0.082154  0.082576  0.083022  0.083494
  0.083992  0.084519
  1.000000
  0.014553  0.013703  0.012941  0.012257  0.011645  0.011096  0.010603  0.010162
  0.009766  0.009411  0.009093  0.008808  0.008552  0.008323  0.008117  0.007933
  0.007767  0.007619  0.007486  0.007367  0.007261  0.007392  0.007364  0.007317
  0.007258  0.007185  0.007098  0.006998  0.006888  0.006773  0.006651  0.006523
  0.006389  0.006249  0.006102  0.005949  0.005790  0.005624  0.005452  0.005273
  0.005088  0.004896  0.004698  0.004493  0.004280  0.004061  0.003835  0.003600
  0.003358  0.003105  0.002840  0.002564  0.002277  0.001982  0.001683  0.001382
  0.001084  0.000796  0.000518  0.000253  0.000000 -0.000241 -0.000469 -0.000685
 -0.000892 -0.001088 -0.001273 -0.001448 -0.001611 -0.001763 -0.001902 -0.002029
 -0.002143 -0.002246 -0.002338 -0.002419 -0.002490 -0.002552 -0.002606 -0.002653
 -0.002692 -0.002725 -0.002752 -0.002773 -0.002789 -0.002801 -0.002809 -0.002813
 -0.002814 -0.002813 -0.002933 -0.002893 -0.002849 -0.002804 -0.002755 -0.002704
 -0.002650 -0.002593 -0.002533 -0.002469 -0.002401 -0.002330 -0.002255 -0.002175
 -0.002091 -0.002002
  1.000000
  0.000000  0.000000  0.000000  0.000000  0.000000  0.000000  0.000000  0.000000
  0.000000  0.000000  0.000000  0.000000  0.000000  0.000000  0.000000  0.000000
  0.000000  0.000000  0.000000  0.000000  0.000000  0.000462  0.000604  0.000709
  0.000802  0.000885  0.000958  0.001022  0.001083  0.001143  0.001203  0.001263
  0.001323  0.001383  0.001442  0.001501  0.001560  0.001618  0.001676  0.001734
  0.001790  0.001846  0.001901  0.001955  0.002008  0.002059  0.002109  0.002157
  0.002203  0.002246  0.002287  0.002325  0.002359  0.002388  0.002410  0.002426
  0.002435  0.002437  0.002431  0.002418  0.002397  0.002370  0.002337  0.002298
  0.002254  0.002204  0.002148  0.002086  0.002019  0.001947  0.001871  0.001794
  0.001712  0.001629  0.001545  0.001460  0.001374  0.001288  0.001202  0.001116
  0.001031  0.000946  0.000861  0.000778  0.000696  0.000616  0.000537  0.000461
  0.000386  0.000313  0.000000  0.000000  0.000000  0.000000  0.000000  0.000000
  0.000000  0.000000  0.000000  0.000000  0.000000  0.000000  0.000000  0.000000
  0.000000  0.000000
  1.000000
  0.512915  0.512906  0.512900  0.512896  0.512893  0.512885  0.512878  0.512871
  0.512865  0.512860  0.512854  0.512850  0.512845  0.512841  0.512838  0.512834
  0.512831  0.512829  0.512826  0.512824  0.512822  0.512819  0.512816  0.512812
  0.512809  0.512805  0.512801  0.512797  0.512792  0.512787  0.512781  0.512775
  0.512769  0.512762  0.512755  0.512747  0.512738  0.512729  0.512719  0.512708
  0.512697  0.512685  0.512671  0.512657  0.512642  0.512626  0.512608  0.512589
  0.512568  0.512546  0.512521  0.512494  0.512465  0.512433  0.512399  0.512362
  0.512325  0.512286  0.512247  0.512208  0.512168  0.512129  0.512089  0.512050
  0.512011  0.511972  0.511933  0.511894  0.511856  0.511819  0.511783  0.511748
  0.511715  0.511683  0.511653  0.511625  0.511599  0.511574  0.511550  0.511528
  0.511508  0.511489  0.511471  0.511455  0.511439  0.511425  0.511413  0.511401
  0.511390  0.511381  0.511372  0.511366  0.511360  0.511353  0.511347  0.511340
  0.511333  0.511325  0.511318  0.511310  0.511302  0.511294  0.511285  0.511276
  0.511266  0.511256
  BLADE ROW NUMBER =        4                                           
  106   21   91  289    0    0    1    1    1    1    0    0    0    0    0    0
       0.0  167300.8  167300.8  203322.2  203322.2   0.00000       0.0
  1.000000
  0.078989  0.079631  0.080206  0.080722  0.081185  0.081600  0.081972  0.082306
  0.082605  0.082873  0.083113  0.083328  0.083522  0.083695  0.083850  0.083989
  0.084114  0.084226  0.084326  0.084416  0.084497  0.084578  0.084662  0.084750
  0.084843  0.084940  0.085043  0.085150  0.085264  0.085383  0.085509  0.085642
  0.085781  0.085928  0.086083  0.086246  0.086417  0.086596  0.086784  0.086981
  0.087189  0.087407  0.087636  0.087876  0.088129  0.088395  0.088675  0.088970
  0.089282  0.089614  0.089971  0.090353  0.090760  0.091192  0.091646  0.092120
  0.092607  0.093098  0.093592  0.094085  0.094576  0.095064  0.095549  0.096033
  0.096519  0.097007  0.097495  0.097983  0.098469  0.098954  0.099431  0.099898
  0.100355  0.100800  0.101232  0.101651  0.102056  0.102449  0.102831  0.103201
  0.103559  0.103905  0.104240  0.104564  0.104875  0.105175  0.105464  0.105740
  0.106005  0.106258  0.106500  0.106742  0.106997  0.107267  0.107552  0.107854
  0.108173  0.108510  0.108867  0.109244  0.109643  0.110064  0.110509  0.110981
  0.111479  0.112005
  1.000000
 -0.017392 -0.016543 -0.015782 -0.015100 -0.014489 -0.013941 -0.013449 -0.013008
 -0.012613 -0.012259 -0.011941 -0.011656 -0.011401 -0.011172 -0.010967 -0.010783
 -0.010618 -0.010470 -0.010337 -0.010218 -0.010112 -0.009856 -0.009702 -0.009564
 -0.009428 -0.009287 -0.009140 -0.008988 -0.008828 -0.008662 -0.008490 -0.008310
 -0.008124 -0.007930 -0.007729 -0.007521 -0.007306 -0.007084 -0.006856 -0.006621
 -0.006378 -0.006129 -0.005873 -0.005610 -0.005340 -0.005064 -0.004781 -0.004490
 -0.004193 -0.003886 -0.003567 -0.003239 -0.002903 -0.002563 -0.002223 -0.001886
 -0.001560 -0.001252 -0.000962 -0.000691 -0.000441 -0.000211  0.000000  0.000193
  0.000368  0.000527  0.000667  0.000789  0.000894  0.000981  0.001051  0.001103
  0.001139  0.001160  0.001166  0.001160  0.001142  0.001114  0.001077  0.001031
  0.000978  0.000918  0.000852  0.000781  0.000706  0.000628  0.000546  0.000463
  0.000378  0.000293  0.000089  0.000048  0.000005 -0.000041 -0.000089 -0.000140
 -0.000194 -0.000251 -0.000311 -0.000375 -0.000442 -0.000514 -0.000589 -0.000668
 -0.000752 -0.000841
  1.000000
  0.000000  0.000000  0.000000  0.000000  0.000000  0.000000  0.000000  0.000000
  0.000000  0.000000  0.000000  0.000000  0.000000  0.000000  0.000000  0.000000
  0.000000  0.000000  0.000000  0.000000  0.000000  0.000324  0.000443  0.000522
  0.000582  0.000632  0.000674  0.000712  0.000750  0.000790  0.000833  0.000876
  0.000921  0.000968  0.001016  0.001067  0.001118  0.001171  0.001226  0.001282
  0.001339  0.001398  0.001458  0.001519  0.001581  0.001644  0.001706  0.001771
  0.001835  0.001900  0.001966  0.002032  0.002096  0.002158  0.002216  0.002270
  0.002318  0.002357  0.002387  0.002410  0.002425  0.002431  0.002428  0.002418
  0.002400  0.002374  0.002340  0.002297  0.002246  0.002188  0.002122  0.002050
  0.001974  0.001892  0.001806  0.001716  0.001624  0.001529  0.001431  0.001333
  0.001233  0.001131  0.001029  0.000927  0.000826  0.000725  0.000625  0.000527
  0.000430  0.000335  0.000000  0.000000  0.000000  0.000000  0.000000  0.000000
  0.000000  0.000000  0.000000  0.000000  0.000000  0.000000  0.000000  0.000000
  0.000000  0.000000
  1.000000
  0.488627  0.488643  0.488657  0.488668  0.488678  0.488687  0.488694  0.488701
  0.488707  0.488712  0.488717  0.488721  0.488725  0.488728  0.488731  0.488733
  0.488736  0.488738  0.488740  0.488742  0.488743  0.488745  0.488748  0.488750
  0.488753  0.488756  0.488759  0.488762  0.488765  0.488769  0.488773  0.488778
  0.488782  0.488787  0.488793  0.488798  0.488805  0.488811  0.488819  0.488826
  0.488835  0.488844  0.488853  0.488863  0.488874  0.488886  0.488899  0.488913
  0.488928  0.488945  0.488963  0.488982  0.489004  0.489028  0.489053  0.489080
  0.489108  0.489137  0.489167  0.489197  0.489228  0.489259  0.489290  0.489321
  0.489353  0.489385  0.489417  0.489449  0.489481  0.489513  0.489545  0.489576
  0.489606  0.489635  0.489664  0.489691  0.489717  0.489743  0.489767  0.489791
  0.489813  0.489835  0.489855  0.489875  0.489894  0.489912  0.489929  0.489945
  0.489960  0.489974  0.489988  0.490004  0.490020  0.490036  0.490052  0.490069
  0.490086  0.490103  0.490120  0.490137  0.490153  0.490168  0.490178  0.490186
  0.490193  0.490198
  1.000000
  0.078997  0.079638  0.080213  0.080729  0.081191  0.081605  0.081976  0.082309
  0.082608  0.082876  0.083116  0.083331  0.083524  0.083697  0.083852  0.083991
  0.084116  0.084227  0.084327  0.084417  0.084498  0.084578  0.084663  0.084751
  0.084843  0.084941  0.085043  0.085151  0.085264  0.085383  0.085509  0.085641
  0.085781  0.085928  0.086083  0.086245  0.086416  0.086595  0.086783  0.086980
  0.087187  0.087405  0.087634  0.087874  0.088127  0.088393  0.088672  0.088968
  0.089279  0.089611  0.089968  0.090350  0.090758  0.091190  0.091644  0.092118
  0.092605  0.093096  0.093589  0.094082  0.094574  0.095062  0.095547  0.096031
  0.096518  0.097005  0.097493  0.097982  0.098469  0.098953  0.099430  0.099898
  0.100355  0.100800  0.101232  0.101651  0.102056  0.102450  0.102831  0.103201
  0.103560  0.103906  0.104241  0.104564  0.104876  0.105176  0.105464  0.105741
  0.106006  0.106259  0.106501  0.106742  0.106998  0.107268  0.107553  0.107855
  0.108174  0.108511  0.108867  0.109244  0.109642  0.110064  0.110509  0.110979
  0.111476  0.112002
  1.000000
 -0.017371 -0.016523 -0.015763 -0.015082 -0.014471 -0.013923 -0.013432 -0.012992
 -0.012597 -0.012244 -0.011926 -0.011642 -0.011387 -0.011158 -0.010953 -0.010769
 -0.010605 -0.010457 -0.010325 -0.010206 -0.010099 -0.009844 -0.009691 -0.009553
 -0.009417 -0.009276 -0.009129 -0.008977 -0.008818 -0.008652 -0.008479 -0.008300
 -0.008114 -0.007920 -0.007719 -0.007512 -0.007297 -0.007076 -0.006848 -0.006613
 -0.006371 -0.006122 -0.005866 -0.005603 -0.005333 -0.005057 -0.004775 -0.004485
 -0.004187 -0.003881 -0.003563 -0.003235 -0.002899 -0.002559 -0.002220 -0.001883
 -0.001558 -0.001250 -0.000960 -0.000690 -0.000440 -0.000210  0.000000  0.000192
  0.000367  0.000526  0.000666  0.000788  0.000893  0.000979  0.001049  0.001100
  0.001137  0.001157  0.001164  0.001157  0.001140  0.001112  0.001074  0.001029
  0.000976  0.000916  0.000850  0.000779  0.000704  0.000625  0.000544  0.000461
  0.000377  0.000291  0.000088  0.000047  0.000004 -0.000042 -0.000090 -0.000141
 -0.000195 -0.000252 -0.000312 -0.000376 -0.000443 -0.000514 -0.000589 -0.000668
 -0.000752 -0.000841
  1.000000
  0.000000  0.000000  0.000000  0.000000  0.000000  0.000000  0.000000  0.000000
  0.000000  0.000000  0.000000  0.000000  0.000000  0.000000  0.000000  0.000000
  0.000000  0.000000  0.000000  0.000000  0.000000  0.000324  0.000442  0.000522
  0.000582  0.000631  0.000673  0.000711  0.000749  0.000789  0.000831  0.000875
  0.000920  0.000966  0.001015  0.001065  0.001116  0.001170  0.001224  0.001279
  0.001337  0.001395  0.001455  0.001516  0.001578  0.001641  0.001704  0.001768
  0.001832  0.001897  0.001963  0.002028  0.002093  0.002155  0.002213  0.002267
  0.002314  0.002353  0.002383  0.002407  0.002421  0.002427  0.002424  0.002414
  0.002396  0.002371  0.002336  0.002294  0.002243  0.002184  0.002119  0.002047
  0.001971  0.001889  0.001803  0.001713  0.001621  0.001526  0.001429  0.001331
  0.001231  0.001129  0.001028  0.000926  0.000825  0.000724  0.000624  0.000526
  0.000429  0.000334  0.000000  0.000000  0.000000  0.000000  0.000000  0.000000
  0.000000  0.000000  0.000000  0.000000  0.000000  0.000000  0.000000  0.000000
  0.000000  0.000000
  1.000000
  0.500000  0.500000  0.500000  0.500000  0.500000  0.500000  0.500000  0.500000
  0.500000  0.500000  0.500000  0.500000  0.500000  0.500000  0.500000  0.500000
  0.500000  0.500000  0.500000  0.500000  0.500000  0.500000  0.500000  0.500000
  0.500000  0.500000  0.500000  0.500000  0.500000  0.500000  0.500000  0.500000
  0.500000  0.500000  0.500000  0.500000  0.500000  0.500000  0.500000  0.500000
  0.500000  0.500000  0.500000  0.500000  0.500000  0.500000  0.500000  0.500000
  0.500000  0.500000  0.500000  0.500000  0.500000  0.500000  0.500000  0.500000
  0.500000  0.500000  0.500000  0.500000  0.500000  0.500000  0.500000  0.500000
  0.500000  0.500000  0.500000  0.500000  0.500000  0.500000  0.500000  0.500000
  0.500000  0.500000  0.500000  0.500000  0.500000  0.500000  0.500000  0.500000
  0.500000  0.500000  0.500000  0.500000  0.500000  0.500000  0.500000  0.500000
  0.500000  0.500000  0.500000  0.500000  0.500000  0.500000  0.500000  0.500000
  0.500000  0.500000  0.500000  0.500000  0.500000  0.500000  0.500000  0.500000
  0.500000  0.500000
  1.000000
  0.078989  0.079631  0.080206  0.080722  0.081185  0.081600  0.081972  0.082306
  0.082605  0.082873  0.083113  0.083328  0.083522  0.083695  0.083850  0.083989
  0.084114  0.084226  0.084326  0.084416  0.084497  0.084578  0.084662  0.084750
  0.084843  0.084940  0.085043  0.085150  0.085264  0.085383  0.085509  0.085642
  0.085781  0.085928  0.086083  0.086246  0.086417  0.086596  0.086784  0.086981
  0.087189  0.087407  0.087636  0.087876  0.088129  0.088395  0.088675  0.088970
  0.089282  0.089614  0.089971  0.090353  0.090760  0.091192  0.091646  0.092120
  0.092607  0.093098  0.093592  0.094085  0.094576  0.095064  0.095549  0.096033
  0.096519  0.097007  0.097495  0.097983  0.098469  0.098954  0.099431  0.099898
  0.100355  0.100800  0.101232  0.101651  0.102056  0.102449  0.102831  0.103201
  0.103559  0.103905  0.104240  0.104564  0.104875  0.105175  0.105464  0.105740
  0.106005  0.106258  0.106500  0.106742  0.106997  0.107267  0.107552  0.107854
  0.108173  0.108510  0.108867  0.109244  0.109643  0.110064  0.110509  0.110981
  0.111479  0.112005
  1.000000
 -0.017406 -0.016556 -0.015794 -0.015112 -0.014499 -0.013951 -0.013459 -0.013017
 -0.012622 -0.012267 -0.011950 -0.011665 -0.011409 -0.011180 -0.010975 -0.010790
 -0.010625 -0.010477 -0.010345 -0.010226 -0.010119 -0.009863 -0.009710 -0.009571
 -0.009435 -0.009294 -0.009147 -0.008994 -0.008835 -0.008669 -0.008496 -0.008316
 -0.008130 -0.007936 -0.007735 -0.007526 -0.007311 -0.007090 -0.006861 -0.006625
 -0.006383 -0.006133 -0.005877 -0.005614 -0.005344 -0.005067 -0.004784 -0.004493
 -0.004195 -0.003888 -0.003569 -0.003241 -0.002904 -0.002564 -0.002224 -0.001887
 -0.001561 -0.001252 -0.000962 -0.000692 -0.000441 -0.000211  0.000000  0.000193
  0.000368  0.000527  0.000667  0.000789  0.000894  0.000981  0.001050  0.001102
  0.001138  0.001158  0.001165  0.001159  0.001141  0.001113  0.001075  0.001030
  0.000976  0.000916  0.000850  0.000779  0.000704  0.000625  0.000544  0.000461
  0.000376  0.000291  0.000087  0.000046  0.000003 -0.000043 -0.000091 -0.000142
 -0.000196 -0.000253 -0.000314 -0.000377 -0.000445 -0.000516 -0.000591 -0.000670
 -0.000755 -0.000843
  1.000000
  0.000000  0.000000  0.000000  0.000000  0.000000  0.000000  0.000000  0.000000
  0.000000  0.000000  0.000000  0.000000  0.000000  0.000000  0.000000  0.000000
  0.000000  0.000000  0.000000  0.000000  0.000000  0.000324  0.000443  0.000522
  0.000582  0.000632  0.000674  0.000712  0.000750  0.000790  0.000833  0.000876
  0.000921  0.000968  0.001016  0.001067  0.001118  0.001171  0.001226  0.001282
  0.001339  0.001398  0.001458  0.001519  0.001581  0.001644  0.001706  0.001771
  0.001835  0.001900  0.001966  0.002032  0.002096  0.002158  0.002216  0.002270
  0.002318  0.002357  0.002387  0.002410  0.002425  0.002431  0.002428  0.002418
  0.002400  0.002374  0.002340  0.002297  0.002246  0.002188  0.002122  0.002050
  0.001974  0.001892  0.001806  0.001716  0.001624  0.001529  0.001431  0.001333
  0.001233  0.001131  0.001029  0.000927  0.000826  0.000725  0.000625  0.000527
  0.000430  0.000335  0.000000  0.000000  0.000000  0.000000  0.000000  0.000000
  0.000000  0.000000  0.000000  0.000000  0.000000  0.000000  0.000000  0.000000
  0.000000  0.000000
  1.000000
  0.511373  0.511357  0.511343  0.511332  0.511322  0.511313  0.511305  0.511299
  0.511293  0.511288  0.511283  0.511279  0.511275  0.511272  0.511269  0.511267
  0.511264  0.511262  0.511260  0.511259  0.511257  0.511255  0.511252  0.511250
  0.511247  0.511244  0.511241  0.511238  0.511235  0.511231  0.511227  0.511222
  0.511218  0.511213  0.511207  0.511202  0.511195  0.511189  0.511181  0.511174
  0.511165  0.511157  0.511147  0.511137  0.511126  0.511114  0.511101  0.511087
  0.511072  0.511055  0.511037  0.511018  0.510996  0.510972  0.510947  0.510920
  0.510892  0.510863  0.510833  0.510803  0.510772  0.510741  0.510710  0.510679
  0.510647  0.510616  0.510583  0.510551  0.510519  0.510487  0.510455  0.510424
  0.510394  0.510365  0.510336  0.510309  0.510283  0.510257  0.510233  0.510209
  0.510187  0.510165  0.510145  0.510125  0.510106  0.510088  0.510071  0.510055
  0.510040  0.510026  0.510012  0.509996  0.509981  0.509964  0.509948  0.509931
  0.509914  0.509897  0.509880  0.509863  0.509847  0.509832  0.509822  0.509814
  0.509807  0.509802
  BLADE ROW NUMBER =        5                                           
  106   21   91  290    0    0    1    1    1    1    0    0    0    0    0    0
    3600.0  203322.2  203322.2  244545.4  244545.4   0.00000    3600.0
  1.000000
  0.111991  0.112633  0.113208  0.113724  0.114187  0.114601  0.114973  0.115307
  0.115605  0.115873  0.116114  0.116329  0.116522  0.116695  0.116850  0.116990
  0.117114  0.117226  0.117326  0.117416  0.117497  0.117578  0.117662  0.117750
  0.117843  0.117940  0.118042  0.118150  0.118263  0.118383  0.118509  0.118641
  0.118781  0.118928  0.119082  0.119245  0.119416  0.119595  0.119783  0.119981
  0.120188  0.120406  0.120634  0.120875  0.121127  0.121393  0.121673  0.121968
  0.122280  0.122612  0.122969  0.123351  0.123759  0.124190  0.124644  0.125118
  0.125605  0.126096  0.126590  0.127083  0.127574  0.128062  0.128547  0.129031
  0.129517  0.130005  0.130493  0.130981  0.131468  0.131952  0.132430  0.132897
  0.133354  0.133799  0.134231  0.134650  0.135056  0.135449  0.135831  0.136201
  0.136559  0.136906  0.137241  0.137565  0.137876  0.138176  0.138465  0.138742
  0.139007  0.139260  0.139502  0.139744  0.139999  0.140270  0.140555  0.140857
  0.141177  0.141514  0.141871  0.142248  0.142647  0.143068  0.143514  0.143984
  0.144482  0.145009
  1.000000
  0.014522  0.013673  0.012912  0.012230  0.011619  0.011071  0.010579  0.010139
  0.009744  0.009390  0.009072  0.008787  0.008532  0.008303  0.008098  0.007914
  0.007749  0.007601  0.007469  0.007350  0.007244  0.007375  0.007347  0.007300
  0.007241  0.007169  0.007082  0.006981  0.006872  0.006757  0.006636  0.006509
  0.006375  0.006235  0.006088  0.005935  0.005776  0.005611  0.005440  0.005262
  0.005077  0.004886  0.004688  0.004483  0.004271  0.004052  0.003826  0.003592
  0.003351  0.003099  0.002834  0.002558  0.002272  0.001979  0.001680  0.001379
  0.001082  0.000795  0.000518  0.000253  0.000000 -0.000240 -0.000468 -0.000685
 -0.000891 -0.001087 -0.001272 -0.001446 -0.001609 -0.001761 -0.001901 -0.002028
 -0.002142 -0.002245 -0.002336 -0.002418 -0.002489 -0.002551 -0.002605 -0.002652
 -0.002691 -0.002724 -0.002751 -0.002773 -0.002789 -0.002801 -0.002809 -0.002814
 -0.002815 -0.002813 -0.002934 -0.002893 -0.002850 -0.002804 -0.002756 -0.002705
 -0.002651 -0.002594 -0.002534 -0.002470 -0.002403 -0.002332 -0.002257 -0.002177
 -0.002093 -0.002005
  1.000000
  0.000000  0.000000  0.000000  0.000000  0.000000  0.000000  0.000000  0.000000
  0.000000  0.000000  0.000000  0.000000  0.000000  0.000000  0.000000  0.000000
  0.000000  0.000000  0.000000  0.000000  0.000000  0.000462  0.000603  0.000708
  0.000800  0.000884  0.000957  0.001021  0.001081  0.001142  0.001202  0.001261
  0.001321  0.001381  0.001440  0.001499  0.001558  0.001616  0.001674  0.001731
  0.001788  0.001844  0.001898  0.001952  0.002005  0.002056  0.002106  0.002154
  0.002199  0.002243  0.002284  0.002322  0.002355  0.002384  0.002407  0.002423
  0.002431  0.002434  0.002427  0.002414  0.002393  0.002367  0.002334  0.002295
  0.002250  0.002200  0.002144  0.002083  0.002016  0.001944  0.001868  0.001791
  0.001710  0.001627  0.001543  0.001457  0.001372  0.001286  0.001200  0.001114
  0.001029  0.000944  0.000860  0.000777  0.000695  0.000615  0.000536  0.000460
  0.000385  0.000313  0.000000  0.000000  0.000000  0.000000  0.000000  0.000000
  0.000000  0.000000  0.000000  0.000000  0.000000  0.000000  0.000000  0.000000
  0.000000  0.000000
  1.000000
  0.490198  0.490202  0.490205  0.490207  0.490212  0.490217  0.490222  0.490226
  0.490230  0.490234  0.490237  0.490240  0.490243  0.490246  0.490248  0.490250
  0.490252  0.490254  0.490255  0.490257  0.490258  0.490260  0.490262  0.490264
  0.490267  0.490269  0.490272  0.490275  0.490278  0.490282  0.490286  0.490290
  0.490294  0.490298  0.490303  0.490309  0.490314  0.490321  0.490327  0.490334
  0.490342  0.490350  0.490359  0.490368  0.490379  0.490389  0.490401  0.490414
  0.490428  0.490443  0.490459  0.490477  0.490497  0.490518  0.490540  0.490565
  0.490589  0.490615  0.490641  0.490667  0.490693  0.490720  0.490746  0.490772
  0.490798  0.490823  0.490849  0.490875  0.490900  0.490925  0.490948  0.490971
  0.490993  0.491014  0.491034  0.491053  0.491070  0.491087  0.491102  0.491117
  0.491130  0.491143  0.491155  0.491166  0.491176  0.491185  0.491193  0.491201
  0.491208  0.491214  0.491220  0.491224  0.491228  0.491232  0.491237  0.491241
  0.491246  0.491251  0.491256  0.491261  0.491266  0.491272  0.491277  0.491283
  0.491290  0.491296
  1.000000
  0.111996  0.112637  0.113212  0.113727  0.114189  0.114604  0.114975  0.115308
  0.115607  0.115875  0.116115  0.116330  0.116523  0.116696  0.116851  0.116990
  0.117114  0.117226  0.117326  0.117416  0.117497  0.117577  0.117662  0.117750
  0.117842  0.117940  0.118042  0.118150  0.118263  0.118382  0.118508  0.118640
  0.118780  0.118927  0.119082  0.119244  0.119415  0.119594  0.119782  0.119979
  0.120187  0.120404  0.120633  0.120874  0.121126  0.121392  0.121672  0.121967
  0.122279  0.122611  0.122968  0.123350  0.123757  0.124189  0.124643  0.125117
  0.125604  0.126096  0.126589  0.127082  0.127574  0.128062  0.128547  0.129032
  0.129518  0.130005  0.130494  0.130982  0.131469  0.131953  0.132431  0.132898
  0.133355  0.133800  0.134232  0.134651  0.135057  0.135450  0.135832  0.136202
  0.136560  0.136907  0.137242  0.137565  0.137877  0.138177  0.138465  0.138742
  0.139007  0.139260  0.139502  0.139743  0.139999  0.140269  0.140554  0.140856
  0.141175  0.141512  0.141869  0.142245  0.142644  0.143065  0.143510  0.143980
  0.144478  0.145004
  1.000000
  0.014512  0.013664  0.012904  0.012222  0.011611  0.011064  0.010573  0.010132
  0.009738  0.009384  0.009066  0.008782  0.008527  0.008298  0.008093  0.007909
  0.007745  0.007597  0.007464  0.007346  0.007239  0.007371  0.007342  0.007296
  0.007237  0.007164  0.007077  0.006977  0.006868  0.006753  0.006632  0.006504
  0.006371  0.006231  0.006085  0.005932  0.005773  0.005608  0.005436  0.005258
  0.005074  0.004882  0.004684  0.004480  0.004268  0.004049  0.003824  0.003590
  0.003348  0.003097  0.002832  0.002557  0.002271  0.001977  0.001679  0.001378
  0.001082  0.000794  0.000517  0.000253  0.000000 -0.000240 -0.000467 -0.000684
 -0.000890 -0.001086 -0.001270 -0.001444 -0.001608 -0.001759 -0.001899 -0.002025
 -0.002139 -0.002242 -0.002333 -0.002414 -0.002485 -0.002548 -0.002602 -0.002648
 -0.002687 -0.002720 -0.002747 -0.002769 -0.002785 -0.002797 -0.002805 -0.002809
 -0.002810 -0.002808 -0.002929 -0.002888 -0.002845 -0.002800 -0.002751 -0.002701
 -0.002647 -0.002590 -0.002530 -0.002466 -0.002399 -0.002328 -0.002253 -0.002173
 -0.002089 -0.002000
  1.000000
  0.000000  0.000000  0.000000  0.000000  0.000000  0.000000  0.000000  0.000000
  0.000000  0.000000  0.000000  0.000000  0.000000  0.000000  0.000000  0.000000
  0.000000  0.000000  0.000000  0.000000  0.000000  0.000461  0.000603  0.000707
  0.000800  0.000883  0.000956  0.001020  0.001080  0.001141  0.001201  0.001260
  0.001320  0.001379  0.001439  0.001498  0.001556  0.001615  0.001672  0.001729
  0.001786  0.001842  0.001897  0.001950  0.002003  0.002054  0.002104  0.002152
  0.002197  0.002241  0.002282  0.002319  0.002353  0.002382  0.002404  0.002420
  0.002429  0.002431  0.002425  0.002412  0.002391  0.002364  0.002331  0.002293
  0.002248  0.002198  0.002142  0.002081  0.002014  0.001942  0.001867  0.001789
  0.001708  0.001625  0.001541  0.001456  0.001371  0.001285  0.001199  0.001113
  0.001028  0.000943  0.000859  0.000776  0.000695  0.000614  0.000536  0.000459
  0.000385  0.000312  0.000000  0.000000  0.000000  0.000000  0.000000  0.000000
  0.000000  0.000000  0.000000  0.000000  0.000000  0.000000  0.000000  0.000000
  0.000000  0.000000
  1.000000
  0.500000  0.500000  0.500000  0.500000  0.500000  0.500000  0.500000  0.500000
  0.500000  0.500000  0.500000  0.500000  0.500000  0.500000  0.500000  0.500000
  0.500000  0.500000  0.500000  0.500000  0.500000  0.500000  0.500000  0.500000
  0.500000  0.500000  0.500000  0.500000  0.500000  0.500000  0.500000  0.500000
  0.500000  0.500000  0.500000  0.500000  0.500000  0.500000  0.500000  0.500000
  0.500000  0.500000  0.500000  0.500000  0.500000  0.500000  0.500000  0.500000
  0.500000  0.500000  0.500000  0.500000  0.500000  0.500000  0.500000  0.500000
  0.500000  0.500000  0.500000  0.500000  0.500000  0.500000  0.500000  0.500000
  0.500000  0.500000  0.500000  0.500000  0.500000  0.500000  0.500000  0.500000
  0.500000  0.500000  0.500000  0.500000  0.500000  0.500000  0.500000  0.500000
  0.500000  0.500000  0.500000  0.500000  0.500000  0.500000  0.500000  0.500000
  0.500000  0.500000  0.500000  0.500000  0.500000  0.500000  0.500000  0.500000
  0.500000  0.500000  0.500000  0.500000  0.500000  0.500000  0.500000  0.500000
  0.500000  0.500000
  1.000000
  0.111991  0.112633  0.113208  0.113724  0.114187  0.114601  0.114973  0.115307
  0.115605  0.115873  0.116114  0.116329  0.116522  0.116695  0.116850  0.116990
  0.117114  0.117226  0.117326  0.117416  0.117497  0.117578  0.117662  0.117750
  0.117843  0.117940  0.118042  0.118150  0.118263  0.118383  0.118509  0.118641
  0.118781  0.118928  0.119082  0.119245  0.119416  0.119595  0.119783  0.119980
  0.120188  0.120406  0.120634  0.120875  0.121127  0.121393  0.121673  0.121968
  0.122280  0.122612  0.122969  0.123351  0.123759  0.124190  0.124644  0.125118
  0.125605  0.126096  0.126590  0.127083  0.127574  0.128062  0.128547  0.129031
  0.129517  0.130005  0.130493  0.130981  0.131468  0.131952  0.132430  0.132897
  0.133354  0.133799  0.134231  0.134650  0.135056  0.135449  0.135831  0.136201
  0.136559  0.136906  0.137241  0.137565  0.137876  0.138176  0.138465  0.138742
  0.139007  0.139260  0.139502  0.139744  0.139999  0.140270  0.140555  0.140857
  0.141177  0.141514  0.141871  0.142248  0.142647  0.143068  0.143514  0.143984
  0.144482  0.145009
  1.000000
  0.014529  0.013680  0.012920  0.012238  0.011626  0.011078  0.010586  0.010145
  0.009750  0.009396  0.009078  0.008793  0.008538  0.008309  0.008104  0.007920
  0.007755  0.007607  0.007474  0.007355  0.007249  0.007380  0.007352  0.007305
  0.007246  0.007174  0.007087  0.006986  0.006877  0.006762  0.006640  0.006513
  0.006379  0.006239  0.006092  0.005939  0.005780  0.005615  0.005443  0.005265
  0.005080  0.004889  0.004690  0.004485  0.004273  0.004054  0.003828  0.003594
  0.003352  0.003100  0.002836  0.002560  0.002273  0.001979  0.001680  0.001380
  0.001083  0.000795  0.000518  0.000253  0.000000 -0.000240 -0.000468 -0.000684
 -0.000891 -0.001087 -0.001271 -0.001446 -0.001609 -0.001761 -0.001900 -0.002026
 -0.002140 -0.002243 -0.002335 -0.002416 -0.002487 -0.002549 -0.002603 -0.002649
 -0.002688 -0.002721 -0.002748 -0.002770 -0.002786 -0.002798 -0.002806 -0.002810
 -0.002811 -0.002809 -0.002930 -0.002889 -0.002846 -0.002800 -0.002752 -0.002701
 -0.002647 -0.002590 -0.002530 -0.002466 -0.002399 -0.002328 -0.002253 -0.002173
 -0.002089 -0.002000
  1.000000
  0.000000  0.000000  0.000000  0.000000  0.000000  0.000000  0.000000  0.000000
  0.000000  0.000000  0.000000  0.000000  0.000000  0.000000  0.000000  0.000000
  0.000000  0.000000  0.000000  0.000000  0.000000  0.000462  0.000603  0.000708
  0.000800  0.000884  0.000957  0.001021  0.001081  0.001142  0.001202  0.001261
  0.001321  0.001381  0.001440  0.001499  0.001558  0.001616  0.001674  0.001731
  0.001788  0.001844  0.001898  0.001952  0.002005  0.002056  0.002106  0.002154
  0.002199  0.002243  0.002284  0.002322  0.002355  0.002384  0.002407  0.002423
  0.002431  0.002434  0.002427  0.002414  0.002393  0.002367  0.002334  0.002295
  0.002250  0.002200  0.002144  0.002083  0.002016  0.001944  0.001868  0.001791
  0.001710  0.001627  0.001543  0.001457  0.001372  0.001286  0.001200  0.001114
  0.001029  0.000944  0.000860  0.000777  0.000695  0.000615  0.000536  0.000460
  0.000385  0.000313  0.000000  0.000000  0.000000  0.000000  0.000000  0.000000
  0.000000  0.000000  0.000000  0.000000  0.000000  0.000000  0.000000  0.000000
  0.000000  0.000000
  1.000000
  0.509802  0.509798  0.509795  0.509792  0.509788  0.509783  0.509778  0.509774
  0.509770  0.509766  0.509763  0.509760  0.509757  0.509754  0.509752  0.509750
  0.509748  0.509746  0.509745  0.509743  0.509742  0.509740  0.509738  0.509736
  0.509733  0.509731  0.509728  0.509725  0.509722  0.509718  0.509715  0.509711
  0.509706  0.509702  0.509697  0.509691  0.509686  0.509679  0.509673  0.509666
  0.509658  0.509650  0.509641  0.509632  0.509622  0.509611  0.509599  0.509586
  0.509572  0.509557  0.509541  0.509523  0.509503  0.509482  0.509460  0.509436
  0.509411  0.509385  0.509359  0.509333  0.509307  0.509280  0.509254  0.509228
  0.509202  0.509177  0.509151  0.509125  0.509100  0.509075  0.509052  0.509029
  0.509007  0.508986  0.508966  0.508947  0.508930  0.508913  0.508898  0.508883
  0.508870  0.508857  0.508845  0.508834  0.508824  0.508815  0.508807  0.508799
  0.508792  0.508786  0.508780  0.508776  0.508772  0.508768  0.508763  0.508759
  0.508754  0.508749  0.508744  0.508739  0.508734  0.508728  0.508723  0.508717
  0.508710  0.508704
  BLADE ROW NUMBER =        6                                           
  106   21   91  291    0    0    1    1    1    1    0    0    0    0    0    0
       0.0  244545.4  244545.4  290757.2  290757.2   0.00000       0.0
  1.000000
  0.139494  0.140135  0.140711  0.141226  0.141689  0.142103  0.142475  0.142808
  0.143107  0.143375  0.143615  0.143830  0.144023  0.144196  0.144352  0.144491
  0.144615  0.144727  0.144828  0.144917  0.144998  0.145079  0.145163  0.145251
  0.145344  0.145441  0.145543  0.145651  0.145764  0.145884  0.146010  0.146142
  0.146282  0.146429  0.146583  0.146746  0.146917  0.147096  0.147284  0.147481
  0.147689  0.147906  0.148135  0.148376  0.148628  0.148894  0.149174  0.149469
  0.149781  0.150113  0.150470  0.150852  0.151260  0.151691  0.152145  0.152619
  0.153106  0.153597  0.154091  0.154584  0.155075  0.155564  0.156048  0.156533
  0.157019  0.157506  0.157994  0.158482  0.158969  0.159453  0.159931  0.160398
  0.160855  0.161300  0.161732  0.162151  0.162556  0.162949  0.163331  0.163701
  0.164059  0.164406  0.164741  0.165064  0.165375  0.165675  0.165964  0.166240
  0.166505  0.166758  0.167000  0.167242  0.167497  0.167767  0.168052  0.168354
  0.168673  0.169010  0.169366  0.169743  0.170142  0.170563  0.171008  0.171479
  0.171976  0.172503
  1.000000
 -0.017379 -0.016531 -0.015771 -0.015089 -0.014478 -0.013930 -0.013439 -0.012998
 -0.012603 -0.012249 -0.011932 -0.011647 -0.011392 -0.011163 -0.010958 -0.010775
 -0.010610 -0.010462 -0.010329 -0.010211 -0.010104 -0.009848 -0.009695 -0.009557
 -0.009421 -0.009280 -0.009134 -0.008981 -0.008822 -0.008656 -0.008483 -0.008304
 -0.008117 -0.007924 -0.007723 -0.007515 -0.007300 -0.007079 -0.006851 -0.006616
 -0.006374 -0.006124 -0.005868 -0.005606 -0.005336 -0.005060 -0.004777 -0.004487
 -0.004189 -0.003883 -0.003564 -0.003236 -0.002901 -0.002561 -0.002221 -0.001884
 -0.001559 -0.001251 -0.000961 -0.000691 -0.000441 -0.000210  0.000000  0.000192
  0.000368  0.000526  0.000666  0.000789  0.000893  0.000980  0.001050  0.001102
  0.001138  0.001158  0.001165  0.001159  0.001141  0.001113  0.001076  0.001030
  0.000977  0.000917  0.000851  0.000780  0.000705  0.000627  0.000545  0.000462
  0.000378  0.000292  0.000088  0.000048  0.000004 -0.000041 -0.000089 -0.000140
 -0.000194 -0.000251 -0.000311 -0.000375 -0.000442 -0.000513 -0.000589 -0.000668
 -0.000752 -0.000841
  1.000000
  0.000000  0.000000  0.000000  0.000000  0.000000  0.000000  0.000000  0.000000
  0.000000  0.000000  0.000000  0.000000  0.000000  0.000000  0.000000  0.000000
  0.000000  0.000000  0.000000  0.000000  0.000000  0.000324  0.000442  0.000522
  0.000582  0.000632  0.000673  0.000711  0.000750  0.000790  0.000832  0.000875
  0.000920  0.000967  0.001016  0.001066  0.001117  0.001170  0.001225  0.001280
  0.001338  0.001396  0.001456  0.001517  0.001579  0.001642  0.001705  0.001769
  0.001833  0.001899  0.001964  0.002030  0.002094  0.002156  0.002214  0.002268
  0.002316  0.002354  0.002385  0.002408  0.002422  0.002428  0.002426  0.002416
  0.002398  0.002372  0.002337  0.002295  0.002244  0.002186  0.002120  0.002049
  0.001972  0.001890  0.001804  0.001715  0.001622  0.001527  0.001430  0.001332
  0.001231  0.001130  0.001028  0.000927  0.000825  0.000724  0.000625  0.000526
  0.000430  0.000335  0.000000  0.000000  0.000000  0.000000  0.000000  0.000000
  0.000000  0.000000  0.000000  0.000000  0.000000  0.000000  0.000000  0.000000
  0.000000  0.000000
  1.000000
  0.491220  0.491230  0.491239  0.491247  0.491253  0.491259  0.491264  0.491268
  0.491272  0.491276  0.491279  0.491281  0.491284  0.491286  0.491288  0.491290
  0.491291  0.491293  0.491294  0.491295  0.491296  0.491297  0.491299  0.491301
  0.491302  0.491304  0.491306  0.491309  0.491311  0.491313  0.491316  0.491319
  0.491322  0.491325  0.491329  0.491333  0.491337  0.491342  0.491346  0.491352
  0.491357  0.491363  0.491370  0.491376  0.491384  0.491392  0.491401  0.491410
  0.491420  0.491431  0.491443  0.491457  0.491471  0.491487  0.491504  0.491523
  0.491542  0.491562  0.491582  0.491603  0.491623  0.491644  0.491666  0.491687
  0.491709  0.491731  0.491753  0.491775  0.491797  0.491820  0.491841  0.491863
  0.491884  0.491904  0.491924  0.491944  0.491962  0.491980  0.491997  0.492014
  0.492029  0.492045  0.492060  0.492074  0.492087  0.492100  0.492112  0.492124
  0.492135  0.492145  0.492155  0.492166  0.492178  0.492190  0.492203  0.492215
  0.492228  0.492241  0.492253  0.492265  0.492277  0.492289  0.492296  0.492303
  0.492307  0.492311
  1.000000
  0.139498  0.140139  0.140714  0.141229  0.141691  0.142106  0.142477  0.142810
  0.143109  0.143376  0.143616  0.143832  0.144024  0.144197  0.144352  0.144492
  0.144616  0.144728  0.144828  0.144918  0.144998  0.145079  0.145163  0.145251
  0.145344  0.145441  0.145543  0.145651  0.145764  0.145884  0.146010  0.146142
  0.146281  0.146428  0.146583  0.146746  0.146916  0.147095  0.147283  0.147481
  0.147688  0.147906  0.148134  0.148375  0.148627  0.148893  0.149173  0.149468
  0.149780  0.150112  0.150468  0.150851  0.151258  0.151690  0.152144  0.152618
  0.153105  0.153596  0.154089  0.154583  0.155074  0.155562  0.156047  0.156532
  0.157018  0.157505  0.157993  0.158482  0.158969  0.159453  0.159930  0.160398
  0.160855  0.161300  0.161732  0.162151  0.162556  0.162949  0.163331  0.163701
  0.164059  0.164406  0.164741  0.165064  0.165376  0.165676  0.165964  0.166241
  0.166506  0.166759  0.167000  0.167242  0.167497  0.167767  0.168053  0.168354
  0.168673  0.169011  0.169367  0.169744  0.170142  0.170563  0.171008  0.171479
  0.171976  0.172502
  1.000000
 -0.017370 -0.016523 -0.015763 -0.015081 -0.014470 -0.013923 -0.013432 -0.012992
 -0.012597 -0.012243 -0.011926 -0.011641 -0.011386 -0.011158 -0.010953 -0.010769
 -0.010604 -0.010456 -0.010324 -0.010205 -0.010099 -0.009843 -0.009690 -0.009552
 -0.009416 -0.009276 -0.009129 -0.008976 -0.008817 -0.008651 -0.008479 -0.008300
 -0.008113 -0.007920 -0.007719 -0.007511 -0.007297 -0.007075 -0.006847 -0.006612
 -0.006370 -0.006121 -0.005865 -0.005603 -0.005333 -0.005057 -0.004775 -0.004484
 -0.004187 -0.003881 -0.003562 -0.003234 -0.002899 -0.002559 -0.002220 -0.001883
 -0.001558 -0.001250 -0.000960 -0.000690 -0.000440 -0.000210  0.000000  0.000192
  0.000367  0.000526  0.000666  0.000788  0.000893  0.000979  0.001049  0.001100
  0.001137  0.001157  0.001164  0.001157  0.001140  0.001112  0.001074  0.001029
  0.000976  0.000915  0.000850  0.000779  0.000704  0.000625  0.000544  0.000461
  0.000377  0.000291  0.000088  0.000047  0.000004 -0.000042 -0.000090 -0.000141
 -0.000195 -0.000252 -0.000312 -0.000376 -0.000443 -0.000514 -0.000589 -0.000668
 -0.000752 -0.000841
  1.000000
  0.000000  0.000000  0.000000  0.000000  0.000000  0.000000  0.000000  0.000000
  0.000000  0.000000  0.000000  0.000000  0.000000  0.000000  0.000000  0.000000
  0.000000  0.000000  0.000000  0.000000  0.000000  0.000324  0.000442  0.000522
  0.000581  0.000631  0.000673  0.000711  0.000749  0.000789  0.000831  0.000875
  0.000920  0.000966  0.001015  0.001065  0.001116  0.001169  0.001224  0.001279
  0.001337  0.001395  0.001455  0.001516  0.001578  0.001641  0.001704  0.001768
  0.001832  0.001897  0.001963  0.002028  0.002093  0.002154  0.002213  0.002267
  0.002314  0.002353  0.002383  0.002406  0.002421  0.002427  0.002424  0.002414
  0.002396  0.002371  0.002336  0.002293  0.002243  0.002184  0.002119  0.002047
  0.001971  0.001889  0.001803  0.001713  0.001621  0.001526  0.001429  0.001331
  0.001230  0.001129  0.001028  0.000926  0.000825  0.000724  0.000624  0.000526
  0.000429  0.000334  0.000000  0.000000  0.000000  0.000000  0.000000  0.000000
  0.000000  0.000000  0.000000  0.000000  0.000000  0.000000  0.000000  0.000000
  0.000000  0.000000
  1.000000
  0.500000  0.500000  0.500000  0.500000  0.500000  0.500000  0.500000  0.500000
  0.500000  0.500000  0.500000  0.500000  0.500000  0.500000  0.500000  0.500000
  0.500000  0.500000  0.500000  0.500000  0.500000  0.500000  0.500000  0.500000
  0.500000  0.500000  0.500000  0.500000  0.500000  0.500000  0.500000  0.500000
  0.500000  0.500000  0.500000  0.500000  0.500000  0.500000  0.500000  0.500000
  0.500000  0.500000  0.500000  0.500000  0.500000  0.500000  0.500000  0.500000
  0.500000  0.500000  0.500000  0.500000  0.500000  0.500000  0.500000  0.500000
  0.500000  0.500000  0.500000  0.500000  0.500000  0.500000  0.500000  0.500000
  0.500000  0.500000  0.500000  0.500000  0.500000  0.500000  0.500000  0.500000
  0.500000  0.500000  0.500000  0.500000  0.500000  0.500000  0.500000  0.500000
  0.500000  0.500000  0.500000  0.500000  0.500000  0.500000  0.500000  0.500000
  0.500000  0.500000  0.500000  0.500000  0.500000  0.500000  0.500000  0.500000
  0.500000  0.500000  0.500000  0.500000  0.500000  0.500000  0.500000  0.500000
  0.500000  0.500000
  1.000000
  0.139494  0.140135  0.140711  0.141226  0.141689  0.142103  0.142475  0.142808
  0.143107  0.143375  0.143615  0.143830  0.144023  0.144196  0.144352  0.144491
  0.144615  0.144727  0.144828  0.144917  0.144998  0.145079  0.145163  0.145251
  0.145344  0.145441  0.145543  0.145651  0.145764  0.145884  0.146010  0.146142
  0.146282  0.146429  0.146583  0.146746  0.146917  0.147096  0.147284  0.147481
  0.147689  0.147906  0.148135  0.148376  0.148628  0.148894  0.149174  0.149469
  0.149781  0.150113  0.150470  0.150852  0.151260  0.151691  0.152145  0.152619
  0.153106  0.153597  0.154091  0.154584  0.155075  0.155564  0.156048  0.156533
  0.157019  0.157506  0.157994  0.158482  0.158969  0.159453  0.159931  0.160398
  0.160855  0.161300  0.161732  0.162151  0.162556  0.162949  0.163331  0.163701
  0.164059  0.164406  0.164741  0.165064  0.165375  0.165675  0.165964  0.166240
  0.166505  0.166758  0.167000  0.167242  0.167497  0.167767  0.168052  0.168354
  0.168673  0.169010  0.169366  0.169743  0.170142  0.170563  0.171008  0.171479
  0.171976  0.172503
  1.000000
 -0.017388 -0.016539 -0.015779 -0.015096 -0.014485 -0.013937 -0.013445 -0.013005
 -0.012609 -0.012255 -0.011938 -0.011653 -0.011398 -0.011169 -0.010964 -0.010780
 -0.010615 -0.010467 -0.010334 -0.010216 -0.010109 -0.009853 -0.009700 -0.009562
 -0.009426 -0.009285 -0.009138 -0.008985 -0.008826 -0.008660 -0.008488 -0.008308
 -0.008121 -0.007928 -0.007727 -0.007519 -0.007304 -0.007082 -0.006854 -0.006619
 -0.006377 -0.006127 -0.005871 -0.005608 -0.005338 -0.005062 -0.004779 -0.004489
 -0.004191 -0.003884 -0.003566 -0.003237 -0.002902 -0.002562 -0.002222 -0.001885
 -0.001559 -0.001251 -0.000961 -0.000691 -0.000441 -0.000210  0.000000  0.000192
  0.000368  0.000526  0.000666  0.000789  0.000893  0.000980  0.001049  0.001101
  0.001137  0.001158  0.001164  0.001158  0.001140  0.001112  0.001075  0.001029
  0.000976  0.000916  0.000850  0.000779  0.000704  0.000625  0.000544  0.000461
  0.000376  0.000291  0.000087  0.000046  0.000003 -0.000043 -0.000091 -0.000142
 -0.000196 -0.000253 -0.000313 -0.000377 -0.000444 -0.000515 -0.000590 -0.000670
 -0.000754 -0.000842
  1.000000
  0.000000  0.000000  0.000000  0.000000  0.000000  0.000000  0.000000  0.000000
  0.000000  0.000000  0.000000  0.000000  0.000000  0.000000  0.000000  0.000000
  0.000000  0.000000  0.000000  0.000000  0.000000  0.000324  0.000442  0.000522
  0.000582  0.000632  0.000673  0.000711  0.000750  0.000790  0.000832  0.000875
  0.000920  0.000967  0.001016  0.001066  0.001117  0.001170  0.001225  0.001280
  0.001338  0.001396  0.001456  0.001517  0.001579  0.001642  0.001705  0.001769
  0.001833  0.001899  0.001964  0.002030  0.002094  0.002156  0.002214  0.002268
  0.002316  0.002354  0.002385  0.002408  0.002422  0.002428  0.002426  0.002416
  0.002398  0.002372  0.002337  0.002295  0.002244  0.002186  0.002120  0.002049
  0.001972  0.001890  0.001804  0.001715  0.001622  0.001527  0.001430  0.001332
  0.001231  0.001130  0.001028  0.000927  0.000825  0.000724  0.000625  0.000526
  0.000430  0.000335  0.000000  0.000000  0.000000  0.000000  0.000000  0.000000
  0.000000  0.000000  0.000000  0.000000  0.000000  0.000000  0.000000  0.000000
  0.000000  0.000000
  1.000000
  0.508780  0.508770  0.508761  0.508753  0.508747  0.508741  0.508736  0.508732
  0.508728  0.508724  0.508721  0.508719  0.508716  0.508714  0.508712  0.508710
  0.508709  0.508707  0.508706  0.508705  0.508704  0.508703  0.508701  0.508699
  0.508698  0.508696  0.508694  0.508691  0.508689  0.508687  0.508684  0.508681
  0.508678  0.508675  0.508671  0.508667  0.508663  0.508658  0.508654  0.508648
  0.508643  0.508637  0.508630  0.508623  0.508616  0.508608  0.508600  0.508590
  0.508580  0.508569  0.508557  0.508543  0.508529  0.508513  0.508496  0.508477
  0.508458  0.508438  0.508418  0.508397  0.508376  0.508355  0.508334  0.508313
  0.508291  0.508269  0.508247  0.508225  0.508203  0.508180  0.508158  0.508137
  0.508116  0.508095  0.508076  0.508056  0.508038  0.508020  0.508003  0.507986
  0.507970  0.507955  0.507940  0.507926  0.507913  0.507900  0.507888  0.507876
  0.507865  0.507855  0.507845  0.507833  0.507822  0.507810  0.507797  0.507785
  0.507772  0.507759  0.507747  0.507735  0.507723  0.507712  0.507704  0.507698
  0.507693  0.507689
  BLADE ROW NUMBER =        7                                           
  106   21   91  292    0    0    1    1    1    1    0    0    0    0    0    0
    3600.0  290757.2  290757.2  342873.5  342873.5   0.00000    3600.0
  1.000000
  0.172496  0.173138  0.173713  0.174228  0.174691  0.175105  0.175477  0.175810
  0.176109  0.176376  0.176616  0.176832  0.177025  0.177198  0.177353  0.177492
  0.177617  0.177728  0.177829  0.177918  0.177999  0.178080  0.178164  0.178252
  0.178345  0.178442  0.178544  0.178652  0.178765  0.178885  0.179010  0.179143
  0.179282  0.179429  0.179584  0.179747  0.179917  0.180096  0.180284  0.180482
  0.180689  0.180907  0.181136  0.181376  0.181628  0.181894  0.182174  0.182469
  0.182781  0.183113  0.183470  0.183852  0.184259  0.184691  0.185145  0.185619
  0.186106  0.186597  0.187090  0.187583  0.188075  0.188563  0.189048  0.189532
  0.190018  0.190506  0.190994  0.191482  0.191969  0.192453  0.192930  0.193398
  0.193855  0.194299  0.194732  0.195151  0.195556  0.195949  0.196331  0.196701
  0.197059  0.197406  0.197741  0.198064  0.198376  0.198676  0.198964  0.199241
  0.199506  0.199759  0.200001  0.200243  0.200498  0.200768  0.201054  0.201356
  0.201675  0.202012  0.202368  0.202745  0.203144  0.203565  0.204010  0.204481
  0.204979  0.205504
  1.000000
  0.014514  0.013666  0.012905  0.012224  0.011613  0.011065  0.010574  0.010133
  0.009739  0.009385  0.009067  0.008783  0.008528  0.008299  0.008094  0.007910
  0.007745  0.007598  0.007465  0.007346  0.007240  0.007371  0.007343  0.007296
  0.007237  0.007165  0.007078  0.006978  0.006869  0.006754  0.006632  0.006505
  0.006371  0.006232  0.006085  0.005932  0.005773  0.005608  0.005437  0.005259
  0.005074  0.004883  0.004685  0.004480  0.004269  0.004050  0.003824  0.003590
  0.003349  0.003097  0.002833  0.002557  0.002271  0.001978  0.001679  0.001378
  0.001082  0.000794  0.000517  0.000253  0.000000 -0.000240 -0.000468 -0.000684
 -0.000890 -0.001086 -0.001271 -0.001445 -0.001608 -0.001760 -0.001900 -0.002026
 -0.002140 -0.002243 -0.002335 -0.002416 -0.002487 -0.002549 -0.002603 -0.002650
 -0.002689 -0.002722 -0.002749 -0.002771 -0.002787 -0.002799 -0.002807 -0.002811
 -0.002812 -0.002811 -0.002931 -0.002891 -0.002848 -0.002802 -0.002754 -0.002703
 -0.002649 -0.002592 -0.002532 -0.002468 -0.002401 -0.002330 -0.002255 -0.002175
 -0.002091 -0.002003
  1.000000
  0.000000  0.000000  0.000000  0.000000  0.000000  0.000000  0.000000  0.000000
  0.000000  0.000000  0.000000  0.000000  0.000000  0.000000  0.000000  0.000000
  0.000000  0.000000  0.000000  0.000000  0.000000  0.000461  0.000603  0.000707
  0.000800  0.000883  0.000956  0.001020  0.001081  0.001141  0.001201  0.001261
  0.001320  0.001380  0.001439  0.001498  0.001557  0.001615  0.001673  0.001730
  0.001787  0.001842  0.001897  0.001951  0.002004  0.002055  0.002105  0.002152
  0.002198  0.002241  0.002282  0.002320  0.002354  0.002382  0.002405  0.002421
  0.002430  0.002432  0.002425  0.002412  0.002392  0.002365  0.002332  0.002293
  0.002249  0.002199  0.002143  0.002081  0.002014  0.001943  0.001867  0.001790
  0.001709  0.001626  0.001542  0.001457  0.001371  0.001285  0.001199  0.001114
  0.001028  0.000944  0.000859  0.000776  0.000695  0.000615  0.000536  0.000460
  0.000385  0.000312  0.000000  0.000000  0.000000  0.000000  0.000000  0.000000
  0.000000  0.000000  0.000000  0.000000  0.000000  0.000000  0.000000  0.000000
  0.000000  0.000000
  1.000000
  0.492311  0.492315  0.492317  0.492319  0.492322  0.492326  0.492329  0.492332
  0.492335  0.492337  0.492340  0.492342  0.492344  0.492346  0.492347  0.492349
  0.492350  0.492351  0.492352  0.492353  0.492354  0.492355  0.492357  0.492359
  0.492360  0.492362  0.492364  0.492366  0.492368  0.492371  0.492373  0.492376
  0.492379  0.492382  0.492386  0.492390  0.492393  0.492398  0.492402  0.492407
  0.492413  0.492418  0.492425  0.492431  0.492438  0.492446  0.492454  0.492463
  0.492473  0.492483  0.492495  0.492507  0.492521  0.492536  0.492551  0.492568
  0.492586  0.492604  0.492622  0.492640  0.492658  0.492676  0.492695  0.492713
  0.492731  0.492749  0.492767  0.492785  0.492802  0.492820  0.492836  0.492852
  0.492868  0.492882  0.492896  0.492909  0.492921  0.492933  0.492943  0.492954
  0.492963  0.492972  0.492980  0.492987  0.492994  0.493001  0.493007  0.493012
  0.493017  0.493021  0.493025  0.493028  0.493031  0.493033  0.493036  0.493039
  0.493043  0.493046  0.493049  0.493053  0.493057  0.493060  0.493064  0.493068
  0.493073  0.493077
  1.000000
  0.172498  0.173140  0.173714  0.174230  0.174692  0.175106  0.175478  0.175811
  0.176109  0.176377  0.176617  0.176832  0.177025  0.177198  0.177353  0.177492
  0.177617  0.177728  0.177829  0.177918  0.177999  0.178079  0.178164  0.178252
  0.178344  0.178442  0.178544  0.178652  0.178765  0.178884  0.179010  0.179142
  0.179282  0.179429  0.179584  0.179746  0.179917  0.180096  0.180284  0.180481
  0.180688  0.180906  0.181135  0.181375  0.181628  0.181893  0.182173  0.182468
  0.182780  0.183112  0.183469  0.183851  0.184259  0.184690  0.185144  0.185619
  0.186105  0.186597  0.187090  0.187583  0.188075  0.188563  0.189048  0.189532
  0.190018  0.190506  0.190994  0.191482  0.191969  0.192453  0.192931  0.193398
  0.193855  0.194300  0.194732  0.195151  0.195557  0.195950  0.196331  0.196701
  0.197060  0.197406  0.197741  0.198065  0.198376  0.198676  0.198965  0.199241
  0.199506  0.199759  0.200001  0.200243  0.200498  0.200768  0.201053  0.201355
  0.201674  0.202011  0.202367  0.202744  0.203142  0.203563  0.204009  0.204479
  0.204976  0.205502
  1.000000
  0.014510  0.013662  0.012902  0.012221  0.011610  0.011062  0.010571  0.010131
  0.009736  0.009382  0.009065  0.008781  0.008526  0.008297  0.008092  0.007908
  0.007744  0.007596  0.007463  0.007345  0.007238  0.007370  0.007341  0.007295
  0.007236  0.007163  0.007077  0.006976  0.006867  0.006752  0.006631  0.006504
  0.006370  0.006230  0.006084  0.005931  0.005772  0.005607  0.005435  0.005257
  0.005073  0.004882  0.004684  0.004479  0.004268  0.004049  0.003823  0.003589
  0.003348  0.003096  0.002832  0.002556  0.002270  0.001977  0.001678  0.001378
  0.001081  0.000794  0.000517  0.000253  0.000000 -0.000240 -0.000467 -0.000684
 -0.000890 -0.001086 -0.001270 -0.001444 -0.001607 -0.001759 -0.001898 -0.002025
 -0.002139 -0.002241 -0.002333 -0.002414 -0.002485 -0.002547 -0.002601 -0.002648
 -0.002687 -0.002720 -0.002747 -0.002768 -0.002785 -0.002797 -0.002804 -0.002809
 -0.002810 -0.002808 -0.002929 -0.002888 -0.002845 -0.002799 -0.002751 -0.002700
 -0.002646 -0.002589 -0.002529 -0.002466 -0.002398 -0.002327 -0.002252 -0.002173
 -0.002089 -0.002000
  1.000000
  0.000000  0.000000  0.000000  0.000000  0.000000  0.000000  0.000000  0.000000
  0.000000  0.000000  0.000000  0.000000  0.000000  0.000000  0.000000  0.000000
  0.000000  0.000000  0.000000  0.000000  0.000000  0.000461  0.000603  0.000707
  0.000800  0.000883  0.000956  0.001020  0.001080  0.001140  0.001200  0.001260
  0.001320  0.001379  0.001438  0.001497  0.001556  0.001614  0.001672  0.001729
  0.001786  0.001842  0.001896  0.001950  0.002003  0.002054  0.002104  0.002151
  0.002197  0.002240  0.002281  0.002319  0.002353  0.002381  0.002404  0.002420
  0.002429  0.002431  0.002424  0.002411  0.002391  0.002364  0.002331  0.002292
  0.002248  0.002198  0.002142  0.002080  0.002013  0.001942  0.001866  0.001789
  0.001708  0.001625  0.001541  0.001456  0.001370  0.001285  0.001199  0.001113
  0.001028  0.000943  0.000859  0.000776  0.000694  0.000614  0.000536  0.000459
  0.000385  0.000312  0.000000  0.000000  0.000000  0.000000  0.000000  0.000000
  0.000000  0.000000  0.000000  0.000000  0.000000  0.000000  0.000000  0.000000
  0.000000  0.000000
  1.000000
  0.500000  0.500000  0.500000  0.500000  0.500000  0.500000  0.500000  0.500000
  0.500000  0.500000  0.500000  0.500000  0.500000  0.500000  0.500000  0.500000
  0.500000  0.500000  0.500000  0.500000  0.500000  0.500000  0.500000  0.500000
  0.500000  0.500000  0.500000  0.500000  0.500000  0.500000  0.500000  0.500000
  0.500000  0.500000  0.500000  0.500000  0.500000  0.500000  0.500000  0.500000
  0.500000  0.500000  0.500000  0.500000  0.500000  0.500000  0.500000  0.500000
  0.500000  0.500000  0.500000  0.500000  0.500000  0.500000  0.500000  0.500000
  0.500000  0.500000  0.500000  0.500000  0.500000  0.500000  0.500000  0.500000
  0.500000  0.500000  0.500000  0.500000  0.500000  0.500000  0.500000  0.500000
  0.500000  0.500000  0.500000  0.500000  0.500000  0.500000  0.500000  0.500000
  0.500000  0.500000  0.500000  0.500000  0.500000  0.500000  0.500000  0.500000
  0.500000  0.500000  0.500000  0.500000  0.500000  0.500000  0.500000  0.500000
  0.500000  0.500000  0.500000  0.500000  0.500000  0.500000  0.500000  0.500000
  0.500000  0.500000
  1.000000
  0.172496  0.173138  0.173713  0.174228  0.174691  0.175105  0.175477  0.175810
  0.176109  0.176376  0.176616  0.176832  0.177025  0.177198  0.177353  0.177492
  0.177617  0.177728  0.177829  0.177918  0.177999  0.178080  0.178164  0.178252
  0.178345  0.178442  0.178544  0.178652  0.178765  0.178885  0.179010  0.179143
  0.179282  0.179429  0.179584  0.179747  0.179917  0.180096  0.180284  0.180482
  0.180689  0.180907  0.181136  0.181376  0.181628  0.181894  0.182174  0.182469
  0.182781  0.183113  0.183470  0.183852  0.184259  0.184691  0.185145  0.185619
  0.186106  0.186597  0.187090  0.187583  0.188075  0.188563  0.189048  0.189532
  0.190018  0.190506  0.190994  0.191482  0.191969  0.192453  0.192930  0.193398
  0.193855  0.194299  0.194732  0.195151  0.195556  0.195949  0.196331  0.196701
  0.197059  0.197406  0.197741  0.198064  0.198376  0.198676  0.198964  0.199241
  0.199506  0.199759  0.200001  0.200243  0.200498  0.200768  0.201054  0.201356
  0.201675  0.202012  0.202369  0.202745  0.203144  0.203565  0.204010  0.204481
  0.204979  0.205504
  1.000000
  0.014519  0.013671  0.012911  0.012229  0.011618  0.011070  0.010578  0.010138
  0.009743  0.009389  0.009071  0.008787  0.008532  0.008303  0.008098  0.007914
  0.007749  0.007601  0.007469  0.007350  0.007243  0.007375  0.007346  0.007300
  0.007241  0.007168  0.007081  0.006981  0.006872  0.006757  0.006636  0.006508
  0.006374  0.006234  0.006088  0.005935  0.005776  0.005611  0.005439  0.005261
  0.005076  0.004885  0.004687  0.004482  0.004270  0.004051  0.003826  0.003592
  0.003350  0.003098  0.002834  0.002558  0.002272  0.001978  0.001679  0.001379
  0.001082  0.000794  0.000517  0.000253  0.000000 -0.000240 -0.000468 -0.000684
 -0.000890 -0.001086 -0.001271 -0.001445 -0.001608 -0.001760 -0.001899 -0.002025
 -0.002139 -0.002242 -0.002333 -0.002414 -0.002485 -0.002548 -0.002602 -0.002648
 -0.002687 -0.002720 -0.002747 -0.002768 -0.002785 -0.002797 -0.002805 -0.002809
 -0.002810 -0.002808 -0.002929 -0.002888 -0.002845 -0.002799 -0.002751 -0.002700
 -0.002646 -0.002589 -0.002529 -0.002465 -0.002398 -0.002327 -0.002252 -0.002172
 -0.002088 -0.002000
  1.000000
  0.000000  0.000000  0.000000  0.000000  0.000000  0.000000  0.000000  0.000000
  0.000000  0.000000  0.000000  0.000000  0.000000  0.000000  0.000000  0.000000
  0.000000  0.000000  0.000000  0.000000  0.000000  0.000461  0.000603  0.000707
  0.000800  0.000883  0.000956  0.001020  0.001081  0.001141  0.001201  0.001261
  0.001320  0.001380  0.001439  0.001498  0.001557  0.001615  0.001673  0.001730
  0.001787  0.001842  0.001897  0.001951  0.002004  0.002055  0.002105  0.002152
  0.002198  0.002241  0.002282  0.002320  0.002354  0.002383  0.002405  0.002421
  0.002430  0.002432  0.002425  0.002412  0.002392  0.002365  0.002332  0.002293
  0.002249  0.002199  0.002143  0.002081  0.002014  0.001943  0.001867  0.001790
  0.001709  0.001626  0.001542  0.001457  0.001371  0.001285  0.001199  0.001114
  0.001028  0.000944  0.000859  0.000776  0.000695  0.000615  0.000536  0.000460
  0.000385  0.000312  0.000000  0.000000  0.000000  0.000000  0.000000  0.000000
  0.000000  0.000000  0.000000  0.000000  0.000000  0.000000  0.000000  0.000000
  0.000000  0.000000
  1.000000
  0.507689  0.507685  0.507683  0.507681  0.507678  0.507674  0.507671  0.507668
  0.507665  0.507663  0.507660  0.507658  0.507656  0.507655  0.507653  0.507652
  0.507650  0.507649  0.507648  0.507647  0.507646  0.507645  0.507643  0.507642
  0.507640  0.507638  0.507636  0.507634  0.507632  0.507629  0.507627  0.507624
  0.507621  0.507618  0.507614  0.507610  0.507606  0.507602  0.507598  0.507592
  0.507587  0.507581  0.507575  0.507569  0.507562  0.507554  0.507546  0.507537
  0.507527  0.507517  0.507505  0.507492  0.507479  0.507464  0.507448  0.507431
  0.507414  0.507396  0.507377  0.507359  0.507341  0.507322  0.507304  0.507286
  0.507268  0.507250  0.507232  0.507214  0.507196  0.507179  0.507163  0.507147
  0.507131  0.507117  0.507103  0.507090  0.507078  0.507067  0.507056  0.507046
  0.507036  0.507028  0.507020  0.507012  0.507005  0.506999  0.506993  0.506988
  0.506983  0.506979  0.506975  0.506972  0.506970  0.506967  0.506964  0.506961
  0.506958  0.506955  0.506952  0.506948  0.506944  0.506941  0.506937  0.506932
  0.506928  0.506923
  BLADE ROW NUMBER =        8                                           
  106   21   91  292    0    0    1    1    1    1    0    0    0    0    0    0
       0.0  342873.5  342873.5  400600.4  400600.4   0.00000       0.0
  1.000000
  0.199997  0.200638  0.201213  0.201729  0.202191  0.202605  0.202977  0.203310
  0.203609  0.203876  0.204117  0.204332  0.204525  0.204698  0.204853  0.204992
  0.205117  0.205228  0.205329  0.205418  0.205499  0.205580  0.205664  0.205752
  0.205845  0.205942  0.206044  0.206152  0.206265  0.206385  0.206510  0.206643
  0.206782  0.206929  0.207084  0.207247  0.207417  0.207596  0.207784  0.207982
  0.208189  0.208407  0.208636  0.208876  0.209128  0.209394  0.209674  0.209969
  0.210281  0.210613  0.210970  0.211352  0.211759  0.212191  0.212645  0.213119
  0.213606  0.214097  0.214591  0.215084  0.215575  0.216063  0.216548  0.217033
  0.217519  0.218006  0.218494  0.218982  0.219469  0.219953  0.220431  0.220898
  0.221355  0.221800  0.222232  0.222651  0.223056  0.223449  0.223831  0.224201
  0.224559  0.224906  0.225241  0.225564  0.225876  0.226175  0.226464  0.226740
  0.227005  0.227258  0.227500  0.227742  0.227997  0.228267  0.228552  0.228854
  0.229173  0.229510  0.229866  0.230243  0.230641  0.231062  0.231507  0.231978
  0.232475  0.233001
  1.000000
 -0.017373 -0.016525 -0.015765 -0.015084 -0.014473 -0.013925 -0.013434 -0.012994
 -0.012599 -0.012245 -0.011928 -0.011643 -0.011388 -0.011160 -0.010955 -0.010771
 -0.010606 -0.010458 -0.010326 -0.010207 -0.010101 -0.009845 -0.009692 -0.009554
 -0.009418 -0.009277 -0.009130 -0.008978 -0.008819 -0.008653 -0.008480 -0.008301
 -0.008115 -0.007921 -0.007720 -0.007513 -0.007298 -0.007077 -0.006848 -0.006613
 -0.006371 -0.006122 -0.005866 -0.005604 -0.005334 -0.005058 -0.004776 -0.004485
 -0.004188 -0.003881 -0.003563 -0.003235 -0.002900 -0.002560 -0.002220 -0.001884
 -0.001558 -0.001250 -0.000961 -0.000691 -0.000440 -0.000210  0.000000  0.000192
  0.000367  0.000526  0.000666  0.000788  0.000893  0.000980  0.001049  0.001101
  0.001137  0.001158  0.001164  0.001158  0.001140  0.001112  0.001075  0.001030
  0.000976  0.000916  0.000850  0.000780  0.000705  0.000626  0.000545  0.000462
  0.000377  0.000292  0.000088  0.000047  0.000004 -0.000041 -0.000090 -0.000140
 -0.000194 -0.000251 -0.000311 -0.000375 -0.000442 -0.000513 -0.000589 -0.000668
 -0.000752 -0.000841
  1.000000
  0.000000  0.000000  0.000000  0.000000  0.000000  0.000000  0.000000  0.000000
  0.000000  0.000000  0.000000  0.000000  0.000000  0.000000  0.000000  0.000000
  0.000000  0.000000  0.000000  0.000000  0.000000  0.000324  0.000442  0.000522
  0.000582  0.000631  0.000673  0.000711  0.000749  0.000789  0.000831  0.000875
  0.000920  0.000967  0.001015  0.001065  0.001117  0.001170  0.001224  0.001280
  0.001337  0.001396  0.001456  0.001517  0.001579  0.001641  0.001704  0.001768
  0.001833  0.001898  0.001963  0.002029  0.002093  0.002155  0.002213  0.002268
  0.002315  0.002353  0.002384  0.002407  0.002421  0.002427  0.002425  0.002415
  0.002397  0.002371  0.002337  0.002294  0.002243  0.002185  0.002119  0.002048
  0.001972  0.001890  0.001803  0.001714  0.001621  0.001527  0.001429  0.001331
  0.001231  0.001130  0.001028  0.000926  0.000825  0.000724  0.000624  0.000526
  0.000429  0.000335  0.000000  0.000000  0.000000  0.000000  0.000000  0.000000
  0.000000  0.000000  0.000000  0.000000  0.000000  0.000000  0.000000  0.000000
  0.000000  0.000000
  1.000000
  0.493025  0.493032  0.493038  0.493043  0.493048  0.493052  0.493055  0.493058
  0.493061  0.493063  0.493065  0.493067  0.493069  0.493070  0.493071  0.493073
  0.493074  0.493075  0.493076  0.493076  0.493077  0.493078  0.493079  0.493080
  0.493082  0.493083  0.493084  0.493086  0.493087  0.493089  0.493091  0.493093
  0.493095  0.493097  0.493100  0.493103  0.493105  0.493108  0.493112  0.493115
  0.493119  0.493123  0.493128  0.493133  0.493138  0.493143  0.493149  0.493156
  0.493163  0.493171  0.493179  0.493189  0.493199  0.493210  0.493222  0.493235
  0.493248  0.493262  0.493277  0.493291  0.493306  0.493321  0.493336  0.493351
  0.493366  0.493382  0.493398  0.493414  0.493430  0.493446  0.493462  0.493477
  0.493492  0.493507  0.493522  0.493536  0.493549  0.493562  0.493575  0.493587
  0.493599  0.493610  0.493621  0.493632  0.493642  0.493651  0.493661  0.493669
  0.493678  0.493685  0.493693  0.493702  0.493711  0.493721  0.493730  0.493740
  0.493750  0.493760  0.493769  0.493779  0.493788  0.493797  0.493803  0.493808
  0.493812  0.493815
  1.000000
  0.199999  0.200640  0.201215  0.201730  0.202193  0.202607  0.202978  0.203311
  0.203610  0.203877  0.204117  0.204333  0.204525  0.204698  0.204853  0.204992
  0.205117  0.205229  0.205329  0.205419  0.205499  0.205580  0.205664  0.205752
  0.205845  0.205942  0.206044  0.206152  0.206265  0.206385  0.206510  0.206643
  0.206782  0.206929  0.207084  0.207246  0.207417  0.207596  0.207784  0.207981
  0.208189  0.208406  0.208635  0.208875  0.209128  0.209394  0.209674  0.209969
  0.210280  0.210612  0.210969  0.211351  0.211759  0.212190  0.212645  0.213119
  0.213605  0.214097  0.214590  0.215083  0.215575  0.216063  0.216548  0.217032
  0.217518  0.218006  0.218494  0.218982  0.219469  0.219953  0.220430  0.220898
  0.221355  0.221800  0.222232  0.222651  0.223056  0.223449  0.223831  0.224201
  0.224559  0.224906  0.225241  0.225564  0.225876  0.226176  0.226464  0.226741
  0.227006  0.227259  0.227500  0.227742  0.227997  0.228267  0.228553  0.228854
  0.229173  0.229510  0.229867  0.230244  0.230642  0.231063  0.231508  0.231978
  0.232476  0.233001
  1.000000
 -0.017369 -0.016522 -0.015762 -0.015081 -0.014470 -0.013922 -0.013431 -0.012991
 -0.012596 -0.012242 -0.011925 -0.011641 -0.011386 -0.011157 -0.010952 -0.010768
 -0.010604 -0.010456 -0.010324 -0.010205 -0.010098 -0.009843 -0.009690 -0.009552
 -0.009416 -0.009275 -0.009129 -0.008976 -0.008817 -0.008651 -0.008479 -0.008299
 -0.008113 -0.007919 -0.007719 -0.007511 -0.007296 -0.007075 -0.006847 -0.006612
 -0.006370 -0.006121 -0.005865 -0.005602 -0.005333 -0.005057 -0.004774 -0.004484
 -0.004187 -0.003880 -0.003562 -0.003234 -0.002899 -0.002559 -0.002220 -0.001883
 -0.001558 -0.001250 -0.000960 -0.000690 -0.000440 -0.000210  0.000000  0.000192
  0.000367  0.000526  0.000666  0.000788  0.000893  0.000979  0.001048  0.001100
  0.001137  0.001157  0.001163  0.001157  0.001140  0.001112  0.001074  0.001029
  0.000976  0.000915  0.000850  0.000779  0.000704  0.000625  0.000544  0.000461
  0.000377  0.000291  0.000088  0.000047  0.000004 -0.000042 -0.000090 -0.000141
 -0.000195 -0.000252 -0.000312 -0.000376 -0.000443 -0.000514 -0.000589 -0.000668
 -0.000752 -0.000841
  1.000000
  0.000000  0.000000  0.000000  0.000000  0.000000  0.000000  0.000000  0.000000
  0.000000  0.000000  0.000000  0.000000  0.000000  0.000000  0.000000  0.000000
  0.000000  0.000000  0.000000  0.000000  0.000000  0.000324  0.000442  0.000522
  0.000581  0.000631  0.000673  0.000711  0.000749  0.000789  0.000831  0.000875
  0.000920  0.000966  0.001015  0.001065  0.001116  0.001169  0.001224  0.001279
  0.001337  0.001395  0.001455  0.001516  0.001578  0.001641  0.001703  0.001768
  0.001832  0.001897  0.001963  0.002028  0.002092  0.002154  0.002213  0.002267
  0.002314  0.002353  0.002383  0.002406  0.002421  0.002426  0.002424  0.002414
  0.002396  0.002370  0.002336  0.002293  0.002243  0.002184  0.002119  0.002047
  0.001971  0.001889  0.001803  0.001713  0.001621  0.001526  0.001429  0.001330
  0.001230  0.001129  0.001028  0.000926  0.000825  0.000724  0.000624  0.000526
  0.000429  0.000334  0.000000  0.000000  0.000000  0.000000  0.000000  0.000000
  0.000000  0.000000  0.000000  0.000000  0.000000  0.000000  0.000000  0.000000
  0.000000  0.000000
  1.000000
  0.500000  0.500000  0.500000  0.500000  0.500000  0.500000  0.500000  0.500000
  0.500000  0.500000  0.500000  0.500000  0.500000  0.500000  0.500000  0.500000
  0.500000  0.500000  0.500000  0.500000  0.500000  0.500000  0.500000  0.500000
  0.500000  0.500000  0.500000  0.500000  0.500000  0.500000  0.500000  0.500000
  0.500000  0.500000  0.500000  0.500000  0.500000  0.500000  0.500000  0.500000
  0.500000  0.500000  0.500000  0.500000  0.500000  0.500000  0.500000  0.500000
  0.500000  0.500000  0.500000  0.500000  0.500000  0.500000  0.500000  0.500000
  0.500000  0.500000  0.500000  0.500000  0.500000  0.500000  0.500000  0.500000
  0.500000  0.500000  0.500000  0.500000  0.500000  0.500000  0.500000  0.500000
  0.500000  0.500000  0.500000  0.500000  0.500000  0.500000  0.500000  0.500000
  0.500000  0.500000  0.500000  0.500000  0.500000  0.500000  0.500000  0.500000
  0.500000  0.500000  0.500000  0.500000  0.500000  0.500000  0.500000  0.500000
  0.500000  0.500000  0.500000  0.500000  0.500000  0.500000  0.500000  0.500000
  0.500000  0.500000
  1.000000
  0.199997  0.200638  0.201213  0.201729  0.202191  0.202606  0.202977  0.203310
  0.203609  0.203877  0.204117  0.204332  0.204525  0.204698  0.204853  0.204992
  0.205117  0.205228  0.205329  0.205418  0.205499  0.205580  0.205664  0.205752
  0.205845  0.205942  0.206044  0.206152  0.206265  0.206385  0.206510  0.206643
  0.206782  0.206929  0.207084  0.207247  0.207417  0.207596  0.207784  0.207982
  0.208189  0.208407  0.208636  0.208876  0.209128  0.209394  0.209674  0.209969
  0.210281  0.210613  0.210970  0.211352  0.211759  0.212191  0.212645  0.213119
  0.213606  0.214097  0.214591  0.215084  0.215575  0.216064  0.216548  0.217033
  0.217519  0.218006  0.218494  0.218982  0.219469  0.219953  0.220431  0.220898
  0.221355  0.221800  0.222232  0.222651  0.223056  0.223449  0.223831  0.224201
  0.224559  0.224906  0.225241  0.225564  0.225876  0.226176  0.226464  0.226740
  0.227005  0.227259  0.227500  0.227742  0.227997  0.228267  0.228552  0.228854
  0.229173  0.229510  0.229866  0.230243  0.230641  0.231062  0.231507  0.231978
  0.232476  0.233002
  1.000000
 -0.017379 -0.016531 -0.015771 -0.015089 -0.014478 -0.013930 -0.013439 -0.012998
 -0.012603 -0.012249 -0.011932 -0.011647 -0.011392 -0.011163 -0.010958 -0.010775
 -0.010610 -0.010462 -0.010329 -0.010211 -0.010104 -0.009848 -0.009695 -0.009557
 -0.009421 -0.009280 -0.009134 -0.008981 -0.008822 -0.008656 -0.008483 -0.008304
 -0.008118 -0.007924 -0.007723 -0.007515 -0.007300 -0.007079 -0.006851 -0.006616
 -0.006373 -0.006124 -0.005868 -0.005605 -0.005336 -0.005059 -0.004777 -0.004487
 -0.004189 -0.003882 -0.003564 -0.003236 -0.002900 -0.002560 -0.002221 -0.001884
 -0.001559 -0.001250 -0.000961 -0.000691 -0.000441 -0.000210  0.000000  0.000192
  0.000367  0.000526  0.000666  0.000788  0.000893  0.000980  0.001049  0.001101
  0.001137  0.001157  0.001164  0.001157  0.001140  0.001112  0.001074  0.001029
  0.000975  0.000915  0.000849  0.000779  0.000704  0.000625  0.000544  0.000461
  0.000376  0.000291  0.000087  0.000046  0.000003 -0.000042 -0.000091 -0.000142
 -0.000195 -0.000252 -0.000313 -0.000376 -0.000443 -0.000515 -0.000590 -0.000669
 -0.000753 -0.000842
  1.000000
  0.000000  0.000000  0.000000  0.000000  0.000000  0.000000  0.000000  0.000000
  0.000000  0.000000  0.000000  0.000000  0.000000  0.000000  0.000000  0.000000
  0.000000  0.000000  0.000000  0.000000  0.000000  0.000324  0.000442  0.000522
  0.000582  0.000631  0.000673  0.000711  0.000749  0.000789  0.000831  0.000875
  0.000920  0.000967  0.001015  0.001065  0.001117  0.001170  0.001224  0.001280
  0.001337  0.001396  0.001456  0.001517  0.001579  0.001641  0.001704  0.001768
  0.001833  0.001898  0.001963  0.002029  0.002093  0.002155  0.002213  0.002268
  0.002315  0.002353  0.002384  0.002407  0.002421  0.002427  0.002425  0.002415
  0.002397  0.002371  0.002337  0.002294  0.002243  0.002185  0.002119  0.002048
  0.001972  0.001890  0.001803  0.001714  0.001621  0.001527  0.001429  0.001331
  0.001231  0.001130  0.001028  0.000926  0.000825  0.000724  0.000624  0.000526
  0.000429  0.000335  0.000000  0.000000  0.000000  0.000000  0.000000  0.000000
  0.000000  0.000000  0.000000  0.000000  0.000000  0.000000  0.000000  0.000000
  0.000000  0.000000
  1.000000
  0.506975  0.506968  0.506963  0.506958  0.506953  0.506949  0.506946  0.506943
  0.506940  0.506938  0.506936  0.506934  0.506932  0.506930  0.506929  0.506928
  0.506927  0.506926  0.506925  0.506924  0.506923  0.506922  0.506921  0.506920
  0.506918  0.506917  0.506916  0.506914  0.506913  0.506911  0.506909  0.506907
  0.506905  0.506902  0.506900  0.506897  0.506894  0.506891  0.506888  0.506884
  0.506880  0.506876  0.506871  0.506867  0.506861  0.506856  0.506850  0.506843
  0.506836  0.506828  0.506820  0.506810  0.506800  0.506789  0.506777  0.506764
  0.506751  0.506737  0.506723  0.506708  0.506693  0.506678  0.506663  0.506648
  0.506633  0.506617  0.506601  0.506585  0.506570  0.506554  0.506538  0.506522
  0.506507  0.506492  0.506478  0.506464  0.506450  0.506437  0.506425  0.506413
  0.506401  0.506389  0.506379  0.506368  0.506358  0.506349  0.506339  0.506331
  0.506322  0.506314  0.506307  0.506298  0.506289  0.506279  0.506270  0.506260
  0.506250  0.506240  0.506231  0.506221  0.506212  0.506203  0.506197  0.506192
  0.506188  0.506185
  BLADE ROW NUMBER =        9                                           
  106   21   91  293    0    0    1    1    1    1    0    0    0    0    0    0
    3600.0  400600.4  400600.4  464940.7  464940.7   0.00000    3600.0
  1.000000
  0.232997  0.233639  0.234214  0.234729  0.235191  0.235606  0.235977  0.236310
  0.236609  0.236877  0.237117  0.237332  0.237525  0.237698  0.237853  0.237992
  0.238117  0.238228  0.238329  0.238418  0.238499  0.238580  0.238664  0.238752
  0.238845  0.238942  0.239044  0.239152  0.239265  0.239384  0.239510  0.239643
  0.239782  0.239929  0.240084  0.240246  0.240417  0.240596  0.240784  0.240982
  0.241189  0.241407  0.241635  0.241876  0.242128  0.242394  0.242674  0.242969
  0.243280  0.243612  0.243969  0.244352  0.244759  0.245191  0.245645  0.246119
  0.246606  0.247097  0.247590  0.248083  0.248575  0.249063  0.249548  0.250032
  0.250518  0.251006  0.251494  0.251982  0.252469  0.252953  0.253430  0.253898
  0.254355  0.254800  0.255232  0.255651  0.256056  0.256450  0.256831  0.257201
  0.257560  0.257906  0.258241  0.258564  0.258876  0.259176  0.259464  0.259741
  0.260006  0.260259  0.260501  0.260743  0.260998  0.261268  0.261554  0.261855
  0.262174  0.262512  0.262868  0.263245  0.263643  0.264064  0.264509  0.264980
  0.265478  0.266003
  1.000000
  0.014511  0.013663  0.012903  0.012222  0.011611  0.011063  0.010572  0.010132
  0.009737  0.009383  0.009066  0.008781  0.008526  0.008298  0.008093  0.007909
  0.007744  0.007596  0.007464  0.007345  0.007239  0.007370  0.007342  0.007295
  0.007236  0.007164  0.007077  0.006977  0.006868  0.006753  0.006631  0.006504
  0.006370  0.006231  0.006084  0.005931  0.005772  0.005607  0.005436  0.005258
  0.005073  0.004882  0.004684  0.004480  0.004268  0.004049  0.003824  0.003590
  0.003348  0.003097  0.002832  0.002557  0.002271  0.001977  0.001679  0.001378
  0.001082  0.000794  0.000517  0.000253  0.000000 -0.000240 -0.000468 -0.000684
 -0.000890 -0.001086 -0.001270 -0.001445 -0.001608 -0.001760 -0.001899 -0.002025
 -0.002140 -0.002242 -0.002334 -0.002415 -0.002486 -0.002549 -0.002603 -0.002649
 -0.002688 -0.002721 -0.002748 -0.002770 -0.002786 -0.002798 -0.002806 -0.002810
 -0.002811 -0.002810 -0.002930 -0.002890 -0.002847 -0.002801 -0.002753 -0.002702
 -0.002648 -0.002591 -0.002531 -0.002467 -0.002400 -0.002329 -0.002254 -0.002174
 -0.002090 -0.002002
  1.000000
  0.000000  0.000000  0.000000  0.000000  0.000000  0.000000  0.000000  0.000000
  0.000000  0.000000  0.000000  0.000000  0.000000  0.000000  0.000000  0.000000
  0.000000  0.000000  0.000000  0.000000  0.000000  0.000461  0.000603  0.000707
  0.000800  0.000883  0.000956  0.001020  0.001081  0.001141  0.001201  0.001260
  0.001320  0.001379  0.001439  0.001498  0.001556  0.001615  0.001672  0.001730
  0.001786  0.001842  0.001897  0.001951  0.002003  0.002054  0.002104  0.002152
  0.002197  0.002241  0.002282  0.002320  0.002353  0.002382  0.002405  0.002421
  0.002429  0.002432  0.002425  0.002412  0.002391  0.002365  0.002332  0.002293
  0.002249  0.002198  0.002143  0.002081  0.002014  0.001942  0.001867  0.001789
  0.001708  0.001626  0.001541  0.001456  0.001371  0.001285  0.001199  0.001114
  0.001028  0.000943  0.000859  0.000776  0.000695  0.000614  0.000536  0.000459
  0.000385  0.000312  0.000000  0.000000  0.000000  0.000000  0.000000  0.000000
  0.000000  0.000000  0.000000  0.000000  0.000000  0.000000  0.000000  0.000000
  0.000000  0.000000
  1.000000
  0.493815  0.493817  0.493819  0.493820  0.493822  0.493825  0.493827  0.493829
  0.493831  0.493833  0.493835  0.493836  0.493838  0.493839  0.493840  0.493841
  0.493842  0.493843  0.493844  0.493844  0.493845  0.493846  0.493847  0.493848
  0.493849  0.493851  0.493852  0.493854  0.493855  0.493857  0.493859  0.493861
  0.493863  0.493865  0.493868  0.493871  0.493873  0.493877  0.493880  0.493883
  0.493887  0.493891  0.493896  0.493901  0.493906  0.493911  0.493917  0.493924
  0.493931  0.493938  0.493947  0.493956  0.493965  0.493976  0.493987  0.494000
  0.494012  0.494025  0.494039  0.494052  0.494065  0.494078  0.494091  0.494105
  0.494118  0.494131  0.494144  0.494156  0.494169  0.494182  0.494194  0.494205
  0.494216  0.494227  0.494237  0.494246  0.494255  0.494263  0.494271  0.494278
  0.494285  0.494292  0.494297  0.494303  0.494308  0.494312  0.494317  0.494321
  0.494324  0.494327  0.494330  0.494332  0.494334  0.494336  0.494338  0.494340
  0.494343  0.494345  0.494347  0.494350  0.494353  0.494355  0.494358  0.494361
  0.494364  0.494367
  1.000000
  0.232999  0.233640  0.234215  0.234730  0.235192  0.235606  0.235978  0.236311
  0.236609  0.236877  0.237117  0.237332  0.237525  0.237698  0.237853  0.237992
  0.238117  0.238228  0.238329  0.238419  0.238499  0.238580  0.238664  0.238752
  0.238845  0.238942  0.239044  0.239152  0.239265  0.239384  0.239510  0.239643
  0.239782  0.239929  0.240084  0.240246  0.240417  0.240596  0.240784  0.240981
  0.241189  0.241406  0.241635  0.241875  0.242128  0.242394  0.242673  0.242969
  0.243280  0.243612  0.243969  0.244351  0.244759  0.245190  0.245644  0.246119
  0.246605  0.247097  0.247590  0.248083  0.248575  0.249063  0.249548  0.250032
  0.250518  0.251006  0.251494  0.251982  0.252469  0.252953  0.253431  0.253898
  0.254355  0.254800  0.255232  0.255651  0.256057  0.256450  0.256832  0.257202
  0.257560  0.257906  0.258242  0.258565  0.258876  0.259176  0.259465  0.259741
  0.260006  0.260259  0.260501  0.260743  0.260998  0.261268  0.261553  0.261855
  0.262174  0.262511  0.262868  0.263244  0.263643  0.264064  0.264509  0.264979
  0.265476  0.266002
  1.000000
  0.014510  0.013662  0.012902  0.012221  0.011610  0.011062  0.010571  0.010131
  0.009736  0.009382  0.009065  0.008781  0.008526  0.008297  0.008092  0.007908
  0.007744  0.007596  0.007463  0.007345  0.007238  0.007370  0.007341  0.007295
  0.007236  0.007163  0.007077  0.006976  0.006867  0.006752  0.006631  0.006504
  0.006370  0.006230  0.006084  0.005931  0.005772  0.005607  0.005435  0.005257
  0.005073  0.004882  0.004684  0.004479  0.004268  0.004049  0.003823  0.003589
  0.003348  0.003096  0.002832  0.002556  0.002270  0.001977  0.001678  0.001378
  0.001081  0.000794  0.000517  0.000253  0.000000 -0.000240 -0.000467 -0.000684
 -0.000890 -0.001086 -0.001270 -0.001444 -0.001607 -0.001759 -0.001898 -0.002025
 -0.002139 -0.002241 -0.002333 -0.002414 -0.002485 -0.002547 -0.002601 -0.002648
 -0.002687 -0.002720 -0.002747 -0.002768 -0.002785 -0.002797 -0.002804 -0.002809
 -0.002810 -0.002808 -0.002929 -0.002888 -0.002845 -0.002799 -0.002751 -0.002700
 -0.002646 -0.002589 -0.002529 -0.002466 -0.002398 -0.002327 -0.002252 -0.002173
 -0.002089 -0.002000
  1.000000
  0.000000  0.000000  0.000000  0.000000  0.000000  0.000000  0.000000  0.000000
  0.000000  0.000000  0.000000  0.000000  0.000000  0.000000  0.000000  0.000000
  0.000000  0.000000  0.000000  0.000000  0.000000  0.000461  0.000603  0.000707
  0.000800  0.000883  0.000956  0.001020  0.001080  0.001140  0.001200  0.001260
  0.001320  0.001379  0.001438  0.001497  0.001556  0.001614  0.001672  0.001729
  0.001786  0.001842  0.001896  0.001950  0.002003  0.002054  0.002104  0.002151
  0.002197  0.002240  0.002281  0.002319  0.002353  0.002381  0.002404  0.002420
  0.002429  0.002431  0.002424  0.002411  0.002391  0.002364  0.002331  0.002292
  0.002248  0.002198  0.002142  0.002080  0.002013  0.001942  0.001866  0.001789
  0.001708  0.001625  0.001541  0.001456  0.001370  0.001285  0.001199  0.001113
  0.001028  0.000943  0.000859  0.000776  0.000694  0.000614  0.000536  0.000459
  0.000385  0.000312  0.000000  0.000000  0.000000  0.000000  0.000000  0.000000
  0.000000  0.000000  0.000000  0.000000  0.000000  0.000000  0.000000  0.000000
  0.000000  0.000000
  1.000000
  0.500000  0.500000  0.500000  0.500000  0.500000  0.500000  0.500000  0.500000
  0.500000  0.500000  0.500000  0.500000  0.500000  0.500000  0.500000  0.500000
  0.500000  0.500000  0.500000  0.500000  0.500000  0.500000  0.500000  0.500000
  0.500000  0.500000  0.500000  0.500000  0.500000  0.500000  0.500000  0.500000
  0.500000  0.500000  0.500000  0.500000  0.500000  0.500000  0.500000  0.500000
  0.500000  0.500000  0.500000  0.500000  0.500000  0.500000  0.500000  0.500000
  0.500000  0.500000  0.500000  0.500000  0.500000  0.500000  0.500000  0.500000
  0.500000  0.500000  0.500000  0.500000  0.500000  0.500000  0.500000  0.500000
  0.500000  0.500000  0.500000  0.500000  0.500000  0.500000  0.500000  0.500000
  0.500000  0.500000  0.500000  0.500000  0.500000  0.500000  0.500000  0.500000
  0.500000  0.500000  0.500000  0.500000  0.500000  0.500000  0.500000  0.500000
  0.500000  0.500000  0.500000  0.500000  0.500000  0.500000  0.500000  0.500000
  0.500000  0.500000  0.500000  0.500000  0.500000  0.500000  0.500000  0.500000
  0.500000  0.500000
  1.000000
  0.232997  0.233639  0.234214  0.234729  0.235191  0.235606  0.235977  0.236310
  0.236609  0.236877  0.237117  0.237332  0.237525  0.237698  0.237853  0.237992
  0.238117  0.238228  0.238329  0.238418  0.238499  0.238580  0.238664  0.238752
  0.238845  0.238942  0.239044  0.239152  0.239265  0.239384  0.239510  0.239643
  0.239782  0.239929  0.240084  0.240246  0.240417  0.240596  0.240784  0.240982
  0.241189  0.241407  0.241635  0.241876  0.242128  0.242394  0.242674  0.242969
  0.243280  0.243612  0.243969  0.244352  0.244759  0.245191  0.245645  0.246119
  0.246606  0.247097  0.247590  0.248083  0.248575  0.249063  0.249548  0.250032
  0.250518  0.251006  0.251494  0.251982  0.252469  0.252953  0.253430  0.253898
  0.254355  0.254800  0.255232  0.255651  0.256056  0.256450  0.256831  0.257201
  0.257560  0.257906  0.258241  0.258564  0.258876  0.259176  0.259464  0.259741
  0.260006  0.260259  0.260501  0.260743  0.260998  0.261268  0.261554  0.261855
  0.262174  0.262512  0.262868  0.263245  0.263643  0.264064  0.264509  0.264980
  0.265478  0.266003
  1.000000
  0.014515  0.013667  0.012907  0.012225  0.011614  0.011067  0.010575  0.010135
  0.009740  0.009386  0.009069  0.008784  0.008529  0.008301  0.008095  0.007912
  0.007747  0.007599  0.007467  0.007348  0.007241  0.007373  0.007344  0.007298
  0.007239  0.007166  0.007079  0.006979  0.006870  0.006755  0.006634  0.006506
  0.006373  0.006233  0.006086  0.005933  0.005774  0.005609  0.005438  0.005260
  0.005075  0.004884  0.004686  0.004481  0.004269  0.004050  0.003825  0.003591
  0.003349  0.003097  0.002833  0.002557  0.002271  0.001977  0.001679  0.001378
  0.001082  0.000794  0.000517  0.000253  0.000000 -0.000240 -0.000467 -0.000684
 -0.000890 -0.001086 -0.001270 -0.001444 -0.001608 -0.001759 -0.001899 -0.002025
 -0.002139 -0.002242 -0.002333 -0.002414 -0.002485 -0.002547 -0.002601 -0.002648
 -0.002687 -0.002720 -0.002747 -0.002768 -0.002785 -0.002796 -0.002804 -0.002809
 -0.002809 -0.002808 -0.002928 -0.002888 -0.002845 -0.002799 -0.002751 -0.002700
 -0.002646 -0.002589 -0.002529 -0.002465 -0.002398 -0.002327 -0.002252 -0.002172
 -0.002088 -0.001999
  1.000000
  0.000000  0.000000  0.000000  0.000000  0.000000  0.000000  0.000000  0.000000
  0.000000  0.000000  0.000000  0.000000  0.000000  0.000000  0.000000  0.000000
  0.000000  0.000000  0.000000  0.000000  0.000000  0.000461  0.000603  0.000707
  0.000800  0.000883  0.000956  0.001020  0.001081  0.001141  0.001201  0.001260
  0.001320  0.001379  0.001439  0.001498  0.001556  0.001615  0.001672  0.001730
  0.001786  0.001842  0.001897  0.001951  0.002003  0.002054  0.002104  0.002152
  0.002197  0.002241  0.002282  0.002320  0.002353  0.002382  0.002405  0.002421
  0.002429  0.002432  0.002425  0.002412  0.002391  0.002365  0.002332  0.002293
  0.002249  0.002198  0.002143  0.002081  0.002014  0.001942  0.001867  0.001789
  0.001708  0.001626  0.001541  0.001456  0.001371  0.001285  0.001199  0.001114
  0.001028  0.000943  0.000859  0.000776  0.000695  0.000614  0.000536  0.000459
  0.000385  0.000312  0.000000  0.000000  0.000000  0.000000  0.000000  0.000000
  0.000000  0.000000  0.000000  0.000000  0.000000  0.000000  0.000000  0.000000
  0.000000  0.000000
  1.000000
  0.506185  0.506183  0.506181  0.506180  0.506178  0.506175  0.506173  0.506171
  0.506169  0.506167  0.506165  0.506164  0.506162  0.506161  0.506160  0.506159
  0.506158  0.506157  0.506156  0.506156  0.506155  0.506154  0.506153  0.506152
  0.506151  0.506149  0.506148  0.506146  0.506145  0.506143  0.506141  0.506139
  0.506137  0.506135  0.506132  0.506129  0.506127  0.506123  0.506120  0.506117
  0.506113  0.506109  0.506104  0.506099  0.506094  0.506089  0.506083  0.506076
  0.506069  0.506062  0.506054  0.506044  0.506035  0.506024  0.506012  0.506000
  0.505988  0.505975  0.505962  0.505948  0.505935  0.505922  0.505909  0.505896
  0.505883  0.505869  0.505856  0.505843  0.505831  0.505819  0.505806  0.505795
  0.505784  0.505773  0.505763  0.505754  0.505745  0.505737  0.505729  0.505722
  0.505715  0.505709  0.505702  0.505697  0.505692  0.505688  0.505683  0.505680
  0.505676  0.505673  0.505670  0.505668  0.505666  0.505664  0.505662  0.505660
  0.505657  0.505655  0.505652  0.505650  0.505647  0.505645  0.505642  0.505639
  0.505636  0.505633
  BLADE ROW NUMBER =       10                                           
  106   21   91  294    0    0    1    1    1    1    0    0    0    0    0    0
       0.0  464940.7  464940.7  535518.7  535518.7   0.00000       0.0
  1.000000
  0.260499  0.261140  0.261715  0.262231  0.262693  0.263107  0.263478  0.263812
  0.264110  0.264378  0.264618  0.264833  0.265026  0.265199  0.265354  0.265493
  0.265618  0.265729  0.265830  0.265919  0.266000  0.266081  0.266165  0.266253
  0.266346  0.266443  0.266545  0.266653  0.266766  0.266885  0.267011  0.267144
  0.267283  0.267430  0.267585  0.267747  0.267918  0.268097  0.268285  0.268482
  0.268690  0.268907  0.269136  0.269376  0.269629  0.269895  0.270174  0.270470
  0.270781  0.271113  0.271470  0.271852  0.272260  0.272691  0.273145  0.273620
  0.274106  0.274597  0.275091  0.275584  0.276075  0.276564  0.277048  0.277533
  0.278019  0.278506  0.278994  0.279483  0.279969  0.280454  0.280931  0.281398
  0.281855  0.282300  0.282732  0.283151  0.283556  0.283950  0.284331  0.284701
  0.285059  0.285406  0.285741  0.286064  0.286376  0.286676  0.286964  0.287240
  0.287505  0.287758  0.288000  0.288242  0.288497  0.288767  0.289052  0.289354
  0.289673  0.290010  0.290366  0.290743  0.291141  0.291562  0.292007  0.292478
  0.292975  0.293501
  1.000000
 -0.017370 -0.016522 -0.015763 -0.015081 -0.014470 -0.013923 -0.013432 -0.012992
 -0.012597 -0.012243 -0.011926 -0.011641 -0.011386 -0.011158 -0.010953 -0.010769
 -0.010604 -0.010456 -0.010324 -0.010205 -0.010099 -0.009843 -0.009690 -0.009552
 -0.009416 -0.009276 -0.009129 -0.008976 -0.008817 -0.008651 -0.008479 -0.008300
 -0.008113 -0.007920 -0.007719 -0.007511 -0.007297 -0.007075 -0.006847 -0.006612
 -0.006370 -0.006121 -0.005865 -0.005603 -0.005333 -0.005057 -0.004775 -0.004484
 -0.004187 -0.003881 -0.003563 -0.003234 -0.002899 -0.002559 -0.002220 -0.001883
 -0.001558 -0.001250 -0.000961 -0.000690 -0.000440 -0.000210  0.000000  0.000192
  0.000367  0.000526  0.000666  0.000788  0.000893  0.000980  0.001049  0.001101
  0.001137  0.001157  0.001164  0.001158  0.001140  0.001112  0.001075  0.001029
  0.000976  0.000916  0.000850  0.000779  0.000704  0.000626  0.000545  0.000462
  0.000377  0.000292  0.000088  0.000047  0.000004 -0.000041 -0.000090 -0.000141
 -0.000194 -0.000251 -0.000312 -0.000375 -0.000442 -0.000513 -0.000589 -0.000668
 -0.000752 -0.000841
  1.000000
  0.000000  0.000000  0.000000  0.000000  0.000000  0.000000  0.000000  0.000000
  0.000000  0.000000  0.000000  0.000000  0.000000  0.000000  0.000000  0.000000
  0.000000  0.000000  0.000000  0.000000  0.000000  0.000324  0.000442  0.000522
  0.000582  0.000631  0.000673  0.000711  0.000749  0.000789  0.000831  0.000875
  0.000920  0.000967  0.001015  0.001065  0.001117  0.001170  0.001224  0.001280
  0.001337  0.001396  0.001455  0.001516  0.001578  0.001641  0.001704  0.001768
  0.001832  0.001897  0.001963  0.002028  0.002093  0.002155  0.002213  0.002267
  0.002314  0.002353  0.002384  0.002407  0.002421  0.002427  0.002425  0.002414
  0.002396  0.002371  0.002336  0.002294  0.002243  0.002184  0.002119  0.002047
  0.001971  0.001889  0.001803  0.001713  0.001621  0.001526  0.001429  0.001331
  0.001231  0.001129  0.001028  0.000926  0.000825  0.000724  0.000624  0.000526
  0.000429  0.000334  0.000000  0.000000  0.000000  0.000000  0.000000  0.000000
  0.000000  0.000000  0.000000  0.000000  0.000000  0.000000  0.000000  0.000000
  0.000000  0.000000
  1.000000
  0.494330  0.494335  0.494339  0.494343  0.494346  0.494349  0.494352  0.494354
  0.494355  0.494357  0.494359  0.494360  0.494361  0.494362  0.494363  0.494364
  0.494365  0.494365  0.494366  0.494366  0.494367  0.494368  0.494369  0.494369
  0.494370  0.494371  0.494372  0.494373  0.494374  0.494376  0.494377  0.494378
  0.494380  0.494382  0.494383  0.494385  0.494387  0.494390  0.494392  0.494395
  0.494397  0.494400  0.494404  0.494407  0.494411  0.494415  0.494419  0.494424
  0.494429  0.494435  0.494441  0.494448  0.494455  0.494463  0.494472  0.494481
  0.494491  0.494502  0.494512  0.494523  0.494533  0.494545  0.494556  0.494567
  0.494578  0.494590  0.494601  0.494613  0.494625  0.494637  0.494649  0.494660
  0.494672  0.494683  0.494694  0.494704  0.494714  0.494724  0.494734  0.494743
  0.494752  0.494761  0.494769  0.494777  0.494785  0.494792  0.494799  0.494806
  0.494812  0.494818  0.494824  0.494831  0.494838  0.494845  0.494853  0.494861
  0.494868  0.494876  0.494884  0.494891  0.494899  0.494905  0.494910  0.494914
  0.494917  0.494920
  1.000000
  0.260500  0.261141  0.261716  0.262231  0.262693  0.263108  0.263479  0.263812
  0.264111  0.264378  0.264618  0.264833  0.265026  0.265199  0.265354  0.265493
  0.265618  0.265730  0.265830  0.265920  0.266000  0.266081  0.266165  0.266253
  0.266346  0.266443  0.266545  0.266653  0.266766  0.266885  0.267011  0.267144
  0.267283  0.267430  0.267585  0.267747  0.267918  0.268097  0.268285  0.268482
  0.268689  0.268907  0.269136  0.269376  0.269629  0.269894  0.270174  0.270469
  0.270781  0.271113  0.271470  0.271852  0.272259  0.272691  0.273145  0.273619
  0.274106  0.274597  0.275090  0.275583  0.276075  0.276563  0.277048  0.277532
  0.278018  0.278506  0.278994  0.279482  0.279969  0.280453  0.280930  0.281398
  0.281855  0.282300  0.282732  0.283151  0.283556  0.283949  0.284331  0.284701
  0.285059  0.285406  0.285741  0.286064  0.286376  0.286676  0.286964  0.287240
  0.287505  0.287759  0.288000  0.288242  0.288497  0.288767  0.289052  0.289354
  0.289673  0.290010  0.290366  0.290743  0.291141  0.291562  0.292007  0.292478
  0.292975  0.293501
  1.000000
 -0.017369 -0.016521 -0.015761 -0.015080 -0.014469 -0.013922 -0.013431 -0.012990
 -0.012596 -0.012242 -0.011925 -0.011640 -0.011385 -0.011157 -0.010952 -0.010768
 -0.010603 -0.010456 -0.010323 -0.010204 -0.010098 -0.009842 -0.009689 -0.009551
 -0.009416 -0.009275 -0.009128 -0.008975 -0.008816 -0.008651 -0.008478 -0.008299
 -0.008113 -0.007919 -0.007718 -0.007511 -0.007296 -0.007075 -0.006847 -0.006612
 -0.006370 -0.006121 -0.005865 -0.005602 -0.005333 -0.005056 -0.004774 -0.004484
 -0.004187 -0.003880 -0.003562 -0.003234 -0.002899 -0.002559 -0.002219 -0.001883
 -0.001558 -0.001250 -0.000960 -0.000690 -0.000440 -0.000210  0.000000  0.000192
  0.000367  0.000526  0.000666  0.000788  0.000892  0.000979  0.001048  0.001100
  0.001137  0.001157  0.001163  0.001157  0.001140  0.001112  0.001074  0.001029
  0.000975  0.000915  0.000850  0.000779  0.000704  0.000625  0.000544  0.000461
  0.000376  0.000291  0.000088  0.000047  0.000004 -0.000042 -0.000090 -0.000141
 -0.000195 -0.000252 -0.000312 -0.000375 -0.000443 -0.000514 -0.000589 -0.000668
 -0.000752 -0.000841
  1.000000
  0.000000  0.000000  0.000000  0.000000  0.000000  0.000000  0.000000  0.000000
  0.000000  0.000000  0.000000  0.000000  0.000000  0.000000  0.000000  0.000000
  0.000000  0.000000  0.000000  0.000000  0.000000  0.000324  0.000442  0.000522
  0.000581  0.000631  0.000673  0.000711  0.000749  0.000789  0.000831  0.000874
  0.000920  0.000966  0.001015  0.001065  0.001116  0.001169  0.001224  0.001279
  0.001337  0.001395  0.001455  0.001516  0.001578  0.001641  0.001703  0.001767
  0.001832  0.001897  0.001963  0.002028  0.002092  0.002154  0.002212  0.002267
  0.002314  0.002352  0.002383  0.002406  0.002420  0.002426  0.002424  0.002414
  0.002396  0.002370  0.002335  0.002293  0.002242  0.002184  0.002119  0.002047
  0.001971  0.001889  0.001803  0.001713  0.001621  0.001526  0.001429  0.001330
  0.001230  0.001129  0.001028  0.000926  0.000824  0.000724  0.000624  0.000526
  0.000429  0.000334  0.000000  0.000000  0.000000  0.000000  0.000000  0.000000
  0.000000  0.000000  0.000000  0.000000  0.000000  0.000000  0.000000  0.000000
  0.000000  0.000000
  1.000000
  0.500000  0.500000  0.500000  0.500000  0.500000  0.500000  0.500000  0.500000
  0.500000  0.500000  0.500000  0.500000  0.500000  0.500000  0.500000  0.500000
  0.500000  0.500000  0.500000  0.500000  0.500000  0.500000  0.500000  0.500000
  0.500000  0.500000  0.500000  0.500000  0.500000  0.500000  0.500000  0.500000
  0.500000  0.500000  0.500000  0.500000  0.500000  0.500000  0.500000  0.500000
  0.500000  0.500000  0.500000  0.500000  0.500000  0.500000  0.500000  0.500000
  0.500000  0.500000  0.500000  0.500000  0.500000  0.500000  0.500000  0.500000
  0.500000  0.500000  0.500000  0.500000  0.500000  0.500000  0.500000  0.500000
  0.500000  0.500000  0.500000  0.500000  0.500000  0.500000  0.500000  0.500000
  0.500000  0.500000  0.500000  0.500000  0.500000  0.500000  0.500000  0.500000
  0.500000  0.500000  0.500000  0.500000  0.500000  0.500000  0.500000  0.500000
  0.500000  0.500000  0.500000  0.500000  0.500000  0.500000  0.500000  0.500000
  0.500000  0.500000  0.500000  0.500000  0.500000  0.500000  0.500000  0.500000
  0.500000  0.500000
  1.000000
  0.260499  0.261140  0.261715  0.262231  0.262693  0.263107  0.263478  0.263812
  0.264110  0.264378  0.264618  0.264833  0.265026  0.265199  0.265354  0.265493
  0.265618  0.265729  0.265830  0.265919  0.266000  0.266081  0.266165  0.266253
  0.266346  0.266443  0.266545  0.266653  0.266766  0.266885  0.267011  0.267144
  0.267283  0.267430  0.267585  0.267747  0.267918  0.268097  0.268285  0.268482
  0.268690  0.268907  0.269136  0.269376  0.269629  0.269895  0.270174  0.270470
  0.270781  0.271113  0.271470  0.271852  0.272260  0.272691  0.273145  0.273620
  0.274106  0.274597  0.275091  0.275584  0.276075  0.276564  0.277048  0.277533
  0.278019  0.278506  0.278994  0.279483  0.279969  0.280454  0.280931  0.281398
  0.281855  0.282300  0.282732  0.283151  0.283556  0.283950  0.284331  0.284701
  0.285059  0.285406  0.285741  0.286064  0.286376  0.286676  0.286964  0.287240
  0.287505  0.287758  0.288000  0.288242  0.288497  0.288767  0.289052  0.289354
  0.289673  0.290010  0.290366  0.290743  0.291141  0.291562  0.292007  0.292478
  0.292975  0.293501
  1.000000
 -0.017375 -0.016527 -0.015767 -0.015085 -0.014474 -0.013926 -0.013435 -0.012995
 -0.012600 -0.012246 -0.011929 -0.011644 -0.011389 -0.011160 -0.010955 -0.010772
 -0.010607 -0.010459 -0.010327 -0.010208 -0.010101 -0.009846 -0.009693 -0.009555
 -0.009419 -0.009278 -0.009131 -0.008978 -0.008819 -0.008654 -0.008481 -0.008302
 -0.008115 -0.007922 -0.007721 -0.007513 -0.007298 -0.007077 -0.006849 -0.006614
 -0.006372 -0.006123 -0.005867 -0.005604 -0.005334 -0.005058 -0.004776 -0.004485
 -0.004188 -0.003881 -0.003563 -0.003235 -0.002899 -0.002560 -0.002220 -0.001884
 -0.001558 -0.001250 -0.000961 -0.000691 -0.000440 -0.000210  0.000000  0.000192
  0.000367  0.000526  0.000666  0.000788  0.000893  0.000979  0.001049  0.001100
  0.001137  0.001157  0.001163  0.001157  0.001140  0.001112  0.001074  0.001029
  0.000975  0.000915  0.000849  0.000779  0.000704  0.000625  0.000544  0.000461
  0.000376  0.000291  0.000087  0.000046  0.000003 -0.000042 -0.000091 -0.000141
 -0.000195 -0.000252 -0.000312 -0.000376 -0.000443 -0.000514 -0.000589 -0.000669
 -0.000753 -0.000842
  1.000000
  0.000000  0.000000  0.000000  0.000000  0.000000  0.000000  0.000000  0.000000
  0.000000  0.000000  0.000000  0.000000  0.000000  0.000000  0.000000  0.000000
  0.000000  0.000000  0.000000  0.000000  0.000000  0.000324  0.000442  0.000522
  0.000582  0.000631  0.000673  0.000711  0.000749  0.000789  0.000831  0.000875
  0.000920  0.000967  0.001015  0.001065  0.001117  0.001170  0.001224  0.001280
  0.001337  0.001396  0.001455  0.001516  0.001578  0.001641  0.001704  0.001768
  0.001832  0.001897  0.001963  0.002028  0.002093  0.002155  0.002213  0.002267
  0.002314  0.002353  0.002384  0.002407  0.002421  0.002427  0.002425  0.002414
  0.002396  0.002371  0.002336  0.002294  0.002243  0.002184  0.002119  0.002047
  0.001971  0.001889  0.001803  0.001713  0.001621  0.001526  0.001429  0.001331
  0.001231  0.001129  0.001028  0.000926  0.000825  0.000724  0.000624  0.000526
  0.000429  0.000334  0.000000  0.000000  0.000000  0.000000  0.000000  0.000000
  0.000000  0.000000  0.000000  0.000000  0.000000  0.000000  0.000000  0.000000
  0.000000  0.000000
  1.000000
  0.505670  0.505665  0.505661  0.505657  0.505654  0.505651  0.505649  0.505646
  0.505644  0.505643  0.505641  0.505640  0.505639  0.505638  0.505637  0.505636
  0.505635  0.505635  0.505634  0.505633  0.505633  0.505632  0.505632  0.505631
  0.505630  0.505629  0.505628  0.505627  0.505626  0.505624  0.505623  0.505622
  0.505620  0.505618  0.505617  0.505615  0.505613  0.505610  0.505608  0.505605
  0.505603  0.505600  0.505596  0.505593  0.505589  0.505585  0.505581  0.505576
  0.505571  0.505565  0.505559  0.505552  0.505545  0.505537  0.505528  0.505519
  0.505509  0.505499  0.505488  0.505477  0.505466  0.505456  0.505445  0.505433
  0.505422  0.505410  0.505399  0.505387  0.505375  0.505363  0.505351  0.505340
  0.505328  0.505317  0.505306  0.505296  0.505286  0.505276  0.505266  0.505257
  0.505248  0.505239  0.505231  0.505223  0.505215  0.505208  0.505201  0.505194
  0.505188  0.505182  0.505176  0.505169  0.505162  0.505154  0.505147  0.505139
  0.505132  0.505124  0.505116  0.505109  0.505101  0.505095  0.505090  0.505086
  0.505082  0.505080
  BLADE ROW NUMBER =       11                                           
  106   21   91  294    0    0    1    1    1    1    0    0    0    0    0    0
    3600.0  535518.7  535518.7  613424.9  613424.9   0.00000    3600.0
  1.000000
  0.293499  0.294140  0.294715  0.295231  0.295693  0.296107  0.296479  0.296812
  0.297110  0.297378  0.297618  0.297833  0.298026  0.298199  0.298354  0.298493
  0.298618  0.298729  0.298830  0.298919  0.299000  0.299081  0.299165  0.299253
  0.299346  0.299443  0.299545  0.299653  0.299766  0.299885  0.300011  0.300143
  0.300283  0.300430  0.300585  0.300747  0.300918  0.301097  0.301285  0.301482
  0.301689  0.301907  0.302136  0.302376  0.302629  0.302894  0.303174  0.303469
  0.303781  0.304113  0.304470  0.304852  0.305259  0.305691  0.306145  0.306619
  0.307106  0.307597  0.308090  0.308583  0.309075  0.309563  0.310048  0.310532
  0.311018  0.311506  0.311994  0.312482  0.312969  0.313453  0.313930  0.314398
  0.314855  0.315299  0.315732  0.316150  0.316556  0.316949  0.317331  0.317701
  0.318059  0.318406  0.318741  0.319064  0.319375  0.319675  0.319964  0.320240
  0.320505  0.320758  0.321000  0.321242  0.321497  0.321767  0.322052  0.322354
  0.322673  0.323010  0.323367  0.323743  0.324142  0.324563  0.325008  0.325478
  0.325976  0.326501
  1.000000
  0.014509  0.013661  0.012901  0.012220  0.011609  0.011061  0.010570  0.010130
  0.009736  0.009382  0.009064  0.008780  0.008525  0.008296  0.008091  0.007908
  0.007743  0.007595  0.007463  0.007344  0.007238  0.007369  0.007341  0.007294
  0.007235  0.007163  0.007076  0.006976  0.006867  0.006752  0.006630  0.006503
  0.006369  0.006230  0.006083  0.005930  0.005772  0.005606  0.005435  0.005257
  0.005073  0.004881  0.004683  0.004479  0.004267  0.004049  0.003823  0.003589
  0.003348  0.003096  0.002832  0.002556  0.002270  0.001977  0.001678  0.001378
  0.001081  0.000794  0.000517  0.000253  0.000000 -0.000240 -0.000467 -0.000684
 -0.000890 -0.001086 -0.001270 -0.001444 -0.001608 -0.001759 -0.001899 -0.002025
 -0.002139 -0.002242 -0.002333 -0.002414 -0.002486 -0.002548 -0.002602 -0.002648
 -0.002688 -0.002720 -0.002747 -0.002769 -0.002785 -0.002797 -0.002805 -0.002810
 -0.002811 -0.002809 -0.002930 -0.002889 -0.002846 -0.002800 -0.002752 -0.002701
 -0.002647 -0.002590 -0.002530 -0.002467 -0.002399 -0.002328 -0.002253 -0.002174
 -0.002090 -0.002001
  1.000000
  0.000000  0.000000  0.000000  0.000000  0.000000  0.000000  0.000000  0.000000
  0.000000  0.000000  0.000000  0.000000  0.000000  0.000000  0.000000  0.000000
  0.000000  0.000000  0.000000  0.000000  0.000000  0.000461  0.000603  0.000707
  0.000800  0.000883  0.000956  0.001020  0.001080  0.001141  0.001200  0.001260
  0.001320  0.001379  0.001438  0.001497  0.001556  0.001614  0.001672  0.001729
  0.001786  0.001842  0.001897  0.001950  0.002003  0.002054  0.002104  0.002152
  0.002197  0.002240  0.002281  0.002319  0.002353  0.002381  0.002404  0.002420
  0.002429  0.002431  0.002424  0.002411  0.002391  0.002364  0.002331  0.002292
  0.002248  0.002198  0.002142  0.002080  0.002013  0.001942  0.001866  0.001789
  0.001708  0.001625  0.001541  0.001456  0.001370  0.001285  0.001199  0.001113
  0.001028  0.000943  0.000859  0.000776  0.000694  0.000614  0.000536  0.000459
  0.000385  0.000312  0.000000  0.000000  0.000000  0.000000  0.000000  0.000000
  0.000000  0.000000  0.000000  0.000000  0.000000  0.000000  0.000000  0.000000
  0.000000  0.000000
  1.000000
  0.494920  0.494922  0.494924  0.494925  0.494927  0.494929  0.494930  0.494932
  0.494933  0.494935  0.494936  0.494937  0.494938  0.494939  0.494940  0.494940
  0.494941  0.494942  0.494942  0.494943  0.494943  0.494944  0.494944  0.494945
  0.494946  0.494947  0.494948  0.494949  0.494951  0.494952  0.494953  0.494955
  0.494956  0.494958  0.494960  0.494962  0.494964  0.494966  0.494969  0.494972
  0.494974  0.494977  0.494981  0.494984  0.494988  0.494992  0.494997  0.495002
  0.495007  0.495012  0.495019  0.495025  0.495033  0.495041  0.495049  0.495058
  0.495068  0.495077  0.495087  0.495097  0.495107  0.495117  0.495127  0.495137
  0.495146  0.495156  0.495166  0.495175  0.495185  0.495194  0.495203  0.495212
  0.495220  0.495228  0.495235  0.495242  0.495249  0.495255  0.495261  0.495266
  0.495271  0.495276  0.495280  0.495284  0.495288  0.495291  0.495294  0.495297
  0.495300  0.495302  0.495304  0.495305  0.495307  0.495308  0.495310  0.495311
  0.495313  0.495315  0.495316  0.495318  0.495320  0.495322  0.495324  0.495326
  0.495328  0.495330
  1.000000
  0.293500  0.294141  0.294716  0.295231  0.295693  0.296108  0.296479  0.296812
  0.297111  0.297378  0.297618  0.297833  0.298026  0.298199  0.298354  0.298493
  0.298618  0.298730  0.298830  0.298920  0.299000  0.299081  0.299165  0.299253
  0.299346  0.299443  0.299545  0.299653  0.299766  0.299885  0.300011  0.300144
  0.300283  0.300430  0.300584  0.300747  0.300918  0.301097  0.301285  0.301482
  0.301689  0.301907  0.302136  0.302376  0.302629  0.302894  0.303174  0.303469
  0.303781  0.304113  0.304470  0.304852  0.305259  0.305691  0.306145  0.306619
  0.307106  0.307597  0.308090  0.308583  0.309075  0.309563  0.310048  0.310532
  0.311018  0.311506  0.311994  0.312482  0.312969  0.313453  0.313931  0.314398
  0.314855  0.315300  0.315732  0.316151  0.316556  0.316949  0.317331  0.317701
  0.318059  0.318406  0.318741  0.319064  0.319376  0.319676  0.319964  0.320240
  0.320505  0.320759  0.321000  0.321242  0.321497  0.321767  0.322052  0.322354
  0.322673  0.323010  0.323366  0.323743  0.324141  0.324562  0.325007  0.325478
  0.325975  0.326501
  1.000000
  0.014508  0.013661  0.012901  0.012220  0.011609  0.011061  0.010570  0.010130
  0.009735  0.009382  0.009064  0.008780  0.008525  0.008296  0.008091  0.007908
  0.007743  0.007595  0.007463  0.007344  0.007238  0.007369  0.007341  0.007294
  0.007235  0.007163  0.007076  0.006976  0.006867  0.006751  0.006630  0.006503
  0.006369  0.006229  0.006083  0.005930  0.005771  0.005606  0.005435  0.005257
  0.005073  0.004881  0.004683  0.004479  0.004267  0.004048  0.003823  0.003589
  0.003348  0.003096  0.002832  0.002556  0.002270  0.001977  0.001678  0.001378
  0.001081  0.000794  0.000517  0.000253  0.000000 -0.000240 -0.000467 -0.000684
 -0.000890 -0.001085 -0.001270 -0.001444 -0.001607 -0.001759 -0.001898 -0.002024
 -0.002139 -0.002241 -0.002333 -0.002414 -0.002485 -0.002547 -0.002601 -0.002647
 -0.002687 -0.002720 -0.002746 -0.002768 -0.002784 -0.002796 -0.002804 -0.002808
 -0.002809 -0.002808 -0.002928 -0.002888 -0.002845 -0.002799 -0.002751 -0.002700
 -0.002646 -0.002589 -0.002529 -0.002465 -0.002398 -0.002327 -0.002252 -0.002173
 -0.002089 -0.002000
  1.000000
  0.000000  0.000000  0.000000  0.000000  0.000000  0.000000  0.000000  0.000000
  0.000000  0.000000  0.000000  0.000000  0.000000  0.000000  0.000000  0.000000
  0.000000  0.000000  0.000000  0.000000  0.000000  0.000461  0.000603  0.000707
  0.000799  0.000883  0.000955  0.001019  0.001080  0.001140  0.001200  0.001260
  0.001320  0.001379  0.001438  0.001497  0.001556  0.001614  0.001672  0.001729
  0.001786  0.001841  0.001896  0.001950  0.002003  0.002054  0.002104  0.002151
  0.002197  0.002240  0.002281  0.002319  0.002353  0.002381  0.002404  0.002420
  0.002429  0.002431  0.002424  0.002411  0.002391  0.002364  0.002331  0.002292
  0.002248  0.002198  0.002142  0.002080  0.002013  0.001942  0.001866  0.001789
  0.001708  0.001625  0.001541  0.001456  0.001370  0.001284  0.001198  0.001113
  0.001028  0.000943  0.000859  0.000776  0.000694  0.000614  0.000536  0.000459
  0.000385  0.000312  0.000000  0.000000  0.000000  0.000000  0.000000  0.000000
  0.000000  0.000000  0.000000  0.000000  0.000000  0.000000  0.000000  0.000000
  0.000000  0.000000
  1.000000
  0.500000  0.500000  0.500000  0.500000  0.500000  0.500000  0.500000  0.500000
  0.500000  0.500000  0.500000  0.500000  0.500000  0.500000  0.500000  0.500000
  0.500000  0.500000  0.500000  0.500000  0.500000  0.500000  0.500000  0.500000
  0.500000  0.500000  0.500000  0.500000  0.500000  0.500000  0.500000  0.500000
  0.500000  0.500000  0.500000  0.500000  0.500000  0.500000  0.500000  0.500000
  0.500000  0.500000  0.500000  0.500000  0.500000  0.500000  0.500000  0.500000
  0.500000  0.500000  0.500000  0.500000  0.500000  0.500000  0.500000  0.500000
  0.500000  0.500000  0.500000  0.500000  0.500000  0.500000  0.500000  0.500000
  0.500000  0.500000  0.500000  0.500000  0.500000  0.500000  0.500000  0.500000
  0.500000  0.500000  0.500000  0.500000  0.500000  0.500000  0.500000  0.500000
  0.500000  0.500000  0.500000  0.500000  0.500000  0.500000  0.500000  0.500000
  0.500000  0.500000  0.500000  0.500000  0.500000  0.500000  0.500000  0.500000
  0.500000  0.500000  0.500000  0.500000  0.500000  0.500000  0.500000  0.500000
  0.500000  0.500000
  1.000000
  0.293499  0.294140  0.294715  0.295231  0.295693  0.296107  0.296479  0.296812
  0.297110  0.297378  0.297618  0.297833  0.298026  0.298199  0.298354  0.298493
  0.298618  0.298729  0.298830  0.298919  0.299000  0.299081  0.299165  0.299253
  0.299346  0.299443  0.299545  0.299653  0.299766  0.299885  0.300011  0.300143
  0.300283  0.300430  0.300585  0.300747  0.300918  0.301097  0.301285  0.301482
  0.301689  0.301907  0.302136  0.302376  0.302629  0.302894  0.303174  0.303469
  0.303781  0.304113  0.304470  0.304852  0.305259  0.305691  0.306145  0.306619
  0.307106  0.307597  0.308090  0.308583  0.309075  0.309563  0.310048  0.310532
  0.311018  0.311506  0.311994  0.312482  0.312969  0.313453  0.313930  0.314398
  0.314855  0.315299  0.315732  0.316150  0.316556  0.316949  0.317331  0.317701
  0.318059  0.318406  0.318741  0.319064  0.319375  0.319675  0.319964  0.320240
  0.320505  0.320758  0.321000  0.321242  0.321497  0.321767  0.322052  0.322354
  0.322673  0.323010  0.323367  0.323743  0.324142  0.324563  0.325008  0.325478
  0.325976  0.326501
  1.000000
  0.014512  0.013664  0.012904  0.012223  0.011612  0.011064  0.010573  0.010133
  0.009738  0.009384  0.009067  0.008782  0.008527  0.008298  0.008093  0.007910
  0.007745  0.007597  0.007465  0.007346  0.007240  0.007371  0.007343  0.007296
  0.007237  0.007165  0.007078  0.006977  0.006868  0.006753  0.006632  0.006505
  0.006371  0.006231  0.006085  0.005932  0.005773  0.005608  0.005436  0.005258
  0.005074  0.004883  0.004685  0.004480  0.004268  0.004049  0.003824  0.003590
  0.003348  0.003097  0.002832  0.002557  0.002271  0.001977  0.001679  0.001378
  0.001081  0.000794  0.000517  0.000253  0.000000 -0.000240 -0.000467 -0.000684
 -0.000890 -0.001086 -0.001270 -0.001444 -0.001607 -0.001759 -0.001898 -0.002025
 -0.002139 -0.002241 -0.002333 -0.002414 -0.002485 -0.002547 -0.002601 -0.002647
 -0.002686 -0.002719 -0.002746 -0.002768 -0.002784 -0.002796 -0.002804 -0.002808
 -0.002809 -0.002808 -0.002928 -0.002887 -0.002844 -0.002799 -0.002750 -0.002700
 -0.002646 -0.002589 -0.002529 -0.002465 -0.002398 -0.002327 -0.002252 -0.002172
 -0.002088 -0.001999
  1.000000
  0.000000  0.000000  0.000000  0.000000  0.000000  0.000000  0.000000  0.000000
  0.000000  0.000000  0.000000  0.000000  0.000000  0.000000  0.000000  0.000000
  0.000000  0.000000  0.000000  0.000000  0.000000  0.000461  0.000603  0.000707
  0.000800  0.000883  0.000956  0.001020  0.001080  0.001141  0.001200  0.001260
  0.001320  0.001379  0.001438  0.001497  0.001556  0.001614  0.001672  0.001729
  0.001786  0.001842  0.001897  0.001950  0.002003  0.002054  0.002104  0.002152
  0.002197  0.002240  0.002281  0.002319  0.002353  0.002381  0.002404  0.002420
  0.002429  0.002431  0.002424  0.002411  0.002391  0.002364  0.002331  0.002292
  0.002248  0.002198  0.002142  0.002080  0.002013  0.001942  0.001866  0.001789
  0.001708  0.001625  0.001541  0.001456  0.001370  0.001285  0.001199  0.001113
  0.001028  0.000943  0.000859  0.000776  0.000694  0.000614  0.000536  0.000459
  0.000385  0.000312  0.000000  0.000000  0.000000  0.000000  0.000000  0.000000
  0.000000  0.000000  0.000000  0.000000  0.000000  0.000000  0.000000  0.000000
  0.000000  0.000000
  1.000000
  0.505080  0.505078  0.505076  0.505075  0.505073  0.505071  0.505070  0.505068
  0.505067  0.505065  0.505064  0.505063  0.505062  0.505061  0.505060  0.505060
  0.505059  0.505058  0.505058  0.505057  0.505057  0.505056  0.505055  0.505055
  0.505054  0.505053  0.505052  0.505051  0.505049  0.505048  0.505047  0.505045
  0.505044  0.505042  0.505040  0.505038  0.505036  0.505034  0.505031  0.505028
  0.505026  0.505022  0.505019  0.505016  0.505012  0.505008  0.505003  0.504999
  0.504993  0.504988  0.504981  0.504975  0.504967  0.504959  0.504951  0.504942
  0.504932  0.504922  0.504913  0.504903  0.504893  0.504883  0.504873  0.504864
  0.504854  0.504844  0.504834  0.504825  0.504815  0.504806  0.504797  0.504788
  0.504780  0.504772  0.504765  0.504758  0.504751  0.504745  0.504739  0.504734
  0.504729  0.504724  0.504720  0.504716  0.504712  0.504709  0.504706  0.504703
  0.504700  0.504698  0.504696  0.504695  0.504693  0.504692  0.504690  0.504689
  0.504687  0.504686  0.504684  0.504682  0.504680  0.504678  0.504676  0.504674
  0.504672  0.504670
  BLADE ROW NUMBER =       12                                           
  111   21   91  295    0    0    1    1    1    1    0    0    0    0    0    0
       0.0  613424.9  613424.9  698200.7  698200.7   0.00000       0.0
  1.000000
  0.321000  0.321641  0.322216  0.322731  0.323193  0.323607  0.323979  0.324312
  0.324610  0.324878  0.325118  0.325333  0.325526  0.325699  0.325854  0.325993
  0.326118  0.326229  0.326330  0.326419  0.326500  0.326581  0.326665  0.326753
  0.326845  0.326943  0.327045  0.327153  0.327266  0.327385  0.327511  0.327643
  0.327783  0.327930  0.328085  0.328247  0.328418  0.328597  0.328785  0.328982
  0.329189  0.329407  0.329636  0.329876  0.330129  0.330394  0.330674  0.330969
  0.331281  0.331613  0.331970  0.332352  0.332759  0.333191  0.333645  0.334119
  0.334606  0.335097  0.335590  0.336084  0.336575  0.337063  0.337548  0.338032
  0.338518  0.339006  0.339494  0.339982  0.340469  0.340953  0.341430  0.341898
  0.342355  0.342800  0.343232  0.343651  0.344056  0.344449  0.344831  0.345201
  0.345559  0.345906  0.346241  0.346564  0.346876  0.347175  0.347464  0.347740
  0.348005  0.348258  0.348500  0.348742  0.349002  0.349284  0.349588  0.349916
  0.350270  0.350653  0.351066  0.351511  0.351992  0.352512  0.353073  0.353678
  0.354331  0.355037  0.355798  0.356621  0.357508  0.358467  0.359501
  1.000000
 -0.017368 -0.016521 -0.015761 -0.015080 -0.014469 -0.013921 -0.013431 -0.012990
 -0.012596 -0.012242 -0.011925 -0.011640 -0.011385 -0.011157 -0.010952 -0.010768
 -0.010603 -0.010455 -0.010323 -0.010204 -0.010098 -0.009842 -0.009689 -0.009551
 -0.009416 -0.009275 -0.009128 -0.008975 -0.008816 -0.008651 -0.008478 -0.008299
 -0.008113 -0.007919 -0.007718 -0.007511 -0.007296 -0.007075 -0.006847 -0.006612
 -0.006370 -0.006121 -0.005865 -0.005602 -0.005333 -0.005056 -0.004774 -0.004484
 -0.004187 -0.003880 -0.003562 -0.003234 -0.002899 -0.002559 -0.002220 -0.001883
 -0.001558 -0.001250 -0.000960 -0.000690 -0.000440 -0.000210  0.000000  0.000192
  0.000367  0.000526  0.000666  0.000788  0.000893  0.000979  0.001049  0.001100
  0.001137  0.001157  0.001164  0.001157  0.001140  0.001112  0.001074  0.001029
  0.000976  0.000916  0.000850  0.000779  0.000704  0.000626  0.000544  0.000461
  0.000377  0.000292  0.000088  0.000047  0.000003 -0.000045 -0.000096 -0.000151
 -0.000211 -0.000276 -0.000345 -0.000421 -0.000502 -0.000589 -0.000684 -0.000786
 -0.000897 -0.001016 -0.001144 -0.001283 -0.001433 -0.001595 -0.001769
  1.000000
  0.000000  0.000000  0.000000  0.000000  0.000000  0.000000  0.000000  0.000000
  0.000000  0.000000  0.000000  0.000000  0.000000  0.000000  0.000000  0.000000
  0.000000  0.000000  0.000000  0.000000  0.000000  0.000324  0.000442  0.000522
  0.000581  0.000631  0.000673  0.000711  0.000749  0.000789  0.000831  0.000875
  0.000920  0.000966  0.001015  0.001065  0.001116  0.001169  0.001224  0.001279
  0.001337  0.001395  0.001455  0.001516  0.001578  0.001641  0.001704  0.001768
  0.001832  0.001897  0.001963  0.002028  0.002092  0.002154  0.002213  0.002267
  0.002314  0.002353  0.002383  0.002406  0.002421  0.002427  0.002424  0.002414
  0.002396  0.002371  0.002336  0.002293  0.002243  0.002184  0.002119  0.002047
  0.001971  0.001889  0.001803  0.001713  0.001621  0.001526  0.001429  0.001330
  0.001230  0.001129  0.001028  0.000926  0.000825  0.000724  0.000624  0.000526
  0.000429  0.000334  0.000000  0.000000  0.000000  0.000000  0.000000  0.000000
  0.000000  0.000000  0.000000  0.000000  0.000000  0.000000  0.000000  0.000000
  0.000000  0.000000  0.000000  0.000000  0.000000  0.000000  0.000000
  1.000000
  0.495304  0.495308  0.495311  0.495313  0.495315  0.495317  0.495319  0.495321
  0.495322  0.495323  0.495324  0.495325  0.495326  0.495327  0.495327  0.495328
  0.495328  0.495329  0.495329  0.495330  0.495330  0.495331  0.495331  0.495332
  0.495332  0.495333  0.495334  0.495335  0.495335  0.495336  0.495337  0.495338
  0.495339  0.495341  0.495342  0.495343  0.495345  0.495346  0.495348  0.495350
  0.495352  0.495354  0.495357  0.495359  0.495362  0.495365  0.495368  0.495371
  0.495375  0.495379  0.495383  0.495388  0.495393  0.495399  0.495405  0.495412
  0.495418  0.495425  0.495433  0.495440  0.495447  0.495454  0.495462  0.495469
  0.495476  0.495484  0.495491  0.495499  0.495506  0.495514  0.495521  0.495528
  0.495534  0.495541  0.495547  0.495553  0.495559  0.495564  0.495569  0.495574
  0.495579  0.495584  0.495588  0.495592  0.495596  0.495599  0.495603  0.495606
  0.495609  0.495611  0.495614  0.495615  0.495617  0.495618  0.495619  0.495621
  0.495622  0.495624  0.495626  0.495627  0.495629  0.495631  0.495632  0.495634
  0.495636  0.495637  0.495639  0.495640  0.495641  0.495642  0.495642
  1.000000
  0.321000  0.321641  0.322216  0.322731  0.323193  0.323607  0.323979  0.324312
  0.324610  0.324878  0.325118  0.325333  0.325526  0.325699  0.325854  0.325993
  0.326118  0.326229  0.326329  0.326419  0.326500  0.326580  0.326664  0.326753
  0.326845  0.326943  0.327045  0.327152  0.327266  0.327385  0.327511  0.327643
  0.327783  0.327930  0.328084  0.328247  0.328417  0.328597  0.328784  0.328982
  0.329189  0.329407  0.329636  0.329876  0.330128  0.330394  0.330674  0.330969
  0.331281  0.331612  0.331969  0.332352  0.332759  0.333191  0.333645  0.334119
  0.334605  0.335097  0.335590  0.336083  0.336574  0.337063  0.337548  0.338032
  0.338518  0.339005  0.339494  0.339982  0.340469  0.340953  0.341430  0.341898
  0.342355  0.342799  0.343232  0.343650  0.344056  0.344449  0.344831  0.345201
  0.345559  0.345906  0.346240  0.346564  0.346875  0.347175  0.347464  0.347740
  0.348005  0.348258  0.348500  0.348741  0.349002  0.349284  0.349588  0.349916
  0.350270  0.350652  0.351065  0.351511  0.351992  0.352511  0.353072  0.353677
  0.354331  0.355036  0.355798  0.356620  0.357507  0.358465  0.359500
  1.000000
 -0.017369 -0.016521 -0.015761 -0.015080 -0.014469 -0.013922 -0.013431 -0.012990
 -0.012596 -0.012242 -0.011925 -0.011640 -0.011385 -0.011157 -0.010952 -0.010768
 -0.010603 -0.010456 -0.010323 -0.010204 -0.010098 -0.009842 -0.009689 -0.009551
 -0.009416 -0.009275 -0.009128 -0.008975 -0.008816 -0.008651 -0.008478 -0.008299
 -0.008113 -0.007919 -0.007718 -0.007511 -0.007296 -0.007075 -0.006847 -0.006612
 -0.006370 -0.006121 -0.005865 -0.005602 -0.005333 -0.005056 -0.004774 -0.004484
 -0.004187 -0.003880 -0.003562 -0.003234 -0.002899 -0.002559 -0.002219 -0.001883
 -0.001558 -0.001250 -0.000960 -0.000690 -0.000440 -0.000210  0.000000  0.000192
  0.000367  0.000526  0.000666  0.000788  0.000892  0.000979  0.001048  0.001100
  0.001137  0.001157  0.001163  0.001157  0.001140  0.001112  0.001074  0.001029
  0.000975  0.000915  0.000850  0.000779  0.000704  0.000625  0.000544  0.000461
  0.000376  0.000291  0.000088  0.000047  0.000003 -0.000045 -0.000096 -0.000151
 -0.000211 -0.000276 -0.000345 -0.000421 -0.000502 -0.000590 -0.000684 -0.000786
 -0.000897 -0.001016 -0.001144 -0.001283 -0.001433 -0.001595 -0.001769
  1.000000
  0.000000  0.000000  0.000000  0.000000  0.000000  0.000000  0.000000  0.000000
  0.000000  0.000000  0.000000  0.000000  0.000000  0.000000  0.000000  0.000000
  0.000000  0.000000  0.000000  0.000000  0.000000  0.000324  0.000442  0.000522
  0.000581  0.000631  0.000673  0.000711  0.000749  0.000789  0.000831  0.000874
  0.000920  0.000966  0.001015  0.001065  0.001116  0.001169  0.001224  0.001279
  0.001337  0.001395  0.001455  0.001516  0.001578  0.001641  0.001703  0.001767
  0.001832  0.001897  0.001963  0.002028  0.002092  0.002154  0.002212  0.002267
  0.002314  0.002352  0.002383  0.002406  0.002420  0.002426  0.002424  0.002414
  0.002396  0.002370  0.002335  0.002293  0.002242  0.002184  0.002119  0.002047
  0.001971  0.001889  0.001803  0.001713  0.001621  0.001526  0.001429  0.001330
  0.001230  0.001129  0.001028  0.000926  0.000824  0.000724  0.000624  0.000526
  0.000429  0.000334  0.000000  0.000000  0.000000  0.000000  0.000000  0.000000
  0.000000  0.000000  0.000000  0.000000  0.000000  0.000000  0.000000  0.000000
  0.000000  0.000000  0.000000  0.000000  0.000000  0.000000  0.000000
  1.000000
  0.500000  0.500000  0.500000  0.500000  0.500000  0.500000  0.500000  0.500000
  0.500000  0.500000  0.500000  0.500000  0.500000  0.500000  0.500000  0.500000
  0.500000  0.500000  0.500000  0.500000  0.500000  0.500000  0.500000  0.500000
  0.500000  0.500000  0.500000  0.500000  0.500000  0.500000  0.500000  0.500000
  0.500000  0.500000  0.500000  0.500000  0.500000  0.500000  0.500000  0.500000
  0.500000  0.500000  0.500000  0.500000  0.500000  0.500000  0.500000  0.500000
  0.500000  0.500000  0.500000  0.500000  0.500000  0.500000  0.500000  0.500000
  0.500000  0.500000  0.500000  0.500000  0.500000  0.500000  0.500000  0.500000
  0.500000  0.500000  0.500000  0.500000  0.500000  0.500000  0.500000  0.500000
  0.500000  0.500000  0.500000  0.500000  0.500000  0.500000  0.500000  0.500000
  0.500000  0.500000  0.500000  0.500000  0.500000  0.500000  0.500000  0.500000
  0.500000  0.500000  0.500000  0.500000  0.500000  0.500000  0.500000  0.500000
  0.500000  0.500000  0.500000  0.500000  0.500000  0.500000  0.500000  0.500000
  0.500000  0.500000  0.500000  0.500000  0.500000  0.500000  0.500000
  1.000000
  0.321000  0.321641  0.322216  0.322731  0.323193  0.323607  0.323979  0.324312
  0.324610  0.324878  0.325118  0.325333  0.325526  0.325699  0.325854  0.325993
  0.326118  0.326229  0.326330  0.326419  0.326500  0.326580  0.326665  0.326753
  0.326845  0.326943  0.327045  0.327153  0.327266  0.327385  0.327511  0.327643
  0.327783  0.327930  0.328084  0.328247  0.328418  0.328597  0.328785  0.328982
  0.329189  0.329407  0.329636  0.329876  0.330129  0.330394  0.330674  0.330969
  0.331281  0.331613  0.331970  0.332352  0.332759  0.333191  0.333645  0.334119
  0.334606  0.335097  0.335590  0.336083  0.336575  0.337063  0.337548  0.338032
  0.338518  0.339006  0.339494  0.339982  0.340469  0.340953  0.341430  0.341898
  0.342355  0.342800  0.343232  0.343651  0.344056  0.344449  0.344831  0.345201
  0.345559  0.345906  0.346241  0.346564  0.346875  0.347175  0.347464  0.347740
  0.348005  0.348258  0.348500  0.348742  0.349002  0.349284  0.349588  0.349916
  0.350270  0.350653  0.351065  0.351511  0.351992  0.352512  0.353072  0.353678
  0.354331  0.355037  0.355798  0.356621  0.357508  0.358466  0.359501
  1.000000
 -0.017372 -0.016524 -0.015764 -0.015083 -0.014472 -0.013924 -0.013433 -0.012993
 -0.012598 -0.012244 -0.011927 -0.011642 -0.011387 -0.011159 -0.010954 -0.010770
 -0.010605 -0.010457 -0.010325 -0.010206 -0.010100 -0.009844 -0.009691 -0.009553
 -0.009417 -0.009276 -0.009130 -0.008977 -0.008818 -0.008652 -0.008480 -0.008300
 -0.008114 -0.007920 -0.007720 -0.007512 -0.007297 -0.007076 -0.006848 -0.006613
 -0.006371 -0.006122 -0.005866 -0.005603 -0.005334 -0.005057 -0.004775 -0.004485
 -0.004187 -0.003881 -0.003563 -0.003235 -0.002899 -0.002559 -0.002220 -0.001883
 -0.001558 -0.001250 -0.000960 -0.000690 -0.000440 -0.000210  0.000000  0.000192
  0.000367  0.000526  0.000666  0.000788  0.000893  0.000979  0.001048  0.001100
  0.001137  0.001157  0.001163  0.001157  0.001140  0.001112  0.001074  0.001029
  0.000975  0.000915  0.000849  0.000779  0.000704  0.000625  0.000544  0.000461
  0.000376  0.000291  0.000087  0.000047  0.000003 -0.000045 -0.000096 -0.000152
 -0.000212 -0.000276 -0.000346 -0.000421 -0.000502 -0.000590 -0.000685 -0.000787
 -0.000897 -0.001016 -0.001145 -0.001283 -0.001433 -0.001595 -0.001770
  1.000000
  0.000000  0.000000  0.000000  0.000000  0.000000  0.000000  0.000000  0.000000
  0.000000  0.000000  0.000000  0.000000  0.000000  0.000000  0.000000  0.000000
  0.000000  0.000000  0.000000  0.000000  0.000000  0.000324  0.000442  0.000522
  0.000581  0.000631  0.000673  0.000711  0.000749  0.000789  0.000831  0.000875
  0.000920  0.000966  0.001015  0.001065  0.001116  0.001169  0.001224  0.001279
  0.001337  0.001395  0.001455  0.001516  0.001578  0.001641  0.001704  0.001768
  0.001832  0.001897  0.001963  0.002028  0.002092  0.002154  0.002213  0.002267
  0.002314  0.002353  0.002383  0.002406  0.002421  0.002427  0.002424  0.002414
  0.002396  0.002371  0.002336  0.002293  0.002243  0.002184  0.002119  0.002047
  0.001971  0.001889  0.001803  0.001713  0.001621  0.001526  0.001429  0.001330
  0.001230  0.001129  0.001028  0.000926  0.000825  0.000724  0.000624  0.000526
  0.000429  0.000334  0.000000  0.000000  0.000000  0.000000  0.000000  0.000000
  0.000000  0.000000  0.000000  0.000000  0.000000  0.000000  0.000000  0.000000
  0.000000  0.000000  0.000000  0.000000  0.000000  0.000000  0.000000
  1.000000
  0.504696  0.504692  0.504689  0.504687  0.504685  0.504683  0.504681  0.504679
  0.504678  0.504677  0.504676  0.504675  0.504674  0.504673  0.504673  0.504672
  0.504672  0.504671  0.504671  0.504670  0.504670  0.504669  0.504669  0.504668
  0.504668  0.504667  0.504666  0.504666  0.504665  0.504664  0.504663  0.504662
  0.504661  0.504659  0.504658  0.504657  0.504655  0.504654  0.504652  0.504650
  0.504648  0.504646  0.504644  0.504641  0.504638  0.504635  0.504632  0.504629
  0.504625  0.504621  0.504617  0.504612  0.504607  0.504601  0.504595  0.504589
  0.504582  0.504575  0.504568  0.504560  0.504553  0.504546  0.504538  0.504531
  0.504524  0.504516  0.504509  0.504501  0.504494  0.504487  0.504479  0.504472
  0.504466  0.504459  0.504453  0.504447  0.504441  0.504436  0.504430  0.504425
  0.504421  0.504416  0.504412  0.504408  0.504404  0.504401  0.504397  0.504394
  0.504391  0.504389  0.504386  0.504385  0.504384  0.504382  0.504381  0.504379
  0.504378  0.504376  0.504374  0.504373  0.504371  0.504369  0.504368  0.504366
  0.504364  0.504363  0.504361  0.504360  0.504359  0.504358  0.504358
   1005.03   1.40000   0.40000   0.00500   0.00500   2.00000
 10.000000**********  0.400000  0.200000  0.100000  0.000000  0.001000  0.500000
   85128.0   85128.0  698200.7  698200.7
  101320.0  101320.0  101320.0  101320.0  101320.0  101320.0  101320.0  101320.0
  101320.0  101320.0  101320.0  101320.0  101320.0  101320.0  101320.0  101320.0
  101320.0  101320.0  101320.0  101320.0  101320.0  101320.0  101320.0  101320.0
  101320.0  101320.0  101320.0  101320.0  101320.0  101320.0  101320.0  101320.0
  101320.0  101320.0  101320.0  101320.0  101320.0
     288.1     288.1     288.1     288.1     288.1     288.1     288.1     288.1
     288.1     288.1     288.1     288.1     288.1     288.1     288.1     288.1
     288.1     288.1     288.1     288.1     288.1     288.1     288.1     288.1
     288.1     288.1     288.1     288.1     288.1     288.1     288.1     288.1
     288.1     288.1     288.1     288.1     288.1
  0.000000  0.000000  0.000000  0.000000  0.000000  0.000000  0.000000  0.000000
  0.000000  0.000000  0.000000  0.000000  0.000000  0.000000  0.000000  0.000000
  0.000000  0.000000  0.000000  0.000000  0.000000  0.000000  0.000000  0.000000
  0.000000  0.000000  0.000000  0.000000  0.000000  0.000000  0.000000  0.000000
  0.000000  0.000000  0.000000  0.000000  0.000000
166.045609166.045624166.045609166.045624166.045609166.045609166.045609166.045609
166.045609166.045609166.045609166.045609166.045609166.045624166.045609166.045609
166.045609166.045609166.045609166.045609166.045609166.045609166.045609166.045609
166.045609166.045609166.045609166.045609166.045609166.045609166.045609166.045609
166.045609166.045609166.045609166.045609166.045609
 -7.961575 -7.961575 -7.961575 -7.961575 -7.961574 -7.961575 -7.961574 -7.961575
 -7.961575 -7.961574 -7.961575 -7.961575 -7.961575 -7.961575 -7.961575 -7.961575
 -7.961575 -7.961575 -7.961575 -7.961575 -7.961575 -7.961575 -7.961575 -7.961575
 -7.961575 -7.961575 -7.961575 -7.961575 -7.961575 -7.961575 -7.961575 -7.961575
 -7.961575 -7.961575 -7.961575 -7.961575 -7.961575
 -0.219081 -0.217769 -0.216129 -0.214080 -0.211518 -0.208315 -0.204312 -0.199308
 -0.193053 -0.185235 -0.175461 -0.163245 -0.147974 -0.128886 -0.105025 -0.078790
 -0.052555 -0.026320 -0.000085  0.026150  0.052384  0.078619  0.104854  0.128715
  0.147803  0.163074  0.175291  0.185064  0.192882  0.199137  0.204141  0.208144
  0.211347  0.213909  0.215958  0.217598  0.218910
  1.000000  1.250000  1.562500  1.953125  2.441406  3.051758  3.814697  4.768372
  5.960464  7.450581  9.313226 11.641532 14.551915 18.189894 20.000000 20.000000
 20.000000 20.000000 20.000000 20.000000 20.000000 20.000000 18.189894 14.551915
 11.641532  9.313226  7.450581  5.960464  4.768372  3.814697  3.051758  2.441406
  1.953125  1.562500  1.250000  1.000000
  1.000000  1.250000  1.562500  1.953125  2.441406  3.051758  3.814697  4.768372
  5.960464  7.450581  9.313226 11.641532 14.551915 18.189894 20.000000 20.000000
 20.000000 20.000000 20.000000 20.000000 20.000000 20.000000 18.189894 14.551915
 11.641532  9.313226  7.450581  5.960464  4.768372  3.814697  3.051758  2.441406
  1.953125  1.562500  1.250000  1.000000
 9000 9000 9000 9000 9000
 0 0 0 0 0 0 0 0 0 0 0 0 0 0 0 0 0 0 0 0
 0 0 0 0 0 0 0 0 0 0 0 0 0 0 0 0 0 0 0 0 0 0 0 0 0 0 0 0 0 0 0 0 0 0 0 0 0
  800000.0     0.500     0.000     0.800    3000.0     1.000     0.000
  0.025000  0.800000  1.000000  0.800000
  0.050000  0.050000  0.050000  0.050000  0.050000  0.030000
  0.050000  0.050000  0.050000  0.050000  0.050000  0.030000
  0.050000  0.050000  0.050000  0.050000  0.050000  0.030000
  0.050000  0.050000  0.050000  0.050000  0.050000  0.030000
  0.050000  0.050000  0.050000  0.050000  0.050000  0.030000
  0.050000  0.050000  0.050000  0.050000  0.050000  0.030000
  0.050000  0.050000  0.050000  0.050000  0.050000  0.030000
  0.050000  0.050000  0.050000  0.050000  0.050000  0.030000
  0.050000  0.050000  0.050000  0.050000  0.050000  0.030000
  0.050000  0.050000  0.050000  0.050000  0.050000  0.030000
  0.050000  0.050000  0.050000  0.050000  0.050000  0.030000
  0.050000  0.050000  0.050000  0.050000  0.050000  0.030000
   2.00000 1000
   1   1   2   2   3   3   4   4   5   5   6   6
  7.500000 25.000000
