 DATA SET FOR "multall" . GENERATED BY "stagen" .                       
    CP   and   GAMMA 
 1005.0250    1.4000
       ITIMST 
         3
     CFL,    DAMP,    MACHLIM,    F_PDOWN 
  0.400000 10.000000  2.000000  0.000000
  IF_RESTART 
         0
  NSTEPS_MAX, CONLIM 
      9000  0.001000
   SFX,      SFT,      FAC_4TH,     NCHANGE 
  0.005000  0.005000  0.800000      1000
       NUMBER OF BLADE ROWS 
        22
        IM        KM 
        37        37
  FP(I),I=1,IMM1 
  1.000000  1.250000  1.562500  1.953125  2.441406  3.051758  3.814697  4.768372
  5.960464  7.450581  9.313226 11.641532 14.551915 18.189894 20.000000 20.000000
 20.000000 20.000000 20.000000 20.000000 20.000000 20.000000 18.189894 14.551915
 11.641532  9.313226  7.450581  5.960464  4.768372  3.814697  3.051758  2.441406
  1.953125  1.562500  1.250000  1.000000
  FR(K),K=1,KMM1 
  1.000000  1.250000  1.562500  1.953125  2.441406  3.051758  3.814697  4.768372
  5.960464  7.450581  9.313226 11.641532 14.551915 18.189894 20.000000 20.000000
 20.000000 20.000000 20.000000 20.000000 20.000000 20.000000 18.189894 14.551915
 11.641532  9.313226  7.450581  5.960464  4.768372  3.814697  3.051758  2.441406
  1.953125  1.562500  1.250000  1.000000
        IR        JR        KR        IRBB      JRBB      KRBB 
         3         3         3         9         9         9
   FBLK1,     FBLK2,     FBLK3  
  0.400000  0.200000  0.100000
       IFMIX 
         1
   RFMIX,    FEXTRAP,   FSMTHB,    FANGLE 
  0.025000  0.800000  1.000000  0.800000
      IFCOOL    IFBLEED    IF_ROUGH 
         0         0         0
       NSECS_IN 
         3
       IN_PRESS  IN_VTAN   IN_VR    IN_FLOW  IF_REPEAT  RFIN 
         0         0         1         0         0   0.50000
  IPOUT  SFEXIT  NSFEXIT 
    1  0.000000    0
  PLATE_LOSS  THROTTLE_EXIT 
  0.000000  0.000000
        ILOS      NLOS      IBOUND 
        10         5         0
   REYNO,     RF_VIS,   FTRANS, TURBVIS_LIM, PRANDTL, YPLUSWALL
  800000.0     0.500     0.000  3000.000       1.0     0.000
   YPLAM      YPTURB 
  5.000000 25.000000
      ISHIFT    NEXTRAP_LE  NEXTRAP_TE 
         2        10        10
  (NSTG(N),N=1,NROWS) 
         1         1         2         2         3         3         4         4
         5         5         6         6         7         7         8         8
         9         9        10        10        11        11
  5  TIME STEPS FOR PRINTOUT 
      9000      9000      9000      9000      9000
  MARKER FOR VARIABLES TO BE SENT TO THE OUTPUT FILE.
 0 0 0 0 0 0 0 0 0 0 0 0 0 0 0 0 0 0 0 0
  STREAM SURFACES ON WHICH RESULTS ARE TO BE SENT TO   THE OUTPUT FILE 
 0 0 0 0 0 0 0 0 0 0 0 0 0 0 0 0 0 0 0 0 0 0 0 0 0 0 0 0 0 0 0 0 0 0 0 0 0
 ***************************************************************
 ************STARTING THE INPUT FOR EACH BLADE ROW**************
  BLADE ROW NUMBER =        1                                           
    NUMBER OF BLADES IN ROW 
       149
        JM        JLE       JTE 
        40         9        34
      KTIPSTART  KTIPEND 
         0         0
       BOUNDARY LAYER TRANSITION POINTS 
         0         0         0         0
  SET NEWGRID= 1 TO GENERATE A NEW GRID WITH DIFFERENT "J" POINTS AND SPACINGS.
         0
   RPMROW,    RPMHUB 
   13250.3   13250.3
       JROTHS    JROTHE    JROTTS    JROTTE 
         1         1         1         1
   PUPROW    PLEROW   PTEROW    PDROW 
   43976.0   43976.0   59143.7   59143.7
      NSECS_ROW   INSURF  
         3         0
  IF_CUSP_OUT   IFANGLES 
         1         0
         0         3         0
 ***************************************************************
  ROW NUMBER           1  SECTION NUMBER            1
           0           0           0  IF_DESIGN etc 
   1.00000   0.00000    0
 -0.018625 -0.013549 -0.009594 -0.006805 -0.004908 -0.003635 -0.002783 -0.002215
 -0.001835 -0.001517 -0.001170 -0.000789 -0.000374  0.000074  0.000547  0.001035
  0.001528  0.002012  0.002470  0.002892  0.003248  0.003502  0.003654  0.003759
  0.003884  0.004091  0.004435  0.004937  0.005591  0.006387  0.007300  0.008297
  0.009336  0.010376  0.011521  0.012738  0.013938  0.015103  0.016209  0.017232
  1.000000  0.000000
 -0.112126 -0.088714 -0.074261 -0.065120 -0.059222 -0.055364 -0.052820 -0.051133
 -0.050010 -0.047249 -0.045496 -0.043588 -0.041467 -0.039084 -0.036396 -0.033363
 -0.029909 -0.025935 -0.021285 -0.015609 -0.008522  0.000000  0.009227  0.018873
  0.028997  0.039599  0.050323  0.060553  0.069982  0.078564  0.086257  0.093026
  0.098873  0.102823  0.108227  0.114433  0.121686  0.130191  0.140201  0.152019
  1.000000
  0.000000  0.000000  0.000000  0.000000  0.000000  0.000000  0.000000  0.000000
  0.000000  0.003580  0.005205  0.006617  0.007765  0.008795  0.009820  0.010822
  0.011795  0.012716  0.013555  0.014288  0.014835  0.015063  0.014920  0.014439
  0.013660  0.012599  0.011302  0.009877  0.008398  0.006907  0.005440  0.004027
  0.002702  0.000000  0.000000  0.000000  0.000000  0.000000  0.000000  0.000000
  1.000000  0.000000
  0.050525  0.048201  0.047068  0.046555  0.046339  0.046257  0.046231  0.046227
  0.046231  0.046310  0.046423  0.046583  0.046808  0.047120  0.047545  0.048115
  0.048872  0.049868  0.051175  0.052922  0.055252  0.058140  0.061249  0.064387
  0.067493  0.070494  0.073233  0.075540  0.077373  0.078768  0.079767  0.080418
  0.080779  0.080913  0.080907  0.081029  0.081383  0.082022  0.083010  0.084417
 ***************************************************************
  ROW NUMBER           1  SECTION NUMBER            2
           0           0           0  IF_DESIGN etc 
   1.00000   0.00000    0
 -0.008212 -0.006109 -0.004701 -0.003759 -0.003128 -0.002706 -0.002423 -0.002233
 -0.002107 -0.001980 -0.001835 -0.001668 -0.001474 -0.001248 -0.000988 -0.000688
 -0.000344  0.000054  0.000515  0.001067  0.001732  0.002493  0.003270  0.004037
  0.004803  0.005571  0.006324  0.007029  0.007675  0.008266  0.008805  0.009291
  0.009724  0.010104  0.010485  0.010909  0.011382  0.011911  0.012500  0.013158
  1.000000  0.000000
  0.019453  0.015517  0.012883  0.011119  0.009938  0.009147  0.008618  0.008264
  0.008026  0.008048  0.007902  0.007676  0.007397  0.007069  0.006690  0.006257
  0.005761  0.005197  0.004552  0.003795  0.002904  0.001914  0.000935  0.000000
 -0.000902 -0.001776 -0.002601 -0.003348 -0.004009 -0.004595 -0.005112 -0.005566
 -0.005961 -0.006370 -0.006626 -0.006913 -0.007232 -0.007588 -0.007986 -0.008429
  1.000000
  0.000000  0.000000  0.000000  0.000000  0.000000  0.000000  0.000000  0.000000
  0.000000  0.000524  0.000712  0.000853  0.000982  0.001111  0.001239  0.001365
  0.001486  0.001602  0.001707  0.001799  0.001867  0.001895  0.001877  0.001816
  0.001718  0.001584  0.001422  0.001242  0.001056  0.000869  0.000685  0.000507
  0.000341  0.000000  0.000000  0.000000  0.000000  0.000000  0.000000  0.000000
  1.000000  0.000000
  0.246300  0.246300  0.246300  0.246300  0.246300  0.246300  0.246300  0.246300
  0.246300  0.246300  0.246300  0.246300  0.246300  0.246300  0.246300  0.246300
  0.246300  0.246300  0.246300  0.246300  0.246300  0.246300  0.246300  0.246300
  0.246300  0.246300  0.246300  0.246300  0.246300  0.246300  0.246300  0.246300
  0.246300  0.246300  0.246300  0.246300  0.246300  0.246300  0.246300  0.246300
 ***************************************************************
  ROW NUMBER           1  SECTION NUMBER            3
           0           0           0  IF_DESIGN etc 
   1.00000   0.00000    0
 -0.018625 -0.013549 -0.009594 -0.006805 -0.004908 -0.003635 -0.002783 -0.002215
 -0.001835 -0.001517 -0.001170 -0.000789 -0.000374  0.000074  0.000547  0.001035
  0.001528  0.002012  0.002470  0.002892  0.003249  0.003503  0.003654  0.003760
  0.003884  0.004092  0.004436  0.004938  0.005592  0.006388  0.007301  0.008297
  0.009337  0.010377  0.011522  0.012739  0.013939  0.015104  0.016210  0.017232
  1.000000  0.000000
  0.123491  0.097512  0.079958  0.068140  0.060202  0.054877  0.051309  0.048918
  0.047317  0.047510  0.046573  0.045109  0.043154  0.040824  0.038080  0.034880
  0.031155  0.026824  0.021765  0.015693  0.008361  0.000000 -0.008495 -0.016830
 -0.025081 -0.033298 -0.041296 -0.048747 -0.055556 -0.061788 -0.067473 -0.072619
 -0.077228 -0.081681 -0.085216 -0.089133 -0.093453 -0.098214 -0.103449 -0.109196
  1.000000
  0.000000  0.000000  0.000000  0.000000  0.000000  0.000000  0.000000  0.000000
  0.000000  0.003637  0.005019  0.006122  0.007050  0.007975  0.008895  0.009797
  0.010671  0.011495  0.012251  0.012908  0.013397  0.013601  0.013468  0.013036
  0.012329  0.011368  0.010198  0.008910  0.007576  0.006229  0.004904  0.003630
  0.002433  0.000000  0.000000  0.000000  0.000000  0.000000  0.000000  0.000000
  1.000000  0.000000
  0.442075  0.444399  0.445532  0.446045  0.446261  0.446343  0.446369  0.446373
  0.446369  0.446290  0.446177  0.446017  0.445792  0.445480  0.445055  0.444485
  0.443728  0.442732  0.441425  0.439677  0.437348  0.434460  0.431351  0.428212
  0.425106  0.422106  0.419367  0.417060  0.415226  0.413832  0.412833  0.412182
  0.411821  0.411687  0.411693  0.411571  0.411217  0.410578  0.409590  0.408182
 ***************************************************************
 ************STARTING THE INPUT FOR EACH BLADE ROW**************
  BLADE ROW NUMBER =        2                                           
    NUMBER OF BLADES IN ROW 
       137
        JM        JLE       JTE 
        40         9        34
      KTIPSTART  KTIPEND 
         0         0
       BOUNDARY LAYER TRANSITION POINTS 
         0         0         0         0
  SET NEWGRID= 1 TO GENERATE A NEW GRID WITH DIFFERENT "J" POINTS AND SPACINGS.
         0
   RPMROW,    RPMHUB 
       0.0       0.0
       JROTHS    JROTHE    JROTTS    JROTTE 
         1         1         1         1
   PUPROW    PLEROW   PTEROW    PDROW 
   59143.7   59143.7   77393.8   77393.8
      NSECS_ROW   INSURF  
         3         0
  IF_CUSP_OUT   IFANGLES 
         1         0
         0         3         0
 ***************************************************************
  ROW NUMBER           2  SECTION NUMBER            1
           0           0           0  IF_DESIGN etc 
   1.00000   0.00000    0
  0.006348  0.007421  0.008433  0.009331  0.010096  0.010739  0.011243  0.011631
  0.011928  0.012212  0.012527  0.012880  0.013275  0.013713  0.014194  0.014714
  0.015271  0.015862  0.016482  0.017140  0.017825  0.018483  0.019043  0.019512
  0.019923  0.020305  0.020676  0.021041  0.021409  0.021788  0.022178  0.022575
  0.022971  0.023355  0.023645  0.024122  0.024865  0.026014  0.027396  0.028748
  1.000000  0.000000
 -0.091392 -0.081844 -0.074144 -0.068036 -0.063241 -0.059492 -0.056609 -0.054402
 -0.052711 -0.049937 -0.047872 -0.045545 -0.042910 -0.039937 -0.036604 -0.032907
 -0.028808 -0.024280 -0.019252 -0.013530 -0.007006  0.000000  0.006697  0.012895
  0.018675  0.024065  0.028950  0.033155  0.036684  0.039632  0.042074  0.044067
  0.045672  0.046200  0.048039  0.050000  0.052053  0.054118  0.056344  0.058978
  1.000000
  0.000000  0.000000  0.000000  0.000000  0.000000  0.000000  0.000000  0.000000
  0.000000  0.002026  0.002653  0.003094  0.003568  0.004098  0.004682  0.005315
  0.005994  0.006706  0.007447  0.008206  0.008933  0.009523  0.009853  0.009908
  0.009702  0.009222  0.008494  0.007579  0.006543  0.005427  0.004275  0.003121
  0.002002  0.000000  0.000000  0.000000  0.000000  0.000000  0.000000  0.000000
  1.000000  0.000000
  0.078713  0.079866  0.080481  0.080778  0.080896  0.080904  0.080902  0.080910
  0.080922  0.080949  0.080992  0.081057  0.081155  0.081296  0.081495  0.081769
  0.082145  0.082651  0.083331  0.084267  0.085552  0.087206  0.089065  0.091033
  0.093094  0.095225  0.097341  0.099317  0.101100  0.102690  0.104091  0.105304
  0.106338  0.107204  0.108249  0.109180  0.109893  0.110194  0.110361  0.110827
 ***************************************************************
  ROW NUMBER           2  SECTION NUMBER            2
           0           0           0  IF_DESIGN etc 
   1.00000   0.00000    0
  0.009571  0.010326  0.010905  0.011350  0.011691  0.011953  0.012155  0.012309
  0.012428  0.012546  0.012682  0.012838  0.013020  0.013231  0.013475  0.013755
  0.014077  0.014449  0.014881  0.015397  0.016020  0.016732  0.017458  0.018176
  0.018893  0.019612  0.020316  0.020976  0.021580  0.022134  0.022638  0.023093
  0.023498  0.023854  0.024209  0.024606  0.025049  0.025544  0.026096  0.026711
  1.000000  0.000000
 -0.014606 -0.013193 -0.012109 -0.011277 -0.010638 -0.010147 -0.009771 -0.009482
 -0.009260 -0.008856 -0.008573 -0.008252 -0.007887 -0.007473 -0.007006 -0.006484
 -0.005902 -0.005256 -0.004536 -0.003717 -0.002784 -0.001791 -0.000853  0.000000
  0.000780  0.001493  0.002126  0.002659  0.003099  0.003461  0.003756  0.003996
  0.004187  0.004232  0.004472  0.004740  0.005039  0.005372  0.005744  0.006159
  1.000000
  0.000000  0.000000  0.000000  0.000000  0.000000  0.000000  0.000000  0.000000
  0.000000  0.000357  0.000471  0.000551  0.000636  0.000730  0.000834  0.000947
  0.001068  0.001195  0.001327  0.001462  0.001593  0.001698  0.001757  0.001768
  0.001731  0.001646  0.001517  0.001354  0.001170  0.000972  0.000767  0.000562
  0.000363  0.000000  0.000000  0.000000  0.000000  0.000000  0.000000  0.000000
  1.000000  0.000000
  0.246300  0.246300  0.246300  0.246300  0.246300  0.246300  0.246300  0.246300
  0.246300  0.246300  0.246300  0.246300  0.246300  0.246300  0.246300  0.246300
  0.246300  0.246300  0.246300  0.246300  0.246300  0.246300  0.246300  0.246300
  0.246300  0.246300  0.246300  0.246300  0.246300  0.246300  0.246300  0.246300
  0.246300  0.246300  0.246300  0.246300  0.246300  0.246300  0.246300  0.246300
 ***************************************************************
  ROW NUMBER           2  SECTION NUMBER            3
           0           0           0  IF_DESIGN etc 
   1.00000   0.00000    0
  0.006349  0.007422  0.008434  0.009332  0.010097  0.010740  0.011244  0.011632
  0.011929  0.012213  0.012528  0.012881  0.013275  0.013714  0.014195  0.014715
  0.015272  0.015863  0.016483  0.017141  0.017825  0.018483  0.019043  0.019512
  0.019924  0.020306  0.020676  0.021041  0.021409  0.021788  0.022178  0.022575
  0.022971  0.023355  0.023645  0.024122  0.024865  0.026014  0.027396  0.028748
  1.000000  0.000000
 -0.019858 -0.017687 -0.016036 -0.014777 -0.013814 -0.013078 -0.012513 -0.012080
 -0.011746 -0.011058 -0.010615 -0.010113 -0.009541 -0.008892 -0.008158 -0.007339
 -0.006425 -0.005410 -0.004281 -0.002997 -0.001542  0.000000  0.001444  0.002745
  0.003920  0.004979  0.005903  0.006668  0.007284  0.007780  0.008176  0.008488
  0.008730  0.008713  0.009074  0.009481  0.009942  0.010468  0.011060  0.011712
  1.000000
  0.000000  0.000000  0.000000  0.000000  0.000000  0.000000  0.000000  0.000000
  0.000000  0.000718  0.000944  0.001102  0.001271  0.001460  0.001668  0.001893
  0.002135  0.002389  0.002653  0.002923  0.003184  0.003394  0.003512  0.003533
  0.003459  0.003290  0.003032  0.002708  0.002339  0.001943  0.001533  0.001124
  0.000726  0.000000  0.000000  0.000000  0.000000  0.000000  0.000000  0.000000
  1.000000  0.000000
  0.413886  0.412733  0.412119  0.411822  0.411704  0.411696  0.411698  0.411690
  0.411678  0.411651  0.411608  0.411543  0.411445  0.411304  0.411105  0.410831
  0.410455  0.409949  0.409268  0.408333  0.407047  0.405393  0.403535  0.401567
  0.399506  0.397375  0.395259  0.393283  0.391500  0.389910  0.388509  0.387296
  0.386262  0.385396  0.384351  0.383420  0.382707  0.382406  0.382239  0.381773
 ***************************************************************
 ************STARTING THE INPUT FOR EACH BLADE ROW**************
  BLADE ROW NUMBER =        3                                           
    NUMBER OF BLADES IN ROW 
       138
        JM        JLE       JTE 
        40         9        34
      KTIPSTART  KTIPEND 
         0         0
       BOUNDARY LAYER TRANSITION POINTS 
         0         0         0         0
  SET NEWGRID= 1 TO GENERATE A NEW GRID WITH DIFFERENT "J" POINTS AND SPACINGS.
         0
   RPMROW,    RPMHUB 
   13250.3   13250.3
       JROTHS    JROTHE    JROTTS    JROTTE 
         1         1         1         1
   PUPROW    PLEROW   PTEROW    PDROW 
   77393.8   77393.8   99324.0   99324.0
      NSECS_ROW   INSURF  
         3         0
  IF_CUSP_OUT   IFANGLES 
         1         0
         0         3         0
 ***************************************************************
  ROW NUMBER           3  SECTION NUMBER            1
           0           0           0  IF_DESIGN etc 
   1.00000   0.00000    0
  0.023373  0.023963  0.024686  0.025440  0.026125  0.026657  0.027060  0.027370
  0.027607  0.027826  0.028068  0.028339  0.028640  0.028973  0.029337  0.029729
  0.030146  0.030587  0.031049  0.031539  0.032056  0.032570  0.033038  0.033473
  0.033909  0.034378  0.034897  0.035459  0.036060  0.036697  0.037360  0.038035
  0.038705  0.039350  0.040061  0.040854  0.041708  0.042579  0.043469  0.044372
  1.000000  0.000000
 -0.011628 -0.011358 -0.011103 -0.010875 -0.010684 -0.010535 -0.010422 -0.010335
 -0.010268 -0.009679 -0.009448 -0.009199 -0.008917 -0.008589 -0.008205 -0.007751
 -0.007207 -0.006552 -0.005750 -0.004733 -0.003419 -0.001795  0.000000  0.001907
  0.003945  0.006123  0.008381  0.010602  0.012719  0.014722  0.016594  0.018317
  0.019876  0.021022  0.022563  0.024286  0.026221  0.028409  0.030885  0.033694
  1.000000
  0.000000  0.000000  0.000000  0.000000  0.000000  0.000000  0.000000  0.000000
  0.000000  0.001085  0.001458  0.001735  0.001999  0.002263  0.002526  0.002782
  0.003031  0.003266  0.003481  0.003668  0.003808  0.003867  0.003830  0.003706
  0.003506  0.003234  0.002901  0.002535  0.002157  0.001773  0.001397  0.001035
  0.000695  0.000000  0.000000  0.000000  0.000000  0.000000  0.000000  0.000000
  1.000000  0.000000
  0.107292  0.108931  0.109771  0.110110  0.110206  0.110266  0.110318  0.110357
  0.110387  0.110446  0.110524  0.110629  0.110770  0.110959  0.111209  0.111538
  0.111966  0.112521  0.113241  0.114196  0.115460  0.117022  0.118704  0.120407
  0.122104  0.123761  0.125298  0.126622  0.127707  0.128571  0.129232  0.129713
  0.130040  0.130241  0.130342  0.130463  0.130649  0.130983  0.131482  0.132181
 ***************************************************************
  ROW NUMBER           3  SECTION NUMBER            2
           0           0           0  IF_DESIGN etc 
   1.00000   0.00000    0
  0.024586  0.025361  0.025957  0.026414  0.026765  0.027034  0.027241  0.027400
  0.027522  0.027643  0.027783  0.027944  0.028130  0.028347  0.028597  0.028885
  0.029217  0.029599  0.030043  0.030574  0.031214  0.031945  0.032692  0.033430
  0.034166  0.034905  0.035629  0.036307  0.036928  0.037497  0.038015  0.038482
  0.038899  0.039265  0.039630  0.040038  0.040494  0.041002  0.041569  0.042201
  1.000000  0.000000
  0.013213  0.011762  0.010647  0.009792  0.009135  0.008631  0.008244  0.007947
  0.007719  0.007739  0.007599  0.007382  0.007113  0.006798  0.006434  0.006017
  0.005540  0.004998  0.004378  0.003650  0.002792  0.001841  0.000900  0.000000
 -0.000867 -0.001708 -0.002502 -0.003219 -0.003855 -0.004419 -0.004916 -0.005353
 -0.005732 -0.006126 -0.006372 -0.006648 -0.006955 -0.007297 -0.007680 -0.008106
  1.000000
  0.000000  0.000000  0.000000  0.000000  0.000000  0.000000  0.000000  0.000000
  0.000000  0.000503  0.000684  0.000821  0.000945  0.001068  0.001192  0.001312
  0.001430  0.001540  0.001642  0.001730  0.001795  0.001823  0.001805  0.001747
  0.001652  0.001523  0.001367  0.001195  0.001016  0.000836  0.000659  0.000488
  0.000328  0.000000  0.000000  0.000000  0.000000  0.000000  0.000000  0.000000
  1.000000  0.000000
  0.246300  0.246300  0.246300  0.246300  0.246300  0.246300  0.246300  0.246300
  0.246300  0.246300  0.246300  0.246300  0.246300  0.246300  0.246300  0.246300
  0.246300  0.246300  0.246300  0.246300  0.246300  0.246300  0.246300  0.246300
  0.246300  0.246300  0.246300  0.246300  0.246300  0.246300  0.246300  0.246300
  0.246300  0.246300  0.246300  0.246300  0.246300  0.246300  0.246300  0.246300
 ***************************************************************
  ROW NUMBER           3  SECTION NUMBER            3
           0           0           0  IF_DESIGN etc 
   1.00000   0.00000    0
  0.023373  0.023963  0.024686  0.025440  0.026125  0.026657  0.027060  0.027370
  0.027607  0.027826  0.028068  0.028339  0.028640  0.028973  0.029337  0.029729
  0.030146  0.030587  0.031049  0.031539  0.032056  0.032570  0.033038  0.033473
  0.033909  0.034378  0.034897  0.035459  0.036060  0.036697  0.037360  0.038035
  0.038705  0.039350  0.040061  0.040854  0.041708  0.042579  0.043469  0.044372
  1.000000  0.000000
  0.049092  0.043594  0.039434  0.036276  0.033869  0.032023  0.030605  0.029517
  0.028682  0.028781  0.028290  0.027523  0.026508  0.025303  0.023886  0.022237
  0.020320  0.018095  0.015499  0.012387  0.008632  0.004351  0.000000 -0.004271
 -0.008499 -0.012709 -0.016803 -0.020609 -0.024077 -0.027239 -0.030109 -0.032694
 -0.034996 -0.037215 -0.038953 -0.040891 -0.043047 -0.045436 -0.048083 -0.051012
  1.000000
  0.000000  0.000000  0.000000  0.000000  0.000000  0.000000  0.000000  0.000000
  0.000000  0.001892  0.002605  0.003169  0.003648  0.004127  0.004603  0.005070
  0.005522  0.005949  0.006340  0.006680  0.006932  0.007038  0.006970  0.006745
  0.006380  0.005882  0.005277  0.004611  0.003920  0.003223  0.002538  0.001879
  0.001259  0.000000  0.000000  0.000000  0.000000  0.000000  0.000000  0.000000
  1.000000  0.000000
  0.385308  0.383669  0.382829  0.382490  0.382394  0.382334  0.382282  0.382243
  0.382213  0.382154  0.382076  0.381971  0.381830  0.381641  0.381391  0.381062
  0.380634  0.380079  0.379359  0.378404  0.377140  0.375578  0.373896  0.372193
  0.370495  0.368839  0.367302  0.365978  0.364893  0.364029  0.363368  0.362887
  0.362560  0.362359  0.362258  0.362137  0.361951  0.361617  0.361118  0.360419
 ***************************************************************
 ************STARTING THE INPUT FOR EACH BLADE ROW**************
  BLADE ROW NUMBER =        4                                           
    NUMBER OF BLADES IN ROW 
       139
        JM        JLE       JTE 
        40         9        34
      KTIPSTART  KTIPEND 
         0         0
       BOUNDARY LAYER TRANSITION POINTS 
         0         0         0         0
  SET NEWGRID= 1 TO GENERATE A NEW GRID WITH DIFFERENT "J" POINTS AND SPACINGS.
         0
   RPMROW,    RPMHUB 
       0.0       0.0
       JROTHS    JROTHE    JROTTS    JROTTE 
         1         1         1         1
   PUPROW    PLEROW   PTEROW    PDROW 
   99324.0   99324.0  124973.9  124973.9
      NSECS_ROW   INSURF  
         3         0
  IF_CUSP_OUT   IFANGLES 
         1         0
         0         3         0
 ***************************************************************
  ROW NUMBER           4  SECTION NUMBER            1
           0           0           0  IF_DESIGN etc 
   1.00000   0.00000    0
  0.037061  0.037968  0.038768  0.039454  0.040024  0.040462  0.040797  0.041055
  0.041252  0.041440  0.041651  0.041890  0.042161  0.042466  0.042809  0.043188
  0.043607  0.044067  0.044574  0.045143  0.045783  0.046461  0.047105  0.047706
  0.048281  0.048845  0.049397  0.049922  0.050418  0.050891  0.051341  0.051767
  0.052166  0.052531  0.052872  0.053297  0.053836  0.054528  0.055440  0.056480
  1.000000  0.000000
 -0.042211 -0.037926 -0.034575 -0.031968 -0.029949 -0.028398 -0.027207 -0.026293
 -0.025592 -0.024402 -0.023531 -0.022546 -0.021427 -0.020158 -0.018731 -0.017140
 -0.015370 -0.013407 -0.011223 -0.008734 -0.005900 -0.002873  0.000000  0.002632
  0.005057  0.007295  0.009300  0.011009  0.012432  0.013614  0.014589  0.015386
  0.016029  0.016232  0.016980  0.017807  0.018718  0.019714  0.020792  0.021992
  1.000000
  0.000000  0.000000  0.000000  0.000000  0.000000  0.000000  0.000000  0.000000
  0.000000  0.000928  0.001222  0.001428  0.001647  0.001891  0.002161  0.002453
  0.002766  0.003096  0.003438  0.003788  0.004125  0.004397  0.004551  0.004578
  0.004481  0.004261  0.003926  0.003504  0.003027  0.002513  0.001981  0.001449
  0.000933  0.000000  0.000000  0.000000  0.000000  0.000000  0.000000  0.000000
  1.000000  0.000000
  0.128961  0.129672  0.130064  0.130256  0.130337  0.130402  0.130454  0.130495
  0.130528  0.130574  0.130633  0.130708  0.130805  0.130932  0.131095  0.131305
  0.131575  0.131921  0.132367  0.132959  0.133746  0.134734  0.135823  0.136961
  0.138140  0.139352  0.140550  0.141668  0.142677  0.143579  0.144375  0.145069
  0.145663  0.146164  0.146742  0.147299  0.147800  0.148180  0.148330  0.148466
 ***************************************************************
  ROW NUMBER           4  SECTION NUMBER            2
           0           0           0  IF_DESIGN etc 
   1.00000   0.00000    0
  0.038659  0.039404  0.039976  0.040415  0.040752  0.041011  0.041209  0.041362
  0.041479  0.041596  0.041730  0.041884  0.042063  0.042272  0.042512  0.042789
  0.043107  0.043475  0.043901  0.044410  0.045025  0.045727  0.046445  0.047154
  0.047861  0.048570  0.049266  0.049917  0.050514  0.051060  0.051558  0.052007
  0.052407  0.052758  0.053109  0.053501  0.053938  0.054426  0.054971  0.055579
  1.000000  0.000000
 -0.014418 -0.013024 -0.011953 -0.011132 -0.010501 -0.010017 -0.009645 -0.009360
 -0.009141 -0.008742 -0.008463 -0.008146 -0.007786 -0.007377 -0.006915 -0.006400
 -0.005826 -0.005188 -0.004478 -0.003669 -0.002748 -0.001768 -0.000842  0.000000
  0.000770  0.001474  0.002098  0.002625  0.003059  0.003416  0.003708  0.003944
  0.004134  0.004178  0.004415  0.004679  0.004974  0.005303  0.005670  0.006080
  1.000000
  0.000000  0.000000  0.000000  0.000000  0.000000  0.000000  0.000000  0.000000
  0.000000  0.000352  0.000465  0.000544  0.000627  0.000721  0.000823  0.000935
  0.001054  0.001180  0.001310  0.001444  0.001572  0.001676  0.001735  0.001745
  0.001709  0.001625  0.001497  0.001337  0.001155  0.000959  0.000757  0.000554
  0.000358  0.000000  0.000000  0.000000  0.000000  0.000000  0.000000  0.000000
  1.000000  0.000000
  0.246300  0.246300  0.246300  0.246300  0.246300  0.246300  0.246300  0.246300
  0.246300  0.246300  0.246300  0.246300  0.246300  0.246300  0.246300  0.246300
  0.246300  0.246300  0.246300  0.246300  0.246300  0.246300  0.246300  0.246300
  0.246300  0.246300  0.246300  0.246300  0.246300  0.246300  0.246300  0.246300
  0.246300  0.246300  0.246300  0.246300  0.246300  0.246300  0.246300  0.246300
 ***************************************************************
  ROW NUMBER           4  SECTION NUMBER            3
           0           0           0  IF_DESIGN etc 
   1.00000   0.00000    0
  0.037061  0.037968  0.038768  0.039454  0.040024  0.040462  0.040797  0.041055
  0.041252  0.041440  0.041651  0.041890  0.042160  0.042466  0.042809  0.043188
  0.043607  0.044067  0.044574  0.045143  0.045783  0.046460  0.047105  0.047705
  0.048280  0.048844  0.049396  0.049921  0.050417  0.050890  0.051341  0.051767
  0.052165  0.052531  0.052872  0.053298  0.053836  0.054528  0.055440  0.056480
  1.000000  0.000000
 -0.016158 -0.014508 -0.013249 -0.012288 -0.011553 -0.010988 -0.010554 -0.010222
 -0.009966 -0.009460 -0.009125 -0.008745 -0.008313 -0.007822 -0.007267 -0.006649
 -0.005959 -0.005192 -0.004339 -0.003369 -0.002267 -0.001098  0.000000  0.000993
  0.001894  0.002711  0.003428  0.004025  0.004511  0.004906  0.005223  0.005476
  0.005674  0.005687  0.005965  0.006277  0.006626  0.007018  0.007462  0.007957
  1.000000
  0.000000  0.000000  0.000000  0.000000  0.000000  0.000000  0.000000  0.000000
  0.000000  0.000504  0.000663  0.000775  0.000894  0.001027  0.001173  0.001332
  0.001502  0.001681  0.001867  0.002057  0.002240  0.002388  0.002471  0.002486
  0.002434  0.002315  0.002133  0.001905  0.001646  0.001367  0.001079  0.000790
  0.000511  0.000000  0.000000  0.000000  0.000000  0.000000  0.000000  0.000000
  1.000000  0.000000
  0.363639  0.362927  0.362536  0.362344  0.362263  0.362198  0.362146  0.362105
  0.362072  0.362026  0.361967  0.361892  0.361795  0.361668  0.361505  0.361295
  0.361025  0.360679  0.360233  0.359641  0.358853  0.357865  0.356777  0.355639
  0.354460  0.353248  0.352049  0.350932  0.349923  0.349021  0.348224  0.347531
  0.346937  0.346436  0.345858  0.345301  0.344801  0.344420  0.344270  0.344134
 ***************************************************************
 ************STARTING THE INPUT FOR EACH BLADE ROW**************
  BLADE ROW NUMBER =        5                                           
    NUMBER OF BLADES IN ROW 
       139
        JM        JLE       JTE 
        40         9        34
      KTIPSTART  KTIPEND 
         0         0
       BOUNDARY LAYER TRANSITION POINTS 
         0         0         0         0
  SET NEWGRID= 1 TO GENERATE A NEW GRID WITH DIFFERENT "J" POINTS AND SPACINGS.
         0
   RPMROW,    RPMHUB 
   13250.3   13250.3
       JROTHS    JROTHE    JROTTS    JROTTE 
         1         1         1         1
   PUPROW    PLEROW   PTEROW    PDROW 
  124973.9  124973.9  155014.2  155014.2
      NSECS_ROW   INSURF  
         3         0
  IF_CUSP_OUT   IFANGLES 
         1         0
         0         3         0
 ***************************************************************
  ROW NUMBER           5  SECTION NUMBER            1
           0           0           0  IF_DESIGN etc 
   1.00000   0.00000    0
  0.053550  0.054418  0.055232  0.055885  0.056380  0.056757  0.057045  0.057266
  0.057435  0.057593  0.057770  0.057971  0.058198  0.058456  0.058746  0.059068
  0.059426  0.059822  0.060262  0.060763  0.061338  0.061964  0.062581  0.063181
  0.063780  0.064395  0.065022  0.065640  0.066242  0.066828  0.067396  0.067939
  0.068451  0.068924  0.069432  0.070001  0.070636  0.071333  0.072067  0.072847
  1.000000  0.000000
  0.000207 -0.000298 -0.000685 -0.000983 -0.001212 -0.001388 -0.001523 -0.001627
 -0.001706 -0.001507 -0.001480 -0.001499 -0.001524 -0.001548 -0.001568 -0.001580
 -0.001574 -0.001546 -0.001482 -0.001364 -0.001165 -0.000860 -0.000467  0.000000
  0.000544  0.001166  0.001850  0.002555  0.003254  0.003938  0.004597  0.005219
  0.005796  0.006214  0.006819  0.007495  0.008249  0.009092  0.010040  0.011104
  1.000000
  0.000000  0.000000  0.000000  0.000000  0.000000  0.000000  0.000000  0.000000
  0.000000  0.000520  0.000697  0.000826  0.000951  0.001077  0.001202  0.001324
  0.001443  0.001555  0.001657  0.001747  0.001813  0.001842  0.001823  0.001764
  0.001669  0.001539  0.001381  0.001207  0.001027  0.000845  0.000666  0.000493
  0.000331  0.000000  0.000000  0.000000  0.000000  0.000000  0.000000  0.000000
  1.000000  0.000000
  0.147559  0.148146  0.148305  0.148377  0.148449  0.148514  0.148566  0.148607
  0.148640  0.148693  0.148759  0.148843  0.148949  0.149085  0.149258  0.149477
  0.149754  0.150103  0.150546  0.151122  0.151871  0.152785  0.153760  0.154743
  0.155722  0.156680  0.157575  0.158354  0.159004  0.159534  0.159954  0.160275
  0.160510  0.160673  0.160771  0.160877  0.160992  0.161142  0.161397  0.161758
 ***************************************************************
  ROW NUMBER           5  SECTION NUMBER            2
           0           0           0  IF_DESIGN etc 
   1.00000   0.00000    0
  0.054524  0.055283  0.055865  0.056312  0.056656  0.056919  0.057122  0.057277
  0.057396  0.057516  0.057652  0.057809  0.057992  0.058204  0.058449  0.058731
  0.059055  0.059429  0.059863  0.060382  0.061008  0.061724  0.062455  0.063177
  0.063897  0.064620  0.065328  0.065992  0.066600  0.067156  0.067663  0.068120
  0.068528  0.068885  0.069243  0.069642  0.070088  0.070585  0.071140  0.071759
  1.000000  0.000000
  0.012927  0.011507  0.010417  0.009580  0.008938  0.008444  0.008066  0.007775
  0.007552  0.007572  0.007434  0.007222  0.006959  0.006651  0.006295  0.005887
  0.005421  0.004890  0.004283  0.003571  0.002732  0.001801  0.000880  0.000000
 -0.000849 -0.001671 -0.002448 -0.003150 -0.003772 -0.004323 -0.004810 -0.005237
 -0.005608 -0.005993 -0.006235 -0.006504 -0.006804 -0.007139 -0.007514 -0.007931
  1.000000
  0.000000  0.000000  0.000000  0.000000  0.000000  0.000000  0.000000  0.000000
  0.000000  0.000493  0.000670  0.000803  0.000924  0.001045  0.001166  0.001284
  0.001399  0.001507  0.001606  0.001692  0.001756  0.001783  0.001766  0.001709
  0.001616  0.001490  0.001338  0.001169  0.000994  0.000818  0.000644  0.000477
  0.000321  0.000000  0.000000  0.000000  0.000000  0.000000  0.000000  0.000000
  1.000000  0.000000
  0.246300  0.246300  0.246300  0.246300  0.246300  0.246300  0.246300  0.246300
  0.246300  0.246300  0.246300  0.246300  0.246300  0.246300  0.246300  0.246300
  0.246300  0.246300  0.246300  0.246300  0.246300  0.246300  0.246300  0.246300
  0.246300  0.246300  0.246300  0.246300  0.246300  0.246300  0.246300  0.246300
  0.246300  0.246300  0.246300  0.246300  0.246300  0.246300  0.246300  0.246300
 ***************************************************************
  ROW NUMBER           5  SECTION NUMBER            3
           0           0           0  IF_DESIGN etc 
   1.00000   0.00000    0
  0.053550  0.054418  0.055232  0.055885  0.056380  0.056757  0.057045  0.057266
  0.057435  0.057593  0.057770  0.057971  0.058199  0.058456  0.058746  0.059068
  0.059426  0.059822  0.060262  0.060763  0.061338  0.061964  0.062581  0.063181
  0.063780  0.064395  0.065022  0.065640  0.066242  0.066828  0.067396  0.067939
  0.068451  0.068924  0.069432  0.070001  0.070636  0.071333  0.072067  0.072847
  1.000000  0.000000
  0.033243  0.029842  0.027259  0.025281  0.023761  0.022594  0.021698  0.021010
  0.020482  0.020542  0.020229  0.019740  0.019101  0.018344  0.017455  0.016423
  0.015225  0.013839  0.012225  0.010293  0.007967  0.005320  0.002634  0.000000
 -0.002604 -0.005194 -0.007709 -0.010042 -0.012162 -0.014090 -0.015835 -0.017402
 -0.018792 -0.020131 -0.021167 -0.022323 -0.023612 -0.025049 -0.026644 -0.028417
  1.000000
  0.000000  0.000000  0.000000  0.000000  0.000000  0.000000  0.000000  0.000000
  0.000000  0.001192  0.001637  0.001986  0.002286  0.002586  0.002884  0.003177
  0.003460  0.003728  0.003973  0.004186  0.004344  0.004411  0.004367  0.004226
  0.003997  0.003686  0.003306  0.002890  0.002456  0.002020  0.001590  0.001177
  0.000789  0.000000  0.000000  0.000000  0.000000  0.000000  0.000000  0.000000
  1.000000  0.000000
  0.345041  0.344454  0.344295  0.344223  0.344151  0.344086  0.344034  0.343993
  0.343960  0.343907  0.343841  0.343757  0.343651  0.343515  0.343342  0.343123
  0.342846  0.342496  0.342054  0.341478  0.340729  0.339815  0.338840  0.337857
  0.336878  0.335920  0.335025  0.334246  0.333596  0.333066  0.332646  0.332325
  0.332090  0.331927  0.331829  0.331723  0.331608  0.331458  0.331203  0.330843
 ***************************************************************
 ************STARTING THE INPUT FOR EACH BLADE ROW**************
  BLADE ROW NUMBER =        6                                           
    NUMBER OF BLADES IN ROW 
       140
        JM        JLE       JTE 
        40         9        34
      KTIPSTART  KTIPEND 
         0         0
       BOUNDARY LAYER TRANSITION POINTS 
         0         0         0         0
  SET NEWGRID= 1 TO GENERATE A NEW GRID WITH DIFFERENT "J" POINTS AND SPACINGS.
         0
   RPMROW,    RPMHUB 
       0.0       0.0
       JROTHS    JROTHE    JROTTS    JROTTE 
         1         1         1         1
   PUPROW    PLEROW   PTEROW    PDROW 
  155014.2  155014.2  189425.8  189425.8
      NSECS_ROW   INSURF  
         3         0
  IF_CUSP_OUT   IFANGLES 
         1         0
         0         3         0
 ***************************************************************
  ROW NUMBER           6  SECTION NUMBER            1
           0           0           0  IF_DESIGN etc 
   1.00000   0.00000    0
  0.067585  0.068422  0.069124  0.069694  0.070132  0.070469  0.070727  0.070925
  0.071077  0.071223  0.071389  0.071578  0.071794  0.072042  0.072324  0.072641
  0.072999  0.073402  0.073858  0.074386  0.075003  0.075685  0.076360  0.077010
  0.077648  0.078281  0.078901  0.079484  0.080024  0.080525  0.080990  0.081417
  0.081806  0.082153  0.082489  0.082881  0.083344  0.083895  0.084577  0.085380
  1.000000  0.000000
 -0.028461 -0.025712 -0.023579 -0.021931 -0.020665 -0.019693 -0.018946 -0.018373
 -0.017932 -0.017173 -0.016622 -0.015999 -0.015290 -0.014486 -0.013580 -0.012570
 -0.011444 -0.010195 -0.008803 -0.007218 -0.005413 -0.003489 -0.001665  0.000000
  0.001530  0.002937  0.004192  0.005258  0.006142  0.006875  0.007479  0.007971
  0.008368  0.008475  0.008944  0.009467  0.010047  0.010691  0.011400  0.012186
  1.000000
  0.000000  0.000000  0.000000  0.000000  0.000000  0.000000  0.000000  0.000000
  0.000000  0.000613  0.000809  0.000946  0.001091  0.001253  0.001432  0.001626
  0.001833  0.002051  0.002278  0.002510  0.002734  0.002914  0.003016  0.003034
  0.002970  0.002825  0.002603  0.002323  0.002007  0.001666  0.001314  0.000962
  0.000620  0.000000  0.000000  0.000000  0.000000  0.000000  0.000000  0.000000
  1.000000  0.000000
  0.160074  0.160498  0.160712  0.160820  0.160901  0.160962  0.161008  0.161044
  0.161072  0.161111  0.161159  0.161219  0.161293  0.161387  0.161506  0.161654
  0.161840  0.162073  0.162369  0.162755  0.163261  0.163888  0.164573  0.165284
  0.166018  0.166770  0.167515  0.168210  0.168838  0.169403  0.169903  0.170341
  0.170719  0.171039  0.171404  0.171766  0.172110  0.172410  0.172577  0.172662
 ***************************************************************
  ROW NUMBER           6  SECTION NUMBER            2
           0           0           0  IF_DESIGN etc 
   1.00000   0.00000    0
  0.068415  0.069147  0.069709  0.070140  0.070471  0.070725  0.070920  0.071070
  0.071185  0.071300  0.071431  0.071583  0.071759  0.071963  0.072200  0.072471
  0.072784  0.073145  0.073563  0.074064  0.074667  0.075357  0.076062  0.076758
  0.077452  0.078149  0.078832  0.079472  0.080058  0.080595  0.081083  0.081524
  0.081917  0.082262  0.082607  0.082992  0.083421  0.083900  0.084435  0.085032
  1.000000  0.000000
 -0.014160 -0.012790 -0.011739 -0.010932 -0.010313 -0.009837 -0.009472 -0.009192
 -0.008977 -0.008585 -0.008311 -0.008000 -0.007646 -0.007245 -0.006792 -0.006286
 -0.005722 -0.005095 -0.004398 -0.003603 -0.002699 -0.001736 -0.000827  0.000000
  0.000756  0.001448  0.002061  0.002578  0.003004  0.003355  0.003642  0.003874
  0.004060  0.004103  0.004336  0.004595  0.004885  0.005208  0.005569  0.005971
  1.000000
  0.000000  0.000000  0.000000  0.000000  0.000000  0.000000  0.000000  0.000000
  0.000000  0.000346  0.000457  0.000534  0.000616  0.000708  0.000809  0.000918
  0.001035  0.001159  0.001287  0.001418  0.001544  0.001646  0.001704  0.001714
  0.001678  0.001596  0.001471  0.001313  0.001134  0.000942  0.000743  0.000544
  0.000352  0.000000  0.000000  0.000000  0.000000  0.000000  0.000000  0.000000
  1.000000  0.000000
  0.246300  0.246300  0.246300  0.246300  0.246300  0.246300  0.246300  0.246300
  0.246300  0.246300  0.246300  0.246300  0.246300  0.246300  0.246300  0.246300
  0.246300  0.246300  0.246300  0.246300  0.246300  0.246300  0.246300  0.246300
  0.246300  0.246300  0.246300  0.246300  0.246300  0.246300  0.246300  0.246300
  0.246300  0.246300  0.246300  0.246300  0.246300  0.246300  0.246300  0.246300
 ***************************************************************
  ROW NUMBER           6  SECTION NUMBER            3
           0           0           0  IF_DESIGN etc 
   1.00000   0.00000    0
  0.067586  0.068422  0.069125  0.069695  0.070133  0.070470  0.070728  0.070926
  0.071078  0.071224  0.071390  0.071579  0.071795  0.072043  0.072325  0.072642
  0.073000  0.073403  0.073859  0.074387  0.075004  0.075686  0.076361  0.077011
  0.077649  0.078282  0.078902  0.079485  0.080025  0.080526  0.080991  0.081418
  0.081807  0.082154  0.082490  0.082882  0.083345  0.083896  0.084578  0.085381
  1.000000  0.000000
 -0.014391 -0.013006 -0.011949 -0.011139 -0.010518 -0.010041 -0.009675 -0.009395
 -0.009179 -0.008762 -0.008481 -0.008163 -0.007801 -0.007390 -0.006926 -0.006408
 -0.005831 -0.005189 -0.004475 -0.003662 -0.002740 -0.001759 -0.000836  0.000000
  0.000761  0.001453  0.002062  0.002571  0.002987  0.003327  0.003601  0.003820
  0.003994  0.004017  0.004252  0.004515  0.004808  0.005136  0.005505  0.005918
  1.000000
  0.000000  0.000000  0.000000  0.000000  0.000000  0.000000  0.000000  0.000000
  0.000000  0.000402  0.000531  0.000620  0.000716  0.000822  0.000939  0.001066
  0.001202  0.001346  0.001494  0.001646  0.001793  0.001911  0.001978  0.001989
  0.001948  0.001853  0.001708  0.001525  0.001317  0.001094  0.000864  0.000633
  0.000409  0.000000  0.000000  0.000000  0.000000  0.000000  0.000000  0.000000
  1.000000  0.000000
  0.332525  0.332102  0.331888  0.331780  0.331699  0.331638  0.331592  0.331556
  0.331528  0.331489  0.331441  0.331381  0.331307  0.331213  0.331094  0.330946
  0.330761  0.330527  0.330231  0.329845  0.329339  0.328712  0.328027  0.327316
  0.326582  0.325830  0.325085  0.324391  0.323762  0.323198  0.322697  0.322259
  0.321881  0.321561  0.321196  0.320834  0.320490  0.320190  0.320023  0.319938
 ***************************************************************
 ************STARTING THE INPUT FOR EACH BLADE ROW**************
  BLADE ROW NUMBER =        7                                           
    NUMBER OF BLADES IN ROW 
       140
        JM        JLE       JTE 
        40         9        34
      KTIPSTART  KTIPEND 
         0         0
       BOUNDARY LAYER TRANSITION POINTS 
         0         0         0         0
  SET NEWGRID= 1 TO GENERATE A NEW GRID WITH DIFFERENT "J" POINTS AND SPACINGS.
         0
   RPMROW,    RPMHUB 
   13250.3   13250.3
       JROTHS    JROTHE    JROTTS    JROTTE 
         1         1         1         1
   PUPROW    PLEROW   PTEROW    PDROW 
  189425.8  189425.8  228953.8  228953.8
      NSECS_ROW   INSURF  
         3         0
  IF_CUSP_OUT   IFANGLES 
         1         0
         0         3         0
 ***************************************************************
  ROW NUMBER           7  SECTION NUMBER            1
           0           0           0  IF_DESIGN etc 
   1.00000   0.00000    0
  0.083925  0.084791  0.085486  0.086018  0.086421  0.086730  0.086967  0.087149
  0.087288  0.087421  0.087571  0.087743  0.087941  0.088167  0.088426  0.088718
  0.089049  0.089423  0.089849  0.090348  0.090937  0.091597  0.092262  0.092915
  0.093566  0.094226  0.094883  0.095512  0.096104  0.096660  0.097182  0.097666
  0.098110  0.098509  0.098927  0.099395  0.099917  0.100501  0.101144  0.101838
  1.000000  0.000000
  0.004522  0.003757  0.003168  0.002715  0.002368  0.002101  0.001896  0.001739
  0.001618  0.001697  0.001650  0.001557  0.001446  0.001320  0.001181  0.001031
  0.000872  0.000707  0.000538  0.000368  0.000206  0.000079  0.000009  0.000000
  0.000047  0.000151  0.000306  0.000499  0.000716  0.000948  0.001185  0.001422
  0.001650  0.001785  0.002062  0.002370  0.002714  0.003098  0.003528  0.004008
  1.000000
  0.000000  0.000000  0.000000  0.000000  0.000000  0.000000  0.000000  0.000000
  0.000000  0.000384  0.000517  0.000614  0.000707  0.000800  0.000893  0.000984
  0.001071  0.001155  0.001230  0.001297  0.001346  0.001367  0.001353  0.001310
  0.001239  0.001143  0.001026  0.000896  0.000762  0.000627  0.000494  0.000366
  0.000246  0.000000  0.000000  0.000000  0.000000  0.000000  0.000000  0.000000
  1.000000  0.000000
  0.172423  0.172605  0.172671  0.172732  0.172794  0.172844  0.172884  0.172916
  0.172941  0.172981  0.173030  0.173090  0.173166  0.173261  0.173379  0.173527
  0.173711  0.173941  0.174228  0.174599  0.175076  0.175655  0.176270  0.176888
  0.177503  0.178106  0.178672  0.179168  0.179586  0.179931  0.180209  0.180426
  0.180591  0.180711  0.180786  0.180865  0.180950  0.181041  0.181163  0.181364
 ***************************************************************
  ROW NUMBER           7  SECTION NUMBER            2
           0           0           0  IF_DESIGN etc 
   1.00000   0.00000    0
  0.084465  0.085206  0.085775  0.086212  0.086547  0.086805  0.087002  0.087154
  0.087271  0.087387  0.087520  0.087674  0.087852  0.088059  0.088299  0.088574
  0.088891  0.089256  0.089680  0.090187  0.090798  0.091497  0.092211  0.092916
  0.093620  0.094326  0.095018  0.095665  0.096259  0.096803  0.097298  0.097744
  0.098142  0.098492  0.098841  0.099231  0.099666  0.100151  0.100693  0.101298
  1.000000  0.000000
  0.012626  0.011239  0.010174  0.009357  0.008729  0.008247  0.007878  0.007594
  0.007376  0.007395  0.007261  0.007054  0.006797  0.006496  0.006148  0.005749
  0.005294  0.004776  0.004183  0.003488  0.002668  0.001759  0.000860  0.000000
 -0.000829 -0.001632 -0.002390 -0.003076 -0.003684 -0.004222 -0.004698 -0.005115
 -0.005477 -0.005853 -0.006089 -0.006352 -0.006646 -0.006973 -0.007338 -0.007746
  1.000000
  0.000000  0.000000  0.000000  0.000000  0.000000  0.000000  0.000000  0.000000
  0.000000  0.000481  0.000654  0.000784  0.000903  0.001021  0.001139  0.001254
  0.001366  0.001472  0.001569  0.001653  0.001715  0.001742  0.001725  0.001669
  0.001579  0.001456  0.001306  0.001142  0.000971  0.000799  0.000629  0.000466
  0.000313  0.000000  0.000000  0.000000  0.000000  0.000000  0.000000  0.000000
  1.000000  0.000000
  0.246300  0.246300  0.246300  0.246300  0.246300  0.246300  0.246300  0.246300
  0.246300  0.246300  0.246300  0.246300  0.246300  0.246300  0.246300  0.246300
  0.246300  0.246300  0.246300  0.246300  0.246300  0.246300  0.246300  0.246300
  0.246300  0.246300  0.246300  0.246300  0.246300  0.246300  0.246300  0.246300
  0.246300  0.246300  0.246300  0.246300  0.246300  0.246300  0.246300  0.246300
 ***************************************************************
  ROW NUMBER           7  SECTION NUMBER            3
           0           0           0  IF_DESIGN etc 
   1.00000   0.00000    0
  0.083926  0.084791  0.085486  0.086018  0.086421  0.086730  0.086967  0.087149
  0.087288  0.087421  0.087571  0.087743  0.087941  0.088167  0.088426  0.088718
  0.089049  0.089423  0.089849  0.090348  0.090937  0.091597  0.092262  0.092915
  0.093566  0.094226  0.094883  0.095512  0.096104  0.096660  0.097182  0.097666
  0.098110  0.098509  0.098927  0.099395  0.099917  0.100501  0.101144  0.101838
  1.000000  0.000000
  0.024448  0.021942  0.020024  0.018551  0.017420  0.016552  0.015885  0.015373
  0.014980  0.015024  0.014789  0.014424  0.013950  0.013390  0.012733  0.011972
  0.011092  0.010074  0.008891  0.007480  0.005783  0.003857  0.001908  0.000000
 -0.001883 -0.003752 -0.005562 -0.007239 -0.008759 -0.010138 -0.011384 -0.012500
 -0.013487 -0.014441 -0.015169 -0.015981 -0.016887 -0.017898 -0.019024 -0.020277
  1.000000
  0.000000  0.000000  0.000000  0.000000  0.000000  0.000000  0.000000  0.000000
  0.000000  0.000884  0.001212  0.001467  0.001689  0.001911  0.002131  0.002347
  0.002557  0.002755  0.002936  0.003093  0.003210  0.003259  0.003227  0.003123
  0.002954  0.002723  0.002443  0.002135  0.001815  0.001493  0.001175  0.000870
  0.000583  0.000000  0.000000  0.000000  0.000000  0.000000  0.000000  0.000000
  1.000000  0.000000
  0.320178  0.319995  0.319929  0.319868  0.319806  0.319756  0.319716  0.319684
  0.319659  0.319619  0.319570  0.319510  0.319434  0.319339  0.319221  0.319073
  0.318889  0.318659  0.318372  0.318001  0.317524  0.316945  0.316330  0.315712
  0.315097  0.314494  0.313928  0.313432  0.313014  0.312669  0.312391  0.312174
  0.312009  0.311889  0.311814  0.311735  0.311650  0.311559  0.311437  0.311237
 ***************************************************************
 ************STARTING THE INPUT FOR EACH BLADE ROW**************
  BLADE ROW NUMBER =        8                                           
    NUMBER OF BLADES IN ROW 
       140
        JM        JLE       JTE 
        40         9        34
      KTIPSTART  KTIPEND 
         0         0
       BOUNDARY LAYER TRANSITION POINTS 
         0         0         0         0
  SET NEWGRID= 1 TO GENERATE A NEW GRID WITH DIFFERENT "J" POINTS AND SPACINGS.
         0
   RPMROW,    RPMHUB 
       0.0       0.0
       JROTHS    JROTHE    JROTTS    JROTTE 
         1         1         1         1
   PUPROW    PLEROW   PTEROW    PDROW 
  228953.8  228953.8  273517.5  273517.5
      NSECS_ROW   INSURF  
         3         0
  IF_CUSP_OUT   IFANGLES 
         1         0
         0         3         0
 ***************************************************************
  ROW NUMBER           8  SECTION NUMBER            1
           0           0           0  IF_DESIGN etc 
   1.00000   0.00000    0
  0.097755  0.098545  0.099187  0.099680  0.100059  0.100350  0.100574  0.100745
  0.100877  0.101005  0.101151  0.101319  0.101512  0.101735  0.101990  0.102280
  0.102611  0.102988  0.103420  0.103930  0.104534  0.105214  0.105898  0.106566
  0.107226  0.107886  0.108530  0.109134  0.109690  0.110201  0.110669  0.111095
  0.111478  0.111816  0.112146  0.112524  0.112957  0.113457  0.114046  0.114733
  1.000000  0.000000
 -0.021998 -0.019865 -0.018217 -0.016951 -0.015978 -0.015231 -0.014658 -0.014217
 -0.013879 -0.013288 -0.012864 -0.012383 -0.011835 -0.011214 -0.010513 -0.009731
 -0.008860 -0.007893 -0.006815 -0.005587 -0.004189 -0.002698 -0.001288  0.000000
  0.001182  0.002266  0.003232  0.004052  0.004731  0.005293  0.005755  0.006132
  0.006436  0.006523  0.006886  0.007290  0.007740  0.008241  0.008796  0.009412
  1.000000
  0.000000  0.000000  0.000000  0.000000  0.000000  0.000000  0.000000  0.000000
  0.000000  0.000487  0.000643  0.000752  0.000867  0.000996  0.001138  0.001292
  0.001457  0.001630  0.001810  0.001995  0.002173  0.002316  0.002396  0.002411
  0.002361  0.002245  0.002068  0.001846  0.001595  0.001325  0.001045  0.000765
  0.000493  0.000000  0.000000  0.000000  0.000000  0.000000  0.000000  0.000000
  1.000000  0.000000
  0.180462  0.180718  0.180830  0.180912  0.180972  0.181018  0.181053  0.181079
  0.181100  0.181129  0.181165  0.181209  0.181263  0.181330  0.181414  0.181518
  0.181647  0.181808  0.182009  0.182270  0.182611  0.183030  0.183486  0.183959
  0.184447  0.184948  0.185444  0.185909  0.186331  0.186712  0.187051  0.187350
  0.187609  0.187830  0.188082  0.188337  0.188584  0.188809  0.188958  0.189032
 ***************************************************************
  ROW NUMBER           8  SECTION NUMBER            2
           0           0           0  IF_DESIGN etc 
   1.00000   0.00000    0
  0.098199  0.098921  0.099476  0.099901  0.100228  0.100479  0.100672  0.100820
  0.100933  0.101047  0.101177  0.101327  0.101500  0.101702  0.101936  0.102204
  0.102513  0.102869  0.103282  0.103777  0.104373  0.105054  0.105750  0.106437
  0.107123  0.107811  0.108486  0.109117  0.109696  0.110226  0.110709  0.111144
  0.111532  0.111872  0.112213  0.112593  0.113017  0.113491  0.114019  0.114608
  1.000000  0.000000
 -0.013983 -0.012631 -0.011593 -0.010796 -0.010185 -0.009715 -0.009354 -0.009078
 -0.008865 -0.008478 -0.008208 -0.007901 -0.007551 -0.007154 -0.006707 -0.006207
 -0.005650 -0.005032 -0.004343 -0.003558 -0.002665 -0.001714 -0.000817  0.000000
  0.000747  0.001430  0.002035  0.002546  0.002967  0.003313  0.003596  0.003825
  0.004009  0.004052  0.004282  0.004538  0.004824  0.005143  0.005499  0.005897
  1.000000
  0.000000  0.000000  0.000000  0.000000  0.000000  0.000000  0.000000  0.000000
  0.000000  0.000341  0.000451  0.000528  0.000609  0.000699  0.000799  0.000907
  0.001023  0.001145  0.001271  0.001400  0.001525  0.001626  0.001682  0.001693
  0.001657  0.001576  0.001452  0.001297  0.001120  0.000931  0.000734  0.000538
  0.000347  0.000000  0.000000  0.000000  0.000000  0.000000  0.000000  0.000000
  1.000000  0.000000
  0.246300  0.246300  0.246300  0.246300  0.246300  0.246300  0.246300  0.246300
  0.246300  0.246300  0.246300  0.246300  0.246300  0.246300  0.246300  0.246300
  0.246300  0.246300  0.246300  0.246300  0.246300  0.246300  0.246300  0.246300
  0.246300  0.246300  0.246300  0.246300  0.246300  0.246300  0.246300  0.246300
  0.246300  0.246300  0.246300  0.246300  0.246300  0.246300  0.246300  0.246300
 ***************************************************************
  ROW NUMBER           8  SECTION NUMBER            3
           0           0           0  IF_DESIGN etc 
   1.00000   0.00000    0
  0.097755  0.098545  0.099187  0.099680  0.100059  0.100350  0.100574  0.100745
  0.100877  0.101005  0.101151  0.101319  0.101512  0.101735  0.101990  0.102280
  0.102611  0.102988  0.103420  0.103930  0.104534  0.105214  0.105898  0.106566
  0.107226  0.107886  0.108530  0.109134  0.109690  0.110201  0.110669  0.111095
  0.111478  0.111816  0.112146  0.112524  0.112957  0.113457  0.114046  0.114733
  1.000000  0.000000
 -0.013140 -0.011875 -0.010908 -0.010167 -0.009597 -0.009160 -0.008825 -0.008567
 -0.008370 -0.007993 -0.007737 -0.007447 -0.007117 -0.006742 -0.006319 -0.005847
 -0.005320 -0.004735 -0.004084 -0.003344 -0.002502 -0.001607 -0.000764  0.000000
  0.000697  0.001330  0.001890  0.002359  0.002742  0.003056  0.003310  0.003514
  0.003676  0.003694  0.003909  0.004149  0.004416  0.004716  0.005052  0.005427
  1.000000
  0.000000  0.000000  0.000000  0.000000  0.000000  0.000000  0.000000  0.000000
  0.000000  0.000356  0.000470  0.000549  0.000634  0.000728  0.000831  0.000944
  0.001065  0.001192  0.001323  0.001458  0.001588  0.001692  0.001751  0.001762
  0.001725  0.001641  0.001512  0.001350  0.001167  0.000969  0.000765  0.000560
  0.000362  0.000000  0.000000  0.000000  0.000000  0.000000  0.000000  0.000000
  1.000000  0.000000
  0.312138  0.311882  0.311770  0.311688  0.311628  0.311582  0.311547  0.311521
  0.311500  0.311471  0.311435  0.311391  0.311337  0.311270  0.311186  0.311082
  0.310953  0.310792  0.310591  0.310330  0.309989  0.309570  0.309114  0.308641
  0.308153  0.307652  0.307155  0.306691  0.306269  0.305888  0.305549  0.305250
  0.304991  0.304770  0.304518  0.304263  0.304016  0.303791  0.303642  0.303568
 ***************************************************************
 ************STARTING THE INPUT FOR EACH BLADE ROW**************
  BLADE ROW NUMBER =        9                                           
    NUMBER OF BLADES IN ROW 
       141
        JM        JLE       JTE 
        40         9        34
      KTIPSTART  KTIPEND 
         0         0
       BOUNDARY LAYER TRANSITION POINTS 
         0         0         0         0
  SET NEWGRID= 1 TO GENERATE A NEW GRID WITH DIFFERENT "J" POINTS AND SPACINGS.
         0
   RPMROW,    RPMHUB 
   13250.3   13250.3
       JROTHS    JROTHE    JROTTS    JROTTE 
         1         1         1         1
   PUPROW    PLEROW   PTEROW    PDROW 
  273517.5  273517.5  323937.6  323937.6
      NSECS_ROW   INSURF  
         3         0
  IF_CUSP_OUT   IFANGLES 
         1         0
         0         3         0
 ***************************************************************
  ROW NUMBER           9  SECTION NUMBER            1
           0           0           0  IF_DESIGN etc 
   1.00000   0.00000    0
  0.114042  0.114846  0.115472  0.115945  0.116308  0.116587  0.116801  0.116964
  0.117090  0.117212  0.117351  0.117511  0.117695  0.117908  0.118152  0.118431
  0.118749  0.119113  0.119531  0.120026  0.120617  0.121286  0.121965  0.122635
  0.123303  0.123976  0.124641  0.125269  0.125853  0.126394  0.126894  0.127351
  0.127764  0.128131  0.128508  0.128930  0.129401  0.129927  0.130513  0.131158
  1.000000  0.000000
  0.006440  0.005554  0.004873  0.004351  0.003950  0.003643  0.003406  0.003225
  0.003086  0.003127  0.003052  0.002930  0.002783  0.002615  0.002426  0.002216
  0.001985  0.001734  0.001461  0.001161  0.000836  0.000511  0.000230  0.000000
 -0.000182 -0.000318 -0.000407 -0.000450 -0.000457 -0.000436 -0.000395 -0.000338
 -0.000273 -0.000273 -0.000146 -0.000005  0.000152  0.000328  0.000524  0.000743
  1.000000
  0.000000  0.000000  0.000000  0.000000  0.000000  0.000000  0.000000  0.000000
  0.000000  0.000356  0.000481  0.000572  0.000659  0.000745  0.000831  0.000916
  0.000997  0.001075  0.001145  0.001207  0.001253  0.001272  0.001260  0.001219
  0.001154  0.001064  0.000954  0.000835  0.000710  0.000584  0.000460  0.000341
  0.000229  0.000000  0.000000  0.000000  0.000000  0.000000  0.000000  0.000000
  1.000000  0.000000
  0.188965  0.189049  0.189081  0.189136  0.189181  0.189218  0.189247  0.189271
  0.189289  0.189320  0.189358  0.189404  0.189462  0.189533  0.189620  0.189728
  0.189860  0.190022  0.190222  0.190474  0.190795  0.191177  0.191578  0.191979
  0.192379  0.192773  0.193147  0.193480  0.193766  0.194007  0.194206  0.194365
  0.194488  0.194580  0.194634  0.194691  0.194752  0.194817  0.194889  0.195011
 ***************************************************************
  ROW NUMBER           9  SECTION NUMBER            2
           0           0           0  IF_DESIGN etc 
   1.00000   0.00000    0
  0.114322  0.115051  0.115611  0.116040  0.116370  0.116624  0.116818  0.116967
  0.117082  0.117197  0.117327  0.117479  0.117654  0.117858  0.118094  0.118364
  0.118676  0.119036  0.119453  0.119952  0.120553  0.121241  0.121943  0.122637
  0.123329  0.124024  0.124705  0.125342  0.125926  0.126461  0.126948  0.127388
  0.127779  0.128123  0.128467  0.128850  0.129279  0.129756  0.130289  0.130884
  1.000000  0.000000
  0.012423  0.011059  0.010011  0.009207  0.008589  0.008115  0.007751  0.007472
  0.007257  0.007277  0.007145  0.006941  0.006688  0.006392  0.006049  0.005657
  0.005209  0.004699  0.004116  0.003432  0.002625  0.001731  0.000846  0.000000
 -0.000816 -0.001606 -0.002352 -0.003027 -0.003624 -0.004154 -0.004623 -0.005033
 -0.005390 -0.005760 -0.005991 -0.006250 -0.006539 -0.006861 -0.007221 -0.007622
  1.000000
  0.000000  0.000000  0.000000  0.000000  0.000000  0.000000  0.000000  0.000000
  0.000000  0.000473  0.000643  0.000771  0.000888  0.001005  0.001120  0.001234
  0.001344  0.001448  0.001543  0.001626  0.001688  0.001714  0.001697  0.001642
  0.001553  0.001432  0.001285  0.001123  0.000955  0.000786  0.000619  0.000459
  0.000308  0.000000  0.000000  0.000000  0.000000  0.000000  0.000000  0.000000
  1.000000  0.000000
  0.246300  0.246300  0.246300  0.246300  0.246300  0.246300  0.246300  0.246300
  0.246300  0.246300  0.246300  0.246300  0.246300  0.246300  0.246300  0.246300
  0.246300  0.246300  0.246300  0.246300  0.246300  0.246300  0.246300  0.246300
  0.246300  0.246300  0.246300  0.246300  0.246300  0.246300  0.246300  0.246300
  0.246300  0.246300  0.246300  0.246300  0.246300  0.246300  0.246300  0.246300
 ***************************************************************
  ROW NUMBER           9  SECTION NUMBER            3
           0           0           0  IF_DESIGN etc 
   1.00000   0.00000    0
  0.114044  0.114848  0.115473  0.115947  0.116310  0.116588  0.116802  0.116966
  0.117091  0.117214  0.117352  0.117512  0.117697  0.117909  0.118154  0.118432
  0.118750  0.119114  0.119532  0.120027  0.120618  0.121287  0.121967  0.122636
  0.123304  0.123977  0.124642  0.125271  0.125854  0.126395  0.126895  0.127352
  0.127765  0.128132  0.128510  0.128931  0.129402  0.129928  0.130515  0.131159
  1.000000  0.000000
  0.020196  0.018111  0.016512  0.015283  0.014340  0.013615  0.013059  0.012633
  0.012305  0.012340  0.012144  0.011838  0.011444  0.010979  0.010435  0.009805
  0.009078  0.008239  0.007266  0.006107  0.004717  0.003142  0.001552  0.000000
 -0.001529 -0.003043 -0.004506 -0.005859 -0.007082 -0.008190 -0.009189 -0.010081
 -0.010869 -0.011632 -0.012206 -0.012848 -0.013563 -0.014362 -0.015253 -0.016245
  1.000000
  0.000000  0.000000  0.000000  0.000000  0.000000  0.000000  0.000000  0.000000
  0.000000  0.000735  0.001006  0.001216  0.001400  0.001584  0.001766  0.001946
  0.002119  0.002283  0.002433  0.002564  0.002661  0.002702  0.002675  0.002589
  0.002449  0.002258  0.002026  0.001770  0.001505  0.001238  0.000975  0.000721
  0.000484  0.000000  0.000000  0.000000  0.000000  0.000000  0.000000  0.000000
  1.000000  0.000000
  0.303635  0.303551  0.303519  0.303464  0.303418  0.303382  0.303352  0.303329
  0.303311  0.303279  0.303242  0.303195  0.303138  0.303067  0.302979  0.302872
  0.302740  0.302577  0.302378  0.302125  0.301805  0.301423  0.301021  0.300620
  0.300221  0.299827  0.299453  0.299119  0.298833  0.298592  0.298393  0.298234
  0.298111  0.298020  0.297966  0.297908  0.297848  0.297783  0.297711  0.297589
 ***************************************************************
 ************STARTING THE INPUT FOR EACH BLADE ROW**************
  BLADE ROW NUMBER =       10                                           
    NUMBER OF BLADES IN ROW 
       141
        JM        JLE       JTE 
        40         9        34
      KTIPSTART  KTIPEND 
         0         0
       BOUNDARY LAYER TRANSITION POINTS 
         0         0         0         0
  SET NEWGRID= 1 TO GENERATE A NEW GRID WITH DIFFERENT "J" POINTS AND SPACINGS.
         0
   RPMROW,    RPMHUB 
       0.0       0.0
       JROTHS    JROTHE    JROTTS    JROTTE 
         1         1         1         1
   PUPROW    PLEROW   PTEROW    PDROW 
  323937.6  323937.6  380069.2  380069.2
      NSECS_ROW   INSURF  
         3         0
  IF_CUSP_OUT   IFANGLES 
         1         0
         0         3         0
 ***************************************************************
  ROW NUMBER          10  SECTION NUMBER            1
           0           0           0  IF_DESIGN etc 
   1.00000   0.00000    0
  0.127712  0.128476  0.129071  0.129530  0.129881  0.130151  0.130359  0.130518
  0.130640  0.130760  0.130898  0.131056  0.131238  0.131449  0.131693  0.131971
  0.132290  0.132655  0.133076  0.133575  0.134173  0.134850  0.135537  0.136211
  0.136880  0.137550  0.138204  0.138817  0.139379  0.139894  0.140364  0.140789
  0.141169  0.141504  0.141833  0.142204  0.142626  0.143105  0.143657  0.144291
  1.000000  0.000000
 -0.018961 -0.017120 -0.015703 -0.014614 -0.013779 -0.013137 -0.012644 -0.012265
 -0.011975 -0.011463 -0.011097 -0.010682 -0.010210 -0.009675 -0.009070 -0.008396
 -0.007644 -0.006809 -0.005879 -0.004819 -0.003613 -0.002326 -0.001110  0.000000
  0.001018  0.001951  0.002781  0.003485  0.004068  0.004549  0.004945  0.005267
  0.005527  0.005596  0.005909  0.006258  0.006646  0.007079  0.007560  0.008094
  1.000000
  0.000000  0.000000  0.000000  0.000000  0.000000  0.000000  0.000000  0.000000
  0.000000  0.000428  0.000565  0.000661  0.000762  0.000876  0.001001  0.001136
  0.001281  0.001434  0.001592  0.001754  0.001911  0.002036  0.002107  0.002120
  0.002076  0.001974  0.001819  0.001624  0.001403  0.001165  0.000919  0.000673
  0.000434  0.000000  0.000000  0.000000  0.000000  0.000000  0.000000  0.000000
  1.000000  0.000000
  0.194474  0.194629  0.194710  0.194768  0.194812  0.194845  0.194870  0.194890
  0.194905  0.194928  0.194955  0.194988  0.195029  0.195080  0.195143  0.195221
  0.195316  0.195435  0.195582  0.195771  0.196014  0.196311  0.196630  0.196959
  0.197297  0.197643  0.197985  0.198307  0.198600  0.198867  0.199106  0.199318
  0.199504  0.199664  0.199844  0.200031  0.200218  0.200394  0.200523  0.200587
 ***************************************************************
  ROW NUMBER          10  SECTION NUMBER            2
           0           0           0  IF_DESIGN etc 
   1.00000   0.00000    0
  0.127956  0.128674  0.129225  0.129648  0.129972  0.130221  0.130413  0.130560
  0.130672  0.130785  0.130914  0.131063  0.131235  0.131436  0.131668  0.131934
  0.132241  0.132595  0.133005  0.133496  0.134088  0.134765  0.135456  0.136138
  0.136819  0.137503  0.138173  0.138800  0.139375  0.139901  0.140381  0.140813
  0.141198  0.141536  0.141875  0.142252  0.142673  0.143144  0.143668  0.144253
  1.000000  0.000000
 -0.013887 -0.012544 -0.011514 -0.010722 -0.010115 -0.009648 -0.009290 -0.009015
 -0.008804 -0.008420 -0.008151 -0.007846 -0.007499 -0.007105 -0.006661 -0.006165
 -0.005612 -0.004997 -0.004313 -0.003534 -0.002647 -0.001703 -0.000811  0.000000
  0.000742  0.001420  0.002021  0.002528  0.002946  0.003290  0.003572  0.003799
  0.003981  0.004024  0.004252  0.004507  0.004791  0.005108  0.005462  0.005856
  1.000000
  0.000000  0.000000  0.000000  0.000000  0.000000  0.000000  0.000000  0.000000
  0.000000  0.000339  0.000448  0.000524  0.000604  0.000694  0.000793  0.000900
  0.001015  0.001137  0.001262  0.001391  0.001515  0.001615  0.001671  0.001681
  0.001646  0.001565  0.001442  0.001288  0.001113  0.000924  0.000729  0.000534
  0.000345  0.000000  0.000000  0.000000  0.000000  0.000000  0.000000  0.000000
  1.000000  0.000000
  0.246300  0.246300  0.246300  0.246300  0.246300  0.246300  0.246300  0.246300
  0.246300  0.246300  0.246300  0.246300  0.246300  0.246300  0.246300  0.246300
  0.246300  0.246300  0.246300  0.246300  0.246300  0.246300  0.246300  0.246300
  0.246300  0.246300  0.246300  0.246300  0.246300  0.246300  0.246300  0.246300
  0.246300  0.246300  0.246300  0.246300  0.246300  0.246300  0.246300  0.246300
 ***************************************************************
  ROW NUMBER          10  SECTION NUMBER            3
           0           0           0  IF_DESIGN etc 
   1.00000   0.00000    0
  0.127711  0.128474  0.129070  0.129528  0.129880  0.130150  0.130358  0.130517
  0.130639  0.130759  0.130896  0.131054  0.131237  0.131448  0.131692  0.131970
  0.132289  0.132654  0.133075  0.133574  0.134172  0.134850  0.135536  0.136211
  0.136880  0.137549  0.138204  0.138817  0.139378  0.139894  0.140364  0.140789
  0.141169  0.141504  0.141833  0.142204  0.142625  0.143104  0.143657  0.144291
  1.000000  0.000000
 -0.012659 -0.011441 -0.010507 -0.009791 -0.009241 -0.008819 -0.008495 -0.008246
 -0.008055 -0.007695 -0.007449 -0.007170 -0.006852 -0.006491 -0.006084 -0.005630
 -0.005123 -0.004560 -0.003934 -0.003221 -0.002411 -0.001549 -0.000737  0.000000
  0.000672  0.001284  0.001825  0.002279  0.002652  0.002956  0.003204  0.003402
  0.003560  0.003582  0.003789  0.004020  0.004279  0.004567  0.004890  0.005251
  1.000000
  0.000000  0.000000  0.000000  0.000000  0.000000  0.000000  0.000000  0.000000
  0.000000  0.000336  0.000443  0.000518  0.000598  0.000686  0.000784  0.000890
  0.001004  0.001124  0.001248  0.001375  0.001497  0.001596  0.001652  0.001662
  0.001627  0.001547  0.001426  0.001273  0.001100  0.000914  0.000721  0.000528
  0.000341  0.000000  0.000000  0.000000  0.000000  0.000000  0.000000  0.000000
  1.000000  0.000000
  0.298126  0.297971  0.297890  0.297832  0.297788  0.297755  0.297730  0.297710
  0.297695  0.297673  0.297646  0.297612  0.297571  0.297520  0.297457  0.297380
  0.297284  0.297166  0.297019  0.296830  0.296587  0.296290  0.295970  0.295642
  0.295304  0.294958  0.294616  0.294294  0.294001  0.293734  0.293495  0.293283
  0.293097  0.292937  0.292756  0.292569  0.292383  0.292206  0.292077  0.292013
 ***************************************************************
 ************STARTING THE INPUT FOR EACH BLADE ROW**************
  BLADE ROW NUMBER =       11                                           
    NUMBER OF BLADES IN ROW 
       141
        JM        JLE       JTE 
        40         9        34
      KTIPSTART  KTIPEND 
         0         0
       BOUNDARY LAYER TRANSITION POINTS 
         0         0         0         0
  SET NEWGRID= 1 TO GENERATE A NEW GRID WITH DIFFERENT "J" POINTS AND SPACINGS.
         0
   RPMROW,    RPMHUB 
   13250.3   13250.3
       JROTHS    JROTHE    JROTTS    JROTTE 
         1         1         1         1
   PUPROW    PLEROW   PTEROW    PDROW 
  380069.2  380069.2  442809.7  442809.7
      NSECS_ROW   INSURF  
         3         0
  IF_CUSP_OUT   IFANGLES 
         1         0
         0         3         0
 ***************************************************************
  ROW NUMBER          11  SECTION NUMBER            1
           0           0           0  IF_DESIGN etc 
   1.00000   0.00000    0
  0.143963  0.144727  0.145315  0.145764  0.146108  0.146372  0.146574  0.146730
  0.146849  0.146966  0.147100  0.147254  0.147432  0.147639  0.147876  0.148149
  0.148461  0.148819  0.149232  0.149724  0.150315  0.150987  0.151671  0.152345
  0.153019  0.153696  0.154362  0.154989  0.155568  0.156101  0.156590  0.157034
  0.157432  0.157785  0.158143  0.158543  0.158989  0.159487  0.160043  0.160661
  1.000000  0.000000
  0.007579  0.006616  0.005876  0.005308  0.004873  0.004538  0.004281  0.004084
  0.003933  0.003961  0.003873  0.003734  0.003567  0.003374  0.003155  0.002911
  0.002638  0.002336  0.002003  0.001626  0.001204  0.000763  0.000358  0.000000
 -0.000316 -0.000591 -0.000821 -0.001001 -0.001137 -0.001237 -0.001308 -0.001355
 -0.001384 -0.001466 -0.001423 -0.001376 -0.001323 -0.001264 -0.001198 -0.001125
  1.000000
  0.000000  0.000000  0.000000  0.000000  0.000000  0.000000  0.000000  0.000000
  0.000000  0.000358  0.000483  0.000575  0.000663  0.000750  0.000836  0.000921
  0.001003  0.001081  0.001152  0.001214  0.001260  0.001279  0.001267  0.001226
  0.001160  0.001070  0.000960  0.000839  0.000714  0.000587  0.000463  0.000343
  0.000231  0.000000  0.000000  0.000000  0.000000  0.000000  0.000000  0.000000
  1.000000  0.000000
  0.200560  0.200609  0.200640  0.200681  0.200714  0.200740  0.200761  0.200778
  0.200791  0.200813  0.200840  0.200873  0.200913  0.200963  0.201025  0.201100
  0.201193  0.201308  0.201449  0.201628  0.201856  0.202129  0.202417  0.202705
  0.202992  0.203274  0.203541  0.203778  0.203980  0.204150  0.204289  0.204400
  0.204487  0.204552  0.204591  0.204632  0.204677  0.204724  0.204776  0.204849
 ***************************************************************
  ROW NUMBER          11  SECTION NUMBER            2
           0           0           0  IF_DESIGN etc 
   1.00000   0.00000    0
  0.144111  0.144834  0.145388  0.145814  0.146141  0.146391  0.146584  0.146732
  0.146845  0.146959  0.147089  0.147238  0.147412  0.147614  0.147847  0.148116
  0.148424  0.148780  0.149194  0.149688  0.150284  0.150965  0.151660  0.152348
  0.153033  0.153721  0.154396  0.155027  0.155606  0.156135  0.156618  0.157053
  0.157441  0.157781  0.158122  0.158502  0.158926  0.159399  0.159927  0.160516
  1.000000  0.000000
  0.012305  0.010953  0.009916  0.009119  0.008507  0.008038  0.007677  0.007401
  0.007188  0.007208  0.007077  0.006875  0.006624  0.006331  0.005992  0.005603
  0.005160  0.004655  0.004077  0.003399  0.002600  0.001714  0.000838  0.000000
 -0.000808 -0.001590 -0.002330 -0.002998 -0.003590 -0.004115 -0.004579 -0.004985
 -0.005338 -0.005705 -0.005934 -0.006191 -0.006477 -0.006796 -0.007152 -0.007549
  1.000000
  0.000000  0.000000  0.000000  0.000000  0.000000  0.000000  0.000000  0.000000
  0.000000  0.000469  0.000637  0.000764  0.000880  0.000995  0.001110  0.001222
  0.001331  0.001434  0.001529  0.001611  0.001672  0.001697  0.001681  0.001627
  0.001539  0.001419  0.001273  0.001113  0.000946  0.000778  0.000613  0.000454
  0.000305  0.000000  0.000000  0.000000  0.000000  0.000000  0.000000  0.000000
  1.000000  0.000000
  0.246300  0.246300  0.246300  0.246300  0.246300  0.246300  0.246300  0.246300
  0.246300  0.246300  0.246300  0.246300  0.246300  0.246300  0.246300  0.246300
  0.246300  0.246300  0.246300  0.246300  0.246300  0.246300  0.246300  0.246300
  0.246300  0.246300  0.246300  0.246300  0.246300  0.246300  0.246300  0.246300
  0.246300  0.246300  0.246300  0.246300  0.246300  0.246300  0.246300  0.246300
 ***************************************************************
  ROW NUMBER          11  SECTION NUMBER            3
           0           0           0  IF_DESIGN etc 
   1.00000   0.00000    0
  0.143964  0.144728  0.145317  0.145765  0.146109  0.146373  0.146576  0.146731
  0.146850  0.146968  0.147101  0.147256  0.147434  0.147640  0.147878  0.148150
  0.148462  0.148820  0.149234  0.149726  0.150316  0.150988  0.151672  0.152347
  0.153020  0.153697  0.154364  0.154991  0.155569  0.156102  0.156591  0.157035
  0.157434  0.157786  0.158144  0.158544  0.158990  0.159489  0.160044  0.160662
  1.000000  0.000000
  0.017902  0.016040  0.014611  0.013513  0.012670  0.012023  0.011526  0.011145
  0.010852  0.010883  0.010707  0.010432  0.010081  0.009667  0.009184  0.008625
  0.007980  0.007238  0.006378  0.005356  0.004133  0.002750  0.001357  0.000000
 -0.001334 -0.002652 -0.003923 -0.005095 -0.006154 -0.007110 -0.007970 -0.008737
 -0.009414 -0.010083 -0.010572 -0.011117 -0.011725 -0.012404 -0.013161 -0.014005
  1.000000
  0.000000  0.000000  0.000000  0.000000  0.000000  0.000000  0.000000  0.000000
  0.000000  0.000655  0.000896  0.001082  0.001245  0.001408  0.001571  0.001730
  0.001884  0.002030  0.002163  0.002280  0.002366  0.002402  0.002378  0.002302
  0.002177  0.002007  0.001801  0.001574  0.001338  0.001100  0.000867  0.000642
  0.000430  0.000000  0.000000  0.000000  0.000000  0.000000  0.000000  0.000000
  1.000000  0.000000
  0.292040  0.291990  0.291959  0.291918  0.291886  0.291859  0.291838  0.291822
  0.291809  0.291787  0.291760  0.291727  0.291687  0.291637  0.291575  0.291500
  0.291407  0.291292  0.291151  0.290972  0.290744  0.290471  0.290183  0.289895
  0.289608  0.289325  0.289059  0.288822  0.288620  0.288450  0.288311  0.288199
  0.288113  0.288048  0.288009  0.287968  0.287923  0.287876  0.287823  0.287751
 ***************************************************************
 ************STARTING THE INPUT FOR EACH BLADE ROW**************
  BLADE ROW NUMBER =       12                                           
    NUMBER OF BLADES IN ROW 
       142
        JM        JLE       JTE 
        40         9        34
      KTIPSTART  KTIPEND 
         0         0
       BOUNDARY LAYER TRANSITION POINTS 
         0         0         0         0
  SET NEWGRID= 1 TO GENERATE A NEW GRID WITH DIFFERENT "J" POINTS AND SPACINGS.
         0
   RPMROW,    RPMHUB 
       0.0       0.0
       JROTHS    JROTHE    JROTTS    JROTTE 
         1         1         1         1
   PUPROW    PLEROW   PTEROW    PDROW 
  442809.7  442809.7  511948.0  511948.0
      NSECS_ROW   INSURF  
         3         0
  IF_CUSP_OUT   IFANGLES 
         1         0
         0         3         0
 ***************************************************************
  ROW NUMBER          12  SECTION NUMBER            1
           0           0           0  IF_DESIGN etc 
   1.00000   0.00000    0
  0.157550  0.158293  0.158867  0.159308  0.159646  0.159906  0.160105  0.160259
  0.160376  0.160493  0.160626  0.160779  0.160957  0.161162  0.161400  0.161672
  0.161985  0.162344  0.162759  0.163254  0.163848  0.164524  0.165212  0.165889
  0.166562  0.167236  0.167895  0.168512  0.169077  0.169594  0.170065  0.170491
  0.170870  0.171204  0.171533  0.171903  0.172320  0.172790  0.173326  0.173936
  1.000000  0.000000
 -0.017353 -0.015669 -0.014374 -0.013380 -0.012616 -0.012029 -0.011579 -0.011234
 -0.010968 -0.010498 -0.010163 -0.009783 -0.009351 -0.008860 -0.008307 -0.007689
 -0.007000 -0.006235 -0.005384 -0.004413 -0.003307 -0.002129 -0.001015  0.000000
  0.000931  0.001784  0.002542  0.003185  0.003716  0.004155  0.004515  0.004808
  0.005044  0.005104  0.005390  0.005710  0.006065  0.006462  0.006903  0.007394
  1.000000
  0.000000  0.000000  0.000000  0.000000  0.000000  0.000000  0.000000  0.000000
  0.000000  0.000397  0.000525  0.000614  0.000708  0.000813  0.000929  0.001055
  0.001190  0.001332  0.001479  0.001629  0.001775  0.001892  0.001957  0.001969
  0.001928  0.001834  0.001689  0.001509  0.001303  0.001082  0.000854  0.000625
  0.000403  0.000000  0.000000  0.000000  0.000000  0.000000  0.000000  0.000000
  1.000000  0.000000
  0.204510  0.204607  0.204665  0.204707  0.204739  0.204763  0.204782  0.204797
  0.204808  0.204824  0.204844  0.204868  0.204897  0.204933  0.204978  0.205033
  0.205101  0.205185  0.205289  0.205423  0.205597  0.205810  0.206040  0.206279
  0.206525  0.206779  0.207032  0.207271  0.207491  0.207690  0.207871  0.208032
  0.208173  0.208296  0.208438  0.208584  0.208730  0.208867  0.208968  0.209020
 ***************************************************************
  ROW NUMBER          12  SECTION NUMBER            2
           0           0           0  IF_DESIGN etc 
   1.00000   0.00000    0
  0.157689  0.158404  0.158953  0.159375  0.159698  0.159947  0.160137  0.160284
  0.160396  0.160508  0.160637  0.160785  0.160957  0.161157  0.161388  0.161654
  0.161959  0.162312  0.162721  0.163210  0.163800  0.164475  0.165164  0.165844
  0.166523  0.167204  0.167872  0.168497  0.169070  0.169594  0.170072  0.170503
  0.170887  0.171224  0.171561  0.171937  0.172357  0.172826  0.173349  0.173932
  1.000000  0.000000
 -0.013841 -0.012503 -0.011475 -0.010687 -0.010081 -0.009616 -0.009259 -0.008985
 -0.008775 -0.008392 -0.008124 -0.007820 -0.007475 -0.007082 -0.006639 -0.006144
 -0.005593 -0.004980 -0.004299 -0.003522 -0.002638 -0.001697 -0.000808  0.000000
  0.000739  0.001415  0.002014  0.002520  0.002936  0.003279  0.003560  0.003787
  0.003968  0.004011  0.004238  0.004492  0.004775  0.005091  0.005444  0.005837
  1.000000
  0.000000  0.000000  0.000000  0.000000  0.000000  0.000000  0.000000  0.000000
  0.000000  0.000338  0.000446  0.000522  0.000602  0.000692  0.000790  0.000897
  0.001012  0.001133  0.001258  0.001386  0.001510  0.001609  0.001665  0.001675
  0.001640  0.001560  0.001438  0.001283  0.001109  0.000921  0.000727  0.000532
  0.000344  0.000000  0.000000  0.000000  0.000000  0.000000  0.000000  0.000000
  1.000000  0.000000
  0.246300  0.246300  0.246300  0.246300  0.246300  0.246300  0.246300  0.246300
  0.246300  0.246300  0.246300  0.246300  0.246300  0.246300  0.246300  0.246300
  0.246300  0.246300  0.246300  0.246300  0.246300  0.246300  0.246300  0.246300
  0.246300  0.246300  0.246300  0.246300  0.246300  0.246300  0.246300  0.246300
  0.246300  0.246300  0.246300  0.246300  0.246300  0.246300  0.246300  0.246300
 ***************************************************************
  ROW NUMBER          12  SECTION NUMBER            3
           0           0           0  IF_DESIGN etc 
   1.00000   0.00000    0
  0.157549  0.158292  0.158866  0.159307  0.159646  0.159905  0.160105  0.160258
  0.160375  0.160492  0.160625  0.160778  0.160956  0.161162  0.161399  0.161672
  0.161984  0.162343  0.162759  0.163254  0.163848  0.164524  0.165211  0.165888
  0.166561  0.167235  0.167894  0.168511  0.169076  0.169593  0.170065  0.170490
  0.170870  0.171203  0.171532  0.171903  0.172319  0.172790  0.173326  0.173935
  1.000000  0.000000
 -0.012532 -0.011326 -0.010400 -0.009690 -0.009145 -0.008726 -0.008405 -0.008158
 -0.007969 -0.007614 -0.007371 -0.007094 -0.006780 -0.006423 -0.006021 -0.005571
 -0.005070 -0.004514 -0.003894 -0.003189 -0.002387 -0.001534 -0.000730  0.000000
  0.000666  0.001274  0.001810  0.002262  0.002632  0.002935  0.003182  0.003380
  0.003538  0.003563  0.003768  0.003997  0.004252  0.004538  0.004857  0.005214
  1.000000
  0.000000  0.000000  0.000000  0.000000  0.000000  0.000000  0.000000  0.000000
  0.000000  0.000327  0.000432  0.000505  0.000582  0.000669  0.000764  0.000868
  0.000979  0.001095  0.001216  0.001340  0.001459  0.001556  0.001610  0.001620
  0.001586  0.001508  0.001390  0.001241  0.001072  0.000891  0.000703  0.000515
  0.000333  0.000000  0.000000  0.000000  0.000000  0.000000  0.000000  0.000000
  1.000000  0.000000
  0.288090  0.287993  0.287935  0.287893  0.287861  0.287837  0.287818  0.287803
  0.287792  0.287776  0.287756  0.287732  0.287703  0.287667  0.287622  0.287567
  0.287499  0.287415  0.287311  0.287177  0.287003  0.286790  0.286560  0.286321
  0.286075  0.285821  0.285568  0.285329  0.285110  0.284910  0.284729  0.284568
  0.284427  0.284304  0.284162  0.284016  0.283870  0.283733  0.283632  0.283580
 ***************************************************************
 ************STARTING THE INPUT FOR EACH BLADE ROW**************
  BLADE ROW NUMBER =       13                                           
    NUMBER OF BLADES IN ROW 
       142
        JM        JLE       JTE 
        40         9        34
      KTIPSTART  KTIPEND 
         0         0
       BOUNDARY LAYER TRANSITION POINTS 
         0         0         0         0
  SET NEWGRID= 1 TO GENERATE A NEW GRID WITH DIFFERENT "J" POINTS AND SPACINGS.
         0
   RPMROW,    RPMHUB 
   13250.3   13250.3
       JROTHS    JROTHE    JROTTS    JROTTE 
         1         1         1         1
   PUPROW    PLEROW   PTEROW    PDROW 
  511948.0  511948.0  588459.3  588459.3
      NSECS_ROW   INSURF  
         3         0
  IF_CUSP_OUT   IFANGLES 
         1         0
         0         3         0
 ***************************************************************
  ROW NUMBER          13  SECTION NUMBER            1
           0           0           0  IF_DESIGN etc 
   1.00000   0.00000    0
  0.173777  0.174519  0.175089  0.175525  0.175860  0.176117  0.176314  0.176465
  0.176581  0.176696  0.176827  0.176978  0.177154  0.177357  0.177592  0.177860
  0.178169  0.178525  0.178936  0.179426  0.180016  0.180689  0.181374  0.182051
  0.182727  0.183405  0.184072  0.184698  0.185273  0.185802  0.186285  0.186723
  0.187115  0.187460  0.187808  0.188197  0.188631  0.189116  0.189656  0.190259
  1.000000  0.000000
  0.008379  0.007357  0.006572  0.005970  0.005508  0.005153  0.004880  0.004671
  0.004510  0.004533  0.004437  0.004287  0.004105  0.003896  0.003657  0.003387
  0.003085  0.002749  0.002373  0.001944  0.001455  0.000935  0.000445  0.000000
 -0.000405 -0.000774 -0.001099 -0.001370 -0.001592 -0.001772 -0.001918 -0.002034
 -0.002125 -0.002257 -0.002269 -0.002282 -0.002296 -0.002312 -0.002330 -0.002350
  1.000000
  0.000000  0.000000  0.000000  0.000000  0.000000  0.000000  0.000000  0.000000
  0.000000  0.000367  0.000496  0.000591  0.000681  0.000770  0.000859  0.000946
  0.001031  0.001111  0.001184  0.001247  0.001295  0.001315  0.001302  0.001260
  0.001192  0.001099  0.000987  0.000862  0.000733  0.000604  0.000476  0.000353
  0.000237  0.000000  0.000000  0.000000  0.000000  0.000000  0.000000  0.000000
  1.000000  0.000000
  0.209010  0.209044  0.209070  0.209101  0.209125  0.209145  0.209160  0.209172
  0.209182  0.209198  0.209218  0.209242  0.209272  0.209308  0.209353  0.209409
  0.209477  0.209561  0.209664  0.209796  0.209964  0.210165  0.210378  0.210591
  0.210803  0.211011  0.211207  0.211381  0.211529  0.211653  0.211755  0.211836
  0.211899  0.211947  0.211976  0.212006  0.212038  0.212073  0.212112  0.212160
 ***************************************************************
  ROW NUMBER          13  SECTION NUMBER            2
           0           0           0  IF_DESIGN etc 
   1.00000   0.00000    0
  0.173860  0.174578  0.175130  0.175553  0.175878  0.176128  0.176319  0.176466
  0.176579  0.176692  0.176821  0.176970  0.177143  0.177344  0.177576  0.177843
  0.178150  0.178504  0.178915  0.179407  0.180000  0.180677  0.181369  0.182053
  0.182735  0.183419  0.184090  0.184718  0.185294  0.185821  0.186301  0.186734
  0.187120  0.187458  0.187797  0.188175  0.188597  0.189068  0.189593  0.190179
  1.000000  0.000000
  0.012241  0.010896  0.009864  0.009072  0.008463  0.007996  0.007637  0.007362
  0.007151  0.007170  0.007040  0.006839  0.006590  0.006298  0.005960  0.005574
  0.005133  0.004630  0.004056  0.003381  0.002587  0.001705  0.000833  0.000000
 -0.000804 -0.001582 -0.002318 -0.002982 -0.003571 -0.004093 -0.004555 -0.004959
 -0.005311 -0.005675 -0.005904 -0.006158 -0.006443 -0.006760 -0.007115 -0.007510
  1.000000
  0.000000  0.000000  0.000000  0.000000  0.000000  0.000000  0.000000  0.000000
  0.000000  0.000466  0.000634  0.000760  0.000875  0.000990  0.001104  0.001216
  0.001324  0.001427  0.001521  0.001602  0.001663  0.001689  0.001672  0.001618
  0.001531  0.001411  0.001267  0.001107  0.000941  0.000774  0.000610  0.000452
  0.000304  0.000000  0.000000  0.000000  0.000000  0.000000  0.000000  0.000000
  1.000000  0.000000
  0.246300  0.246300  0.246300  0.246300  0.246300  0.246300  0.246300  0.246300
  0.246300  0.246300  0.246300  0.246300  0.246300  0.246300  0.246300  0.246300
  0.246300  0.246300  0.246300  0.246300  0.246300  0.246300  0.246300  0.246300
  0.246300  0.246300  0.246300  0.246300  0.246300  0.246300  0.246300  0.246300
  0.246300  0.246300  0.246300  0.246300  0.246300  0.246300  0.246300  0.246300
 ***************************************************************
  ROW NUMBER          13  SECTION NUMBER            3
           0           0           0  IF_DESIGN etc 
   1.00000   0.00000    0
  0.173778  0.174521  0.175091  0.175527  0.175861  0.176118  0.176315  0.176466
  0.176582  0.176697  0.176828  0.176980  0.177155  0.177358  0.177593  0.177862
  0.178171  0.178526  0.178937  0.179428  0.180017  0.180690  0.181376  0.182053
  0.182728  0.183407  0.184073  0.184699  0.185274  0.185803  0.186286  0.186724
  0.187116  0.187461  0.187810  0.188198  0.188633  0.189117  0.189658  0.190260
  1.000000  0.000000
  0.016533  0.014801  0.013472  0.012451  0.011667  0.011066  0.010604  0.010249
  0.009977  0.010006  0.009841  0.009585  0.009259  0.008876  0.008428  0.007911
  0.007316  0.006631  0.005840  0.004900  0.003777  0.002511  0.001238  0.000000
 -0.001214 -0.002412 -0.003564 -0.004625 -0.005581 -0.006443 -0.007217 -0.007907
 -0.008514 -0.009115 -0.009549 -0.010034 -0.010574 -0.011177 -0.011850 -0.012601
  1.000000
  0.000000  0.000000  0.000000  0.000000  0.000000  0.000000  0.000000  0.000000
  0.000000  0.000608  0.000831  0.001002  0.001153  0.001304  0.001454  0.001602
  0.001745  0.001880  0.002003  0.002111  0.002191  0.002224  0.002202  0.002131
  0.002016  0.001859  0.001668  0.001457  0.001239  0.001019  0.000803  0.000594
  0.000399  0.000000  0.000000  0.000000  0.000000  0.000000  0.000000  0.000000
  1.000000  0.000000
  0.283590  0.283556  0.283530  0.283499  0.283474  0.283455  0.283440  0.283427
  0.283418  0.283401  0.283382  0.283358  0.283328  0.283291  0.283246  0.283191
  0.283123  0.283039  0.282935  0.282804  0.282636  0.282434  0.282222  0.282009
  0.281797  0.281588  0.281392  0.281218  0.281070  0.280946  0.280845  0.280763
  0.280700  0.280653  0.280624  0.280594  0.280561  0.280527  0.280488  0.280440
 ***************************************************************
 ************STARTING THE INPUT FOR EACH BLADE ROW**************
  BLADE ROW NUMBER =       14                                           
    NUMBER OF BLADES IN ROW 
       142
        JM        JLE       JTE 
        40         9        34
      KTIPSTART  KTIPEND 
         0         0
       BOUNDARY LAYER TRANSITION POINTS 
         0         0         0         0
  SET NEWGRID= 1 TO GENERATE A NEW GRID WITH DIFFERENT "J" POINTS AND SPACINGS.
         0
   RPMROW,    RPMHUB 
       0.0       0.0
       JROTHS    JROTHE    JROTTS    JROTTE 
         1         1         1         1
   PUPROW    PLEROW   PTEROW    PDROW 
  588459.3  588459.3  672064.4  672064.4
      NSECS_ROW   INSURF  
         3         0
  IF_CUSP_OUT   IFANGLES 
         1         0
         0         3         0
 ***************************************************************
  ROW NUMBER          14  SECTION NUMBER            1
           0           0           0  IF_DESIGN etc 
   1.00000   0.00000    0
  0.187323  0.188054  0.188617  0.189049  0.189381  0.189635  0.189831  0.189981
  0.190096  0.190211  0.190342  0.190493  0.190668  0.190871  0.191105  0.191375
  0.191684  0.192040  0.192453  0.192945  0.193537  0.194212  0.194900  0.195578
  0.196252  0.196929  0.197591  0.198210  0.198776  0.199295  0.199768  0.200194
  0.200574  0.200907  0.201237  0.201607  0.202023  0.202490  0.203018  0.203615
  1.000000  0.000000
 -0.016416 -0.014823 -0.013599 -0.012660 -0.011938 -0.011384 -0.010959 -0.010632
 -0.010382 -0.009935 -0.009618 -0.009259 -0.008850 -0.008385 -0.007862 -0.007277
 -0.006625 -0.005900 -0.005094 -0.004175 -0.003129 -0.002014 -0.000960  0.000000
  0.000880  0.001686  0.002403  0.003009  0.003510  0.003924  0.004264  0.004540
  0.004761  0.004815  0.005086  0.005388  0.005725  0.006100  0.006518  0.006983
  1.000000
  0.000000  0.000000  0.000000  0.000000  0.000000  0.000000  0.000000  0.000000
  0.000000  0.000380  0.000502  0.000587  0.000677  0.000778  0.000889  0.001009
  0.001138  0.001274  0.001414  0.001559  0.001698  0.001810  0.001872  0.001883
  0.001844  0.001754  0.001616  0.001443  0.001247  0.001035  0.000817  0.000598
  0.000386  0.000000  0.000000  0.000000  0.000000  0.000000  0.000000  0.000000
  1.000000  0.000000
  0.211929  0.211995  0.212037  0.212069  0.212092  0.212110  0.212124  0.212135
  0.212143  0.212155  0.212169  0.212187  0.212208  0.212235  0.212267  0.212307
  0.212357  0.212418  0.212494  0.212593  0.212720  0.212878  0.213049  0.213227
  0.213412  0.213604  0.213796  0.213978  0.214147  0.214301  0.214441  0.214567
  0.214678  0.214775  0.214890  0.215007  0.215124  0.215235  0.215315  0.215357
 ***************************************************************
  ROW NUMBER          14  SECTION NUMBER            2
           0           0           0  IF_DESIGN etc 
   1.00000   0.00000    0
  0.187406  0.188120  0.188668  0.189089  0.189412  0.189660  0.189851  0.189997
  0.190109  0.190221  0.190350  0.190498  0.190669  0.190869  0.191100  0.191365
  0.191670  0.192022  0.192431  0.192919  0.193508  0.194181  0.194869  0.195549
  0.196226  0.196906  0.197573  0.198197  0.198769  0.199293  0.199770  0.200200
  0.200583  0.200920  0.201257  0.201632  0.202052  0.202519  0.203041  0.203624
  1.000000  0.000000
 -0.013819 -0.012483 -0.011457 -0.010670 -0.010065 -0.009601 -0.009245 -0.008971
 -0.008761 -0.008379 -0.008111 -0.007808 -0.007463 -0.007071 -0.006628 -0.006135
 -0.005584 -0.004973 -0.004292 -0.003517 -0.002634 -0.001694 -0.000807  0.000000
  0.000738  0.001413  0.002011  0.002516  0.002932  0.003274  0.003554  0.003781
  0.003962  0.004004  0.004231  0.004485  0.004768  0.005083  0.005435  0.005828
  1.000000
  0.000000  0.000000  0.000000  0.000000  0.000000  0.000000  0.000000  0.000000
  0.000000  0.000337  0.000446  0.000521  0.000601  0.000691  0.000789  0.000896
  0.001011  0.001131  0.001256  0.001384  0.001507  0.001607  0.001663  0.001673
  0.001638  0.001558  0.001435  0.001281  0.001107  0.000920  0.000725  0.000531
  0.000343  0.000000  0.000000  0.000000  0.000000  0.000000  0.000000  0.000000
  1.000000  0.000000
  0.246300  0.246300  0.246300  0.246300  0.246300  0.246300  0.246300  0.246300
  0.246300  0.246300  0.246300  0.246300  0.246300  0.246300  0.246300  0.246300
  0.246300  0.246300  0.246300  0.246300  0.246300  0.246300  0.246300  0.246300
  0.246300  0.246300  0.246300  0.246300  0.246300  0.246300  0.246300  0.246300
  0.246300  0.246300  0.246300  0.246300  0.246300  0.246300  0.246300  0.246300
 ***************************************************************
  ROW NUMBER          14  SECTION NUMBER            3
           0           0           0  IF_DESIGN etc 
   1.00000   0.00000    0
  0.187323  0.188054  0.188617  0.189049  0.189380  0.189635  0.189830  0.189980
  0.190096  0.190210  0.190341  0.190492  0.190667  0.190870  0.191105  0.191374
  0.191684  0.192040  0.192452  0.192945  0.193537  0.194212  0.194899  0.195577
  0.196252  0.196928  0.197590  0.198209  0.198776  0.199295  0.199767  0.200193
  0.200573  0.200907  0.201237  0.201607  0.202022  0.202489  0.203018  0.203615
  1.000000  0.000000
 -0.012560 -0.011350 -0.010421 -0.009709 -0.009162 -0.008742 -0.008419 -0.008172
 -0.007982 -0.007628 -0.007384 -0.007107 -0.006793 -0.006435 -0.006032 -0.005582
 -0.005080 -0.004523 -0.003902 -0.003196 -0.002393 -0.001538 -0.000732  0.000000
  0.000668  0.001278  0.001817  0.002270  0.002642  0.002948  0.003196  0.003396
  0.003555  0.003583  0.003788  0.004018  0.004274  0.004560  0.004880  0.005237
  1.000000
  0.000000  0.000000  0.000000  0.000000  0.000000  0.000000  0.000000  0.000000
  0.000000  0.000324  0.000428  0.000500  0.000577  0.000663  0.000757  0.000860
  0.000970  0.001085  0.001205  0.001328  0.001446  0.001541  0.001595  0.001605
  0.001571  0.001494  0.001377  0.001230  0.001062  0.000882  0.000696  0.000510
  0.000329  0.000000  0.000000  0.000000  0.000000  0.000000  0.000000  0.000000
  1.000000  0.000000
  0.280671  0.280605  0.280563  0.280531  0.280508  0.280490  0.280476  0.280465
  0.280457  0.280445  0.280431  0.280413  0.280392  0.280365  0.280333  0.280293
  0.280243  0.280182  0.280106  0.280007  0.279880  0.279722  0.279551  0.279373
  0.279188  0.278996  0.278804  0.278622  0.278453  0.278299  0.278159  0.278033
  0.277922  0.277825  0.277710  0.277593  0.277476  0.277365  0.277285  0.277243
 ***************************************************************
 ************STARTING THE INPUT FOR EACH BLADE ROW**************
  BLADE ROW NUMBER =       15                                           
    NUMBER OF BLADES IN ROW 
       142
        JM        JLE       JTE 
        40         9        34
      KTIPSTART  KTIPEND 
         0         0
       BOUNDARY LAYER TRANSITION POINTS 
         0         0         0         0
  SET NEWGRID= 1 TO GENERATE A NEW GRID WITH DIFFERENT "J" POINTS AND SPACINGS.
         0
   RPMROW,    RPMHUB 
   13250.3   13250.3
       JROTHS    JROTHE    JROTTS    JROTTE 
         1         1         1         1
   PUPROW    PLEROW   PTEROW    PDROW 
  672064.4  672064.4  763817.2  763817.2
      NSECS_ROW   INSURF  
         3         0
  IF_CUSP_OUT   IFANGLES 
         1         0
         0         3         0
 ***************************************************************
  ROW NUMBER          15  SECTION NUMBER            1
           0           0           0  IF_DESIGN etc 
   1.00000   0.00000    0
  0.203538  0.204269  0.204829  0.205259  0.205588  0.205841  0.206036  0.206185
  0.206299  0.206413  0.206543  0.206693  0.206866  0.207068  0.207301  0.207568
  0.207875  0.208229  0.208639  0.209128  0.209718  0.210390  0.211077  0.211755
  0.212431  0.213110  0.213776  0.214401  0.214975  0.215501  0.215982  0.216416
  0.216805  0.217146  0.217489  0.217872  0.218300  0.218777  0.219310  0.219904
  1.000000  0.000000
  0.008984  0.007915  0.007094  0.006465  0.005981  0.005610  0.005325  0.005106
  0.004938  0.004958  0.004856  0.004697  0.004506  0.004283  0.004029  0.003741
  0.003417  0.003054  0.002646  0.002178  0.001640  0.001061  0.000509  0.000000
 -0.000471 -0.000908 -0.001302 -0.001639 -0.001923 -0.002161 -0.002360 -0.002525
 -0.002661 -0.002836 -0.002885 -0.002941 -0.003003 -0.003072 -0.003149 -0.003235
  1.000000
  0.000000  0.000000  0.000000  0.000000  0.000000  0.000000  0.000000  0.000000
  0.000000  0.000378  0.000511  0.000609  0.000702  0.000794  0.000885  0.000975
  0.001062  0.001144  0.001220  0.001285  0.001334  0.001355  0.001342  0.001298
  0.001228  0.001133  0.001017  0.000889  0.000756  0.000622  0.000490  0.000364
  0.000244  0.000000  0.000000  0.000000  0.000000  0.000000  0.000000  0.000000
  1.000000  0.000000
  0.215353  0.215379  0.215400  0.215423  0.215442  0.215456  0.215467  0.215476
  0.215483  0.215495  0.215510  0.215528  0.215550  0.215578  0.215612  0.215654
  0.215705  0.215768  0.215846  0.215946  0.216073  0.216225  0.216386  0.216548
  0.216708  0.216866  0.217015  0.217146  0.217258  0.217351  0.217428  0.217489
  0.217536  0.217572  0.217593  0.217616  0.217640  0.217667  0.217696  0.217731
 ***************************************************************
  ROW NUMBER          15  SECTION NUMBER            2
           0           0           0  IF_DESIGN etc 
   1.00000   0.00000    0
  0.203587  0.204303  0.204853  0.205275  0.205600  0.205848  0.206039  0.206186
  0.206299  0.206411  0.206540  0.206688  0.206861  0.207061  0.207293  0.207558
  0.207865  0.208218  0.208628  0.209118  0.209709  0.210385  0.211075  0.211756
  0.212436  0.213119  0.213787  0.214414  0.214988  0.215513  0.215992  0.216423
  0.216808  0.217146  0.217483  0.217860  0.218281  0.218750  0.219274  0.219858
  1.000000  0.000000
  0.012205  0.010864  0.009835  0.009045  0.008438  0.007973  0.007615  0.007341
  0.007130  0.007149  0.007019  0.006819  0.006570  0.006280  0.005943  0.005558
  0.005118  0.004617  0.004044  0.003371  0.002579  0.001700  0.000831  0.000000
 -0.000801 -0.001577 -0.002311 -0.002974 -0.003561 -0.004081 -0.004541 -0.004945
 -0.005295 -0.005658 -0.005886 -0.006140 -0.006424 -0.006741 -0.007094 -0.007488
  1.000000
  0.000000  0.000000  0.000000  0.000000  0.000000  0.000000  0.000000  0.000000
  0.000000  0.000465  0.000632  0.000758  0.000872  0.000987  0.001101  0.001212
  0.001320  0.001423  0.001516  0.001598  0.001658  0.001684  0.001667  0.001613
  0.001526  0.001407  0.001263  0.001104  0.000938  0.000772  0.000608  0.000451
  0.000303  0.000000  0.000000  0.000000  0.000000  0.000000  0.000000  0.000000
  1.000000  0.000000
  0.246300  0.246300  0.246300  0.246300  0.246300  0.246300  0.246300  0.246300
  0.246300  0.246300  0.246300  0.246300  0.246300  0.246300  0.246300  0.246300
  0.246300  0.246300  0.246300  0.246300  0.246300  0.246300  0.246300  0.246300
  0.246300  0.246300  0.246300  0.246300  0.246300  0.246300  0.246300  0.246300
  0.246300  0.246300  0.246300  0.246300  0.246300  0.246300  0.246300  0.246300
 ***************************************************************
  ROW NUMBER          15  SECTION NUMBER            3
           0           0           0  IF_DESIGN etc 
   1.00000   0.00000    0
  0.203540  0.204270  0.204831  0.205260  0.205590  0.205843  0.206037  0.206186
  0.206301  0.206414  0.206544  0.206694  0.206868  0.207069  0.207302  0.207569
  0.207877  0.208230  0.208641  0.209130  0.209719  0.210392  0.211078  0.211756
  0.212432  0.213111  0.213778  0.214403  0.214977  0.215503  0.215984  0.216418
  0.216806  0.217148  0.217491  0.217874  0.218302  0.218779  0.219311  0.219905
  1.000000  0.000000
  0.015638  0.013990  0.012726  0.011755  0.011009  0.010437  0.009997  0.009660
  0.009401  0.009428  0.009271  0.009027  0.008718  0.008353  0.007929  0.007440
  0.006877  0.006230  0.005483  0.004597  0.003541  0.002352  0.001158  0.000000
 -0.001134 -0.002251 -0.003323 -0.004309 -0.005195 -0.005994 -0.006709 -0.007345
 -0.007905 -0.008461 -0.008857 -0.009300 -0.009794 -0.010345 -0.010960 -0.011646
  1.000000
  0.000000  0.000000  0.000000  0.000000  0.000000  0.000000  0.000000  0.000000
  0.000000  0.000578  0.000788  0.000950  0.001094  0.001237  0.001379  0.001519
  0.001654  0.001783  0.001900  0.002002  0.002077  0.002109  0.002088  0.002021
  0.001912  0.001763  0.001582  0.001382  0.001175  0.000967  0.000761  0.000564
  0.000378  0.000000  0.000000  0.000000  0.000000  0.000000  0.000000  0.000000
  1.000000  0.000000
  0.277247  0.277221  0.277200  0.277176  0.277158  0.277144  0.277133  0.277124
  0.277117  0.277105  0.277090  0.277072  0.277049  0.277022  0.276988  0.276946
  0.276895  0.276832  0.276754  0.276654  0.276527  0.276374  0.276213  0.276052
  0.275891  0.275734  0.275585  0.275454  0.275342  0.275248  0.275172  0.275111
  0.275064  0.275028  0.275007  0.274984  0.274960  0.274933  0.274904  0.274869
 ***************************************************************
 ************STARTING THE INPUT FOR EACH BLADE ROW**************
  BLADE ROW NUMBER =       16                                           
    NUMBER OF BLADES IN ROW 
       143
        JM        JLE       JTE 
        40         9        34
      KTIPSTART  KTIPEND 
         0         0
       BOUNDARY LAYER TRANSITION POINTS 
         0         0         0         0
  SET NEWGRID= 1 TO GENERATE A NEW GRID WITH DIFFERENT "J" POINTS AND SPACINGS.
         0
   RPMROW,    RPMHUB 
       0.0       0.0
       JROTHS    JROTHE    JROTTS    JROTTE 
         1         1         1         1
   PUPROW    PLEROW   PTEROW    PDROW 
  763817.2  763817.2  863368.6  863368.6
      NSECS_ROW   INSURF  
         3         0
  IF_CUSP_OUT   IFANGLES 
         1         0
         0         3         0
 ***************************************************************
  ROW NUMBER          16  SECTION NUMBER            1
           0           0           0  IF_DESIGN etc 
   1.00000   0.00000    0
  0.217064  0.217788  0.218344  0.218772  0.219100  0.219351  0.219545  0.219693
  0.219807  0.219921  0.220050  0.220200  0.220374  0.220576  0.220809  0.221076
  0.221384  0.221738  0.222149  0.222640  0.223231  0.223905  0.224593  0.225271
  0.225947  0.226624  0.227287  0.227908  0.228476  0.228996  0.229469  0.229896
  0.230276  0.230610  0.230941  0.231312  0.231727  0.232193  0.232718  0.233309
  1.000000  0.000000
 -0.015822 -0.014287 -0.013109 -0.012204 -0.011509 -0.010975 -0.010566 -0.010252
 -0.010010 -0.009579 -0.009273 -0.008927 -0.008532 -0.008085 -0.007579 -0.007016
 -0.006387 -0.005688 -0.004911 -0.004025 -0.003016 -0.001941 -0.000925  0.000000
  0.000848  0.001624  0.002314  0.002897  0.003379  0.003777  0.004103  0.004368
  0.004581  0.004631  0.004892  0.005183  0.005508  0.005869  0.006273  0.006721
  1.000000
  0.000000  0.000000  0.000000  0.000000  0.000000  0.000000  0.000000  0.000000
  0.000000  0.000369  0.000488  0.000571  0.000658  0.000756  0.000864  0.000981
  0.001106  0.001238  0.001375  0.001515  0.001650  0.001759  0.001820  0.001831
  0.001793  0.001705  0.001572  0.001403  0.001212  0.001006  0.000794  0.000581
  0.000375  0.000000  0.000000  0.000000  0.000000  0.000000  0.000000  0.000000
  1.000000  0.000000
  0.217564  0.217611  0.217643  0.217666  0.217684  0.217698  0.217708  0.217717
  0.217723  0.217732  0.217743  0.217756  0.217772  0.217792  0.217817  0.217847
  0.217884  0.217930  0.217987  0.218061  0.218158  0.218277  0.218407  0.218543
  0.218685  0.218833  0.218981  0.219124  0.219256  0.219378  0.219489  0.219589
  0.219678  0.219756  0.219850  0.219947  0.220042  0.220132  0.220198  0.220233
 ***************************************************************
  ROW NUMBER          16  SECTION NUMBER            2
           0           0           0  IF_DESIGN etc 
   1.00000   0.00000    0
  0.217115  0.217829  0.218376  0.218797  0.219120  0.219367  0.219558  0.219704
  0.219816  0.219928  0.220056  0.220204  0.220376  0.220575  0.220806  0.221071
  0.221376  0.221727  0.222136  0.222624  0.223212  0.223885  0.224572  0.225251
  0.225928  0.226608  0.227274  0.227898  0.228470  0.228993  0.229470  0.229899
  0.230282  0.230619  0.230955  0.231331  0.231750  0.232217  0.232739  0.233321
  1.000000  0.000000
 -0.013809 -0.012474 -0.011449 -0.010662 -0.010058 -0.009594 -0.009238 -0.008965
 -0.008755 -0.008373 -0.008105 -0.007802 -0.007457 -0.007065 -0.006624 -0.006130
 -0.005580 -0.004969 -0.004289 -0.003514 -0.002632 -0.001693 -0.000807  0.000000
  0.000738  0.001412  0.002010  0.002514  0.002930  0.003272  0.003552  0.003778
  0.003959  0.004001  0.004228  0.004481  0.004764  0.005079  0.005431  0.005824
  1.000000
  0.000000  0.000000  0.000000  0.000000  0.000000  0.000000  0.000000  0.000000
  0.000000  0.000337  0.000445  0.000521  0.000601  0.000690  0.000789  0.000895
  0.001010  0.001130  0.001255  0.001383  0.001506  0.001606  0.001662  0.001672
  0.001637  0.001557  0.001434  0.001280  0.001106  0.000919  0.000725  0.000531
  0.000343  0.000000  0.000000  0.000000  0.000000  0.000000  0.000000  0.000000
  1.000000  0.000000
  0.246300  0.246300  0.246300  0.246300  0.246300  0.246300  0.246300  0.246300
  0.246300  0.246300  0.246300  0.246300  0.246300  0.246300  0.246300  0.246300
  0.246300  0.246300  0.246300  0.246300  0.246300  0.246300  0.246300  0.246300
  0.246300  0.246300  0.246300  0.246300  0.246300  0.246300  0.246300  0.246300
  0.246300  0.246300  0.246300  0.246300  0.246300  0.246300  0.246300  0.246300
 ***************************************************************
  ROW NUMBER          16  SECTION NUMBER            3
           0           0           0  IF_DESIGN etc 
   1.00000   0.00000    0
  0.217063  0.217788  0.218344  0.218771  0.219099  0.219351  0.219544  0.219693
  0.219807  0.219920  0.220050  0.220200  0.220374  0.220575  0.220808  0.221076
  0.221383  0.221738  0.222149  0.222640  0.223230  0.223905  0.224592  0.225271
  0.225946  0.226624  0.227287  0.227907  0.228476  0.228995  0.229469  0.229896
  0.230276  0.230610  0.230941  0.231312  0.231727  0.232193  0.232718  0.233309
  1.000000  0.000000
 -0.012647 -0.011428 -0.010492 -0.009774 -0.009223 -0.008800 -0.008475 -0.008225
 -0.008034 -0.007679 -0.007433 -0.007155 -0.006838 -0.006478 -0.006072 -0.005619
 -0.005114 -0.004553 -0.003929 -0.003218 -0.002409 -0.001549 -0.000737  0.000000
  0.000673  0.001288  0.001831  0.002288  0.002664  0.002973  0.003224  0.003426
  0.003588  0.003617  0.003824  0.004055  0.004313  0.004601  0.004923  0.005283
  1.000000
  0.000000  0.000000  0.000000  0.000000  0.000000  0.000000  0.000000  0.000000
  0.000000  0.000323  0.000427  0.000499  0.000576  0.000662  0.000756  0.000858
  0.000968  0.001083  0.001203  0.001325  0.001443  0.001539  0.001592  0.001602
  0.001568  0.001492  0.001374  0.001227  0.001060  0.000881  0.000695  0.000509
  0.000329  0.000000  0.000000  0.000000  0.000000  0.000000  0.000000  0.000000
  1.000000  0.000000
  0.275036  0.274989  0.274957  0.274934  0.274916  0.274902  0.274892  0.274883
  0.274877  0.274868  0.274857  0.274844  0.274828  0.274808  0.274784  0.274753
  0.274716  0.274670  0.274613  0.274539  0.274442  0.274323  0.274193  0.274057
  0.273915  0.273767  0.273618  0.273476  0.273344  0.273222  0.273111  0.273011
  0.272922  0.272844  0.272750  0.272654  0.272558  0.272468  0.272402  0.272367
 ***************************************************************
 ************STARTING THE INPUT FOR EACH BLADE ROW**************
  BLADE ROW NUMBER =       17                                           
    NUMBER OF BLADES IN ROW 
       143
        JM        JLE       JTE 
        40         9        34
      KTIPSTART  KTIPEND 
         0         0
       BOUNDARY LAYER TRANSITION POINTS 
         0         0         0         0
  SET NEWGRID= 1 TO GENERATE A NEW GRID WITH DIFFERENT "J" POINTS AND SPACINGS.
         0
   RPMROW,    RPMHUB 
   13250.3   13250.3
       JROTHS    JROTHE    JROTTS    JROTTE 
         1         1         1         1
   PUPROW    PLEROW   PTEROW    PDROW 
  863368.6  863368.6  971852.2  971852.2
      NSECS_ROW   INSURF  
         3         0
  IF_CUSP_OUT   IFANGLES 
         1         0
         0         3         0
 ***************************************************************
  ROW NUMBER          17  SECTION NUMBER            1
           0           0           0  IF_DESIGN etc 
   1.00000   0.00000    0
  0.233272  0.233996  0.234551  0.234977  0.235304  0.235555  0.235748  0.235895
  0.236009  0.236122  0.236251  0.236400  0.236573  0.236774  0.237006  0.237272
  0.237579  0.237931  0.238341  0.238830  0.239419  0.240091  0.240778  0.241456
  0.242133  0.242812  0.243478  0.244103  0.244676  0.245201  0.245680  0.246112
  0.246499  0.246838  0.247179  0.247559  0.247983  0.248456  0.248984  0.249573
  1.000000  0.000000
  0.009458  0.008351  0.007502  0.006849  0.006349  0.005964  0.005669  0.005442
  0.005268  0.005287  0.005180  0.005016  0.004815  0.004583  0.004316  0.004014
  0.003673  0.003289  0.002857  0.002358  0.001782  0.001158  0.000558  0.000000
 -0.000522 -0.001011 -0.001456 -0.001844 -0.002175 -0.002457 -0.002696 -0.002898
 -0.003067 -0.003271 -0.003349 -0.003436 -0.003534 -0.003642 -0.003763 -0.003898
  1.000000
  0.000000  0.000000  0.000000  0.000000  0.000000  0.000000  0.000000  0.000000
  0.000000  0.000388  0.000525  0.000627  0.000721  0.000816  0.000910  0.001003
  0.001092  0.001177  0.001254  0.001322  0.001372  0.001392  0.001379  0.001335
  0.001263  0.001165  0.001045  0.000913  0.000777  0.000640  0.000504  0.000374
  0.000251  0.000000  0.000000  0.000000  0.000000  0.000000  0.000000  0.000000
  1.000000  0.000000
  0.220231  0.220251  0.220269  0.220287  0.220301  0.220312  0.220320  0.220327
  0.220332  0.220341  0.220353  0.220367  0.220384  0.220405  0.220431  0.220463
  0.220503  0.220551  0.220612  0.220688  0.220786  0.220904  0.221029  0.221153
  0.221278  0.221400  0.221514  0.221616  0.221702  0.221774  0.221833  0.221880
  0.221916  0.221944  0.221960  0.221978  0.221997  0.222017  0.222039  0.222066
 ***************************************************************
  ROW NUMBER          17  SECTION NUMBER            2
           0           0           0  IF_DESIGN etc 
   1.00000   0.00000    0
  0.233302  0.234017  0.234566  0.234988  0.235311  0.235560  0.235750  0.235897
  0.236009  0.236122  0.236250  0.236398  0.236570  0.236770  0.237001  0.237267
  0.237573  0.237925  0.238335  0.238824  0.239414  0.240088  0.240777  0.241458
  0.242137  0.242818  0.243486  0.244111  0.244684  0.245208  0.245686  0.246117
  0.246501  0.246838  0.247175  0.247552  0.247972  0.248440  0.248963  0.249546
  1.000000  0.000000
  0.012185  0.010846  0.009819  0.009030  0.008424  0.007959  0.007602  0.007328
  0.007118  0.007137  0.007007  0.006807  0.006559  0.006269  0.005933  0.005548
  0.005109  0.004609  0.004037  0.003366  0.002575  0.001697  0.000830  0.000000
 -0.000800 -0.001575 -0.002307 -0.002969 -0.003555 -0.004075 -0.004534 -0.004936
 -0.005286 -0.005649 -0.005876 -0.006130 -0.006413 -0.006729 -0.007082 -0.007475
  1.000000
  0.000000  0.000000  0.000000  0.000000  0.000000  0.000000  0.000000  0.000000
  0.000000  0.000464  0.000631  0.000757  0.000871  0.000985  0.001099  0.001210
  0.001318  0.001420  0.001514  0.001595  0.001655  0.001681  0.001664  0.001611
  0.001524  0.001405  0.001261  0.001102  0.000937  0.000771  0.000607  0.000450
  0.000302  0.000000  0.000000  0.000000  0.000000  0.000000  0.000000  0.000000
  1.000000  0.000000
  0.246300  0.246300  0.246300  0.246300  0.246300  0.246300  0.246300  0.246300
  0.246300  0.246300  0.246300  0.246300  0.246300  0.246300  0.246300  0.246300
  0.246300  0.246300  0.246300  0.246300  0.246300  0.246300  0.246300  0.246300
  0.246300  0.246300  0.246300  0.246300  0.246300  0.246300  0.246300  0.246300
  0.246300  0.246300  0.246300  0.246300  0.246300  0.246300  0.246300  0.246300
 ***************************************************************
  ROW NUMBER          17  SECTION NUMBER            3
           0           0           0  IF_DESIGN etc 
   1.00000   0.00000    0
  0.233274  0.233998  0.234553  0.234979  0.235306  0.235557  0.235749  0.235897
  0.236010  0.236124  0.236253  0.236402  0.236575  0.236775  0.237007  0.237274
  0.237580  0.237933  0.238342  0.238831  0.239420  0.240093  0.240780  0.241458
  0.242134  0.242814  0.243480  0.244104  0.244677  0.245203  0.245681  0.246114
  0.246500  0.246839  0.247180  0.247560  0.247984  0.248457  0.248986  0.249575
  1.000000  0.000000
  0.015013  0.013423  0.012203  0.011266  0.010547  0.009995  0.009571  0.009246
  0.008996  0.009021  0.008869  0.008633  0.008336  0.007985  0.007577  0.007107
  0.006566  0.005946  0.005230  0.004383  0.003374  0.002239  0.001102  0.000000
 -0.001077 -0.002135 -0.003151 -0.004082 -0.004918 -0.005670 -0.006344 -0.006941
 -0.007466 -0.007988 -0.008358 -0.008770 -0.009230 -0.009743 -0.010315 -0.010954
  1.000000
  0.000000  0.000000  0.000000  0.000000  0.000000  0.000000  0.000000  0.000000
  0.000000  0.000557  0.000759  0.000914  0.001052  0.001190  0.001327  0.001461
  0.001592  0.001715  0.001828  0.001926  0.001999  0.002029  0.002009  0.001945
  0.001839  0.001697  0.001522  0.001330  0.001131  0.000930  0.000732  0.000542
  0.000364  0.000000  0.000000  0.000000  0.000000  0.000000  0.000000  0.000000
  1.000000  0.000000
  0.272369  0.272349  0.272331  0.272313  0.272299  0.272288  0.272280  0.272273
  0.272268  0.272258  0.272247  0.272233  0.272216  0.272195  0.272169  0.272136
  0.272097  0.272048  0.271988  0.271911  0.271813  0.271695  0.271571  0.271446
  0.271322  0.271200  0.271085  0.270984  0.270898  0.270826  0.270767  0.270720
  0.270683  0.270656  0.270640  0.270622  0.270603  0.270583  0.270561  0.270534
 ***************************************************************
 ************STARTING THE INPUT FOR EACH BLADE ROW**************
  BLADE ROW NUMBER =       18                                           
    NUMBER OF BLADES IN ROW 
       143
        JM        JLE       JTE 
        40         9        34
      KTIPSTART  KTIPEND 
         0         0
       BOUNDARY LAYER TRANSITION POINTS 
         0         0         0         0
  SET NEWGRID= 1 TO GENERATE A NEW GRID WITH DIFFERENT "J" POINTS AND SPACINGS.
         0
   RPMROW,    RPMHUB 
       0.0       0.0
       JROTHS    JROTHE    JROTTS    JROTTE 
         1         1         1         1
   PUPROW    PLEROW   PTEROW    PDROW 
  971852.2  971852.2 1088847.8 1088847.8
      NSECS_ROW   INSURF  
         3         0
  IF_CUSP_OUT   IFANGLES 
         1         0
         0         3         0
 ***************************************************************
  ROW NUMBER          18  SECTION NUMBER            1
           0           0           0  IF_DESIGN etc 
   1.00000   0.00000    0
  0.246787  0.247507  0.248060  0.248485  0.248811  0.249061  0.249253  0.249401
  0.249514  0.249627  0.249756  0.249905  0.250078  0.250279  0.250511  0.250778
  0.251084  0.251438  0.251848  0.252338  0.252928  0.253602  0.254289  0.254968
  0.255644  0.256322  0.256987  0.257608  0.258177  0.258698  0.259172  0.259599
  0.259980  0.260314  0.260646  0.261018  0.261434  0.261899  0.262422  0.263009
  1.000000  0.000000
 -0.015421 -0.013926 -0.012778 -0.011896 -0.011220 -0.010700 -0.010301 -0.009995
 -0.009760 -0.009339 -0.009041 -0.008703 -0.008318 -0.007882 -0.007389 -0.006839
 -0.006226 -0.005545 -0.004787 -0.003923 -0.002940 -0.001892 -0.000901  0.000000
  0.000826  0.001582  0.002254  0.002822  0.003290  0.003677  0.003995  0.004252
  0.004459  0.004506  0.004760  0.005044  0.005360  0.005713  0.006106  0.006544
  1.000000
  0.000000  0.000000  0.000000  0.000000  0.000000  0.000000  0.000000  0.000000
  0.000000  0.000362  0.000479  0.000560  0.000646  0.000742  0.000848  0.000963
  0.001086  0.001215  0.001349  0.001487  0.001619  0.001726  0.001786  0.001796
  0.001759  0.001673  0.001542  0.001377  0.001189  0.000988  0.000779  0.000571
  0.000368  0.000000  0.000000  0.000000  0.000000  0.000000  0.000000  0.000000
  1.000000  0.000000
  0.221940  0.221976  0.222000  0.222018  0.222032  0.222043  0.222051  0.222057
  0.222062  0.222069  0.222077  0.222087  0.222100  0.222115  0.222134  0.222157
  0.222185  0.222220  0.222264  0.222321  0.222395  0.222487  0.222588  0.222693
  0.222804  0.222920  0.223038  0.223151  0.223257  0.223355  0.223445  0.223526
  0.223599  0.223663  0.223742  0.223822  0.223902  0.223977  0.224031  0.224061
 ***************************************************************
  ROW NUMBER          18  SECTION NUMBER            2
           0           0           0  IF_DESIGN etc 
   1.00000   0.00000    0
  0.246820  0.247534  0.248081  0.248501  0.248824  0.249072  0.249262  0.249408
  0.249520  0.249632  0.249760  0.249908  0.250080  0.250279  0.250510  0.250775
  0.251080  0.251431  0.251839  0.252327  0.252916  0.253588  0.254275  0.254954
  0.255631  0.256311  0.256977  0.257600  0.258172  0.258695  0.259171  0.259601
  0.259984  0.260320  0.260657  0.261032  0.261451  0.261918  0.262439  0.263021
  1.000000  0.000000
 -0.013805 -0.012471 -0.011446 -0.010659 -0.010055 -0.009591 -0.009235 -0.008962
 -0.008752 -0.008371 -0.008103 -0.007800 -0.007455 -0.007064 -0.006622 -0.006128
 -0.005579 -0.004968 -0.004288 -0.003513 -0.002631 -0.001693 -0.000806  0.000000
  0.000737  0.001412  0.002009  0.002513  0.002929  0.003271  0.003551  0.003777
  0.003958  0.004000  0.004227  0.004480  0.004763  0.005078  0.005429  0.005822
  1.000000
  0.000000  0.000000  0.000000  0.000000  0.000000  0.000000  0.000000  0.000000
  0.000000  0.000337  0.000445  0.000521  0.000601  0.000690  0.000788  0.000895
  0.001010  0.001130  0.001254  0.001382  0.001506  0.001605  0.001661  0.001671
  0.001636  0.001556  0.001434  0.001280  0.001106  0.000919  0.000725  0.000531
  0.000343  0.000000  0.000000  0.000000  0.000000  0.000000  0.000000  0.000000
  1.000000  0.000000
  0.246300  0.246300  0.246300  0.246300  0.246300  0.246300  0.246300  0.246300
  0.246300  0.246300  0.246300  0.246300  0.246300  0.246300  0.246300  0.246300
  0.246300  0.246300  0.246300  0.246300  0.246300  0.246300  0.246300  0.246300
  0.246300  0.246300  0.246300  0.246300  0.246300  0.246300  0.246300  0.246300
  0.246300  0.246300  0.246300  0.246300  0.246300  0.246300  0.246300  0.246300
 ***************************************************************
  ROW NUMBER          18  SECTION NUMBER            3
           0           0           0  IF_DESIGN etc 
   1.00000   0.00000    0
  0.246787  0.247507  0.248060  0.248485  0.248811  0.249061  0.249253  0.249401
  0.249514  0.249627  0.249756  0.249905  0.250078  0.250279  0.250511  0.250777
  0.251084  0.251438  0.251848  0.252337  0.252928  0.253602  0.254289  0.254968
  0.255644  0.256322  0.256986  0.257608  0.258177  0.258697  0.259171  0.259599
  0.259979  0.260314  0.260646  0.261018  0.261433  0.261899  0.262422  0.263009
  1.000000  0.000000
 -0.012752 -0.011522 -0.010579 -0.009854 -0.009298 -0.008871 -0.008543 -0.008291
 -0.008098 -0.007741 -0.007493 -0.007213 -0.006893 -0.006531 -0.006122 -0.005665
 -0.005156 -0.004591 -0.003961 -0.003245 -0.002430 -0.001562 -0.000744  0.000000
  0.000679  0.001299  0.001848  0.002310  0.002690  0.003001  0.003255  0.003460
  0.003623  0.003654  0.003863  0.004096  0.004356  0.004647  0.004971  0.005334
  1.000000
  0.000000  0.000000  0.000000  0.000000  0.000000  0.000000  0.000000  0.000000
  0.000000  0.000324  0.000427  0.000500  0.000577  0.000662  0.000757  0.000859
  0.000969  0.001085  0.001205  0.001327  0.001445  0.001541  0.001595  0.001604
  0.001571  0.001494  0.001376  0.001229  0.001062  0.000882  0.000696  0.000510
  0.000329  0.000000  0.000000  0.000000  0.000000  0.000000  0.000000  0.000000
  1.000000  0.000000
  0.270660  0.270624  0.270600  0.270582  0.270568  0.270557  0.270549  0.270543
  0.270538  0.270531  0.270523  0.270513  0.270500  0.270485  0.270466  0.270443
  0.270415  0.270380  0.270336  0.270279  0.270205  0.270113  0.270012  0.269907
  0.269796  0.269680  0.269562  0.269449  0.269343  0.269245  0.269155  0.269074
  0.269001  0.268937  0.268858  0.268778  0.268698  0.268623  0.268569  0.268540
 ***************************************************************
 ************STARTING THE INPUT FOR EACH BLADE ROW**************
  BLADE ROW NUMBER =       19                                           
    NUMBER OF BLADES IN ROW 
       143
        JM        JLE       JTE 
        40         9        34
      KTIPSTART  KTIPEND 
         0         0
       BOUNDARY LAYER TRANSITION POINTS 
         0         0         0         0
  SET NEWGRID= 1 TO GENERATE A NEW GRID WITH DIFFERENT "J" POINTS AND SPACINGS.
         0
   RPMROW,    RPMHUB 
   13250.3   13250.3
       JROTHS    JROTHE    JROTTS    JROTTE 
         1         1         1         1
   PUPROW    PLEROW   PTEROW    PDROW 
 1088847.8 1088847.8 1215568.8 1215568.8
      NSECS_ROW   INSURF  
         3         0
  IF_CUSP_OUT   IFANGLES 
         1         0
         0         3         0
 ***************************************************************
  ROW NUMBER          19  SECTION NUMBER            1
           0           0           0  IF_DESIGN etc 
   1.00000   0.00000    0
  0.262992  0.263712  0.264264  0.264688  0.265013  0.265263  0.265455  0.265602
  0.265715  0.265828  0.265956  0.266105  0.266278  0.266478  0.266709  0.266975
  0.267281  0.267633  0.268042  0.268530  0.269119  0.269792  0.270479  0.271157
  0.271834  0.272513  0.273179  0.273804  0.274376  0.274900  0.275378  0.275810
  0.276195  0.276533  0.276872  0.277250  0.277672  0.278143  0.278669  0.279255
  1.000000  0.000000
  0.009838  0.008700  0.007826  0.007155  0.006641  0.006245  0.005942  0.005709
  0.005530  0.005548  0.005438  0.005268  0.005061  0.004821  0.004544  0.004231
  0.003876  0.003476  0.003024  0.002501  0.001895  0.001235  0.000596  0.000000
 -0.000561 -0.001091 -0.001578 -0.002005 -0.002372 -0.002688 -0.002960 -0.003191
 -0.003386 -0.003607 -0.003707 -0.003819 -0.003943 -0.004082 -0.004237 -0.004410
  1.000000
  0.000000  0.000000  0.000000  0.000000  0.000000  0.000000  0.000000  0.000000
  0.000000  0.000397  0.000537  0.000642  0.000739  0.000836  0.000932  0.001027
  0.001119  0.001205  0.001285  0.001354  0.001405  0.001426  0.001413  0.001368
  0.001294  0.001193  0.001071  0.000936  0.000796  0.000655  0.000516  0.000383
  0.000257  0.000000  0.000000  0.000000  0.000000  0.000000  0.000000  0.000000
  1.000000  0.000000
  0.224060  0.224076  0.224090  0.224105  0.224115  0.224124  0.224130  0.224135
  0.224139  0.224146  0.224155  0.224166  0.224180  0.224196  0.224217  0.224242
  0.224273  0.224311  0.224359  0.224419  0.224496  0.224589  0.224687  0.224786
  0.224884  0.224980  0.225070  0.225150  0.225218  0.225274  0.225320  0.225357
  0.225386  0.225407  0.225419  0.225433  0.225447  0.225463  0.225480  0.225501
 ***************************************************************
  ROW NUMBER          19  SECTION NUMBER            2
           0           0           0  IF_DESIGN etc 
   1.00000   0.00000    0
  0.263011  0.263725  0.264274  0.264695  0.265018  0.265266  0.265457  0.265603
  0.265715  0.265828  0.265956  0.266104  0.266276  0.266476  0.266707  0.266972
  0.267277  0.267630  0.268038  0.268527  0.269117  0.269790  0.270479  0.271158
  0.271836  0.272517  0.273184  0.273809  0.274381  0.274905  0.275383  0.275813
  0.276197  0.276533  0.276870  0.277246  0.277666  0.278134  0.278656  0.279239
  1.000000  0.000000
  0.012172  0.010835  0.009809  0.009021  0.008416  0.007951  0.007595  0.007321
  0.007111  0.007130  0.007000  0.006800  0.006553  0.006263  0.005927  0.005543
  0.005104  0.004604  0.004033  0.003362  0.002572  0.001696  0.000829  0.000000
 -0.000799 -0.001573 -0.002305 -0.002966 -0.003551 -0.004070 -0.004529 -0.004931
 -0.005281 -0.005643 -0.005870 -0.006124 -0.006407 -0.006723 -0.007075 -0.007468
  1.000000
  0.000000  0.000000  0.000000  0.000000  0.000000  0.000000  0.000000  0.000000
  0.000000  0.000464  0.000630  0.000756  0.000870  0.000984  0.001098  0.001209
  0.001317  0.001419  0.001512  0.001593  0.001654  0.001679  0.001663  0.001609
  0.001522  0.001403  0.001259  0.001101  0.000936  0.000770  0.000607  0.000449
  0.000302  0.000000  0.000000  0.000000  0.000000  0.000000  0.000000  0.000000
  1.000000  0.000000
  0.246300  0.246300  0.246300  0.246300  0.246300  0.246300  0.246300  0.246300
  0.246300  0.246300  0.246300  0.246300  0.246300  0.246300  0.246300  0.246300
  0.246300  0.246300  0.246300  0.246300  0.246300  0.246300  0.246300  0.246300
  0.246300  0.246300  0.246300  0.246300  0.246300  0.246300  0.246300  0.246300
  0.246300  0.246300  0.246300  0.246300  0.246300  0.246300  0.246300  0.246300
 ***************************************************************
  ROW NUMBER          19  SECTION NUMBER            3
           0           0           0  IF_DESIGN etc 
   1.00000   0.00000    0
  0.262993  0.263713  0.264266  0.264690  0.265015  0.265265  0.265456  0.265603
  0.265716  0.265829  0.265958  0.266107  0.266279  0.266479  0.266711  0.266976
  0.267282  0.267634  0.268043  0.268532  0.269121  0.269793  0.270480  0.271159
  0.271835  0.272515  0.273181  0.273805  0.274377  0.274902  0.275380  0.275811
  0.276196  0.276534  0.276873  0.277252  0.277674  0.278145  0.278670  0.279257
  1.000000  0.000000
  0.014552  0.013005  0.011817  0.010905  0.010205  0.009668  0.009255  0.008938
  0.008695  0.008720  0.008571  0.008342  0.008052  0.007712  0.007315  0.006859
  0.006335  0.005734  0.005042  0.004223  0.003248  0.002154  0.001059  0.000000
 -0.001034 -0.002049 -0.003021 -0.003911 -0.004710 -0.005427 -0.006068 -0.006636
 -0.007135 -0.007632 -0.007980 -0.008369 -0.008803 -0.009287 -0.009827 -0.010430
  1.000000
  0.000000  0.000000  0.000000  0.000000  0.000000  0.000000  0.000000  0.000000
  0.000000  0.000541  0.000738  0.000888  0.001022  0.001156  0.001289  0.001419
  0.001546  0.001666  0.001775  0.001871  0.001941  0.001971  0.001952  0.001889
  0.001787  0.001648  0.001478  0.001292  0.001098  0.000903  0.000711  0.000527
  0.000354  0.000000  0.000000  0.000000  0.000000  0.000000  0.000000  0.000000
  1.000000  0.000000
  0.268540  0.268524  0.268509  0.268495  0.268485  0.268476  0.268470  0.268465
  0.268461  0.268454  0.268445  0.268434  0.268420  0.268404  0.268383  0.268358
  0.268327  0.268289  0.268241  0.268181  0.268103  0.268010  0.267912  0.267814
  0.267716  0.267620  0.267530  0.267450  0.267382  0.267326  0.267280  0.267243
  0.267214  0.267193  0.267181  0.267167  0.267153  0.267137  0.267120  0.267099
 ***************************************************************
 ************STARTING THE INPUT FOR EACH BLADE ROW**************
  BLADE ROW NUMBER =       20                                           
    NUMBER OF BLADES IN ROW 
       143
        JM        JLE       JTE 
        40         9        34
      KTIPSTART  KTIPEND 
         0         0
       BOUNDARY LAYER TRANSITION POINTS 
         0         0         0         0
  SET NEWGRID= 1 TO GENERATE A NEW GRID WITH DIFFERENT "J" POINTS AND SPACINGS.
         0
   RPMROW,    RPMHUB 
       0.0       0.0
       JROTHS    JROTHE    JROTTS    JROTTE 
         1         1         1         1
   PUPROW    PLEROW   PTEROW    PDROW 
 1215568.8 1215568.8 1351523.1 1351523.1
      NSECS_ROW   INSURF  
         3         0
  IF_CUSP_OUT   IFANGLES 
         1         0
         0         3         0
 ***************************************************************
  ROW NUMBER          20  SECTION NUMBER            1
           0           0           0  IF_DESIGN etc 
   1.00000   0.00000    0
  0.276501  0.277219  0.277770  0.278193  0.278518  0.278767  0.278958  0.279105
  0.279218  0.279331  0.279459  0.279608  0.279781  0.279981  0.280212  0.280478
  0.280785  0.281137  0.281547  0.282036  0.282626  0.283299  0.283987  0.284665
  0.285342  0.286020  0.286685  0.287307  0.287877  0.288398  0.288872  0.289300
  0.289681  0.290016  0.290349  0.290721  0.291138  0.291603  0.292125  0.292710
  1.000000  0.000000
 -0.015135 -0.013668 -0.012542 -0.011677 -0.011013 -0.010503 -0.010112 -0.009812
 -0.009581 -0.009167 -0.008875 -0.008543 -0.008165 -0.007737 -0.007253 -0.006714
 -0.006112 -0.005443 -0.004699 -0.003851 -0.002885 -0.001856 -0.000885  0.000000
  0.000810  0.001552  0.002211  0.002767  0.003227  0.003606  0.003917  0.004169
  0.004372  0.004416  0.004666  0.004944  0.005254  0.005601  0.005986  0.006416
  1.000000
  0.000000  0.000000  0.000000  0.000000  0.000000  0.000000  0.000000  0.000000
  0.000000  0.000358  0.000472  0.000553  0.000637  0.000732  0.000837  0.000950
  0.001071  0.001199  0.001331  0.001467  0.001597  0.001703  0.001762  0.001772
  0.001735  0.001651  0.001521  0.001358  0.001173  0.000974  0.000769  0.000563
  0.000363  0.000000  0.000000  0.000000  0.000000  0.000000  0.000000  0.000000
  1.000000  0.000000
  0.225405  0.225432  0.225450  0.225465  0.225475  0.225484  0.225490  0.225495
  0.225499  0.225504  0.225511  0.225519  0.225528  0.225540  0.225555  0.225573
  0.225595  0.225622  0.225656  0.225701  0.225759  0.225831  0.225910  0.225994
  0.226082  0.226175  0.226270  0.226361  0.226447  0.226527  0.226601  0.226668
  0.226729  0.226782  0.226849  0.226917  0.226985  0.227048  0.227093  0.227118
 ***************************************************************
  ROW NUMBER          20  SECTION NUMBER            2
           0           0           0  IF_DESIGN etc 
   1.00000   0.00000    0
  0.276523  0.277236  0.277784  0.278204  0.278527  0.278774  0.278964  0.279110
  0.279223  0.279335  0.279463  0.279611  0.279782  0.279981  0.280212  0.280477
  0.280782  0.281133  0.281541  0.282029  0.282617  0.283290  0.283977  0.284655
  0.285332  0.286012  0.286678  0.287301  0.287872  0.288395  0.288872  0.289301
  0.289684  0.290021  0.290357  0.290732  0.291151  0.291618  0.292139  0.292721
  1.000000  0.000000
 -0.013803 -0.012468 -0.011444 -0.010657 -0.010053 -0.009590 -0.009234 -0.008961
 -0.008751 -0.008369 -0.008102 -0.007799 -0.007454 -0.007062 -0.006620 -0.006127
 -0.005578 -0.004967 -0.004287 -0.003512 -0.002631 -0.001692 -0.000806  0.000000
  0.000737  0.001411  0.002009  0.002513  0.002928  0.003270  0.003550  0.003776
  0.003957  0.004000  0.004226  0.004479  0.004762  0.005077  0.005428  0.005821
  1.000000
  0.000000  0.000000  0.000000  0.000000  0.000000  0.000000  0.000000  0.000000
  0.000000  0.000337  0.000445  0.000521  0.000601  0.000690  0.000788  0.000895
  0.001009  0.001130  0.001254  0.001382  0.001505  0.001605  0.001661  0.001671
  0.001636  0.001556  0.001434  0.001280  0.001106  0.000919  0.000725  0.000531
  0.000343  0.000000  0.000000  0.000000  0.000000  0.000000  0.000000  0.000000
  1.000000  0.000000
  0.246300  0.246300  0.246300  0.246300  0.246300  0.246300  0.246300  0.246300
  0.246300  0.246300  0.246300  0.246300  0.246300  0.246300  0.246300  0.246300
  0.246300  0.246300  0.246300  0.246300  0.246300  0.246300  0.246300  0.246300
  0.246300  0.246300  0.246300  0.246300  0.246300  0.246300  0.246300  0.246300
  0.246300  0.246300  0.246300  0.246300  0.246300  0.246300  0.246300  0.246300
 ***************************************************************
  ROW NUMBER          20  SECTION NUMBER            3
           0           0           0  IF_DESIGN etc 
   1.00000   0.00000    0
  0.276501  0.277219  0.277770  0.278193  0.278517  0.278767  0.278958  0.279105
  0.279218  0.279330  0.279459  0.279608  0.279780  0.279981  0.280212  0.280478
  0.280784  0.281137  0.281547  0.282036  0.282625  0.283299  0.283986  0.284665
  0.285342  0.286020  0.286685  0.287307  0.287876  0.288398  0.288872  0.289300
  0.289681  0.290016  0.290349  0.290721  0.291137  0.291603  0.292125  0.292710
  1.000000  0.000000
 -0.012856 -0.011616 -0.010664 -0.009933 -0.009372 -0.008942 -0.008611 -0.008357
 -0.008162 -0.007803 -0.007553 -0.007270 -0.006949 -0.006583 -0.006171 -0.005711
 -0.005198 -0.004628 -0.003994 -0.003271 -0.002450 -0.001575 -0.000750  0.000000
  0.000685  0.001310  0.001864  0.002330  0.002714  0.003028  0.003285  0.003492
  0.003657  0.003690  0.003900  0.004135  0.004398  0.004690  0.005018  0.005383
  1.000000
  0.000000  0.000000  0.000000  0.000000  0.000000  0.000000  0.000000  0.000000
  0.000000  0.000325  0.000429  0.000501  0.000578  0.000664  0.000759  0.000862
  0.000972  0.001088  0.001208  0.001331  0.001449  0.001545  0.001599  0.001608
  0.001575  0.001498  0.001380  0.001232  0.001065  0.000884  0.000698  0.000511
  0.000330  0.000000  0.000000  0.000000  0.000000  0.000000  0.000000  0.000000
  1.000000  0.000000
  0.267195  0.267168  0.267150  0.267135  0.267125  0.267116  0.267110  0.267105
  0.267101  0.267096  0.267089  0.267081  0.267072  0.267060  0.267045  0.267027
  0.267005  0.266978  0.266944  0.266899  0.266841  0.266769  0.266690  0.266606
  0.266518  0.266425  0.266330  0.266239  0.266153  0.266073  0.265999  0.265932
  0.265871  0.265818  0.265751  0.265683  0.265615  0.265552  0.265507  0.265482
 ***************************************************************
 ************STARTING THE INPUT FOR EACH BLADE ROW**************
  BLADE ROW NUMBER =       21                                           
    NUMBER OF BLADES IN ROW 
       143
        JM        JLE       JTE 
        40         9        34
      KTIPSTART  KTIPEND 
         0         0
       BOUNDARY LAYER TRANSITION POINTS 
         0         0         0         0
  SET NEWGRID= 1 TO GENERATE A NEW GRID WITH DIFFERENT "J" POINTS AND SPACINGS.
         0
   RPMROW,    RPMHUB 
   13250.3   13250.3
       JROTHS    JROTHE    JROTTS    JROTTE 
         1         1         1         1
   PUPROW    PLEROW   PTEROW    PDROW 
 1351523.1 1351523.1 1498005.6 1498005.6
      NSECS_ROW   INSURF  
         3         0
  IF_CUSP_OUT   IFANGLES 
         1         0
         0         3         0
 ***************************************************************
  ROW NUMBER          21  SECTION NUMBER            1
           0           0           0  IF_DESIGN etc 
   1.00000   0.00000    0
  0.292704  0.293422  0.293973  0.294395  0.294719  0.294968  0.295160  0.295306
  0.295419  0.295532  0.295660  0.295808  0.295981  0.296180  0.296411  0.296677
  0.296982  0.297334  0.297743  0.298231  0.298820  0.299493  0.300179  0.300858
  0.301535  0.302214  0.302880  0.303504  0.304076  0.304600  0.305077  0.305508
  0.305892  0.306230  0.306568  0.306945  0.307366  0.307836  0.308360  0.308945
  1.000000  0.000000
  0.010145  0.008982  0.008089  0.007403  0.006876  0.006472  0.006162  0.005924
  0.005741  0.005759  0.005646  0.005472  0.005260  0.005013  0.004728  0.004405
  0.004039  0.003626  0.003159  0.002616  0.001985  0.001296  0.000627  0.000000
 -0.000593 -0.001155 -0.001675 -0.002133 -0.002530 -0.002873 -0.003170 -0.003424
 -0.003640 -0.003881 -0.003999 -0.004130 -0.004276 -0.004439 -0.004621 -0.004824
  1.000000
  0.000000  0.000000  0.000000  0.000000  0.000000  0.000000  0.000000  0.000000
  0.000000  0.000405  0.000548  0.000655  0.000754  0.000853  0.000952  0.001048
  0.001142  0.001230  0.001311  0.001382  0.001434  0.001456  0.001442  0.001396
  0.001320  0.001217  0.001092  0.000955  0.000812  0.000668  0.000527  0.000390
  0.000262  0.000000  0.000000  0.000000  0.000000  0.000000  0.000000  0.000000
  1.000000  0.000000
  0.227118  0.227131  0.227143  0.227154  0.227163  0.227169  0.227174  0.227178
  0.227181  0.227187  0.227194  0.227203  0.227214  0.227227  0.227243  0.227263
  0.227288  0.227319  0.227357  0.227405  0.227467  0.227541  0.227620  0.227698
  0.227777  0.227853  0.227926  0.227989  0.228043  0.228088  0.228125  0.228154
  0.228177  0.228194  0.228204  0.228215  0.228226  0.228237  0.228249  0.228263
 ***************************************************************
  ROW NUMBER          21  SECTION NUMBER            2
           0           0           0  IF_DESIGN etc 
   1.00000   0.00000    0
  0.292717  0.293431  0.293979  0.294400  0.294723  0.294971  0.295161  0.295307
  0.295419  0.295532  0.295660  0.295808  0.295980  0.296179  0.296410  0.296675
  0.296980  0.297332  0.297741  0.298229  0.298818  0.299492  0.300180  0.300859
  0.301537  0.302217  0.302883  0.303508  0.304080  0.304603  0.305080  0.305510
  0.305894  0.306230  0.306567  0.306943  0.307362  0.307830  0.308352  0.308934
  1.000000  0.000000
  0.012164  0.010828  0.009802  0.009015  0.008410  0.007946  0.007590  0.007316
  0.007106  0.007125  0.006996  0.006796  0.006549  0.006259  0.005923  0.005539
  0.005101  0.004601  0.004030  0.003360  0.002571  0.001695  0.000828  0.000000
 -0.000799 -0.001572 -0.002303 -0.002964 -0.003549 -0.004068 -0.004526 -0.004928
 -0.005277 -0.005640 -0.005867 -0.006120 -0.006403 -0.006718 -0.007070 -0.007463
  1.000000
  0.000000  0.000000  0.000000  0.000000  0.000000  0.000000  0.000000  0.000000
  0.000000  0.000464  0.000630  0.000755  0.000870  0.000984  0.001097  0.001208
  0.001316  0.001418  0.001511  0.001592  0.001653  0.001678  0.001662  0.001608
  0.001521  0.001402  0.001259  0.001100  0.000935  0.000769  0.000606  0.000449
  0.000302  0.000000  0.000000  0.000000  0.000000  0.000000  0.000000  0.000000
  1.000000  0.000000
  0.246300  0.246300  0.246300  0.246300  0.246300  0.246300  0.246300  0.246300
  0.246300  0.246300  0.246300  0.246300  0.246300  0.246300  0.246300  0.246300
  0.246300  0.246300  0.246300  0.246300  0.246300  0.246300  0.246300  0.246300
  0.246300  0.246300  0.246300  0.246300  0.246300  0.246300  0.246300  0.246300
  0.246300  0.246300  0.246300  0.246300  0.246300  0.246300  0.246300  0.246300
 ***************************************************************
  ROW NUMBER          21  SECTION NUMBER            3
           0           0           0  IF_DESIGN etc 
   1.00000   0.00000    0
  0.292705  0.293423  0.293974  0.294396  0.294721  0.294970  0.295161  0.295308
  0.295420  0.295533  0.295661  0.295810  0.295982  0.296182  0.296413  0.296678
  0.296984  0.297336  0.297744  0.298233  0.298821  0.299494  0.300181  0.300859
  0.301536  0.302215  0.302881  0.303505  0.304077  0.304601  0.305079  0.305510
  0.305894  0.306231  0.306569  0.306946  0.307367  0.307837  0.308361  0.308946
  1.000000  0.000000
  0.014200  0.012685  0.011522  0.010629  0.009943  0.009417  0.009013  0.008702
  0.008464  0.008488  0.008342  0.008117  0.007834  0.007501  0.007114  0.006669
  0.006157  0.005571  0.004897  0.004099  0.003151  0.002089  0.001027  0.000000
 -0.001001 -0.001982 -0.002920 -0.003778 -0.004547 -0.005237 -0.005853 -0.006398
 -0.006876 -0.007353 -0.007685 -0.008056 -0.008469 -0.008930 -0.009445 -0.010019
  1.000000
  0.000000  0.000000  0.000000  0.000000  0.000000  0.000000  0.000000  0.000000
  0.000000  0.000530  0.000722  0.000868  0.000999  0.001130  0.001260  0.001388
  0.001511  0.001628  0.001735  0.001828  0.001898  0.001927  0.001908  0.001846
  0.001747  0.001611  0.001445  0.001263  0.001074  0.000883  0.000695  0.000515
  0.000346  0.000000  0.000000  0.000000  0.000000  0.000000  0.000000  0.000000
  1.000000  0.000000
  0.265482  0.265469  0.265457  0.265446  0.265437  0.265431  0.265426  0.265422
  0.265419  0.265413  0.265406  0.265397  0.265386  0.265373  0.265357  0.265337
  0.265312  0.265281  0.265243  0.265195  0.265133  0.265059  0.264980  0.264901
  0.264823  0.264746  0.264674  0.264610  0.264556  0.264511  0.264475  0.264445
  0.264423  0.264406  0.264396  0.264385  0.264374  0.264363  0.264351  0.264337
 ***************************************************************
 ************STARTING THE INPUT FOR EACH BLADE ROW**************
  BLADE ROW NUMBER =       22                                           
    NUMBER OF BLADES IN ROW 
       143
        JM        JLE       JTE 
        40         9        34
      KTIPSTART  KTIPEND 
         0         0
       BOUNDARY LAYER TRANSITION POINTS 
         0         0         0         0
  SET NEWGRID= 1 TO GENERATE A NEW GRID WITH DIFFERENT "J" POINTS AND SPACINGS.
         0
   RPMROW,    RPMHUB 
       0.0       0.0
       JROTHS    JROTHE    JROTTS    JROTTE 
         1         1         1         1
   PUPROW    PLEROW   PTEROW    PDROW 
 1498005.6 1498005.6 1654449.6 1654449.6
      NSECS_ROW   INSURF  
         3         0
  IF_CUSP_OUT   IFANGLES 
         1         0
         0         3         0
 ***************************************************************
  ROW NUMBER          22  SECTION NUMBER            1
           0           0           0  IF_DESIGN etc 
   1.00000   0.00000    0
  0.306211  0.306927  0.307476  0.307898  0.308222  0.308471  0.308662  0.308808
  0.308921  0.309033  0.309162  0.309310  0.309482  0.309682  0.309913  0.310179
  0.310484  0.310837  0.311246  0.311734  0.312323  0.312997  0.313684  0.314363
  0.315041  0.315720  0.316387  0.317011  0.317583  0.318106  0.318583  0.319014
  0.319397  0.319734  0.320071  0.320542  0.321197  0.322110  0.323383  0.325156
  1.000000  0.000000
 -0.014918 -0.013473 -0.012363 -0.011511 -0.010857 -0.010355 -0.009969 -0.009673
 -0.009446 -0.009037 -0.008749 -0.008422 -0.008050 -0.007627 -0.007150 -0.006618
 -0.006025 -0.005366 -0.004632 -0.003796 -0.002844 -0.001830 -0.000872  0.000000
  0.000798  0.001530  0.002178  0.002726  0.003178  0.003551  0.003857  0.004104
  0.004303  0.004345  0.004590  0.004931  0.005407  0.006069  0.006991  0.008276
  1.000000
  0.000000  0.000000  0.000000  0.000000  0.000000  0.000000  0.000000  0.000000
  0.000000  0.000354  0.000468  0.000547  0.000631  0.000725  0.000828  0.000940
  0.001060  0.001187  0.001318  0.001452  0.001581  0.001686  0.001745  0.001755
  0.001718  0.001635  0.001506  0.001345  0.001161  0.000965  0.000761  0.000557
  0.000360  0.000000  0.000000  0.000000  0.000000  0.000000  0.000000  0.000000
  1.000000  0.000000
  0.228193  0.228214  0.228229  0.228239  0.228246  0.228252  0.228256  0.228259
  0.228262  0.228266  0.228271  0.228277  0.228285  0.228294  0.228306  0.228320
  0.228338  0.228360  0.228387  0.228422  0.228468  0.228523  0.228582  0.228643
  0.228704  0.228766  0.228826  0.228881  0.228929  0.228971  0.229008  0.229039
  0.229065  0.229086  0.229095  0.229107  0.229121  0.229136  0.229148  0.229152
 ***************************************************************
  ROW NUMBER          22  SECTION NUMBER            2
           0           0           0  IF_DESIGN etc 
   1.00000   0.00000    0
  0.306218  0.306932  0.307481  0.307901  0.308225  0.308473  0.308663  0.308809
  0.308921  0.309034  0.309162  0.309310  0.309482  0.309682  0.309912  0.310177
  0.310483  0.310835  0.311243  0.311732  0.312321  0.312994  0.313682  0.314362
  0.315040  0.315720  0.316387  0.317011  0.317583  0.318107  0.318584  0.319014
  0.319398  0.319734  0.320071  0.320540  0.321194  0.322105  0.323373  0.325141
  1.000000  0.000000
 -0.013822 -0.012486 -0.011460 -0.010672 -0.010067 -0.009603 -0.009247 -0.008973
 -0.008763 -0.008381 -0.008113 -0.007810 -0.007464 -0.007072 -0.006630 -0.006136
 -0.005585 -0.004974 -0.004293 -0.003517 -0.002635 -0.001695 -0.000807  0.000000
  0.000738  0.001413  0.002012  0.002516  0.002932  0.003275  0.003555  0.003781
  0.003963  0.004005  0.004232  0.004549  0.004989  0.005604  0.006459  0.007651
  1.000000
  0.000000  0.000000  0.000000  0.000000  0.000000  0.000000  0.000000  0.000000
  0.000000  0.000337  0.000446  0.000521  0.000602  0.000691  0.000789  0.000896
  0.001011  0.001131  0.001256  0.001384  0.001507  0.001607  0.001663  0.001673
  0.001638  0.001558  0.001436  0.001282  0.001107  0.000920  0.000726  0.000531
  0.000343  0.000000  0.000000  0.000000  0.000000  0.000000  0.000000  0.000000
  1.000000  0.000000
  0.246300  0.246300  0.246300  0.246300  0.246300  0.246300  0.246300  0.246300
  0.246300  0.246300  0.246300  0.246300  0.246300  0.246300  0.246300  0.246300
  0.246300  0.246300  0.246300  0.246300  0.246300  0.246300  0.246300  0.246300
  0.246300  0.246300  0.246300  0.246300  0.246300  0.246300  0.246300  0.246300
  0.246300  0.246300  0.246300  0.246300  0.246300  0.246300  0.246300  0.246300
 ***************************************************************
  ROW NUMBER          22  SECTION NUMBER            3
           0           0           0  IF_DESIGN etc 
   1.00000   0.00000    0
  0.306211  0.306926  0.307476  0.307898  0.308222  0.308471  0.308662  0.308808
  0.308921  0.309033  0.309162  0.309310  0.309482  0.309682  0.309913  0.310179
  0.310484  0.310836  0.311245  0.311734  0.312323  0.312996  0.313684  0.314363
  0.315040  0.315720  0.316387  0.317011  0.317582  0.318106  0.318583  0.319013
  0.319397  0.319734  0.320071  0.320542  0.321197  0.322110  0.323383  0.325156
  1.000000  0.000000
 -0.012949 -0.011700 -0.010740 -0.010004 -0.009439 -0.009005 -0.008672 -0.008416
 -0.008220 -0.007858 -0.007607 -0.007322 -0.006998 -0.006630 -0.006215 -0.005751
 -0.005235 -0.004661 -0.004022 -0.003295 -0.002467 -0.001586 -0.000755  0.000000
  0.000690  0.001321  0.001879  0.002349  0.002736  0.003053  0.003313  0.003522
  0.003689  0.003723  0.003936  0.004233  0.004646  0.005222  0.006024  0.007142
  1.000000
  0.000000  0.000000  0.000000  0.000000  0.000000  0.000000  0.000000  0.000000
  0.000000  0.000325  0.000430  0.000503  0.000580  0.000666  0.000761  0.000864
  0.000974  0.001091  0.001211  0.001334  0.001453  0.001549  0.001603  0.001613
  0.001579  0.001502  0.001384  0.001236  0.001068  0.000887  0.000700  0.000513
  0.000331  0.000000  0.000000  0.000000  0.000000  0.000000  0.000000  0.000000
  1.000000  0.000000
  0.264407  0.264386  0.264371  0.264361  0.264354  0.264348  0.264344  0.264341
  0.264338  0.264334  0.264329  0.264323  0.264315  0.264306  0.264294  0.264280
  0.264262  0.264240  0.264213  0.264178  0.264132  0.264077  0.264018  0.263957
  0.263896  0.263834  0.263774  0.263719  0.263671  0.263629  0.263592  0.263561
  0.263535  0.263514  0.263505  0.263493  0.263479  0.263464  0.263452  0.263448
  STARTING INLET BOUNDARY CONDITION DATA .
  NUMBER OF POINTS FOR INLET BOUNDARY CONDITIONS 
        37
  SPACING OF INLET BOUNDARY CONDITION POINTS 
  1.000000  1.250000  1.562500  1.953125  2.441406  3.051758  3.814697  4.768372
  5.960464  7.450581  9.313226 11.641532 14.551915 18.189894 20.000000 20.000000
 20.000000 20.000000 20.000000 20.000000 20.000000 20.000000 18.189894 14.551915
 11.641532  9.313226  7.450581  5.960464  4.768372  3.814697  3.051758  2.441406
  1.953125  1.562500  1.250000  1.000000
   INLET STAGNATION PRESSURES 
   52730.0   52730.0   52730.0   52730.0   52730.0   52730.0   52730.0   52730.0
   52730.0   52730.0   52730.0   52730.0   52730.0   52730.0   52730.0   52730.0
   52730.0   52730.0   52730.0   52730.0   52730.0   52730.0   52730.0   52730.0
   52730.0   52730.0   52730.0   52730.0   52730.0   52730.0   52730.0   52730.0
   52730.0   52730.0   52730.0   52730.0   52730.0
   INLET STAGNATION TEMPERATURES 
  275.2970  275.2970  275.2970  275.2970  275.2970  275.2970  275.2970  275.2970
  275.2970  275.2970  275.2970  275.2970  275.2970  275.2970  275.2970  275.2970
  275.2970  275.2970  275.2970  275.2970  275.2970  275.2970  275.2970  275.2970
  275.2970  275.2970  275.2970  275.2970  275.2970  275.2970  275.2970  275.2970
  275.2970  275.2970  275.2970  275.2970  275.2970
   INLET ABSOLUTE TANGENTIAL VELOCITY 
    0.0000    0.0000    0.0000    0.0000    0.0000    0.0000    0.0000    0.0000
    0.0000    0.0000    0.0000    0.0000    0.0000    0.0000    0.0000    0.0000
    0.0000    0.0000    0.0000    0.0000    0.0000    0.0000    0.0000    0.0000
    0.0000    0.0000    0.0000    0.0000    0.0000    0.0000    0.0000    0.0000
    0.0000    0.0000    0.0000    0.0000    0.0000
   INLET MERIDIONAL VELOCITY 
  136.6345  136.6345  136.6345  136.6345  136.6345  136.6345  136.6345  136.6345
  136.6345  136.6345  136.6345  136.6345  136.6345  136.6345  136.6345  136.6345
  136.6345  136.6345  136.6345  136.6345  136.6345  136.6345  136.6345  136.6345
  136.6345  136.6345  136.6345  136.6345  136.6345  136.6345  136.6345  136.6345
  136.6345  136.6345  136.6345  136.6345  136.6345
   INLET MERIDIONAL YAW ANGLE  
   35.2165   35.2165   35.2165   35.2165   35.2165   35.2165   35.2165   35.2165
   35.2165   35.2165   35.2165   35.2165   35.2165   35.2165   35.2165   35.2165
   35.2165   35.2165   35.2165   35.2165   35.2165   35.2165   35.2165   35.2165
   35.2165   35.2165   35.2165   35.2165   35.2165   35.2165   35.2165   35.2165
   35.2165   35.2165   35.2165   35.2165   35.2165
   INLET PITCH ANGLE 
   -9.1187   -9.0641   -8.9958   -8.9105   -8.8038   -8.6704   -8.5038   -8.2954
   -8.0349   -7.7094   -7.3024   -6.7937   -6.1579   -5.3630   -4.3695   -3.2771
   -2.1847   -1.0923    0.0001    1.0925    2.1849    3.2773    4.3697    5.3633
    6.1581    6.7939    7.3026    7.7096    8.0351    8.2956    8.5040    8.6706
    8.8040    8.9107    8.9960    9.0643    9.1189
   PDOWN_HUB   PDOWN_TIP 
 1654449.6 1654449.6
 MIXING LENGTH LIMITS ON ALL BLADE ROWS
  0.050000  0.050000  0.050000  0.050000  0.050000  0.030000
  0.050000  0.050000  0.050000  0.050000  0.050000  0.030000
  0.050000  0.050000  0.050000  0.050000  0.050000  0.030000
  0.050000  0.050000  0.050000  0.050000  0.050000  0.030000
  0.050000  0.050000  0.050000  0.050000  0.050000  0.030000
  0.050000  0.050000  0.050000  0.050000  0.050000  0.030000
  0.050000  0.050000  0.050000  0.050000  0.050000  0.030000
  0.050000  0.050000  0.050000  0.050000  0.050000  0.030000
  0.050000  0.050000  0.050000  0.050000  0.050000  0.030000
  0.050000  0.050000  0.050000  0.050000  0.050000  0.030000
  0.050000  0.050000  0.050000  0.050000  0.050000  0.030000
  0.050000  0.050000  0.050000  0.050000  0.050000  0.030000
  0.050000  0.050000  0.050000  0.050000  0.050000  0.030000
  0.050000  0.050000  0.050000  0.050000  0.050000  0.030000
  0.050000  0.050000  0.050000  0.050000  0.050000  0.030000
  0.050000  0.050000  0.050000  0.050000  0.050000  0.030000
  0.050000  0.050000  0.050000  0.050000  0.050000  0.030000
  0.050000  0.050000  0.050000  0.050000  0.050000  0.030000
  0.050000  0.050000  0.050000  0.050000  0.050000  0.030000
  0.050000  0.050000  0.050000  0.050000  0.050000  0.030000
  0.050000  0.050000  0.050000  0.050000  0.050000  0.030000
  0.050000  0.050000  0.050000  0.050000  0.050000  0.030000
  FACTOR TO INCREASE THE TURBULENT VISCOSITY OVER THE FIRST NMIXUP STEPS 
   2.00000 1000
