   287.000000       1.39999998    
          37          37
   1.25000000       20.0000000    
   1.25000000       20.0000000    
           2           3
          25          70          15
   IIN     XIN       REL SPACING 
    1       0.00000   0.50000
    2       0.10000   0.70000
    3       0.20000   1.00000
    4       0.30000   1.40000
    5       0.40000   2.00000
    6       0.50000   3.00000
    7       0.60000   3.00000
    8       0.70000   3.00000
    9       0.80000   2.50000
   10       0.90000   2.00000
   11       1.00000   1.50000

 INTERPOLATED POSITIONS OF THE GRID POINTS ON THE BLADE
 AND THE RELATIVE SPACING OF THE POINTS 

    1       0.00000   0.50000
    2       0.01449   0.52279
    3       0.02899   0.54768
    4       0.04348   0.57467
    5       0.05797   0.60376
    6       0.07246   0.63495
    7       0.08696   0.66824
    8       0.10145   0.70363
    9       0.11594   0.74113
   10       0.13043   0.78072
   11       0.14493   0.82241
   12       0.15942   0.86620
   13       0.17391   0.91210
   14       0.18841   0.96009
   15       0.20290   1.00970
   16       0.21739   1.05957
   17       0.23188   1.11190
   18       0.24638   1.16701
   19       0.26087   1.22518
   20       0.27536   1.28674
   21       0.28986   1.35198
   22       0.30435   1.42048
   23       0.31884   1.49170
   24       0.33333   1.56790
   25       0.34783   1.64971
   26       0.36232   1.73773
   27       0.37681   1.83256
   28       0.39130   1.93482
   29       0.40580   2.06053
   30       0.42029   2.21595
   31       0.43478   2.37380
   32       0.44928   2.52982
   33       0.46377   2.67976
   34       0.47826   2.81935
   35       0.49275   2.94432
   36       0.50725   3.02159
   37       0.52174   3.05055
   38       0.53623   3.06306
   39       0.55072   3.06219
   40       0.56522   3.05096
   41       0.57971   3.03242
   42       0.59420   3.00963
   43       0.60870   3.00719
   44       0.62319   3.01828
   45       0.63768   3.02694
   46       0.65217   3.03164
   47       0.66667   3.03086
   48       0.68116   3.02308
   49       0.69565   3.00678
   50       0.71014   2.96370
   51       0.72464   2.90395
   52       0.73913   2.83628
   53       0.75362   2.76222
   54       0.76812   2.68329
   55       0.78261   2.60101
   56       0.79710   2.51691
   57       0.81159   2.44203
   58       0.82609   2.36957
   59       0.84058   2.29710
   60       0.85507   2.22464
   61       0.86957   2.15217
   62       0.88406   2.07971
   63       0.89855   2.00725
   64       0.91304   1.93478
   65       0.92754   1.86232
   66       0.94203   1.78985
   67       0.95652   1.71739
   68       0.97101   1.64493
   69       0.98551   1.57246
   70       1.00000   1.50000

  BLADE TRUE CHORD:AXIAL CHORD RATIO =    1.20986688    


    TKLE      TKTE      TKMAX     XTMAX     XMODLE     XMODTE    TK_TYP 
    0.0200    0.0100    0.0500    0.4000    0.0200    0.0100    2.0000


 FCHORD=    1.00000000      FPERP=    0.00000000     FTKSCALE=    1.00000000    


  CENTRELINE COORDINATES AND THICKNESS FOR INTYPE = 1

    XIN        YIN       TKIN 
   0.00000   0.00000   0.02420
   0.00006  -0.00008   0.02430
   0.00025  -0.00032   0.02450
   0.00056  -0.00071   0.02476
   0.00100  -0.00127   0.02506
   0.00156  -0.00198   0.02541
   0.00224  -0.00285   0.02578
   0.00305  -0.00387   0.02619
   0.00398  -0.00505   0.02663
   0.00504  -0.00639   0.02709
   0.00622  -0.00787   0.02757
   0.00752  -0.00951   0.02808
   0.00895  -0.01130   0.02860
   0.01049  -0.01324   0.02914
   0.01216  -0.01533   0.02970
   0.01395  -0.01756   0.03027
   0.01587  -0.01994   0.03085
   0.01790  -0.02246   0.03145
   0.02005  -0.02512   0.03206
   0.02232  -0.02792   0.03268
   0.02472  -0.03085   0.03330
   0.02723  -0.03392   0.03394
   0.02985  -0.03712   0.03458
   0.03260  -0.04045   0.03522
   0.03546  -0.04391   0.03587
   0.03844  -0.04749   0.03653
   0.04153  -0.05119   0.03719
   0.04474  -0.05501   0.03785
   0.04806  -0.05894   0.03851
   0.05149  -0.06299   0.03917
   0.05504  -0.06715   0.03983
   0.05869  -0.07141   0.04050
   0.06246  -0.07578   0.04116
   0.06633  -0.08025   0.04181
   0.07031  -0.08482   0.04247
   0.07440  -0.08949   0.04312
   0.07860  -0.09424   0.04376
   0.08290  -0.09909   0.04441
   0.08730  -0.10402   0.04504
   0.09181  -0.10904   0.04567
   0.09642  -0.11413   0.04629
   0.10113  -0.11931   0.04691
   0.10594  -0.12455   0.04752
   0.11085  -0.12987   0.04812
   0.11585  -0.13525   0.04871
   0.12095  -0.14070   0.04929
   0.12615  -0.14621   0.04986
   0.13144  -0.15178   0.05042
   0.13682  -0.15741   0.05097
   0.14229  -0.16309   0.05151
   0.14784  -0.16882   0.05203
   0.15349  -0.17459   0.05255
   0.15923  -0.18041   0.05305
   0.16504  -0.18627   0.05353
   0.17095  -0.19217   0.05401
   0.17693  -0.19810   0.05447
   0.18299  -0.20407   0.05492
   0.18914  -0.21006   0.05535
   0.19536  -0.21609   0.05577
   0.20166  -0.22214   0.05617
   0.20803  -0.22821   0.05655
   0.21447  -0.23430   0.05692
   0.22099  -0.24041   0.05728
   0.22757  -0.24653   0.05762
   0.23422  -0.25266   0.05794
   0.24094  -0.25881   0.05824
   0.24772  -0.26496   0.05853
   0.25457  -0.27112   0.05880
   0.26148  -0.27728   0.05906
   0.26845  -0.28344   0.05929
   0.27547  -0.28960   0.05951
   0.28255  -0.29575   0.05972
   0.28968  -0.30190   0.05990
   0.29687  -0.30804   0.06006
   0.30411  -0.31416   0.06021
   0.31140  -0.32027   0.06034
   0.31873  -0.32637   0.06045
   0.32611  -0.33244   0.06054
   0.33353  -0.33849   0.06062
   0.34099  -0.34452   0.06068
   0.34850  -0.35052   0.06071
   0.35604  -0.35649   0.06073
   0.36362  -0.36244   0.06073
   0.37123  -0.36835   0.06072
   0.37887  -0.37423   0.06068
   0.38654  -0.38007   0.06063
   0.39424  -0.38588   0.06056
   0.40197  -0.39165   0.06047
   0.40972  -0.39738   0.06036
   0.41750  -0.40307   0.06024
   0.42529  -0.40872   0.06009
   0.43311  -0.41433   0.05993
   0.44094  -0.41988   0.05976
   0.44878  -0.42540   0.05956
   0.45664  -0.43086   0.05935
   0.46451  -0.43628   0.05912
   0.47239  -0.44164   0.05888
   0.48027  -0.44695   0.05862
   0.48816  -0.45221   0.05834
   0.49605  -0.45742   0.05805
   0.50395  -0.46257   0.05774
   0.51184  -0.46766   0.05741
   0.51973  -0.47270   0.05707
   0.52761  -0.47768   0.05672
   0.53549  -0.48259   0.05635
   0.54336  -0.48745   0.05596
   0.55122  -0.49224   0.05556
   0.55906  -0.49698   0.05515
   0.56689  -0.50165   0.05473
   0.57471  -0.50625   0.05429
   0.58250  -0.51079   0.05384
   0.59028  -0.51527   0.05337
   0.59803  -0.51968   0.05290
   0.60576  -0.52403   0.05241
   0.61346  -0.52831   0.05191
   0.62113  -0.53252   0.05140
   0.62877  -0.53667   0.05088
   0.63638  -0.54075   0.05035
   0.64396  -0.54477   0.04981
   0.65150  -0.54872   0.04926
   0.65901  -0.55260   0.04870
   0.66647  -0.55641   0.04813
   0.67389  -0.56015   0.04755
   0.68127  -0.56383   0.04697
   0.68860  -0.56744   0.04638
   0.69589  -0.57099   0.04578
   0.70313  -0.57446   0.04517
   0.71031  -0.57787   0.04456
   0.71745  -0.58121   0.04395
   0.72453  -0.58449   0.04333
   0.73155  -0.58770   0.04270
   0.73852  -0.59085   0.04207
   0.74543  -0.59392   0.04143
   0.75228  -0.59694   0.04080
   0.75906  -0.59988   0.04016
   0.76578  -0.60277   0.03951
   0.77243  -0.60559   0.03887
   0.77901  -0.60834   0.03822
   0.78553  -0.61103   0.03757
   0.79197  -0.61366   0.03692
   0.79834  -0.61623   0.03628
   0.80464  -0.61874   0.03563
   0.81086  -0.62118   0.03498
   0.81701  -0.62356   0.03433
   0.82307  -0.62589   0.03369
   0.82905  -0.62815   0.03305
   0.83496  -0.63036   0.03241
   0.84077  -0.63250   0.03177
   0.84651  -0.63459   0.03114
   0.85216  -0.63663   0.03051
   0.85771  -0.63860   0.02988
   0.86318  -0.64053   0.02926
   0.86856  -0.64239   0.02864
   0.87385  -0.64421   0.02803
   0.87905  -0.64597   0.02743
   0.88415  -0.64767   0.02683
   0.88915  -0.64933   0.02624
   0.89406  -0.65093   0.02566
   0.89887  -0.65249   0.02508
   0.90358  -0.65399   0.02452
   0.90819  -0.65545   0.02396
   0.91270  -0.65686   0.02341
   0.91710  -0.65822   0.02287
   0.92140  -0.65953   0.02234
   0.92560  -0.66080   0.02182
   0.92969  -0.66202   0.02130
   0.93367  -0.66320   0.02080
   0.93754  -0.66433   0.02032
   0.94131  -0.66542   0.01984
   0.94496  -0.66647   0.01937
   0.94851  -0.66748   0.01892
   0.95194  -0.66845   0.01848
   0.95526  -0.66937   0.01805
   0.95847  -0.67026   0.01763
   0.96156  -0.67110   0.01723
   0.96454  -0.67191   0.01684
   0.96740  -0.67268   0.01647
   0.97015  -0.67342   0.01611
   0.97277  -0.67411   0.01576
   0.97528  -0.67477   0.01543
   0.97768  -0.67540   0.01511
   0.97995  -0.67599   0.01481
   0.98210  -0.67654   0.01452
   0.98413  -0.67706   0.01425
   0.98605  -0.67755   0.01399
   0.98784  -0.67800   0.01375
   0.98951  -0.67842   0.01352
   0.99105  -0.67881   0.01331
   0.99248  -0.67916   0.01312
   0.99378  -0.67949   0.01294
   0.99496  -0.67978   0.01278
   0.99602  -0.68004   0.01264
   0.99695  -0.68027   0.01251
   0.99776  -0.68047   0.01240
   0.99844  -0.68063   0.01231
   0.99900  -0.68077   0.01223
   0.99944  -0.68088   0.01218
   0.99975  -0.68095   0.01213
   0.99994  -0.68100   0.01211
   1.00000  -0.68101   0.01210

  BLADE SURFACE COORDINATES GENERATED USING INTYPE = 1

  XUP          YUP       XLOW      YLOW 
   0.00001   0.01210  -0.00001  -0.01210
   0.00007   0.01207   0.00005  -0.01223
   0.00026   0.01193   0.00024  -0.01257
   0.00057   0.01167   0.00055  -0.01309
   0.00101   0.01126   0.00099  -0.01380
   0.00157   0.01072   0.00155  -0.01468
   0.00225   0.01004   0.00223  -0.01574
   0.00306   0.00922   0.00304  -0.01697
   0.00399   0.00826   0.00397  -0.01837
   0.00505   0.00716   0.00503  -0.01993
   0.00623   0.00591   0.00621  -0.02166
   0.00753   0.00452   0.00751  -0.02355
   0.00896   0.00300   0.00894  -0.02560
   0.01050   0.00133   0.01048  -0.02781
   0.01217  -0.00048   0.01215  -0.03018
   0.01396  -0.00243   0.01394  -0.03270
   0.01588  -0.00451   0.01586  -0.03537
   0.01791  -0.00674   0.01789  -0.03819
   0.02006  -0.00909   0.02004  -0.04115
   0.02233  -0.01158   0.02231  -0.04426
   0.02473  -0.01420   0.02471  -0.04751
   0.02724  -0.01695   0.02722  -0.05089
   0.02986  -0.01983   0.02984  -0.05441
   0.03261  -0.02284   0.03259  -0.05806
   0.03547  -0.02597   0.03545  -0.06184
   0.03845  -0.02922   0.03843  -0.06575
   0.04154  -0.03259   0.04152  -0.06978
   0.04475  -0.03608   0.04473  -0.07393
   0.04807  -0.03969   0.04805  -0.07820
   0.05150  -0.04340   0.05148  -0.08257
   0.05505  -0.04723   0.05503  -0.08706
   0.05870  -0.05116   0.05868  -0.09166
   0.06247  -0.05520   0.06245  -0.09636
   0.06634  -0.05935   0.06632  -0.10116
   0.07032  -0.06359   0.07030  -0.10606
   0.07441  -0.06793   0.07439  -0.11105
   0.07861  -0.07236   0.07859  -0.11613
   0.08291  -0.07689   0.08289  -0.12129
   0.08731  -0.08150   0.08729  -0.12654
   0.09182  -0.08620   0.09180  -0.13187
   0.09643  -0.09099   0.09641  -0.13728
   0.10114  -0.09585   0.10112  -0.14276
   0.10595  -0.10079   0.10593  -0.14831
   0.11086  -0.10581   0.11084  -0.15393
   0.11586  -0.11090   0.11584  -0.15961
   0.12096  -0.11606   0.12094  -0.16535
   0.12616  -0.12129   0.12614  -0.17114
   0.13145  -0.12657   0.13143  -0.17699
   0.13683  -0.13193   0.13681  -0.18289
   0.14230  -0.13733   0.14228  -0.18884
   0.14785  -0.14280   0.14783  -0.19483
   0.15350  -0.14832   0.15348  -0.20086
   0.15924  -0.15389   0.15922  -0.20693
   0.16505  -0.15950   0.16503  -0.21304
   0.17096  -0.16516   0.17094  -0.21917
   0.17694  -0.17087   0.17692  -0.22534
   0.18300  -0.17661   0.18298  -0.23152
   0.18915  -0.18239   0.18913  -0.23774
   0.19537  -0.18820   0.19535  -0.24397
   0.20167  -0.19405   0.20165  -0.25022
   0.20804  -0.19993   0.20802  -0.25648
   0.21448  -0.20584   0.21446  -0.26276
   0.22100  -0.21177   0.22098  -0.26905
   0.22758  -0.21772   0.22756  -0.27534
   0.23423  -0.22369   0.23421  -0.28163
   0.24095  -0.22968   0.24093  -0.28793
   0.24773  -0.23569   0.24771  -0.29423
   0.25458  -0.24171   0.25456  -0.30052
   0.26149  -0.24775   0.26147  -0.30681
   0.26846  -0.25379   0.26844  -0.31308
   0.27548  -0.25984   0.27546  -0.31935
   0.28256  -0.26589   0.28254  -0.32561
   0.28969  -0.27195   0.28967  -0.33185
   0.29688  -0.27801   0.29686  -0.33807
   0.30412  -0.28406   0.30410  -0.34427
   0.31141  -0.29010   0.31139  -0.35044
   0.31874  -0.29614   0.31872  -0.35659
   0.32612  -0.30217   0.32610  -0.36271
   0.33354  -0.30818   0.33352  -0.36880
   0.34100  -0.31418   0.34098  -0.37485
   0.34851  -0.32016   0.34849  -0.38087
   0.35605  -0.32612   0.35603  -0.38686
   0.36363  -0.33207   0.36361  -0.39280
   0.37124  -0.33799   0.37122  -0.39871
   0.37888  -0.34389   0.37886  -0.40457
   0.38655  -0.34976   0.38653  -0.41039
   0.39425  -0.35560   0.39423  -0.41616
   0.40198  -0.36142   0.40196  -0.42189
   0.40973  -0.36720   0.40971  -0.42757
   0.41751  -0.37296   0.41749  -0.43319
   0.42530  -0.37868   0.42528  -0.43877
   0.43312  -0.38436   0.43310  -0.44429
   0.44095  -0.39001   0.44093  -0.44976
   0.44879  -0.39562   0.44877  -0.45518
   0.45665  -0.40118   0.45663  -0.46054
   0.46452  -0.40671   0.46450  -0.46584
   0.47240  -0.41220   0.47238  -0.47108
   0.48028  -0.41764   0.48026  -0.47626
   0.48817  -0.42304   0.48815  -0.48138
   0.49606  -0.42840   0.49604  -0.48644
   0.50396  -0.43370   0.50394  -0.49144
   0.51185  -0.43896   0.51183  -0.49637
   0.51974  -0.44416   0.51972  -0.50123
   0.52762  -0.44932   0.52760  -0.50603
   0.53550  -0.45442   0.53548  -0.51077
   0.54337  -0.45947   0.54335  -0.51543
   0.55123  -0.46446   0.55121  -0.52003
   0.55907  -0.46940   0.55905  -0.52455
   0.56690  -0.47428   0.56688  -0.52901
   0.57472  -0.47911   0.57470  -0.53340
   0.58251  -0.48388   0.58249  -0.53771
   0.59029  -0.48858   0.59027  -0.54196
   0.59804  -0.49323   0.59802  -0.54613
   0.60577  -0.49783   0.60575  -0.55023
   0.61347  -0.50236   0.61345  -0.55426
   0.62114  -0.50683   0.62112  -0.55822
   0.62878  -0.51123   0.62876  -0.56211
   0.63639  -0.51558   0.63637  -0.56593
   0.64397  -0.51986   0.64395  -0.56967
   0.65151  -0.52409   0.65149  -0.57334
   0.65902  -0.52825   0.65900  -0.57694
   0.66648  -0.53234   0.66646  -0.58047
   0.67390  -0.53638   0.67388  -0.58393
   0.68128  -0.54035   0.68126  -0.58732
   0.68861  -0.54425   0.68859  -0.59063
   0.69590  -0.54810   0.69588  -0.59388
   0.70314  -0.55188   0.70312  -0.59705
   0.71033  -0.55559   0.71030  -0.60015
   0.71746  -0.55924   0.71744  -0.60319
   0.72454  -0.56283   0.72452  -0.60615
   0.73156  -0.56635   0.73154  -0.60905
   0.73853  -0.56981   0.73851  -0.61188
   0.74544  -0.57321   0.74542  -0.61464
   0.75229  -0.57654   0.75227  -0.61733
   0.75907  -0.57981   0.75905  -0.61996
   0.76579  -0.58301   0.76577  -0.62252
   0.77244  -0.58615   0.77242  -0.62502
   0.77902  -0.58923   0.77900  -0.62745
   0.78554  -0.59225   0.78552  -0.62982
   0.79198  -0.59520   0.79196  -0.63213
   0.79835  -0.59809   0.79833  -0.63437
   0.80465  -0.60092   0.80463  -0.63655
   0.81087  -0.60369   0.81085  -0.63867
   0.81702  -0.60640   0.81700  -0.64073
   0.82308  -0.60904   0.82306  -0.64273
   0.82906  -0.61163   0.82904  -0.64467
   0.83497  -0.61415   0.83495  -0.64656
   0.84078  -0.61662   0.84076  -0.64839
   0.84652  -0.61903   0.84650  -0.65016
   0.85217  -0.62138   0.85215  -0.65188
   0.85772  -0.62366   0.85770  -0.65354
   0.86319  -0.62590   0.86317  -0.65516
   0.86857  -0.62807   0.86855  -0.65672
   0.87386  -0.63019   0.87384  -0.65822
   0.87906  -0.63225   0.87904  -0.65968
   0.88416  -0.63426   0.88414  -0.66109
   0.88916  -0.63621   0.88914  -0.66245
   0.89407  -0.63810   0.89405  -0.66376
   0.89888  -0.63995   0.89886  -0.66503
   0.90359  -0.64174   0.90357  -0.66625
   0.90820  -0.64347   0.90818  -0.66743
   0.91271  -0.64515   0.91269  -0.66856
   0.91711  -0.64678   0.91709  -0.66965
   0.92141  -0.64836   0.92139  -0.67070
   0.92561  -0.64989   0.92559  -0.67171
   0.92970  -0.65137   0.92968  -0.67267
   0.93368  -0.65280   0.93366  -0.67360
   0.93755  -0.65418   0.93753  -0.67449
   0.94132  -0.65551   0.94130  -0.67534
   0.94497  -0.65679   0.94495  -0.67616
   0.94852  -0.65802   0.94850  -0.67694
   0.95195  -0.65921   0.95193  -0.67768
   0.95527  -0.66035   0.95525  -0.67840
   0.95848  -0.66144   0.95846  -0.67907
   0.96157  -0.66249   0.96155  -0.67972
   0.96455  -0.66349   0.96453  -0.68033
   0.96741  -0.66445   0.96739  -0.68092
   0.97016  -0.66536   0.97014  -0.68147
   0.97278  -0.66623   0.97276  -0.68199
   0.97529  -0.66706   0.97527  -0.68249
   0.97769  -0.66784   0.97767  -0.68295
   0.97996  -0.66858   0.97994  -0.68339
   0.98211  -0.66928   0.98209  -0.68380
   0.98414  -0.66994   0.98412  -0.68418
   0.98606  -0.67055   0.98604  -0.68454
   0.98785  -0.67113   0.98783  -0.68487
   0.98952  -0.67166   0.98950  -0.68518
   0.99106  -0.67215   0.99104  -0.68547
   0.99249  -0.67260   0.99247  -0.68572
   0.99379  -0.67301   0.99377  -0.68596
   0.99497  -0.67339   0.99495  -0.68617
   0.99603  -0.67372   0.99601  -0.68636
   0.99696  -0.67401   0.99694  -0.68653
   0.99777  -0.67426   0.99775  -0.68667
   0.99845  -0.67448   0.99843  -0.68679
   0.99901  -0.67465   0.99899  -0.68689
   0.99945  -0.67479   0.99943  -0.68696
   0.99976  -0.67489   0.99974  -0.68702
   0.99995  -0.67494   0.99993  -0.68705
   1.00001  -0.67496   0.99999  -0.68706

XIN,   MODIFIED LEADING EDGE THICKNESS     0.00000     0.00000
XIN,   MODIFIED LEADING EDGE THICKNESS     0.00006     0.09652
XIN,   MODIFIED LEADING EDGE THICKNESS     0.00025     0.19214
XIN,   MODIFIED LEADING EDGE THICKNESS     0.00056     0.28594
XIN,   MODIFIED LEADING EDGE THICKNESS     0.00100     0.37704
XIN,   MODIFIED LEADING EDGE THICKNESS     0.00156     0.46457
XIN,   MODIFIED LEADING EDGE THICKNESS     0.00224     0.54766
XIN,   MODIFIED LEADING EDGE THICKNESS     0.00305     0.62551
XIN,   MODIFIED LEADING EDGE THICKNESS     0.00398     0.69735
XIN,   MODIFIED LEADING EDGE THICKNESS     0.00504     0.76246
XIN,   MODIFIED LEADING EDGE THICKNESS     0.00622     0.82022
XIN,   MODIFIED LEADING EDGE THICKNESS     0.00752     0.87008
XIN,   MODIFIED LEADING EDGE THICKNESS     0.00895     0.91166
XIN,   MODIFIED LEADING EDGE THICKNESS     0.01049     0.94477
XIN,   MODIFIED LEADING EDGE THICKNESS     0.01216     0.96944
XIN,   MODIFIED LEADING EDGE THICKNESS     0.01395     0.98609
XIN,   MODIFIED LEADING EDGE THICKNESS     0.01587     0.99557
XIN,   MODIFIED LEADING EDGE THICKNESS     0.01790     0.99942
 XIN,   MODIFIED TRAILING EDGE THICKNESS     0.99105     0.99442
 XIN,   MODIFIED TRAILING EDGE THICKNESS     0.99248     0.96876
 XIN,   MODIFIED TRAILING EDGE THICKNESS     0.99378     0.92571
 XIN,   MODIFIED TRAILING EDGE THICKNESS     0.99496     0.86823
 XIN,   MODIFIED TRAILING EDGE THICKNESS     0.99602     0.79867
 XIN,   MODIFIED TRAILING EDGE THICKNESS     0.99695     0.71900
 XIN,   MODIFIED TRAILING EDGE THICKNESS     0.99776     0.63090
 XIN,   MODIFIED TRAILING EDGE THICKNESS     0.99844     0.53585
 XIN,   MODIFIED TRAILING EDGE THICKNESS     0.99900     0.43519
 XIN,   MODIFIED TRAILING EDGE THICKNESS     0.99944     0.33013
 XIN,   MODIFIED TRAILING EDGE THICKNESS     0.99975     0.22186
 XIN,   MODIFIED TRAILING EDGE THICKNESS     0.99994     0.11144
 XIN,   MODIFIED TRAILING EDGE THICKNESS     1.00000     0.00000

  POINTS NEARLY PERPENDICULAR TO THE CENTRE LINE BEFORE THINNING 
        N        XUPP      YUPP        XLOW        YLOW 
         1     0.00678     0.00533    -0.00454    -0.00356
         2     0.00685     0.00525    -0.00449    -0.00366
         3     0.00705     0.00503    -0.00434    -0.00393
         4     0.00740     0.00466    -0.00410    -0.00438
         5     0.00788     0.00415    -0.00377    -0.00502
         6     0.00850     0.00349    -0.00333    -0.00583
         7     0.00925     0.00268    -0.00281    -0.00683
         8     0.01014     0.00172    -0.00218    -0.00800
         9     0.01116     0.00062    -0.00146    -0.00936
        10     0.01231    -0.00063    -0.00065    -0.01089
        11     0.01359    -0.00203     0.00026    -0.01260
        12     0.01500    -0.00356     0.00137    -0.01440
        13     0.01655    -0.00525     0.00263    -0.01634
        14     0.01822    -0.00707     0.00401    -0.01842
        15     0.02002    -0.00904     0.00552    -0.02065
        16     0.02194    -0.01115     0.00715    -0.02302
        17     0.02399    -0.01340     0.00890    -0.02554
        18     0.02617    -0.01578     0.01077    -0.02822
        19     0.02847    -0.01830     0.01276    -0.03103
        20     0.03089    -0.02095     0.01487    -0.03399
        21     0.03343    -0.02374     0.01709    -0.03708
        22     0.03610    -0.02665     0.01943    -0.04031
        23     0.03888    -0.02969     0.02189    -0.04367
        24     0.04179    -0.03286     0.02446    -0.04717
        25     0.04481    -0.03615     0.02715    -0.05079
        26     0.04795    -0.03955     0.02996    -0.05456
        27     0.05121    -0.04308     0.03287    -0.05844
        28     0.05458    -0.04672     0.03591    -0.06244
        29     0.05806    -0.05047     0.03905    -0.06656
        30     0.06166    -0.05434     0.04231    -0.07080
        31     0.06537    -0.05831     0.04568    -0.07515
        32     0.06919    -0.06238     0.04915    -0.07961
        33     0.07313    -0.06656     0.05274    -0.08417
        34     0.07717    -0.07083     0.05644    -0.08884
        35     0.08131    -0.07520     0.06025    -0.09362
        36     0.08557    -0.07967     0.06417    -0.09849
        37     0.08993    -0.08422     0.06819    -0.10345
        38     0.09439    -0.08886     0.07232    -0.10851
        39     0.09895    -0.09359     0.07655    -0.11365
        40     0.10362    -0.09839     0.08089    -0.11888
        41     0.10838    -0.10328     0.08533    -0.12419
        42     0.11325    -0.10824     0.08987    -0.12959
        43     0.11821    -0.11327     0.09452    -0.13505
        44     0.12326    -0.11837     0.09926    -0.14059
        45     0.12841    -0.12354     0.10411    -0.14620
        46     0.13366    -0.12877     0.10905    -0.15187
        47     0.13899    -0.13406     0.11409    -0.15761
        48     0.14441    -0.13942     0.11923    -0.16341
        49     0.14993    -0.14482     0.12446    -0.16926
        50     0.15553    -0.15028     0.12978    -0.17517
        51     0.16121    -0.15579     0.13520    -0.18112
        52     0.16698    -0.16135     0.14071    -0.18712
        53     0.17283    -0.16695     0.14631    -0.19317
        54     0.17876    -0.17259     0.15200    -0.19926
        55     0.18477    -0.17827     0.15777    -0.20539
        56     0.19086    -0.18399     0.16363    -0.21155
        57     0.19703    -0.18974     0.16958    -0.21774
        58     0.20327    -0.19553     0.17561    -0.22396
        59     0.20958    -0.20134     0.18172    -0.23021
        60     0.21596    -0.20718     0.18791    -0.23649
        61     0.22241    -0.21305     0.19418    -0.24278
        62     0.22893    -0.21893     0.20053    -0.24909
        63     0.23552    -0.22484     0.20695    -0.25542
        64     0.24217    -0.23076     0.21345    -0.26176
        65     0.24888    -0.23670     0.22002    -0.26810
        66     0.25565    -0.24265     0.22667    -0.27446
        67     0.26249    -0.24861     0.23338    -0.28082
        68     0.26938    -0.25458     0.24016    -0.28718
        69     0.27632    -0.26056     0.24701    -0.29355
        70     0.28332    -0.26654     0.25392    -0.29991
        71     0.29037    -0.27252     0.26090    -0.30626
        72     0.29748    -0.27850     0.26794    -0.31261
        73     0.30463    -0.28448     0.27503    -0.31895
        74     0.31183    -0.29045     0.28219    -0.32527
        75     0.31907    -0.29641     0.28941    -0.33158
        76     0.32635    -0.30235     0.29668    -0.33788
        77     0.33368    -0.30829     0.30400    -0.34415
        78     0.34104    -0.31421     0.31137    -0.35040
        79     0.34844    -0.32009     0.31879    -0.35665
        80     0.35588    -0.32597     0.32626    -0.36285
        81     0.36335    -0.33183     0.33378    -0.36901
        82     0.37086    -0.33767     0.34134    -0.37514
        83     0.37839    -0.34349     0.34894    -0.38123
        84     0.38595    -0.34928     0.35658    -0.38729
        85     0.39354    -0.35504     0.36426    -0.39331
        86     0.40115    -0.36078     0.37198    -0.39929
        87     0.40879    -0.36648     0.37973    -0.40523
        88     0.41645    -0.37215     0.38751    -0.41112
        89     0.42412    -0.37779     0.39532    -0.41697
        90     0.43182    -0.38340     0.40316    -0.42276
        91     0.43952    -0.38896     0.41103    -0.42851
        92     0.44725    -0.39449     0.41892    -0.43421
        93     0.45498    -0.39999     0.42683    -0.43986
        94     0.46272    -0.40544     0.43476    -0.44546
        95     0.47047    -0.41085     0.44271    -0.45099
        96     0.47823    -0.41622     0.45068    -0.45648
        97     0.48599    -0.42154     0.45866    -0.46190
        98     0.49376    -0.42682     0.46665    -0.46727
        99     0.50152    -0.43205     0.47466    -0.47257
       100     0.50929    -0.43724     0.48267    -0.47782
       101     0.51705    -0.44238     0.49068    -0.48300
       102     0.52480    -0.44746     0.49870    -0.48812
       103     0.53255    -0.45250     0.50673    -0.49318
       104     0.54028    -0.45748     0.51475    -0.49817
       105     0.54801    -0.46241     0.52277    -0.50309
       106     0.55573    -0.46729     0.53078    -0.50794
       107     0.56343    -0.47211     0.53879    -0.51272
       108     0.57111    -0.47688     0.54679    -0.51744
       109     0.57878    -0.48159     0.55478    -0.52208
       110     0.58643    -0.48624     0.56275    -0.52665
       111     0.59406    -0.49084     0.57071    -0.53115
       112     0.60166    -0.49538     0.57865    -0.53558
       113     0.60924    -0.49986     0.58657    -0.53993
       114     0.61679    -0.50429     0.59447    -0.54421
       115     0.62432    -0.50865     0.60234    -0.54842
       116     0.63181    -0.51296     0.61019    -0.55255
       117     0.63927    -0.51721     0.61801    -0.55661
       118     0.64670    -0.52139     0.62580    -0.56060
       119     0.65410    -0.52552     0.63356    -0.56451
       120     0.66146    -0.52958     0.64129    -0.56834
       121     0.66877    -0.53359     0.64897    -0.57210
       122     0.67605    -0.53753     0.65662    -0.57579
       123     0.68329    -0.54142     0.66423    -0.57941
       124     0.69048    -0.54524     0.67179    -0.58294
       125     0.69763    -0.54900     0.67932    -0.58641
       126     0.70473    -0.55270     0.68679    -0.58980
       127     0.71178    -0.55633     0.69421    -0.59312
       128     0.71878    -0.55991     0.70159    -0.59636
       129     0.72573    -0.56343     0.70891    -0.59954
       130     0.73263    -0.56688     0.71618    -0.60264
       131     0.73947    -0.57027     0.72339    -0.60566
       132     0.74625    -0.57360     0.73054    -0.60862
       133     0.75298    -0.57687     0.73763    -0.61151
       134     0.75965    -0.58008     0.74466    -0.61432
       135     0.76625    -0.58323     0.75163    -0.61707
       136     0.77279    -0.58632     0.75853    -0.61974
       137     0.77927    -0.58934     0.76536    -0.62235
       138     0.78568    -0.59231     0.77213    -0.62489
       139     0.79202    -0.59522     0.77882    -0.62736
       140     0.79830    -0.59805     0.78544    -0.62977
       141     0.80450    -0.60084     0.79198    -0.63213
       142     0.81063    -0.60357     0.79845    -0.63441
       143     0.81669    -0.60624     0.80483    -0.63662
       144     0.82267    -0.60885     0.81114    -0.63877
       145     0.82858    -0.61141     0.81737    -0.64085
       146     0.83441    -0.61391     0.82352    -0.64288
       147     0.84016    -0.61634     0.82958    -0.64484
       148     0.84582    -0.61873     0.83555    -0.64675
       149     0.85141    -0.62105     0.84144    -0.64860
       150     0.85691    -0.62332     0.84723    -0.65039
       151     0.86233    -0.62554     0.85294    -0.65212
       152     0.86766    -0.62770     0.85855    -0.65379
       153     0.87291    -0.62980     0.86407    -0.65542
       154     0.87806    -0.63185     0.86950    -0.65698
       155     0.88313    -0.63385     0.87483    -0.65850
       156     0.88810    -0.63579     0.88006    -0.65996
       157     0.89298    -0.63768     0.88519    -0.66138
       158     0.89777    -0.63952     0.89022    -0.66274
       159     0.90246    -0.64130     0.89515    -0.66405
       160     0.90706    -0.64304     0.89998    -0.66532
       161     0.91156    -0.64472     0.90470    -0.66654
       162     0.91596    -0.64635     0.90932    -0.66772
       163     0.92026    -0.64794     0.91384    -0.66885
       164     0.92446    -0.64947     0.91824    -0.66993
       165     0.92855    -0.65095     0.92254    -0.67097
       166     0.93255    -0.65239     0.92673    -0.67198
       167     0.93644    -0.65378     0.93080    -0.67294
       168     0.94023    -0.65512     0.93477    -0.67386
       169     0.94391    -0.65641     0.93862    -0.67474
       170     0.94748    -0.65766     0.94236    -0.67558
       171     0.95095    -0.65886     0.94599    -0.67639
       172     0.95430    -0.66001     0.94950    -0.67716
       173     0.95755    -0.66112     0.95290    -0.67789
       174     0.96069    -0.66219     0.95618    -0.67859
       175     0.96371    -0.66321     0.95934    -0.67926
       176     0.96663    -0.66419     0.96238    -0.67989
       177     0.96943    -0.66512     0.96531    -0.68049
       178     0.97211    -0.66601     0.96811    -0.68106
       179     0.97469    -0.66686     0.97080    -0.68160
       180     0.97715    -0.66767     0.97336    -0.68211
       181     0.97949    -0.66843     0.97580    -0.68259
       182     0.98171    -0.66915     0.97813    -0.68304
       183     0.98382    -0.66983     0.98032    -0.68346
       184     0.98581    -0.67047     0.98240    -0.68386
       185     0.98769    -0.67108     0.98435    -0.68423
       186     0.98944    -0.67164     0.98618    -0.68457
       187     0.99108    -0.67216     0.98788    -0.68489
       188     0.99260    -0.67264     0.98946    -0.68518
       189     0.99399    -0.67308     0.99092    -0.68544
       190     0.99527    -0.67348     0.99225    -0.68568
       191     0.99643    -0.67384     0.99345    -0.68590
       192     0.99746    -0.67417     0.99453    -0.68609
       193     0.99838    -0.67445     0.99548    -0.68627
       194     0.99917    -0.67470     0.99630    -0.68641
       195     0.99984    -0.67491     0.99700    -0.68654
       196     1.00039    -0.67508     0.99757    -0.68664
       197     1.00082    -0.67521     0.99802    -0.68672
       198     1.00112    -0.67531     0.99834    -0.68677
       199     1.00131    -0.67537     0.99853    -0.68681
       200     1.00137    -0.67539     0.99859    -0.68682
  COORDINATES GOING ROUND THE BLADE AFTER ANY ROTATION
     N        XSURF        YSURF 
         1     0.00139     0.00109
         2     0.00173     0.00123
         3     0.00245     0.00141
         4     0.00329     0.00143
         5     0.00425     0.00129
         6     0.00533     0.00099
         7     0.00652     0.00053
         8     0.00783    -0.00010
         9     0.00925    -0.00089
        10     0.01077    -0.00185
        11     0.01239    -0.00298
        12     0.01412    -0.00427
        13     0.01593    -0.00574
        14     0.01782    -0.00739
        15     0.01979    -0.00922
        16     0.02184    -0.01123
        17     0.02396    -0.01342
        18     0.02616    -0.01579
        19     0.02847    -0.01830
        20     0.03089    -0.02095
        21     0.03343    -0.02374
        22     0.03610    -0.02665
        23     0.03888    -0.02969
        24     0.04179    -0.03286
        25     0.04481    -0.03615
        26     0.04795    -0.03955
        27     0.05121    -0.04308
        28     0.05458    -0.04672
        29     0.05806    -0.05047
        30     0.06166    -0.05434
        31     0.06537    -0.05831
        32     0.06919    -0.06238
        33     0.07313    -0.06656
        34     0.07717    -0.07083
        35     0.08131    -0.07520
        36     0.08557    -0.07967
        37     0.08993    -0.08422
        38     0.09439    -0.08886
        39     0.09895    -0.09359
        40     0.10362    -0.09839
        41     0.10838    -0.10328
        42     0.11325    -0.10824
        43     0.11821    -0.11327
        44     0.12326    -0.11837
        45     0.12841    -0.12354
        46     0.13366    -0.12877
        47     0.13899    -0.13406
        48     0.14441    -0.13942
        49     0.14993    -0.14482
        50     0.15553    -0.15028
        51     0.16121    -0.15579
        52     0.16698    -0.16135
        53     0.17283    -0.16695
        54     0.17876    -0.17259
        55     0.18477    -0.17827
        56     0.19086    -0.18399
        57     0.19703    -0.18974
        58     0.20327    -0.19553
        59     0.20958    -0.20134
        60     0.21596    -0.20718
        61     0.22241    -0.21305
        62     0.22893    -0.21893
        63     0.23552    -0.22484
        64     0.24217    -0.23076
        65     0.24888    -0.23670
        66     0.25565    -0.24265
        67     0.26249    -0.24861
        68     0.26938    -0.25458
        69     0.27632    -0.26056
        70     0.28332    -0.26654
        71     0.29037    -0.27252
        72     0.29748    -0.27850
        73     0.30463    -0.28448
        74     0.31183    -0.29045
        75     0.31907    -0.29641
        76     0.32635    -0.30235
        77     0.33368    -0.30829
        78     0.34104    -0.31421
        79     0.34844    -0.32009
        80     0.35588    -0.32597
        81     0.36335    -0.33183
        82     0.37086    -0.33767
        83     0.37839    -0.34349
        84     0.38595    -0.34928
        85     0.39354    -0.35504
        86     0.40115    -0.36078
        87     0.40879    -0.36648
        88     0.41645    -0.37215
        89     0.42412    -0.37779
        90     0.43182    -0.38340
        91     0.43952    -0.38896
        92     0.44725    -0.39449
        93     0.45498    -0.39999
        94     0.46272    -0.40544
        95     0.47047    -0.41085
        96     0.47823    -0.41622
        97     0.48599    -0.42154
        98     0.49376    -0.42682
        99     0.50152    -0.43205
       100     0.50929    -0.43724
       101     0.51705    -0.44238
       102     0.52480    -0.44746
       103     0.53255    -0.45250
       104     0.54028    -0.45748
       105     0.54801    -0.46241
       106     0.55573    -0.46729
       107     0.56343    -0.47211
       108     0.57111    -0.47688
       109     0.57878    -0.48159
       110     0.58643    -0.48624
       111     0.59406    -0.49084
       112     0.60166    -0.49538
       113     0.60924    -0.49986
       114     0.61679    -0.50429
       115     0.62432    -0.50865
       116     0.63181    -0.51296
       117     0.63927    -0.51721
       118     0.64670    -0.52139
       119     0.65410    -0.52552
       120     0.66146    -0.52958
       121     0.66877    -0.53359
       122     0.67605    -0.53753
       123     0.68329    -0.54142
       124     0.69048    -0.54524
       125     0.69763    -0.54900
       126     0.70473    -0.55270
       127     0.71178    -0.55633
       128     0.71878    -0.55991
       129     0.72573    -0.56343
       130     0.73263    -0.56688
       131     0.73947    -0.57027
       132     0.74625    -0.57360
       133     0.75298    -0.57687
       134     0.75965    -0.58008
       135     0.76625    -0.58323
       136     0.77279    -0.58632
       137     0.77927    -0.58934
       138     0.78568    -0.59231
       139     0.79202    -0.59522
       140     0.79830    -0.59805
       141     0.80450    -0.60084
       142     0.81063    -0.60357
       143     0.81669    -0.60624
       144     0.82267    -0.60885
       145     0.82858    -0.61141
       146     0.83441    -0.61391
       147     0.84016    -0.61634
       148     0.84582    -0.61873
       149     0.85141    -0.62105
       150     0.85691    -0.62332
       151     0.86233    -0.62554
       152     0.86766    -0.62770
       153     0.87291    -0.62980
       154     0.87806    -0.63185
       155     0.88313    -0.63385
       156     0.88810    -0.63579
       157     0.89298    -0.63768
       158     0.89777    -0.63952
       159     0.90246    -0.64130
       160     0.90706    -0.64304
       161     0.91156    -0.64472
       162     0.91596    -0.64635
       163     0.92026    -0.64794
       164     0.92446    -0.64947
       165     0.92855    -0.65095
       166     0.93255    -0.65239
       167     0.93644    -0.65378
       168     0.94023    -0.65512
       169     0.94391    -0.65641
       170     0.94748    -0.65766
       171     0.95095    -0.65886
       172     0.95430    -0.66001
       173     0.95755    -0.66112
       174     0.96069    -0.66219
       175     0.96371    -0.66321
       176     0.96663    -0.66419
       177     0.96943    -0.66512
       178     0.97211    -0.66601
       179     0.97469    -0.66686
       180     0.97715    -0.66767
       181     0.97949    -0.66843
       182     0.98171    -0.66915
       183     0.98382    -0.66983
       184     0.98581    -0.67047
       185     0.98769    -0.67108
       186     0.98944    -0.67164
       187     0.99108    -0.67216
       188     0.99259    -0.67267
       189     0.99395    -0.67327
       190     0.99516    -0.67393
       191     0.99623    -0.67464
       192     0.99717    -0.67537
       193     0.99797    -0.67611
       194     0.99864    -0.67686
       195     0.99918    -0.67761
       196     0.99959    -0.67834
       197     0.99988    -0.67907
       198     1.00004    -0.67977
       199     1.00007    -0.68045
       200     1.00006    -0.68078
       201     0.99990    -0.68142
       202     0.99976    -0.68172
       203     0.99942    -0.68231
       204     0.99896    -0.68286
       205     0.99837    -0.68337
       206     0.99766    -0.68384
       207     0.99683    -0.68425
       208     0.99589    -0.68461
       209     0.99482    -0.68489
       210     0.99365    -0.68511
       211     0.99236    -0.68523
       212     0.99097    -0.68525
       213     0.98947    -0.68514
       214     0.98788    -0.68489
       215     0.98618    -0.68457
       216     0.98435    -0.68423
       217     0.98240    -0.68386
       218     0.98032    -0.68346
       219     0.97813    -0.68304
       220     0.97580    -0.68259
       221     0.97336    -0.68211
       222     0.97080    -0.68160
       223     0.96811    -0.68106
       224     0.96531    -0.68049
       225     0.96238    -0.67989
       226     0.95934    -0.67926
       227     0.95618    -0.67859
       228     0.95290    -0.67789
       229     0.94950    -0.67716
       230     0.94599    -0.67639
       231     0.94236    -0.67558
       232     0.93862    -0.67474
       233     0.93477    -0.67386
       234     0.93080    -0.67294
       235     0.92673    -0.67198
       236     0.92254    -0.67097
       237     0.91824    -0.66993
       238     0.91384    -0.66885
       239     0.90932    -0.66772
       240     0.90470    -0.66654
       241     0.89998    -0.66532
       242     0.89515    -0.66405
       243     0.89022    -0.66274
       244     0.88519    -0.66138
       245     0.88006    -0.65996
       246     0.87483    -0.65850
       247     0.86950    -0.65698
       248     0.86407    -0.65542
       249     0.85855    -0.65379
       250     0.85294    -0.65212
       251     0.84723    -0.65039
       252     0.84144    -0.64860
       253     0.83555    -0.64675
       254     0.82958    -0.64484
       255     0.82352    -0.64288
       256     0.81737    -0.64085
       257     0.81114    -0.63877
       258     0.80483    -0.63662
       259     0.79845    -0.63441
       260     0.79198    -0.63213
       261     0.78544    -0.62977
       262     0.77882    -0.62736
       263     0.77213    -0.62489
       264     0.76536    -0.62235
       265     0.75853    -0.61974
       266     0.75163    -0.61707
       267     0.74466    -0.61432
       268     0.73763    -0.61151
       269     0.73054    -0.60862
       270     0.72339    -0.60566
       271     0.71618    -0.60264
       272     0.70891    -0.59954
       273     0.70159    -0.59636
       274     0.69421    -0.59312
       275     0.68679    -0.58980
       276     0.67932    -0.58641
       277     0.67179    -0.58294
       278     0.66423    -0.57941
       279     0.65662    -0.57579
       280     0.64897    -0.57210
       281     0.64129    -0.56834
       282     0.63356    -0.56451
       283     0.62580    -0.56060
       284     0.61801    -0.55661
       285     0.61019    -0.55255
       286     0.60234    -0.54842
       287     0.59447    -0.54421
       288     0.58657    -0.53993
       289     0.57865    -0.53558
       290     0.57071    -0.53115
       291     0.56275    -0.52665
       292     0.55478    -0.52208
       293     0.54679    -0.51744
       294     0.53879    -0.51272
       295     0.53078    -0.50794
       296     0.52277    -0.50309
       297     0.51475    -0.49817
       298     0.50673    -0.49318
       299     0.49870    -0.48812
       300     0.49068    -0.48300
       301     0.48267    -0.47782
       302     0.47466    -0.47257
       303     0.46665    -0.46727
       304     0.45866    -0.46190
       305     0.45068    -0.45648
       306     0.44271    -0.45099
       307     0.43476    -0.44546
       308     0.42683    -0.43986
       309     0.41892    -0.43421
       310     0.41103    -0.42851
       311     0.40316    -0.42276
       312     0.39532    -0.41697
       313     0.38751    -0.41112
       314     0.37973    -0.40523
       315     0.37198    -0.39929
       316     0.36426    -0.39331
       317     0.35658    -0.38729
       318     0.34894    -0.38123
       319     0.34134    -0.37514
       320     0.33378    -0.36901
       321     0.32626    -0.36285
       322     0.31879    -0.35665
       323     0.31137    -0.35040
       324     0.30400    -0.34415
       325     0.29668    -0.33788
       326     0.28941    -0.33158
       327     0.28219    -0.32527
       328     0.27503    -0.31894
       329     0.26794    -0.31261
       330     0.26090    -0.30626
       331     0.25392    -0.29991
       332     0.24701    -0.29355
       333     0.24016    -0.28718
       334     0.23338    -0.28082
       335     0.22667    -0.27446
       336     0.22002    -0.26810
       337     0.21345    -0.26176
       338     0.20695    -0.25542
       339     0.20053    -0.24909
       340     0.19418    -0.24278
       341     0.18791    -0.23649
       342     0.18172    -0.23021
       343     0.17561    -0.22396
       344     0.16958    -0.21774
       345     0.16363    -0.21155
       346     0.15777    -0.20539
       347     0.15200    -0.19926
       348     0.14631    -0.19317
       349     0.14071    -0.18712
       350     0.13520    -0.18112
       351     0.12978    -0.17517
       352     0.12446    -0.16926
       353     0.11923    -0.16341
       354     0.11409    -0.15761
       355     0.10905    -0.15187
       356     0.10411    -0.14620
       357     0.09926    -0.14059
       358     0.09452    -0.13505
       359     0.08987    -0.12959
       360     0.08533    -0.12419
       361     0.08089    -0.11888
       362     0.07655    -0.11365
       363     0.07232    -0.10851
       364     0.06819    -0.10345
       365     0.06417    -0.09849
       366     0.06025    -0.09362
       367     0.05644    -0.08884
       368     0.05274    -0.08417
       369     0.04915    -0.07961
       370     0.04568    -0.07515
       371     0.04231    -0.07080
       372     0.03905    -0.06656
       373     0.03591    -0.06244
       374     0.03287    -0.05844
       375     0.02996    -0.05456
       376     0.02715    -0.05079
       377     0.02446    -0.04717
       378     0.02189    -0.04367
       379     0.01943    -0.04031
       380     0.01709    -0.03708
       381     0.01487    -0.03399
       382     0.01276    -0.03103
       383     0.01077    -0.02822
       384     0.00893    -0.02552
       385     0.00725    -0.02294
       386     0.00574    -0.02047
       387     0.00440    -0.01811
       388     0.00324    -0.01585
       389     0.00226    -0.01369
       390     0.00146    -0.01165
       391     0.00089    -0.00967
       392     0.00045    -0.00785
       393     0.00012    -0.00618
       394    -0.00008    -0.00468
       395    -0.00017    -0.00334
       396    -0.00014    -0.00216
       397     0.00000    -0.00115
       398     0.00026    -0.00031
       399     0.00063     0.00037
       400     0.00085     0.00067
  LEADING EDGE POINT =          395  TE POINT =         199

  NO OF SUCT S POINTS         205  NO PRESS S POINTS         197
  XMIN,XMAX, XCHORD    -1.66524755E-04   1.00007105       1.00023758    

   SUCTION SURFACE POINTS FROM LE TO TE.
         1    -0.00017    -0.00334
         2    -0.00014    -0.00216
         3     0.00000    -0.00115
         4     0.00026    -0.00031
         5     0.00063     0.00037
         6     0.00085     0.00067
         7     0.00139     0.00109
         8     0.00173     0.00123
         9     0.00245     0.00141
        10     0.00329     0.00143
        11     0.00425     0.00129
        12     0.00533     0.00099
        13     0.00652     0.00053
        14     0.00783    -0.00010
        15     0.00925    -0.00089
        16     0.01077    -0.00185
        17     0.01239    -0.00298
        18     0.01412    -0.00427
        19     0.01593    -0.00574
        20     0.01782    -0.00739
        21     0.01979    -0.00922
        22     0.02184    -0.01123
        23     0.02396    -0.01342
        24     0.02616    -0.01579
        25     0.02847    -0.01830
        26     0.03089    -0.02095
        27     0.03343    -0.02374
        28     0.03610    -0.02665
        29     0.03888    -0.02969
        30     0.04179    -0.03286
        31     0.04481    -0.03615
        32     0.04795    -0.03955
        33     0.05121    -0.04308
        34     0.05458    -0.04672
        35     0.05806    -0.05047
        36     0.06166    -0.05434
        37     0.06537    -0.05831
        38     0.06919    -0.06238
        39     0.07313    -0.06656
        40     0.07717    -0.07083
        41     0.08131    -0.07520
        42     0.08557    -0.07967
        43     0.08993    -0.08422
        44     0.09439    -0.08886
        45     0.09895    -0.09359
        46     0.10362    -0.09839
        47     0.10838    -0.10328
        48     0.11325    -0.10824
        49     0.11821    -0.11327
        50     0.12326    -0.11837
        51     0.12841    -0.12354
        52     0.13366    -0.12877
        53     0.13899    -0.13406
        54     0.14441    -0.13942
        55     0.14993    -0.14482
        56     0.15553    -0.15028
        57     0.16121    -0.15579
        58     0.16698    -0.16135
        59     0.17283    -0.16695
        60     0.17876    -0.17259
        61     0.18477    -0.17827
        62     0.19086    -0.18399
        63     0.19703    -0.18974
        64     0.20327    -0.19553
        65     0.20958    -0.20134
        66     0.21596    -0.20718
        67     0.22241    -0.21305
        68     0.22893    -0.21893
        69     0.23552    -0.22484
        70     0.24217    -0.23076
        71     0.24888    -0.23670
        72     0.25565    -0.24265
        73     0.26249    -0.24861
        74     0.26938    -0.25458
        75     0.27632    -0.26056
        76     0.28332    -0.26654
        77     0.29037    -0.27252
        78     0.29748    -0.27850
        79     0.30463    -0.28448
        80     0.31183    -0.29045
        81     0.31907    -0.29641
        82     0.32635    -0.30235
        83     0.33368    -0.30829
        84     0.34104    -0.31421
        85     0.34844    -0.32009
        86     0.35588    -0.32597
        87     0.36335    -0.33183
        88     0.37086    -0.33767
        89     0.37839    -0.34349
        90     0.38595    -0.34928
        91     0.39354    -0.35504
        92     0.40115    -0.36078
        93     0.40879    -0.36648
        94     0.41645    -0.37215
        95     0.42412    -0.37779
        96     0.43182    -0.38340
        97     0.43952    -0.38896
        98     0.44725    -0.39449
        99     0.45498    -0.39999
       100     0.46272    -0.40544
       101     0.47047    -0.41085
       102     0.47823    -0.41622
       103     0.48599    -0.42154
       104     0.49376    -0.42682
       105     0.50152    -0.43205
       106     0.50929    -0.43724
       107     0.51705    -0.44238
       108     0.52480    -0.44746
       109     0.53255    -0.45250
       110     0.54028    -0.45748
       111     0.54801    -0.46241
       112     0.55573    -0.46729
       113     0.56343    -0.47211
       114     0.57111    -0.47688
       115     0.57878    -0.48159
       116     0.58643    -0.48624
       117     0.59406    -0.49084
       118     0.60166    -0.49538
       119     0.60924    -0.49986
       120     0.61679    -0.50429
       121     0.62432    -0.50865
       122     0.63181    -0.51296
       123     0.63927    -0.51721
       124     0.64670    -0.52139
       125     0.65410    -0.52552
       126     0.66146    -0.52958
       127     0.66877    -0.53359
       128     0.67605    -0.53753
       129     0.68329    -0.54142
       130     0.69048    -0.54524
       131     0.69763    -0.54900
       132     0.70473    -0.55270
       133     0.71178    -0.55633
       134     0.71878    -0.55991
       135     0.72573    -0.56343
       136     0.73263    -0.56688
       137     0.73947    -0.57027
       138     0.74625    -0.57360
       139     0.75298    -0.57687
       140     0.75965    -0.58008
       141     0.76625    -0.58323
       142     0.77279    -0.58632
       143     0.77927    -0.58934
       144     0.78568    -0.59231
       145     0.79202    -0.59522
       146     0.79830    -0.59805
       147     0.80450    -0.60084
       148     0.81063    -0.60357
       149     0.81669    -0.60624
       150     0.82267    -0.60885
       151     0.82858    -0.61141
       152     0.83441    -0.61391
       153     0.84016    -0.61634
       154     0.84582    -0.61873
       155     0.85141    -0.62105
       156     0.85691    -0.62332
       157     0.86233    -0.62554
       158     0.86766    -0.62770
       159     0.87291    -0.62980
       160     0.87806    -0.63185
       161     0.88313    -0.63385
       162     0.88810    -0.63579
       163     0.89298    -0.63768
       164     0.89777    -0.63952
       165     0.90246    -0.64130
       166     0.90706    -0.64304
       167     0.91156    -0.64472
       168     0.91596    -0.64635
       169     0.92026    -0.64794
       170     0.92446    -0.64947
       171     0.92855    -0.65095
       172     0.93255    -0.65239
       173     0.93644    -0.65378
       174     0.94023    -0.65512
       175     0.94391    -0.65641
       176     0.94748    -0.65766
       177     0.95095    -0.65886
       178     0.95430    -0.66001
       179     0.95755    -0.66112
       180     0.96069    -0.66219
       181     0.96371    -0.66321
       182     0.96663    -0.66419
       183     0.96943    -0.66512
       184     0.97211    -0.66601
       185     0.97469    -0.66686
       186     0.97715    -0.66767
       187     0.97949    -0.66843
       188     0.98171    -0.66915
       189     0.98382    -0.66983
       190     0.98581    -0.67047
       191     0.98769    -0.67108
       192     0.98944    -0.67164
       193     0.99108    -0.67216
       194     0.99259    -0.67267
       195     0.99395    -0.67327
       196     0.99516    -0.67393
       197     0.99623    -0.67464
       198     0.99717    -0.67537
       199     0.99797    -0.67611
       200     0.99864    -0.67686
       201     0.99918    -0.67761
       202     0.99959    -0.67834
       203     0.99988    -0.67907
       204     1.00004    -0.67977
       205     1.00007    -0.68045

   PRESSURE SURFACE POINTS FROM LE TO TE.
         1    -0.00017    -0.00334
         2    -0.00008    -0.00468
         3     0.00012    -0.00618
         4     0.00045    -0.00785
         5     0.00089    -0.00967
         6     0.00146    -0.01165
         7     0.00226    -0.01369
         8     0.00324    -0.01585
         9     0.00440    -0.01811
        10     0.00574    -0.02047
        11     0.00725    -0.02294
        12     0.00893    -0.02552
        13     0.01077    -0.02822
        14     0.01276    -0.03103
        15     0.01487    -0.03399
        16     0.01709    -0.03708
        17     0.01943    -0.04031
        18     0.02189    -0.04367
        19     0.02446    -0.04717
        20     0.02715    -0.05079
        21     0.02996    -0.05456
        22     0.03287    -0.05844
        23     0.03591    -0.06244
        24     0.03905    -0.06656
        25     0.04231    -0.07080
        26     0.04568    -0.07515
        27     0.04915    -0.07961
        28     0.05274    -0.08417
        29     0.05644    -0.08884
        30     0.06025    -0.09362
        31     0.06417    -0.09849
        32     0.06819    -0.10345
        33     0.07232    -0.10851
        34     0.07655    -0.11365
        35     0.08089    -0.11888
        36     0.08533    -0.12419
        37     0.08987    -0.12959
        38     0.09452    -0.13505
        39     0.09926    -0.14059
        40     0.10411    -0.14620
        41     0.10905    -0.15187
        42     0.11409    -0.15761
        43     0.11923    -0.16341
        44     0.12446    -0.16926
        45     0.12978    -0.17517
        46     0.13520    -0.18112
        47     0.14071    -0.18712
        48     0.14631    -0.19317
        49     0.15200    -0.19926
        50     0.15777    -0.20539
        51     0.16363    -0.21155
        52     0.16958    -0.21774
        53     0.17561    -0.22396
        54     0.18172    -0.23021
        55     0.18791    -0.23649
        56     0.19418    -0.24278
        57     0.20053    -0.24909
        58     0.20695    -0.25542
        59     0.21345    -0.26176
        60     0.22002    -0.26810
        61     0.22667    -0.27446
        62     0.23338    -0.28082
        63     0.24016    -0.28718
        64     0.24701    -0.29355
        65     0.25392    -0.29991
        66     0.26090    -0.30626
        67     0.26794    -0.31261
        68     0.27503    -0.31894
        69     0.28219    -0.32527
        70     0.28941    -0.33158
        71     0.29668    -0.33788
        72     0.30400    -0.34415
        73     0.31137    -0.35040
        74     0.31879    -0.35665
        75     0.32626    -0.36285
        76     0.33378    -0.36901
        77     0.34134    -0.37514
        78     0.34894    -0.38123
        79     0.35658    -0.38729
        80     0.36426    -0.39331
        81     0.37198    -0.39929
        82     0.37973    -0.40523
        83     0.38751    -0.41112
        84     0.39532    -0.41697
        85     0.40316    -0.42276
        86     0.41103    -0.42851
        87     0.41892    -0.43421
        88     0.42683    -0.43986
        89     0.43476    -0.44546
        90     0.44271    -0.45099
        91     0.45068    -0.45648
        92     0.45866    -0.46190
        93     0.46665    -0.46727
        94     0.47466    -0.47257
        95     0.48267    -0.47782
        96     0.49068    -0.48300
        97     0.49870    -0.48812
        98     0.50673    -0.49318
        99     0.51475    -0.49817
       100     0.52277    -0.50309
       101     0.53078    -0.50794
       102     0.53879    -0.51272
       103     0.54679    -0.51744
       104     0.55478    -0.52208
       105     0.56275    -0.52665
       106     0.57071    -0.53115
       107     0.57865    -0.53558
       108     0.58657    -0.53993
       109     0.59447    -0.54421
       110     0.60234    -0.54842
       111     0.61019    -0.55255
       112     0.61801    -0.55661
       113     0.62580    -0.56060
       114     0.63356    -0.56451
       115     0.64129    -0.56834
       116     0.64897    -0.57210
       117     0.65662    -0.57579
       118     0.66423    -0.57941
       119     0.67179    -0.58294
       120     0.67932    -0.58641
       121     0.68679    -0.58980
       122     0.69421    -0.59312
       123     0.70159    -0.59636
       124     0.70891    -0.59954
       125     0.71618    -0.60264
       126     0.72339    -0.60566
       127     0.73054    -0.60862
       128     0.73763    -0.61151
       129     0.74466    -0.61432
       130     0.75163    -0.61707
       131     0.75853    -0.61974
       132     0.76536    -0.62235
       133     0.77213    -0.62489
       134     0.77882    -0.62736
       135     0.78544    -0.62977
       136     0.79198    -0.63213
       137     0.79845    -0.63441
       138     0.80483    -0.63662
       139     0.81114    -0.63877
       140     0.81737    -0.64085
       141     0.82352    -0.64288
       142     0.82958    -0.64484
       143     0.83555    -0.64675
       144     0.84144    -0.64860
       145     0.84723    -0.65039
       146     0.85294    -0.65212
       147     0.85855    -0.65379
       148     0.86407    -0.65542
       149     0.86950    -0.65698
       150     0.87483    -0.65850
       151     0.88006    -0.65996
       152     0.88519    -0.66138
       153     0.89022    -0.66274
       154     0.89515    -0.66405
       155     0.89998    -0.66532
       156     0.90470    -0.66654
       157     0.90932    -0.66772
       158     0.91384    -0.66885
       159     0.91824    -0.66993
       160     0.92254    -0.67097
       161     0.92673    -0.67198
       162     0.93080    -0.67294
       163     0.93477    -0.67386
       164     0.93862    -0.67474
       165     0.94236    -0.67558
       166     0.94599    -0.67639
       167     0.94950    -0.67716
       168     0.95290    -0.67789
       169     0.95618    -0.67859
       170     0.95934    -0.67926
       171     0.96238    -0.67989
       172     0.96531    -0.68049
       173     0.96811    -0.68106
       174     0.97080    -0.68160
       175     0.97336    -0.68211
       176     0.97580    -0.68259
       177     0.97813    -0.68304
       178     0.98032    -0.68346
       179     0.98240    -0.68386
       180     0.98435    -0.68423
       181     0.98618    -0.68457
       182     0.98788    -0.68489
       183     0.98947    -0.68514
       184     0.99097    -0.68525
       185     0.99236    -0.68523
       186     0.99365    -0.68511
       187     0.99482    -0.68489
       188     0.99589    -0.68461
       189     0.99683    -0.68425
       190     0.99766    -0.68384
       191     0.99837    -0.68337
       192     0.99896    -0.68286
       193     0.99942    -0.68231
       194     0.99976    -0.68172
       195     0.99990    -0.68142
       196     1.00006    -0.68078
       197     1.00007    -0.68045
  POINTS ON THE BLADE TO BE USED FOR PLOTTING 
  AND FINAL INTERPOLATION 
  N           X          YUP        YLOW        THICK 
    1      0.0000     -0.0033     -0.0033      0.0000
    2      0.0001     -0.0019     -0.0043      0.0024
    3      0.0002     -0.0009     -0.0059      0.0050
    4      0.0006     -0.0001     -0.0076      0.0075
    5      0.0010      0.0006     -0.0094      0.0101
    6      0.0016      0.0011     -0.0114      0.0125
    7      0.0022      0.0013     -0.0132      0.0145
    8      0.0030      0.0014     -0.0151      0.0165
    9      0.0040      0.0014     -0.0170      0.0183
   10      0.0050      0.0011     -0.0189      0.0201
   11      0.0062      0.0007     -0.0210      0.0217
   12      0.0075      0.0001     -0.0231      0.0232
   13      0.0089     -0.0006     -0.0253      0.0246
   14      0.0105     -0.0016     -0.0276      0.0260
   15      0.0122     -0.0027     -0.0299      0.0272
   16      0.0140     -0.0040     -0.0325      0.0284
   17      0.0159     -0.0056     -0.0351      0.0296
   18      0.0179     -0.0073     -0.0380      0.0307
   19      0.0201     -0.0093     -0.0409      0.0316
   20      0.0223     -0.0116     -0.0440      0.0325
   21      0.0247     -0.0141     -0.0473      0.0332
   22      0.0272     -0.0168     -0.0507      0.0339
   23      0.0299     -0.0196     -0.0542      0.0346
   24      0.0326     -0.0226     -0.0578      0.0352
   25      0.0355     -0.0258     -0.0616      0.0359
   26      0.0384     -0.0290     -0.0655      0.0365
   27      0.0415     -0.0324     -0.0696      0.0372
   28      0.0447     -0.0359     -0.0737      0.0378
   29      0.0481     -0.0395     -0.0780      0.0385
   30      0.0515     -0.0432     -0.0824      0.0392
   31      0.0550     -0.0470     -0.0869      0.0398
   32      0.0587     -0.0510     -0.0914      0.0405
   33      0.0625     -0.0550     -0.0961      0.0411
   34      0.0663     -0.0592     -0.1009      0.0418
   35      0.0703     -0.0634     -0.1058      0.0424
   36      0.0744     -0.0677     -0.1108      0.0431
   37      0.0786     -0.0722     -0.1159      0.0437
   38      0.0829     -0.0767     -0.1211      0.0444
   39      0.0873     -0.0813     -0.1263      0.0450
   40      0.0918     -0.0860     -0.1317      0.0457
   41      0.0964     -0.0908     -0.1371      0.0463
   42      0.1011     -0.0957     -0.1426      0.0469
   43      0.1059     -0.1006     -0.1481      0.0475
   44      0.1108     -0.1056     -0.1537      0.0481
   45      0.1159     -0.1107     -0.1594      0.0487
   46      0.1210     -0.1159     -0.1651      0.0493
   47      0.1261     -0.1211     -0.1709      0.0498
   48      0.1314     -0.1264     -0.1768      0.0504
   49      0.1368     -0.1317     -0.1827      0.0510
   50      0.1423     -0.1372     -0.1886      0.0515
   51      0.1478     -0.1426     -0.1946      0.0520
   52      0.1535     -0.1481     -0.2007      0.0525
   53      0.1592     -0.1537     -0.2067      0.0530
   54      0.1650     -0.1593     -0.2128      0.0535
   55      0.1709     -0.1650     -0.2190      0.0540
   56      0.1769     -0.1707     -0.2251      0.0545
   57      0.1830     -0.1764     -0.2313      0.0549
   58      0.1891     -0.1822     -0.2375      0.0553
   59      0.1954     -0.1880     -0.2438      0.0557
   60      0.2017     -0.1939     -0.2500      0.0561
   61      0.2080     -0.1998     -0.2563      0.0565
   62      0.2145     -0.2057     -0.2626      0.0569
   63      0.2210     -0.2116     -0.2689      0.0573
   64      0.2276     -0.2175     -0.2751      0.0576
   65      0.2342     -0.2235     -0.2814      0.0579
   66      0.2409     -0.2295     -0.2877      0.0582
   67      0.2477     -0.2355     -0.2940      0.0585
   68      0.2546     -0.2415     -0.3003      0.0588
   69      0.2615     -0.2476     -0.3066      0.0590
   70      0.2684     -0.2536     -0.3129      0.0593
   71      0.2755     -0.2597     -0.3192      0.0595
   72      0.2826     -0.2657     -0.3254      0.0597
   73      0.2897     -0.2718     -0.3317      0.0599
   74      0.2969     -0.2778     -0.3379      0.0600
   75      0.3041     -0.2839     -0.3441      0.0602
   76      0.3114     -0.2899     -0.3503      0.0603
   77      0.3187     -0.2960     -0.3564      0.0605
   78      0.3261     -0.3020     -0.3626      0.0605
   79      0.3335     -0.3080     -0.3686      0.0606
   80      0.3410     -0.3140     -0.3747      0.0607
   81      0.3485     -0.3200     -0.3807      0.0607
   82      0.3560     -0.3260     -0.3867      0.0608
   83      0.3636     -0.3319     -0.3926      0.0608
   84      0.3712     -0.3378     -0.3986      0.0607
   85      0.3789     -0.3437     -0.4044      0.0607
   86      0.3865     -0.3496     -0.4102      0.0606
   87      0.3942     -0.3554     -0.4160      0.0606
   88      0.4020     -0.3612     -0.4217      0.0605
   89      0.4097     -0.3670     -0.4274      0.0604
   90      0.4175     -0.3728     -0.4330      0.0603
   91      0.4253     -0.3785     -0.4386      0.0601
   92      0.4331     -0.3842     -0.4441      0.0599
   93      0.4409     -0.3898     -0.4496      0.0598
   94      0.4488     -0.3954     -0.4550      0.0596
   95      0.4566     -0.4010     -0.4604      0.0594
   96      0.4645     -0.4065     -0.4657      0.0591
   97      0.4724     -0.4120     -0.4709      0.0589
   98      0.4803     -0.4175     -0.4761      0.0586
   99      0.4882     -0.4229     -0.4812      0.0583
  100      0.4961     -0.4282     -0.4863      0.0581
  101      0.5039     -0.4335     -0.4913      0.0577
  102      0.5118     -0.4388     -0.4962      0.0574
  103      0.5197     -0.4440     -0.5011      0.0571
  104      0.5276     -0.4492     -0.5059      0.0567
  105      0.5355     -0.4543     -0.5106      0.0563
  106      0.5434     -0.4593     -0.5153      0.0560
  107      0.5512     -0.4643     -0.5199      0.0556
  108      0.5591     -0.4692     -0.5244      0.0551
  109      0.5669     -0.4741     -0.5288      0.0547
  110      0.5747     -0.4790     -0.5332      0.0543
  111      0.5825     -0.4837     -0.5376      0.0538
  112      0.5903     -0.4884     -0.5418      0.0534
  113      0.5980     -0.4931     -0.5460      0.0529
  114      0.6058     -0.4977     -0.5501      0.0524
  115      0.6135     -0.5022     -0.5541      0.0519
  116      0.6211     -0.5067     -0.5581      0.0514
  117      0.6288     -0.5111     -0.5620      0.0509
  118      0.6364     -0.5154     -0.5658      0.0503
  119      0.6440     -0.5197     -0.5695      0.0498
  120      0.6515     -0.5239     -0.5732      0.0492
  121      0.6590     -0.5281     -0.5768      0.0487
  122      0.6665     -0.5322     -0.5803      0.0481
  123      0.6739     -0.5362     -0.5838      0.0475
  124      0.6813     -0.5402     -0.5872      0.0470
  125      0.6886     -0.5441     -0.5905      0.0464
  126      0.6959     -0.5480     -0.5937      0.0458
  127      0.7031     -0.5517     -0.5969      0.0452
  128      0.7103     -0.5554     -0.6000      0.0445
  129      0.7174     -0.5591     -0.6030      0.0439
  130      0.7245     -0.5627     -0.6060      0.0433
  131      0.7316     -0.5662     -0.6089      0.0427
  132      0.7385     -0.5697     -0.6117      0.0420
  133      0.7454     -0.5731     -0.6145      0.0414
  134      0.7523     -0.5764     -0.6172      0.0408
  135      0.7591     -0.5797     -0.6198      0.0401
  136      0.7658     -0.5829     -0.6224      0.0395
  137      0.7724     -0.5860     -0.6249      0.0388
  138      0.7790     -0.5891     -0.6273      0.0382
  139      0.7855     -0.5921     -0.6297      0.0376
  140      0.7920     -0.5951     -0.6320      0.0369
  141      0.7983     -0.5979     -0.6342      0.0363
  142      0.8046     -0.6008     -0.6364      0.0356
  143      0.8109     -0.6035     -0.6385      0.0350
  144      0.8170     -0.6062     -0.6406      0.0343
  145      0.8231     -0.6089     -0.6426      0.0337
  146      0.8291     -0.6115     -0.6445      0.0331
  147      0.8350     -0.6140     -0.6464      0.0324
  148      0.8408     -0.6165     -0.6482      0.0318
  149      0.8465     -0.6189     -0.6500      0.0311
  150      0.8522     -0.6212     -0.6517      0.0305
  151      0.8577     -0.6235     -0.6534      0.0299
  152      0.8632     -0.6258     -0.6550      0.0293
  153      0.8686     -0.6279     -0.6566      0.0286
  154      0.8739     -0.6300     -0.6581      0.0280
  155      0.8790     -0.6321     -0.6595      0.0274
  156      0.8841     -0.6341     -0.6609      0.0268
  157      0.8892     -0.6361     -0.6623      0.0262
  158      0.8941     -0.6380     -0.6636      0.0257
  159      0.8989     -0.6398     -0.6649      0.0251
  160      0.9036     -0.6416     -0.6661      0.0245
  161      0.9082     -0.6433     -0.6673      0.0240
  162      0.9127     -0.6450     -0.6684      0.0234
  163      0.9171     -0.6466     -0.6695      0.0229
  164      0.9214     -0.6482     -0.6706      0.0223
  165      0.9256     -0.6497     -0.6716      0.0218
  166      0.9297     -0.6512     -0.6725      0.0213
  167      0.9337     -0.6527     -0.6735      0.0208
  168      0.9375     -0.6540     -0.6743      0.0203
  169      0.9413     -0.6554     -0.6752      0.0198
  170      0.9450     -0.6566     -0.6760      0.0194
  171      0.9485     -0.6579     -0.6768      0.0189
  172      0.9519     -0.6591     -0.6775      0.0185
  173      0.9553     -0.6602     -0.6782      0.0180
  174      0.9585     -0.6613     -0.6789      0.0176
  175      0.9616     -0.6623     -0.6796      0.0172
  176      0.9645     -0.6633     -0.6802      0.0168
  177      0.9674     -0.6643     -0.6808      0.0165
  178      0.9701     -0.6652     -0.6813      0.0161
  179      0.9728     -0.6661     -0.6818      0.0158
  180      0.9753     -0.6669     -0.6823      0.0154
  181      0.9777     -0.6677     -0.6828      0.0151
  182      0.9799     -0.6684     -0.6832      0.0148
  183      0.9821     -0.6691     -0.6837      0.0145
  184      0.9841     -0.6698     -0.6840      0.0142
  185      0.9860     -0.6704     -0.6844      0.0140
  186      0.9878     -0.6710     -0.6847      0.0137
  187      0.9895     -0.6715     -0.6850      0.0135
  188      0.9911     -0.6720     -0.6851      0.0131
  189      0.9925     -0.6725     -0.6850      0.0126
  190      0.9938     -0.6731     -0.6849      0.0118
  191      0.9950     -0.6737     -0.6847      0.0110
  192      0.9960     -0.6744     -0.6844      0.0100
  193      0.9970     -0.6751     -0.6840      0.0089
  194      0.9978     -0.6758     -0.6836      0.0077
  195      0.9984     -0.6766     -0.6831      0.0065
  196      0.9990     -0.6773     -0.6826      0.0053
  197      0.9994     -0.6780     -0.6820      0.0040
  198      0.9998     -0.6788     -0.6814      0.0027
  199      0.9999     -0.6795     -0.6808      0.0013
  200      1.0000     -0.6803     -0.6803      0.0000
 GRID EXPANSION RATIO UP=    1.12157 DOWN =    1.05711
  AXIAL,TANGENTIAL AND RADIAL COORDINATES ON THE STREAM
  SURFACE BEFORE TRANSFORMING TO R-THETA COORDINATES 
 J, XGRID,YGRID,RGRID            1  -2.31982209E-02   2.89806426E-02  0.167884827    
 J, XGRID,YGRID,RGRID            2  -2.05643997E-02   2.56317630E-02  0.167952612    
 J, XGRID,YGRID,RGRID            3  -1.82168130E-02   2.26458926E-02  0.168031052    
 J, XGRID,YGRID,RGRID            4  -1.61245391E-02   1.99836791E-02  0.168116182    
 J, XGRID,YGRID,RGRID            5  -1.42599139E-02   1.76100396E-02  0.168204650    
 J, XGRID,YGRID,RGRID            6  -1.25982147E-02   1.54936956E-02  0.168293968    
 J, XGRID,YGRID,RGRID            7  -1.11173699E-02   1.36067560E-02  0.168382183    
 J, XGRID,YGRID,RGRID            8  -9.79768764E-03   1.19243534E-02  0.168467849    
 J, XGRID,YGRID,RGRID            9  -8.62161629E-03   1.04243178E-02  0.168549940    
 J, XGRID,YGRID,RGRID           10  -7.57350679E-03   9.08688083E-03  0.168627784    
 J, XGRID,YGRID,RGRID           11  -6.63941447E-03   7.89441727E-03  0.168700993    
 J, XGRID,YGRID,RGRID           12  -5.80690568E-03   6.83121243E-03  0.168769300    
 J, XGRID,YGRID,RGRID           13  -5.06492192E-03   5.88325597E-03  0.168832630    
 J, XGRID,YGRID,RGRID           14  -4.40359488E-03   5.03805466E-03  0.168891102    
 J, XGRID,YGRID,RGRID           15  -3.81414266E-03   4.28447034E-03  0.168944836    
 J, XGRID,YGRID,RGRID           16  -3.28873820E-03   3.61257163E-03  0.168994009    
 J, XGRID,YGRID,RGRID           17  -2.82041403E-03   3.01350467E-03  0.169038877    
 J, XGRID,YGRID,RGRID           18  -2.40295660E-03   2.47937464E-03  0.169079721    
 J, XGRID,YGRID,RGRID           19  -2.03082804E-03   2.00314238E-03  0.169116780    
 J, XGRID,YGRID,RGRID           20  -1.69910619E-03   1.57853204E-03  0.169150352    
 J, XGRID,YGRID,RGRID           21  -1.40339904E-03   1.19994802E-03  0.169180706    
 J, XGRID,YGRID,RGRID           22  -1.13978353E-03   8.62401153E-04  0.169208094    
 J, XGRID,YGRID,RGRID           23  -9.04780463E-04   5.61443274E-04  0.169232801    
 J, XGRID,YGRID,RGRID           24  -6.95276656E-04   2.93108169E-04  0.169255033    
 J, XGRID,YGRID,RGRID           25  -5.08505909E-04   5.38596432E-05  0.169275030    
 J, XGRID,YGRID,RGRID           26  -3.42000014E-04  -1.59455158E-04  0.169293001    
 J, XGRID,YGRID,RGRID           27  -1.78206843E-04   6.40463550E-05  0.169325978    
 J, XGRID,YGRID,RGRID           28  -6.98525082E-06   6.60798605E-06  0.169360742    
 J, XGRID,YGRID,RGRID           29   1.72339889E-04  -1.02491183E-04  0.169397444    
 J, XGRID,YGRID,RGRID           30   3.60453909E-04  -2.48039694E-04  0.169436246    
 J, XGRID,YGRID,RGRID           31   5.58040745E-04  -4.29640437E-04  0.169477373    
 J, XGRID,YGRID,RGRID           32   7.65773759E-04  -6.46665983E-04  0.169521019    
 J, XGRID,YGRID,RGRID           33   9.84334736E-04  -8.90001422E-04  0.169567317    
 J, XGRID,YGRID,RGRID           34   1.21440424E-03  -1.14819768E-03  0.169616520    
 J, XGRID,YGRID,RGRID           35   1.45665416E-03  -1.41949742E-03  0.169668853    
 J, XGRID,YGRID,RGRID           36   1.71176495E-03  -1.70426897E-03  0.169724494    
 J, XGRID,YGRID,RGRID           37   1.98040460E-03  -2.00287090E-03  0.169783741    
 J, XGRID,YGRID,RGRID           38   2.26325239E-03  -2.31590914E-03  0.169846743    
 J, XGRID,YGRID,RGRID           39   2.56097899E-03  -2.64366181E-03  0.169913784    
 J, XGRID,YGRID,RGRID           40   2.87425634E-03  -2.98647373E-03  0.169985086    
 J, XGRID,YGRID,RGRID           41   3.20359203E-03  -3.34449206E-03  0.170060962    
 J, XGRID,YGRID,RGRID           42   3.54905566E-03  -3.71735217E-03  0.170141414    
 J, XGRID,YGRID,RGRID           43   3.91143281E-03  -4.10545571E-03  0.170226797    
 J, XGRID,YGRID,RGRID           44   4.29161219E-03  -4.50925995E-03  0.170317471    
 J, XGRID,YGRID,RGRID           45   4.69057402E-03  -4.92928969E-03  0.170413747    
 J, XGRID,YGRID,RGRID           46   5.10939723E-03  -5.36612095E-03  0.170516029    
 J, XGRID,YGRID,RGRID           47   5.54926088E-03  -5.82037400E-03  0.170624763    
 J, XGRID,YGRID,RGRID           48   6.01120340E-03  -6.29247492E-03  0.170740366    
 J, XGRID,YGRID,RGRID           49   6.49608672E-03  -6.78260205E-03  0.170863152    
 J, XGRID,YGRID,RGRID           50   7.00551039E-03  -7.29162619E-03  0.170993805    
 J, XGRID,YGRID,RGRID           51   7.54126254E-03  -7.82052614E-03  0.171132803    
 J, XGRID,YGRID,RGRID           52   8.10533483E-03  -8.37036502E-03  0.171280950    
 J, XGRID,YGRID,RGRID           53   8.69992841E-03  -8.94228462E-03  0.171438977    
 J, XGRID,YGRID,RGRID           54   9.32740979E-03  -9.53747425E-03  0.171607703    
 J, XGRID,YGRID,RGRID           55   9.99535806E-03  -1.01617957E-02  0.171789348    
 J, XGRID,YGRID,RGRID           56   1.07133659E-02  -1.08224824E-02  0.171986848    
 J, XGRID,YGRID,RGRID           57   1.14821894E-02  -1.15182046E-02  0.172200605    
 J, XGRID,YGRID,RGRID           58   1.23012001E-02  -1.22462967E-02  0.172430664    
 J, XGRID,YGRID,RGRID           59   1.31684216E-02  -1.30025987E-02  0.172676593    
 J, XGRID,YGRID,RGRID           60   1.40805086E-02  -1.37813650E-02  0.172937527    
 J, XGRID,YGRID,RGRID           61   1.50327422E-02  -1.45756258E-02  0.173211902    
 J, XGRID,YGRID,RGRID           62   1.60097461E-02  -1.53721645E-02  0.173495054    
 J, XGRID,YGRID,RGRID           63   1.69959608E-02  -1.61575247E-02  0.173782080    
 J, XGRID,YGRID,RGRID           64   1.79861505E-02  -1.69271678E-02  0.174070954    
 J, XGRID,YGRID,RGRID           65   1.89760625E-02  -1.76779702E-02  0.174359903    
 J, XGRID,YGRID,RGRID           66   1.99624170E-02  -1.84078235E-02  0.174647436    
 J, XGRID,YGRID,RGRID           67   2.09429413E-02  -1.91155337E-02  0.174932390    
 J, XGRID,YGRID,RGRID           68   2.19163559E-02  -1.98006872E-02  0.175214052    
 J, XGRID,YGRID,RGRID           69   2.28892658E-02  -2.04681084E-02  0.175493598    
 J, XGRID,YGRID,RGRID           70   2.38661449E-02  -2.11206712E-02  0.175771996    
 J, XGRID,YGRID,RGRID           71   2.48463023E-02  -2.17578448E-02  0.176048443    
 J, XGRID,YGRID,RGRID           72   2.58285329E-02  -2.23788451E-02  0.176322177    
 J, XGRID,YGRID,RGRID           73   2.68111043E-02  -2.29826719E-02  0.176591992    
 J, XGRID,YGRID,RGRID           74   2.77918689E-02  -2.35681795E-02  0.176857069    
 J, XGRID,YGRID,RGRID           75   2.87680943E-02  -2.41340436E-02  0.177116036    
 J, XGRID,YGRID,RGRID           76   2.97311489E-02  -2.46758386E-02  0.177366316    
 J, XGRID,YGRID,RGRID           77   3.06756496E-02  -2.51914654E-02  0.177606404    
 J, XGRID,YGRID,RGRID           78   3.15990262E-02  -2.56806109E-02  0.177835509    
 J, XGRID,YGRID,RGRID           79   3.24991830E-02  -2.61433348E-02  0.178053081    
 J, XGRID,YGRID,RGRID           80   3.33745293E-02  -2.65800096E-02  0.178258911    
 J, XGRID,YGRID,RGRID           81   3.42239402E-02  -2.69912891E-02  0.178452894    
 J, XGRID,YGRID,RGRID           82   3.50467749E-02  -2.73774453E-02  0.178635135    
 J, XGRID,YGRID,RGRID           83   3.58460061E-02  -2.77422052E-02  0.178806528    
 J, XGRID,YGRID,RGRID           84   3.66223976E-02  -2.80863587E-02  0.178967521    
 J, XGRID,YGRID,RGRID           85   3.73758897E-02  -2.84107700E-02  0.179118335    
 J, XGRID,YGRID,RGRID           86   3.81064452E-02  -2.87163220E-02  0.179259241    
 J, XGRID,YGRID,RGRID           87   3.88140120E-02  -2.90038697E-02  0.179390609    
 J, XGRID,YGRID,RGRID           88   3.94985303E-02  -2.92742159E-02  0.179512709    
 J, XGRID,YGRID,RGRID           89   4.01599519E-02  -2.95281578E-02  0.179625928    
 J, XGRID,YGRID,RGRID           90   4.07982171E-02  -2.97664292E-02  0.179730684    
 J, XGRID,YGRID,RGRID           91   4.14132588E-02  -2.99897548E-02  0.179827183    
 J, XGRID,YGRID,RGRID           92   4.20050211E-02  -3.01988386E-02  0.179915965    
 J, XGRID,YGRID,RGRID           93   4.25734371E-02  -3.03943213E-02  0.179997340    
 J, XGRID,YGRID,RGRID           94   4.31184433E-02  -3.05768531E-02  0.180071712    
 J, XGRID,YGRID,RGRID           95   4.36399840E-02  -3.07470318E-02  0.180139467    
 J, XGRID,YGRID,RGRID           96   4.41379920E-02  -3.11556328E-02  0.180200979    
 J, XGRID,YGRID,RGRID           97   4.46382277E-02  -3.12778912E-02  0.180258244    
 J, XGRID,YGRID,RGRID           98   4.51672375E-02  -3.14070173E-02  0.180315569    
 J, XGRID,YGRID,RGRID           99   4.57266793E-02  -3.15435156E-02  0.180372536    
 J, XGRID,YGRID,RGRID          100   4.63183150E-02  -3.16878110E-02  0.180428639    
 J, XGRID,YGRID,RGRID          101   4.69440036E-02  -3.18403505E-02  0.180483252    
 J, XGRID,YGRID,RGRID          102   4.76057269E-02  -3.20015959E-02  0.180535614    
 J, XGRID,YGRID,RGRID          103   4.83055711E-02  -3.21720541E-02  0.180584863    
 J, XGRID,YGRID,RGRID          104   4.90457378E-02  -3.23522463E-02  0.180629924    
 J, XGRID,YGRID,RGRID          105   4.98285778E-02  -3.25427316E-02  0.180668235    
 J, XGRID,YGRID,RGRID          106   5.06565496E-02  -3.27440947E-02  0.180697754    
 J, XGRID,YGRID,RGRID          107   5.15322722E-02  -3.29569615E-02  0.180719241    
 J, XGRID,YGRID,RGRID          108   5.24585061E-02  -3.31819803E-02  0.180731386    
 J, XGRID,YGRID,RGRID          109   5.34381904E-02  -3.34198512E-02  0.180732861    
 J, XGRID,YGRID,RGRID          110   5.44744022E-02  -3.36713120E-02  0.180722088    
 J, XGRID,YGRID,RGRID          111   5.55694364E-02  -3.39371301E-02  0.180718675    

  THE BLADE CENTROID ON THE X-Y SURFACE IS AT X, Y=    0.01973  -0.01822


  THE J VALUE OF THE CENTROID IS J =           66

  THE CENTROID ON THE STREAM SURFACE IS AT   1.97285023E-02   0.00000000    
  THE HUB SECTION CENTROID IS AT   1.97285023E-02   0.00000000    

  AXIAL & RADIAL COORDINATES ON THE SS AFTER STACKING 
  J  , XGRID,RGRID            1  -2.31982209E-02  0.167884827    
  J  , XGRID,RGRID            2  -2.05643997E-02  0.167952612    
  J  , XGRID,RGRID            3  -1.82168130E-02  0.168031052    
  J  , XGRID,RGRID            4  -1.61245391E-02  0.168116182    
  J  , XGRID,RGRID            5  -1.42599139E-02  0.168204650    
  J  , XGRID,RGRID            6  -1.25982147E-02  0.168293968    
  J  , XGRID,RGRID            7  -1.11173699E-02  0.168382183    
  J  , XGRID,RGRID            8  -9.79768764E-03  0.168467849    
  J  , XGRID,RGRID            9  -8.62161629E-03  0.168549940    
  J  , XGRID,RGRID           10  -7.57350679E-03  0.168627784    
  J  , XGRID,RGRID           11  -6.63941447E-03  0.168700993    
  J  , XGRID,RGRID           12  -5.80690568E-03  0.168769300    
  J  , XGRID,RGRID           13  -5.06492192E-03  0.168832630    
  J  , XGRID,RGRID           14  -4.40359488E-03  0.168891102    
  J  , XGRID,RGRID           15  -3.81414266E-03  0.168944836    
  J  , XGRID,RGRID           16  -3.28873820E-03  0.168994009    
  J  , XGRID,RGRID           17  -2.82041403E-03  0.169038877    
  J  , XGRID,RGRID           18  -2.40295660E-03  0.169079721    
  J  , XGRID,RGRID           19  -2.03082804E-03  0.169116780    
  J  , XGRID,RGRID           20  -1.69910619E-03  0.169150352    
  J  , XGRID,RGRID           21  -1.40339904E-03  0.169180706    
  J  , XGRID,RGRID           22  -1.13978353E-03  0.169208094    
  J  , XGRID,RGRID           23  -9.04780463E-04  0.169232801    
  J  , XGRID,RGRID           24  -6.95276656E-04  0.169255033    
  J  , XGRID,RGRID           25  -5.08505909E-04  0.169275030    
  J  , XGRID,RGRID           26  -3.42000014E-04  0.169293001    
  J  , XGRID,RGRID           27  -1.78206843E-04  0.169325978    
  J  , XGRID,RGRID           28  -6.98525082E-06  0.169360742    
  J  , XGRID,RGRID           29   1.72339889E-04  0.169397444    
  J  , XGRID,RGRID           30   3.60453909E-04  0.169436246    
  J  , XGRID,RGRID           31   5.58040745E-04  0.169477373    
  J  , XGRID,RGRID           32   7.65773759E-04  0.169521019    
  J  , XGRID,RGRID           33   9.84334736E-04  0.169567317    
  J  , XGRID,RGRID           34   1.21440424E-03  0.169616520    
  J  , XGRID,RGRID           35   1.45665416E-03  0.169668853    
  J  , XGRID,RGRID           36   1.71176495E-03  0.169724494    
  J  , XGRID,RGRID           37   1.98040460E-03  0.169783741    
  J  , XGRID,RGRID           38   2.26325239E-03  0.169846743    
  J  , XGRID,RGRID           39   2.56097899E-03  0.169913784    
  J  , XGRID,RGRID           40   2.87425634E-03  0.169985086    
  J  , XGRID,RGRID           41   3.20359203E-03  0.170060962    
  J  , XGRID,RGRID           42   3.54905566E-03  0.170141414    
  J  , XGRID,RGRID           43   3.91143281E-03  0.170226797    
  J  , XGRID,RGRID           44   4.29161219E-03  0.170317471    
  J  , XGRID,RGRID           45   4.69057402E-03  0.170413747    
  J  , XGRID,RGRID           46   5.10939723E-03  0.170516029    
  J  , XGRID,RGRID           47   5.54926088E-03  0.170624763    
  J  , XGRID,RGRID           48   6.01120340E-03  0.170740366    
  J  , XGRID,RGRID           49   6.49608672E-03  0.170863152    
  J  , XGRID,RGRID           50   7.00551039E-03  0.170993805    
  J  , XGRID,RGRID           51   7.54126254E-03  0.171132803    
  J  , XGRID,RGRID           52   8.10533483E-03  0.171280950    
  J  , XGRID,RGRID           53   8.69992841E-03  0.171438977    
  J  , XGRID,RGRID           54   9.32740979E-03  0.171607703    
  J  , XGRID,RGRID           55   9.99535806E-03  0.171789348    
  J  , XGRID,RGRID           56   1.07133659E-02  0.171986848    
  J  , XGRID,RGRID           57   1.14821894E-02  0.172200605    
  J  , XGRID,RGRID           58   1.23012001E-02  0.172430664    
  J  , XGRID,RGRID           59   1.31684216E-02  0.172676593    
  J  , XGRID,RGRID           60   1.40805086E-02  0.172937527    
  J  , XGRID,RGRID           61   1.50327422E-02  0.173211902    
  J  , XGRID,RGRID           62   1.60097461E-02  0.173495054    
  J  , XGRID,RGRID           63   1.69959608E-02  0.173782080    
  J  , XGRID,RGRID           64   1.79861505E-02  0.174070954    
  J  , XGRID,RGRID           65   1.89760625E-02  0.174359903    
  J  , XGRID,RGRID           66   1.99624170E-02  0.174647436    
  J  , XGRID,RGRID           67   2.09429413E-02  0.174932390    
  J  , XGRID,RGRID           68   2.19163559E-02  0.175214052    
  J  , XGRID,RGRID           69   2.28892658E-02  0.175493598    
  J  , XGRID,RGRID           70   2.38661449E-02  0.175771996    
  J  , XGRID,RGRID           71   2.48463023E-02  0.176048443    
  J  , XGRID,RGRID           72   2.58285329E-02  0.176322177    
  J  , XGRID,RGRID           73   2.68111043E-02  0.176591992    
  J  , XGRID,RGRID           74   2.77918689E-02  0.176857069    
  J  , XGRID,RGRID           75   2.87680943E-02  0.177116036    
  J  , XGRID,RGRID           76   2.97311489E-02  0.177366316    
  J  , XGRID,RGRID           77   3.06756496E-02  0.177606404    
  J  , XGRID,RGRID           78   3.15990262E-02  0.177835509    
  J  , XGRID,RGRID           79   3.24991830E-02  0.178053081    
  J  , XGRID,RGRID           80   3.33745293E-02  0.178258911    
  J  , XGRID,RGRID           81   3.42239402E-02  0.178452894    
  J  , XGRID,RGRID           82   3.50467749E-02  0.178635135    
  J  , XGRID,RGRID           83   3.58460061E-02  0.178806528    
  J  , XGRID,RGRID           84   3.66223976E-02  0.178967521    
  J  , XGRID,RGRID           85   3.73758897E-02  0.179118335    
  J  , XGRID,RGRID           86   3.81064452E-02  0.179259241    
  J  , XGRID,RGRID           87   3.88140120E-02  0.179390609    
  J  , XGRID,RGRID           88   3.94985303E-02  0.179512709    
  J  , XGRID,RGRID           89   4.01599519E-02  0.179625928    
  J  , XGRID,RGRID           90   4.07982171E-02  0.179730684    
  J  , XGRID,RGRID           91   4.14132588E-02  0.179827183    
  J  , XGRID,RGRID           92   4.20050211E-02  0.179915965    
  J  , XGRID,RGRID           93   4.25734371E-02  0.179997340    
  J  , XGRID,RGRID           94   4.31184433E-02  0.180071712    
  J  , XGRID,RGRID           95   4.36399840E-02  0.180139467    
  J  , XGRID,RGRID           96   4.41379920E-02  0.180200979    
  J  , XGRID,RGRID           97   4.46382277E-02  0.180258244    
  J  , XGRID,RGRID           98   4.51672375E-02  0.180315569    
  J  , XGRID,RGRID           99   4.57266793E-02  0.180372536    
  J  , XGRID,RGRID          100   4.63183150E-02  0.180428639    
  J  , XGRID,RGRID          101   4.69440036E-02  0.180483252    
  J  , XGRID,RGRID          102   4.76057269E-02  0.180535614    
  J  , XGRID,RGRID          103   4.83055711E-02  0.180584863    
  J  , XGRID,RGRID          104   4.90457378E-02  0.180629924    
  J  , XGRID,RGRID          105   4.98285778E-02  0.180668235    
  J  , XGRID,RGRID          106   5.06565496E-02  0.180697754    
  J  , XGRID,RGRID          107   5.15322722E-02  0.180719241    
  J  , XGRID,RGRID          108   5.24585061E-02  0.180731386    
  J  , XGRID,RGRID          109   5.34381904E-02  0.180732861    
  J  , XGRID,RGRID          110   5.44744022E-02  0.180722088    
  J  , XGRID,RGRID          111   5.55694364E-02  0.180718675    

  BLADE TRUE CHORD:AXIAL CHORD RATIO =    1.61889446    


    TKLE      TKTE      TKMAX     XTMAX     XMODLE     XMODTE    TK_TYP 
    0.0200    0.0100    0.0500    0.4000    0.0200    0.0100    2.0000


 FCHORD=    1.00000000      FPERP=    0.00000000     FTKSCALE=    1.00000000    


  CENTRELINE COORDINATES AND THICKNESS FOR INTYPE = 1

    XIN        YIN       TKIN 
   0.00000   0.00000   0.03238
   0.00006  -0.00011   0.03252
   0.00025  -0.00044   0.03279
   0.00056  -0.00100   0.03313
   0.00100  -0.00177   0.03354
   0.00156  -0.00276   0.03400
   0.00224  -0.00397   0.03450
   0.00305  -0.00541   0.03505
   0.00398  -0.00706   0.03563
   0.00504  -0.00892   0.03625
   0.00622  -0.01101   0.03689
   0.00752  -0.01330   0.03757
   0.00895  -0.01581   0.03827
   0.01049  -0.01854   0.03899
   0.01216  -0.02147   0.03974
   0.01395  -0.02461   0.04050
   0.01587  -0.02796   0.04129
   0.01790  -0.03151   0.04208
   0.02005  -0.03526   0.04290
   0.02232  -0.03922   0.04372
   0.02472  -0.04337   0.04456
   0.02723  -0.04772   0.04541
   0.02985  -0.05226   0.04627
   0.03260  -0.05700   0.04713
   0.03546  -0.06192   0.04800
   0.03844  -0.06703   0.04888
   0.04153  -0.07232   0.04976
   0.04474  -0.07779   0.05064
   0.04806  -0.08344   0.05153
   0.05149  -0.08926   0.05242
   0.05504  -0.09525   0.05330
   0.05869  -0.10141   0.05419
   0.06246  -0.10774   0.05507
   0.06633  -0.11423   0.05595
   0.07031  -0.12087   0.05682
   0.07440  -0.12768   0.05770
   0.07860  -0.13463   0.05856
   0.08290  -0.14173   0.05942
   0.08730  -0.14898   0.06027
   0.09181  -0.15637   0.06111
   0.09642  -0.16390   0.06195
   0.10113  -0.17157   0.06277
   0.10594  -0.17936   0.06358
   0.11085  -0.18729   0.06438
   0.11585  -0.19533   0.06517
   0.12095  -0.20351   0.06595
   0.12615  -0.21179   0.06672
   0.13144  -0.22020   0.06746
   0.13682  -0.22871   0.06820
   0.14229  -0.23733   0.06892
   0.14784  -0.24606   0.06962
   0.15349  -0.25489   0.07031
   0.15923  -0.26381   0.07098
   0.16504  -0.27283   0.07163
   0.17095  -0.28194   0.07227
   0.17693  -0.29113   0.07289
   0.18299  -0.30041   0.07348
   0.18914  -0.30977   0.07406
   0.19536  -0.31921   0.07462
   0.20166  -0.32872   0.07516
   0.20803  -0.33830   0.07567
   0.21447  -0.34795   0.07617
   0.22099  -0.35766   0.07664
   0.22757  -0.36744   0.07710
   0.23422  -0.37727   0.07753
   0.24094  -0.38716   0.07794
   0.24772  -0.39709   0.07832
   0.25457  -0.40708   0.07868
   0.26148  -0.41711   0.07902
   0.26845  -0.42718   0.07934
   0.27547  -0.43729   0.07963
   0.28255  -0.44743   0.07990
   0.28968  -0.45761   0.08015
   0.29687  -0.46782   0.08037
   0.30411  -0.47805   0.08057
   0.31140  -0.48830   0.08074
   0.31873  -0.49857   0.08089
   0.32611  -0.50885   0.08101
   0.33353  -0.51915   0.08111
   0.34099  -0.52945   0.08119
   0.34850  -0.53976   0.08124
   0.35604  -0.55007   0.08127
   0.36362  -0.56038   0.08127
   0.37123  -0.57069   0.08124
   0.37887  -0.58100   0.08120
   0.38654  -0.59129   0.08113
   0.39424  -0.60157   0.08103
   0.40197  -0.61184   0.08091
   0.40972  -0.62210   0.08077
   0.41750  -0.63233   0.08060
   0.42529  -0.64254   0.08041
   0.43311  -0.65273   0.08020
   0.44094  -0.66289   0.07996
   0.44878  -0.67302   0.07970
   0.45664  -0.68312   0.07942
   0.46451  -0.69319   0.07911
   0.47239  -0.70322   0.07878
   0.48027  -0.71321   0.07843
   0.48816  -0.72315   0.07806
   0.49605  -0.73306   0.07767
   0.50395  -0.74292   0.07726
   0.51184  -0.75273   0.07682
   0.51973  -0.76249   0.07637
   0.52761  -0.77219   0.07589
   0.53549  -0.78184   0.07540
   0.54336  -0.79143   0.07488
   0.55122  -0.80096   0.07435
   0.55906  -0.81043   0.07380
   0.56689  -0.81984   0.07323
   0.57471  -0.82918   0.07264
   0.58250  -0.83845   0.07204
   0.59028  -0.84766   0.07142
   0.59803  -0.85679   0.07078
   0.60576  -0.86585   0.07013
   0.61346  -0.87484   0.06946
   0.62113  -0.88375   0.06878
   0.62877  -0.89258   0.06808
   0.63638  -0.90133   0.06737
   0.64396  -0.91001   0.06665
   0.65150  -0.91860   0.06591
   0.65901  -0.92711   0.06516
   0.66647  -0.93553   0.06440
   0.67389  -0.94387   0.06363
   0.68127  -0.95212   0.06285
   0.68860  -0.96028   0.06206
   0.69589  -0.96835   0.06126
   0.70313  -0.97634   0.06045
   0.71031  -0.98423   0.05963
   0.71745  -0.99202   0.05881
   0.72453  -0.99972   0.05797
   0.73155  -1.00733   0.05714
   0.73852  -1.01484   0.05629
   0.74543  -1.02226   0.05544
   0.75228  -1.02957   0.05459
   0.75906  -1.03679   0.05373
   0.76578  -1.04391   0.05287
   0.77243  -1.05092   0.05201
   0.77901  -1.05784   0.05114
   0.78553  -1.06465   0.05028
   0.79197  -1.07136   0.04941
   0.79834  -1.07797   0.04854
   0.80464  -1.08447   0.04767
   0.81086  -1.09087   0.04681
   0.81701  -1.09716   0.04594
   0.82307  -1.10335   0.04508
   0.82905  -1.10943   0.04422
   0.83496  -1.11541   0.04336
   0.84077  -1.12127   0.04251
   0.84651  -1.12703   0.04166
   0.85216  -1.13268   0.04082
   0.85771  -1.13822   0.03998
   0.86318  -1.14366   0.03915
   0.86856  -1.14898   0.03833
   0.87385  -1.15420   0.03751
   0.87905  -1.15930   0.03670
   0.88415  -1.16429   0.03590
   0.88915  -1.16918   0.03511
   0.89406  -1.17395   0.03433
   0.89887  -1.17861   0.03356
   0.90358  -1.18316   0.03281
   0.90819  -1.18760   0.03206
   0.91270  -1.19193   0.03132
   0.91710  -1.19615   0.03060
   0.92140  -1.20025   0.02989
   0.92560  -1.20424   0.02919
   0.92969  -1.20812   0.02851
   0.93367  -1.21189   0.02784
   0.93754  -1.21555   0.02718
   0.94131  -1.21909   0.02655
   0.94496  -1.22252   0.02592
   0.94851  -1.22584   0.02532
   0.95194  -1.22905   0.02472
   0.95526  -1.23214   0.02415
   0.95847  -1.23512   0.02359
   0.96156  -1.23799   0.02306
   0.96454  -1.24074   0.02254
   0.96740  -1.24339   0.02203
   0.97015  -1.24592   0.02155
   0.97277  -1.24833   0.02109
   0.97528  -1.25064   0.02064
   0.97768  -1.25283   0.02022
   0.97995  -1.25491   0.01981
   0.98210  -1.25688   0.01943
   0.98413  -1.25873   0.01906
   0.98605  -1.26048   0.01872
   0.98784  -1.26210   0.01840
   0.98951  -1.26362   0.01809
   0.99105  -1.26503   0.01782
   0.99248  -1.26632   0.01756
   0.99378  -1.26750   0.01732
   0.99496  -1.26856   0.01711
   0.99602  -1.26952   0.01691
   0.99695  -1.27036   0.01675
   0.99776  -1.27109   0.01660
   0.99844  -1.27171   0.01647
   0.99900  -1.27222   0.01637
   0.99944  -1.27261   0.01629
   0.99975  -1.27289   0.01623
   0.99994  -1.27306   0.01620
   1.00000  -1.27311   0.01619

  BLADE SURFACE COORDINATES GENERATED USING INTYPE = 1

  XUP          YUP       XLOW      YLOW 
   0.00001   0.01619  -0.00001  -0.01619
   0.00007   0.01615   0.00005  -0.01637
   0.00026   0.01595   0.00024  -0.01684
   0.00057   0.01557   0.00055  -0.01756
   0.00101   0.01500   0.00099  -0.01854
   0.00157   0.01424   0.00155  -0.01976
   0.00225   0.01328   0.00223  -0.02122
   0.00306   0.01212   0.00304  -0.02293
   0.00399   0.01076   0.00397  -0.02487
   0.00505   0.00920   0.00503  -0.02705
   0.00623   0.00744   0.00621  -0.02945
   0.00753   0.00548   0.00751  -0.03209
   0.00896   0.00332   0.00894  -0.03495
   0.01050   0.00096   0.01048  -0.03803
   0.01217  -0.00160   0.01215  -0.04134
   0.01396  -0.00436   0.01394  -0.04486
   0.01588  -0.00731   0.01586  -0.04860
   0.01791  -0.01046   0.01789  -0.05255
   0.02006  -0.01381   0.02004  -0.05671
   0.02233  -0.01736   0.02231  -0.06108
   0.02473  -0.02109   0.02471  -0.06565
   0.02724  -0.02501   0.02722  -0.07042
   0.02986  -0.02913   0.02984  -0.07540
   0.03261  -0.03343   0.03259  -0.08056
   0.03547  -0.03792   0.03545  -0.08592
   0.03845  -0.04259   0.03843  -0.09147
   0.04154  -0.04744   0.04152  -0.09720
   0.04475  -0.05247   0.04473  -0.10311
   0.04807  -0.05767   0.04805  -0.10920
   0.05150  -0.06305   0.05148  -0.11546
   0.05505  -0.06860   0.05503  -0.12190
   0.05870  -0.07432   0.05868  -0.12851
   0.06247  -0.08020   0.06245  -0.13527
   0.06634  -0.08625   0.06632  -0.14220
   0.07032  -0.09246   0.07030  -0.14929
   0.07441  -0.09883   0.07439  -0.15652
   0.07861  -0.10535   0.07859  -0.16391
   0.08291  -0.11202   0.08289  -0.17144
   0.08731  -0.11885   0.08729  -0.17912
   0.09182  -0.12582   0.09180  -0.18693
   0.09643  -0.13293   0.09641  -0.19487
   0.10114  -0.14018   0.10112  -0.20295
   0.10595  -0.14757   0.10593  -0.21115
   0.11086  -0.15509   0.11084  -0.21948
   0.11586  -0.16275   0.11584  -0.22792
   0.12096  -0.17053   0.12094  -0.23648
   0.12616  -0.17844   0.12614  -0.24515
   0.13145  -0.18646   0.13143  -0.25393
   0.13683  -0.19461   0.13681  -0.26281
   0.14230  -0.20287   0.14228  -0.27179
   0.14785  -0.21125   0.14783  -0.28087
   0.15350  -0.21973   0.15348  -0.29004
   0.15924  -0.22832   0.15922  -0.29930
   0.16505  -0.23701   0.16503  -0.30865
   0.17096  -0.24580   0.17094  -0.31807
   0.17694  -0.25469   0.17692  -0.32758
   0.18300  -0.26367   0.18298  -0.33715
   0.18915  -0.27274   0.18913  -0.34680
   0.19537  -0.28190   0.19535  -0.35652
   0.20167  -0.29114   0.20165  -0.36630
   0.20804  -0.30047   0.20802  -0.37614
   0.21448  -0.30987   0.21446  -0.38604
   0.22100  -0.31934   0.22098  -0.39599
   0.22758  -0.32889   0.22756  -0.40599
   0.23423  -0.33851   0.23421  -0.41603
   0.24095  -0.34819   0.24093  -0.42612
   0.24773  -0.35793   0.24771  -0.43625
   0.25458  -0.36773   0.25456  -0.44642
   0.26149  -0.37759   0.26147  -0.45662
   0.26846  -0.38751   0.26844  -0.46685
   0.27548  -0.39747   0.27546  -0.47711
   0.28256  -0.40748   0.28254  -0.48739
   0.28969  -0.41754   0.28967  -0.49769
   0.29688  -0.42763   0.29686  -0.50800
   0.30412  -0.43776   0.30410  -0.51833
   0.31141  -0.44793   0.31139  -0.52867
   0.31874  -0.45812   0.31872  -0.53901
   0.32612  -0.46834   0.32610  -0.54936
   0.33354  -0.47859   0.33352  -0.55970
   0.34100  -0.48886   0.34098  -0.57004
   0.34851  -0.49914   0.34849  -0.58038
   0.35605  -0.50944   0.35603  -0.59070
   0.36363  -0.51975   0.36361  -0.60102
   0.37124  -0.53007   0.37122  -0.61131
   0.37888  -0.54040   0.37886  -0.62159
   0.38655  -0.55073   0.38653  -0.63185
   0.39425  -0.56106   0.39423  -0.64209
   0.40198  -0.57139   0.40196  -0.65230
   0.40973  -0.58171   0.40971  -0.66248
   0.41751  -0.59203   0.41749  -0.67263
   0.42530  -0.60234   0.42528  -0.68275
   0.43312  -0.61263   0.43310  -0.69283
   0.44095  -0.62291   0.44093  -0.70287
   0.44879  -0.63317   0.44877  -0.71287
   0.45665  -0.64341   0.45663  -0.72283
   0.46452  -0.65363   0.46450  -0.73274
   0.47240  -0.66382   0.47238  -0.74261
   0.48028  -0.67399   0.48026  -0.75242
   0.48817  -0.68412   0.48815  -0.76219
   0.49606  -0.69422   0.49604  -0.77189
   0.50396  -0.70429   0.50394  -0.78155
   0.51185  -0.71432   0.51183  -0.79114
   0.51974  -0.72430   0.51972  -0.80067
   0.52762  -0.73425   0.52760  -0.81014
   0.53550  -0.74414   0.53548  -0.81954
   0.54337  -0.75399   0.54335  -0.82887
   0.55123  -0.76379   0.55121  -0.83814
   0.55907  -0.77353   0.55905  -0.84733
   0.56690  -0.78322   0.56688  -0.85645
   0.57472  -0.79286   0.57470  -0.86550
   0.58251  -0.80243   0.58249  -0.87447
   0.59029  -0.81195   0.59027  -0.88336
   0.59804  -0.82140   0.59802  -0.89218
   0.60577  -0.83079   0.60575  -0.90091
   0.61347  -0.84011   0.61345  -0.90957
   0.62114  -0.84936   0.62112  -0.91813
   0.62878  -0.85854   0.62876  -0.92662
   0.63639  -0.86765   0.63637  -0.93502
   0.64397  -0.87668   0.64395  -0.94333
   0.65151  -0.88564   0.65149  -0.95155
   0.65902  -0.89453   0.65900  -0.95969
   0.66648  -0.90333   0.66646  -0.96773
   0.67390  -0.91205   0.67388  -0.97568
   0.68128  -0.92070   0.68126  -0.98354
   0.68861  -0.92925   0.68859  -0.99131
   0.69590  -0.93773   0.69588  -0.99898
   0.70314  -0.94611   0.70312  -1.00656
   0.71033  -0.95441   0.71030  -1.01404
   0.71746  -0.96262   0.71744  -1.02142
   0.72454  -0.97074   0.72452  -1.02871
   0.73156  -0.97876   0.73154  -1.03590
   0.73853  -0.98670   0.73851  -1.04299
   0.74544  -0.99453   0.74542  -1.04998
   0.75229  -1.00228   0.75227  -1.05687
   0.75907  -1.00992   0.75905  -1.06365
   0.76579  -1.01747   0.76577  -1.07034
   0.77244  -1.02492   0.77242  -1.07693
   0.77902  -1.03227   0.77900  -1.08341
   0.78554  -1.03951   0.78552  -1.08979
   0.79198  -1.04666   0.79196  -1.09607
   0.79835  -1.05370   0.79833  -1.10224
   0.80465  -1.06064   0.80463  -1.10831
   0.81087  -1.06747   0.81085  -1.11427
   0.81702  -1.07419   0.81700  -1.12013
   0.82308  -1.08081   0.82306  -1.12589
   0.82906  -1.08732   0.82904  -1.13154
   0.83497  -1.09373   0.83495  -1.13709
   0.84078  -1.10002   0.84076  -1.14253
   0.84652  -1.10620   0.84650  -1.14786
   0.85217  -1.11227   0.85215  -1.15309
   0.85772  -1.11823   0.85770  -1.15822
   0.86319  -1.12408   0.86317  -1.16323
   0.86857  -1.12982   0.86855  -1.16815
   0.87386  -1.13544   0.87384  -1.17295
   0.87906  -1.14095   0.87904  -1.17765
   0.88416  -1.14634   0.88414  -1.18225
   0.88916  -1.15162   0.88914  -1.18674
   0.89407  -1.15678   0.89405  -1.19112
   0.89888  -1.16183   0.89886  -1.19540
   0.90359  -1.16676   0.90357  -1.19957
   0.90820  -1.17157   0.90818  -1.20363
   0.91271  -1.17627   0.91269  -1.20759
   0.91711  -1.18085   0.91709  -1.21145
   0.92141  -1.18531   0.92139  -1.21520
   0.92561  -1.18965   0.92559  -1.21884
   0.92970  -1.19387   0.92968  -1.22238
   0.93368  -1.19797   0.93366  -1.22581
   0.93755  -1.20196   0.93753  -1.22914
   0.94132  -1.20582   0.94130  -1.23236
   0.94497  -1.20956   0.94495  -1.23548
   0.94852  -1.21318   0.94850  -1.23850
   0.95195  -1.21668   0.95193  -1.24141
   0.95527  -1.22006   0.95525  -1.24421
   0.95848  -1.22332   0.95846  -1.24692
   0.96157  -1.22646   0.96155  -1.24952
   0.96455  -1.22948   0.96453  -1.25201
   0.96741  -1.23237   0.96739  -1.25440
   0.97016  -1.23514   0.97014  -1.25669
   0.97278  -1.23779   0.97276  -1.25888
   0.97529  -1.24032   0.97527  -1.26096
   0.97769  -1.24272   0.97767  -1.26294
   0.97996  -1.24501   0.97994  -1.26482
   0.98211  -1.24717   0.98209  -1.26659
   0.98414  -1.24920   0.98412  -1.26826
   0.98606  -1.25112   0.98604  -1.26983
   0.98785  -1.25291   0.98783  -1.27130
   0.98952  -1.25457   0.98950  -1.27267
   0.99106  -1.25612   0.99104  -1.27393
   0.99249  -1.25754   0.99247  -1.27510
   0.99379  -1.25884   0.99377  -1.27616
   0.99497  -1.26001   0.99495  -1.27712
   0.99603  -1.26106   0.99601  -1.27798
   0.99696  -1.26199   0.99694  -1.27873
   0.99777  -1.26279   0.99775  -1.27939
   0.99845  -1.26347   0.99843  -1.27995
   0.99901  -1.26403   0.99899  -1.28040
   0.99945  -1.26446   0.99943  -1.28075
   0.99976  -1.26477   0.99974  -1.28101
   0.99995  -1.26496   0.99993  -1.28116
   1.00001  -1.26502   0.99999  -1.28121

XIN,   MODIFIED LEADING EDGE THICKNESS     0.00000     0.00000
XIN,   MODIFIED LEADING EDGE THICKNESS     0.00006     0.09652
XIN,   MODIFIED LEADING EDGE THICKNESS     0.00025     0.19214
XIN,   MODIFIED LEADING EDGE THICKNESS     0.00056     0.28594
XIN,   MODIFIED LEADING EDGE THICKNESS     0.00100     0.37704
XIN,   MODIFIED LEADING EDGE THICKNESS     0.00156     0.46457
XIN,   MODIFIED LEADING EDGE THICKNESS     0.00224     0.54766
XIN,   MODIFIED LEADING EDGE THICKNESS     0.00305     0.62551
XIN,   MODIFIED LEADING EDGE THICKNESS     0.00398     0.69735
XIN,   MODIFIED LEADING EDGE THICKNESS     0.00504     0.76246
XIN,   MODIFIED LEADING EDGE THICKNESS     0.00622     0.82022
XIN,   MODIFIED LEADING EDGE THICKNESS     0.00752     0.87008
XIN,   MODIFIED LEADING EDGE THICKNESS     0.00895     0.91166
XIN,   MODIFIED LEADING EDGE THICKNESS     0.01049     0.94477
XIN,   MODIFIED LEADING EDGE THICKNESS     0.01216     0.96944
XIN,   MODIFIED LEADING EDGE THICKNESS     0.01395     0.98609
XIN,   MODIFIED LEADING EDGE THICKNESS     0.01587     0.99557
XIN,   MODIFIED LEADING EDGE THICKNESS     0.01790     0.99942
 XIN,   MODIFIED TRAILING EDGE THICKNESS     0.99105     0.99442
 XIN,   MODIFIED TRAILING EDGE THICKNESS     0.99248     0.96876
 XIN,   MODIFIED TRAILING EDGE THICKNESS     0.99378     0.92571
 XIN,   MODIFIED TRAILING EDGE THICKNESS     0.99496     0.86823
 XIN,   MODIFIED TRAILING EDGE THICKNESS     0.99602     0.79867
 XIN,   MODIFIED TRAILING EDGE THICKNESS     0.99695     0.71900
 XIN,   MODIFIED TRAILING EDGE THICKNESS     0.99776     0.63090
 XIN,   MODIFIED TRAILING EDGE THICKNESS     0.99844     0.53585
 XIN,   MODIFIED TRAILING EDGE THICKNESS     0.99900     0.43519
 XIN,   MODIFIED TRAILING EDGE THICKNESS     0.99944     0.33013
 XIN,   MODIFIED TRAILING EDGE THICKNESS     0.99975     0.22186
 XIN,   MODIFIED TRAILING EDGE THICKNESS     0.99994     0.11144
 XIN,   MODIFIED TRAILING EDGE THICKNESS     1.00000     0.00000

  POINTS NEARLY PERPENDICULAR TO THE CENTRE LINE BEFORE THINNING 
        N        XUPP      YUPP        XLOW        YLOW 
         1     0.00813     0.00458    -0.00513    -0.00289
         2     0.00820     0.00447    -0.00509    -0.00301
         3     0.00841     0.00415    -0.00495    -0.00337
         4     0.00876     0.00362    -0.00472    -0.00397
         5     0.00924     0.00288    -0.00439    -0.00481
         6     0.00987     0.00193    -0.00398    -0.00589
         7     0.01063     0.00076    -0.00347    -0.00720
         8     0.01153    -0.00062    -0.00287    -0.00875
         9     0.01257    -0.00220    -0.00218    -0.01054
        10     0.01373    -0.00401    -0.00140    -0.01257
        11     0.01503    -0.00601    -0.00053    -0.01483
        12     0.01647    -0.00823     0.00045    -0.01731
        13     0.01803    -0.01065     0.00164    -0.01996
        14     0.01972    -0.01329     0.00298    -0.02280
        15     0.02154    -0.01612     0.00445    -0.02586
        16     0.02349    -0.01916     0.00605    -0.02911
        17     0.02557    -0.02241     0.00776    -0.03259
        18     0.02777    -0.02585     0.00960    -0.03626
        19     0.03010    -0.02950     0.01155    -0.04014
        20     0.03255    -0.03334     0.01362    -0.04422
        21     0.03512    -0.03737     0.01581    -0.04850
        22     0.03782    -0.04160     0.01811    -0.05298
        23     0.04064    -0.04602     0.02054    -0.05766
        24     0.04357    -0.05062     0.02307    -0.06253
        25     0.04663    -0.05542     0.02572    -0.06758
        26     0.04980    -0.06039     0.02849    -0.07283
        27     0.05310    -0.06555     0.03137    -0.07826
        28     0.05650    -0.07088     0.03436    -0.08387
        29     0.06003    -0.07639     0.03747    -0.08966
        30     0.06366    -0.08207     0.04068    -0.09563
        31     0.06741    -0.08792     0.04401    -0.10177
        32     0.07127    -0.09394     0.04745    -0.10808
        33     0.07524    -0.10012     0.05099    -0.11456
        34     0.07932    -0.10646     0.05465    -0.12120
        35     0.08351    -0.11295     0.05841    -0.12800
        36     0.08780    -0.11960     0.06228    -0.13496
        37     0.09221    -0.12641     0.06626    -0.14207
        38     0.09671    -0.13336     0.07034    -0.14935
        39     0.10132    -0.14045     0.07453    -0.15676
        40     0.10603    -0.14769     0.07882    -0.16431
        41     0.11084    -0.15505     0.08321    -0.17200
        42     0.11574    -0.16256     0.08771    -0.17983
        43     0.12075    -0.17020     0.09230    -0.18779
        44     0.12585    -0.17797     0.09700    -0.19588
        45     0.13105    -0.18586     0.10179    -0.20409
        46     0.13634    -0.19387     0.10668    -0.21243
        47     0.14172    -0.20200     0.11167    -0.22088
        48     0.14720    -0.21025     0.11676    -0.22945
        49     0.15276    -0.21861     0.12193    -0.23813
        50     0.15841    -0.22707     0.12720    -0.24692
        51     0.16414    -0.23564     0.13257    -0.25581
        52     0.16996    -0.24432     0.13802    -0.26480
        53     0.17587    -0.25309     0.14356    -0.27389
        54     0.18185    -0.26195     0.14919    -0.28308
        55     0.18791    -0.27091     0.15491    -0.29235
        56     0.19405    -0.27996     0.16071    -0.30171
        57     0.20027    -0.28909     0.16660    -0.31115
        58     0.20656    -0.29830     0.17257    -0.32067
        59     0.21293    -0.30759     0.17862    -0.33026
        60     0.21936    -0.31696     0.18475    -0.33993
        61     0.22587    -0.32640     0.19096    -0.34967
        62     0.23244    -0.33591     0.19725    -0.35947
        63     0.23908    -0.34549     0.20362    -0.36934
        64     0.24579    -0.35513     0.21005    -0.37926
        65     0.25256    -0.36483     0.21656    -0.38924
        66     0.25939    -0.37458     0.22314    -0.39928
        67     0.26627    -0.38439     0.22979    -0.40936
        68     0.27322    -0.39426     0.23651    -0.41948
        69     0.28022    -0.40416     0.24330    -0.42965
        70     0.28727    -0.41412     0.25015    -0.43986
        71     0.29438    -0.42411     0.25706    -0.45010
        72     0.30154    -0.43415     0.26403    -0.46038
        73     0.30875    -0.44421     0.27107    -0.47069
        74     0.31600    -0.45431     0.27816    -0.48102
        75     0.32330    -0.46443     0.28531    -0.49138
        76     0.33064    -0.47458     0.29251    -0.50175
        77     0.33802    -0.48475     0.29976    -0.51214
        78     0.34545    -0.49494     0.30707    -0.52254
        79     0.35290    -0.50514     0.31442    -0.53295
        80     0.36040    -0.51535     0.32183    -0.54336
        81     0.36793    -0.52558     0.32927    -0.55378
        82     0.37549    -0.53581     0.33677    -0.56419
        83     0.38308    -0.54604     0.34430    -0.57460
        84     0.39069    -0.55628     0.35187    -0.58501
        85     0.39834    -0.56651     0.35948    -0.59540
        86     0.40601    -0.57674     0.36713    -0.60578
        87     0.41370    -0.58697     0.37482    -0.61615
        88     0.42141    -0.59718     0.38253    -0.62650
        89     0.42913    -0.60738     0.39028    -0.63683
        90     0.43688    -0.61757     0.39805    -0.64713
        91     0.44464    -0.62774     0.40586    -0.65741
        92     0.45241    -0.63788     0.41368    -0.66766
        93     0.46019    -0.64801     0.42153    -0.67787
        94     0.46799    -0.65811     0.42940    -0.68806
        95     0.47578    -0.66819     0.43729    -0.69820
        96     0.48359    -0.67823     0.44520    -0.70831
        97     0.49139    -0.68825     0.45312    -0.71838
        98     0.49920    -0.69823     0.46106    -0.72840
        99     0.50701    -0.70817     0.46900    -0.73837
       100     0.51482    -0.71807     0.47696    -0.74830
       101     0.52262    -0.72793     0.48492    -0.75818
       102     0.53041    -0.73775     0.49289    -0.76800
       103     0.53820    -0.74751     0.50086    -0.77777
       104     0.54597    -0.75723     0.50883    -0.78748
       105     0.55374    -0.76690     0.51680    -0.79713
       106     0.56149    -0.77652     0.52476    -0.80671
       107     0.56922    -0.78608     0.53272    -0.81623
       108     0.57694    -0.79559     0.54068    -0.82569
       109     0.58464    -0.80503     0.54862    -0.83507
       110     0.59231    -0.81441     0.55655    -0.84439
       111     0.59996    -0.82374     0.56447    -0.85363
       112     0.60759    -0.83299     0.57238    -0.86280
       113     0.61519    -0.84218     0.58026    -0.87189
       114     0.62276    -0.85131     0.58813    -0.88091
       115     0.63031    -0.86036     0.59598    -0.88984
       116     0.63782    -0.86934     0.60380    -0.89869
       117     0.64529    -0.87825     0.61159    -0.90747
       118     0.65273    -0.88709     0.61936    -0.91615
       119     0.66013    -0.89585     0.62710    -0.92476
       120     0.66750    -0.90453     0.63481    -0.93327
       121     0.67482    -0.91313     0.64248    -0.94170
       122     0.68210    -0.92165     0.65012    -0.95004
       123     0.68933    -0.93009     0.65772    -0.95828
       124     0.69652    -0.93845     0.66528    -0.96644
       125     0.70366    -0.94672     0.67279    -0.97450
       126     0.71076    -0.95491     0.68027    -0.98247
       127     0.71780    -0.96300     0.68770    -0.99034
       128     0.72478    -0.97101     0.69508    -0.99812
       129     0.73172    -0.97894     0.70241    -1.00580
       130     0.73859    -0.98677     0.70969    -1.01338
       131     0.74541    -0.99449     0.71691    -1.02086
       132     0.75217    -1.00214     0.72408    -1.02824
       133     0.75887    -1.00969     0.73120    -1.03553
       134     0.76551    -1.01715     0.73825    -1.04270
       135     0.77208    -1.02451     0.74524    -1.04978
       136     0.77859    -1.03177     0.75217    -1.05676
       137     0.78503    -1.03894     0.75904    -1.06363
       138     0.79140    -1.04601     0.76584    -1.07041
       139     0.79771    -1.05297     0.77257    -1.07707
       140     0.80394    -1.05984     0.77923    -1.08363
       141     0.81010    -1.06661     0.78581    -1.09008
       142     0.81618    -1.07327     0.79233    -1.09642
       143     0.82219    -1.07983     0.79877    -1.10265
       144     0.82812    -1.08629     0.80513    -1.10878
       145     0.83397    -1.09264     0.81141    -1.11480
       146     0.83974    -1.09889     0.81761    -1.12072
       147     0.84544    -1.10503     0.82373    -1.12652
       148     0.85104    -1.11106     0.82976    -1.13222
       149     0.85657    -1.11699     0.83571    -1.13780
       150     0.86201    -1.12281     0.84157    -1.14328
       151     0.86736    -1.12852     0.84734    -1.14865
       152     0.87263    -1.13413     0.85303    -1.15390
       153     0.87781    -1.13962     0.85862    -1.15905
       154     0.88290    -1.14500     0.86411    -1.16409
       155     0.88789    -1.15028     0.86952    -1.16902
       156     0.89280    -1.15544     0.87482    -1.17384
       157     0.89761    -1.16049     0.88003    -1.17854
       158     0.90232    -1.16544     0.88514    -1.18314
       159     0.90695    -1.17026     0.89014    -1.18763
       160     0.91147    -1.17498     0.89505    -1.19201
       161     0.91590    -1.17958     0.89985    -1.19627
       162     0.92022    -1.18407     0.90455    -1.20043
       163     0.92445    -1.18845     0.90914    -1.20448
       164     0.92858    -1.19271     0.91362    -1.20841
       165     0.93261    -1.19686     0.91800    -1.21224
       166     0.93653    -1.20090     0.92227    -1.21596
       167     0.94035    -1.20482     0.92642    -1.21956
       168     0.94406    -1.20863     0.93047    -1.22306
       169     0.94767    -1.21232     0.93440    -1.22644
       170     0.95118    -1.21589     0.93821    -1.22972
       171     0.95457    -1.21935     0.94192    -1.23289
       172     0.95786    -1.22270     0.94550    -1.23595
       173     0.96104    -1.22592     0.94897    -1.23890
       174     0.96412    -1.22904     0.95232    -1.24174
       175     0.96708    -1.23203     0.95556    -1.24447
       176     0.96993    -1.23491     0.95867    -1.24709
       177     0.97267    -1.23767     0.96166    -1.24961
       178     0.97530    -1.24032     0.96453    -1.25201
       179     0.97781    -1.24285     0.96728    -1.25431
       180     0.98022    -1.24526     0.96991    -1.25650
       181     0.98250    -1.24756     0.97241    -1.25858
       182     0.98468    -1.24974     0.97479    -1.26055
       183     0.98674    -1.25180     0.97704    -1.26242
       184     0.98868    -1.25374     0.97917    -1.26418
       185     0.99051    -1.25557     0.98117    -1.26583
       186     0.99223    -1.25728     0.98304    -1.26738
       187     0.99382    -1.25887     0.98479    -1.26881
       188     0.99530    -1.26034     0.98641    -1.27014
       189     0.99667    -1.26170     0.98791    -1.27137
       190     0.99791    -1.26294     0.98927    -1.27248
       191     0.99904    -1.26406     0.99050    -1.27349
       192     1.00005    -1.26506     0.99161    -1.27440
       193     1.00094    -1.26594     0.99259    -1.27519
       194     1.00171    -1.26671     0.99343    -1.27588
       195     1.00237    -1.26736     0.99415    -1.27647
       196     1.00290    -1.26789     0.99474    -1.27694
       197     1.00332    -1.26830     0.99520    -1.27732
       198     1.00362    -1.26860     0.99552    -1.27758
       199     1.00380    -1.26878     0.99572    -1.27774
       200     1.00386    -1.26884     0.99578    -1.27779
  COORDINATES GOING ROUND THE BLADE AFTER ANY ROTATION
     N        XSURF        YSURF 
         1     0.00182     0.00102
         2     0.00220     0.00109
         3     0.00301     0.00111
         4     0.00395     0.00091
         5     0.00500     0.00049
         6     0.00616    -0.00017
         7     0.00744    -0.00104
         8     0.00883    -0.00214
         9     0.01033    -0.00347
        10     0.01194    -0.00502
        11     0.01363    -0.00680
        12     0.01543    -0.00882
        13     0.01731    -0.01106
        14     0.01926    -0.01355
        15     0.02128    -0.01627
        16     0.02337    -0.01923
        17     0.02553    -0.02243
        18     0.02777    -0.02585
        19     0.03010    -0.02950
        20     0.03255    -0.03334
        21     0.03512    -0.03737
        22     0.03782    -0.04160
        23     0.04064    -0.04602
        24     0.04357    -0.05062
        25     0.04663    -0.05542
        26     0.04980    -0.06039
        27     0.05310    -0.06555
        28     0.05650    -0.07088
        29     0.06003    -0.07639
        30     0.06366    -0.08207
        31     0.06741    -0.08792
        32     0.07127    -0.09394
        33     0.07524    -0.10012
        34     0.07932    -0.10646
        35     0.08351    -0.11295
        36     0.08780    -0.11960
        37     0.09221    -0.12641
        38     0.09671    -0.13336
        39     0.10132    -0.14045
        40     0.10603    -0.14769
        41     0.11084    -0.15505
        42     0.11574    -0.16256
        43     0.12075    -0.17020
        44     0.12585    -0.17797
        45     0.13105    -0.18586
        46     0.13634    -0.19387
        47     0.14172    -0.20200
        48     0.14720    -0.21025
        49     0.15276    -0.21861
        50     0.15841    -0.22707
        51     0.16414    -0.23564
        52     0.16996    -0.24432
        53     0.17587    -0.25309
        54     0.18185    -0.26195
        55     0.18791    -0.27091
        56     0.19405    -0.27996
        57     0.20027    -0.28909
        58     0.20656    -0.29830
        59     0.21293    -0.30759
        60     0.21936    -0.31696
        61     0.22587    -0.32640
        62     0.23244    -0.33591
        63     0.23908    -0.34549
        64     0.24579    -0.35513
        65     0.25256    -0.36483
        66     0.25939    -0.37458
        67     0.26627    -0.38439
        68     0.27322    -0.39426
        69     0.28022    -0.40416
        70     0.28727    -0.41412
        71     0.29438    -0.42411
        72     0.30154    -0.43415
        73     0.30875    -0.44421
        74     0.31600    -0.45431
        75     0.32330    -0.46443
        76     0.33064    -0.47458
        77     0.33802    -0.48475
        78     0.34545    -0.49494
        79     0.35290    -0.50514
        80     0.36040    -0.51535
        81     0.36793    -0.52558
        82     0.37549    -0.53581
        83     0.38308    -0.54604
        84     0.39069    -0.55628
        85     0.39834    -0.56651
        86     0.40601    -0.57674
        87     0.41370    -0.58697
        88     0.42141    -0.59718
        89     0.42913    -0.60738
        90     0.43688    -0.61757
        91     0.44464    -0.62774
        92     0.45241    -0.63788
        93     0.46019    -0.64801
        94     0.46799    -0.65811
        95     0.47578    -0.66819
        96     0.48359    -0.67823
        97     0.49139    -0.68825
        98     0.49920    -0.69823
        99     0.50701    -0.70817
       100     0.51482    -0.71807
       101     0.52262    -0.72793
       102     0.53041    -0.73775
       103     0.53820    -0.74751
       104     0.54597    -0.75723
       105     0.55374    -0.76690
       106     0.56149    -0.77652
       107     0.56922    -0.78608
       108     0.57694    -0.79559
       109     0.58464    -0.80503
       110     0.59231    -0.81441
       111     0.59996    -0.82374
       112     0.60759    -0.83299
       113     0.61519    -0.84218
       114     0.62276    -0.85131
       115     0.63031    -0.86036
       116     0.63782    -0.86934
       117     0.64529    -0.87825
       118     0.65273    -0.88709
       119     0.66013    -0.89585
       120     0.66750    -0.90453
       121     0.67482    -0.91313
       122     0.68210    -0.92165
       123     0.68933    -0.93009
       124     0.69652    -0.93845
       125     0.70366    -0.94672
       126     0.71076    -0.95491
       127     0.71780    -0.96300
       128     0.72478    -0.97101
       129     0.73172    -0.97894
       130     0.73859    -0.98677
       131     0.74541    -0.99449
       132     0.75217    -1.00214
       133     0.75887    -1.00969
       134     0.76551    -1.01715
       135     0.77208    -1.02451
       136     0.77859    -1.03177
       137     0.78503    -1.03894
       138     0.79140    -1.04601
       139     0.79771    -1.05297
       140     0.80394    -1.05984
       141     0.81010    -1.06661
       142     0.81618    -1.07327
       143     0.82219    -1.07983
       144     0.82812    -1.08629
       145     0.83397    -1.09264
       146     0.83974    -1.09889
       147     0.84544    -1.10503
       148     0.85104    -1.11106
       149     0.85657    -1.11699
       150     0.86201    -1.12281
       151     0.86736    -1.12852
       152     0.87263    -1.13413
       153     0.87781    -1.13962
       154     0.88290    -1.14500
       155     0.88789    -1.15028
       156     0.89280    -1.15544
       157     0.89761    -1.16049
       158     0.90232    -1.16544
       159     0.90695    -1.17026
       160     0.91147    -1.17498
       161     0.91590    -1.17958
       162     0.92022    -1.18407
       163     0.92445    -1.18845
       164     0.92858    -1.19271
       165     0.93261    -1.19686
       166     0.93653    -1.20090
       167     0.94035    -1.20482
       168     0.94406    -1.20863
       169     0.94767    -1.21232
       170     0.95118    -1.21589
       171     0.95457    -1.21935
       172     0.95786    -1.22270
       173     0.96104    -1.22592
       174     0.96412    -1.22904
       175     0.96708    -1.23203
       176     0.96993    -1.23491
       177     0.97267    -1.23767
       178     0.97530    -1.24032
       179     0.97781    -1.24285
       180     0.98022    -1.24526
       181     0.98250    -1.24756
       182     0.98468    -1.24974
       183     0.98674    -1.25180
       184     0.98868    -1.25374
       185     0.99051    -1.25557
       186     0.99223    -1.25728
       187     0.99382    -1.25887
       188     0.99528    -1.26037
       189     0.99653    -1.26185
       190     0.99759    -1.26329
       191     0.99848    -1.26468
       192     0.99920    -1.26600
       193     0.99977    -1.26724
       194     1.00019    -1.26840
       195     1.00046    -1.26947
       196     1.00060    -1.27045
       197     1.00060    -1.27132
       198     1.00047    -1.27209
       199     1.00021    -1.27276
       200     1.00004    -1.27307
       201     0.99959    -1.27356
       202     0.99931    -1.27376
       203     0.99867    -1.27409
       204     0.99792    -1.27430
       205     0.99704    -1.27439
       206     0.99606    -1.27435
       207     0.99496    -1.27419
       208     0.99376    -1.27389
       209     0.99246    -1.27346
       210     0.99107    -1.27287
       211     0.98959    -1.27213
       212     0.98804    -1.27122
       213     0.98644    -1.27012
       214     0.98479    -1.26881
       215     0.98304    -1.26738
       216     0.98117    -1.26583
       217     0.97917    -1.26418
       218     0.97704    -1.26242
       219     0.97479    -1.26055
       220     0.97241    -1.25858
       221     0.96991    -1.25650
       222     0.96728    -1.25431
       223     0.96453    -1.25201
       224     0.96166    -1.24961
       225     0.95867    -1.24709
       226     0.95556    -1.24447
       227     0.95232    -1.24174
       228     0.94897    -1.23890
       229     0.94550    -1.23595
       230     0.94192    -1.23289
       231     0.93821    -1.22972
       232     0.93440    -1.22644
       233     0.93047    -1.22306
       234     0.92642    -1.21956
       235     0.92227    -1.21596
       236     0.91800    -1.21224
       237     0.91362    -1.20841
       238     0.90914    -1.20448
       239     0.90455    -1.20043
       240     0.89985    -1.19627
       241     0.89505    -1.19201
       242     0.89014    -1.18763
       243     0.88514    -1.18314
       244     0.88003    -1.17854
       245     0.87482    -1.17384
       246     0.86951    -1.16902
       247     0.86411    -1.16409
       248     0.85862    -1.15905
       249     0.85303    -1.15390
       250     0.84734    -1.14865
       251     0.84157    -1.14328
       252     0.83571    -1.13780
       253     0.82976    -1.13222
       254     0.82373    -1.12652
       255     0.81761    -1.12072
       256     0.81141    -1.11480
       257     0.80513    -1.10878
       258     0.79877    -1.10265
       259     0.79233    -1.09642
       260     0.78581    -1.09008
       261     0.77923    -1.08363
       262     0.77257    -1.07707
       263     0.76584    -1.07041
       264     0.75904    -1.06363
       265     0.75217    -1.05676
       266     0.74524    -1.04978
       267     0.73825    -1.04270
       268     0.73120    -1.03553
       269     0.72408    -1.02824
       270     0.71691    -1.02086
       271     0.70969    -1.01338
       272     0.70241    -1.00580
       273     0.69508    -0.99812
       274     0.68770    -0.99034
       275     0.68027    -0.98247
       276     0.67279    -0.97450
       277     0.66528    -0.96644
       278     0.65772    -0.95828
       279     0.65012    -0.95004
       280     0.64248    -0.94170
       281     0.63481    -0.93327
       282     0.62710    -0.92476
       283     0.61936    -0.91615
       284     0.61159    -0.90747
       285     0.60380    -0.89869
       286     0.59598    -0.88984
       287     0.58813    -0.88091
       288     0.58026    -0.87189
       289     0.57238    -0.86280
       290     0.56447    -0.85363
       291     0.55655    -0.84439
       292     0.54862    -0.83507
       293     0.54068    -0.82569
       294     0.53272    -0.81623
       295     0.52476    -0.80671
       296     0.51680    -0.79713
       297     0.50883    -0.78748
       298     0.50086    -0.77777
       299     0.49289    -0.76800
       300     0.48492    -0.75818
       301     0.47696    -0.74830
       302     0.46900    -0.73837
       303     0.46106    -0.72840
       304     0.45312    -0.71838
       305     0.44520    -0.70831
       306     0.43729    -0.69820
       307     0.42940    -0.68806
       308     0.42153    -0.67787
       309     0.41368    -0.66766
       310     0.40586    -0.65741
       311     0.39805    -0.64713
       312     0.39028    -0.63683
       313     0.38253    -0.62650
       314     0.37482    -0.61615
       315     0.36713    -0.60578
       316     0.35948    -0.59540
       317     0.35187    -0.58501
       318     0.34430    -0.57460
       319     0.33677    -0.56419
       320     0.32927    -0.55378
       321     0.32183    -0.54336
       322     0.31442    -0.53295
       323     0.30707    -0.52254
       324     0.29976    -0.51214
       325     0.29251    -0.50175
       326     0.28531    -0.49138
       327     0.27816    -0.48102
       328     0.27107    -0.47069
       329     0.26403    -0.46038
       330     0.25706    -0.45010
       331     0.25015    -0.43986
       332     0.24330    -0.42965
       333     0.23651    -0.41948
       334     0.22979    -0.40936
       335     0.22314    -0.39928
       336     0.21656    -0.38924
       337     0.21005    -0.37926
       338     0.20362    -0.36934
       339     0.19725    -0.35947
       340     0.19096    -0.34967
       341     0.18475    -0.33993
       342     0.17862    -0.33026
       343     0.17257    -0.32067
       344     0.16660    -0.31115
       345     0.16071    -0.30171
       346     0.15491    -0.29235
       347     0.14919    -0.28308
       348     0.14356    -0.27389
       349     0.13802    -0.26480
       350     0.13257    -0.25581
       351     0.12720    -0.24692
       352     0.12193    -0.23813
       353     0.11676    -0.22945
       354     0.11167    -0.22088
       355     0.10668    -0.21243
       356     0.10179    -0.20409
       357     0.09700    -0.19588
       358     0.09230    -0.18779
       359     0.08771    -0.17983
       360     0.08321    -0.17200
       361     0.07882    -0.16431
       362     0.07453    -0.15676
       363     0.07034    -0.14935
       364     0.06626    -0.14207
       365     0.06228    -0.13496
       366     0.05841    -0.12800
       367     0.05465    -0.12120
       368     0.05099    -0.11456
       369     0.04745    -0.10808
       370     0.04401    -0.10177
       371     0.04068    -0.09563
       372     0.03747    -0.08966
       373     0.03436    -0.08387
       374     0.03137    -0.07826
       375     0.02849    -0.07283
       376     0.02572    -0.06758
       377     0.02307    -0.06253
       378     0.02054    -0.05766
       379     0.01811    -0.05298
       380     0.01581    -0.04850
       381     0.01362    -0.04422
       382     0.01155    -0.04014
       383     0.00960    -0.03626
       384     0.00780    -0.03257
       385     0.00617    -0.02904
       386     0.00471    -0.02571
       387     0.00344    -0.02254
       388     0.00237    -0.01955
       389     0.00149    -0.01672
       390     0.00087    -0.01404
       391     0.00039    -0.01155
       392     0.00005    -0.00928
       393    -0.00018    -0.00723
       394    -0.00028    -0.00540
       395    -0.00027    -0.00379
       396    -0.00015    -0.00241
       397     0.00009    -0.00126
       398     0.00045    -0.00033
       399     0.00091     0.00037
       400     0.00118     0.00066
  LEADING EDGE POINT =          394  TE POINT =         197

  NO OF SUCT S POINTS         204  NO PRESS S POINTS         198
  XMIN,XMAX, XCHORD    -2.82517110E-04   1.00059843       1.00088096    

   SUCTION SURFACE POINTS FROM LE TO TE.
         1    -0.00028    -0.00540
         2    -0.00027    -0.00379
         3    -0.00015    -0.00241
         4     0.00009    -0.00126
         5     0.00045    -0.00033
         6     0.00091     0.00037
         7     0.00118     0.00066
         8     0.00182     0.00102
         9     0.00220     0.00109
        10     0.00301     0.00111
        11     0.00395     0.00091
        12     0.00500     0.00049
        13     0.00616    -0.00017
        14     0.00744    -0.00104
        15     0.00883    -0.00214
        16     0.01033    -0.00347
        17     0.01194    -0.00502
        18     0.01363    -0.00680
        19     0.01543    -0.00882
        20     0.01731    -0.01106
        21     0.01926    -0.01355
        22     0.02128    -0.01627
        23     0.02337    -0.01923
        24     0.02553    -0.02243
        25     0.02777    -0.02585
        26     0.03010    -0.02950
        27     0.03255    -0.03334
        28     0.03512    -0.03737
        29     0.03782    -0.04160
        30     0.04064    -0.04602
        31     0.04357    -0.05062
        32     0.04663    -0.05542
        33     0.04980    -0.06039
        34     0.05310    -0.06555
        35     0.05650    -0.07088
        36     0.06003    -0.07639
        37     0.06366    -0.08207
        38     0.06741    -0.08792
        39     0.07127    -0.09394
        40     0.07524    -0.10012
        41     0.07932    -0.10646
        42     0.08351    -0.11295
        43     0.08780    -0.11960
        44     0.09221    -0.12641
        45     0.09671    -0.13336
        46     0.10132    -0.14045
        47     0.10603    -0.14769
        48     0.11084    -0.15505
        49     0.11574    -0.16256
        50     0.12075    -0.17020
        51     0.12585    -0.17797
        52     0.13105    -0.18586
        53     0.13634    -0.19387
        54     0.14172    -0.20200
        55     0.14720    -0.21025
        56     0.15276    -0.21861
        57     0.15841    -0.22707
        58     0.16414    -0.23564
        59     0.16996    -0.24432
        60     0.17587    -0.25309
        61     0.18185    -0.26195
        62     0.18791    -0.27091
        63     0.19405    -0.27996
        64     0.20027    -0.28909
        65     0.20656    -0.29830
        66     0.21293    -0.30759
        67     0.21936    -0.31696
        68     0.22587    -0.32640
        69     0.23244    -0.33591
        70     0.23908    -0.34549
        71     0.24579    -0.35513
        72     0.25256    -0.36483
        73     0.25939    -0.37458
        74     0.26627    -0.38439
        75     0.27322    -0.39426
        76     0.28022    -0.40416
        77     0.28727    -0.41412
        78     0.29438    -0.42411
        79     0.30154    -0.43415
        80     0.30875    -0.44421
        81     0.31600    -0.45431
        82     0.32330    -0.46443
        83     0.33064    -0.47458
        84     0.33802    -0.48475
        85     0.34545    -0.49494
        86     0.35290    -0.50514
        87     0.36040    -0.51535
        88     0.36793    -0.52558
        89     0.37549    -0.53581
        90     0.38308    -0.54604
        91     0.39069    -0.55628
        92     0.39834    -0.56651
        93     0.40601    -0.57674
        94     0.41370    -0.58697
        95     0.42141    -0.59718
        96     0.42913    -0.60738
        97     0.43688    -0.61757
        98     0.44464    -0.62774
        99     0.45241    -0.63788
       100     0.46019    -0.64801
       101     0.46799    -0.65811
       102     0.47578    -0.66819
       103     0.48359    -0.67823
       104     0.49139    -0.68825
       105     0.49920    -0.69823
       106     0.50701    -0.70817
       107     0.51482    -0.71807
       108     0.52262    -0.72793
       109     0.53041    -0.73775
       110     0.53820    -0.74751
       111     0.54597    -0.75723
       112     0.55374    -0.76690
       113     0.56149    -0.77652
       114     0.56922    -0.78608
       115     0.57694    -0.79559
       116     0.58464    -0.80503
       117     0.59231    -0.81441
       118     0.59996    -0.82374
       119     0.60759    -0.83299
       120     0.61519    -0.84218
       121     0.62276    -0.85131
       122     0.63031    -0.86036
       123     0.63782    -0.86934
       124     0.64529    -0.87825
       125     0.65273    -0.88709
       126     0.66013    -0.89585
       127     0.66750    -0.90453
       128     0.67482    -0.91313
       129     0.68210    -0.92165
       130     0.68933    -0.93009
       131     0.69652    -0.93845
       132     0.70366    -0.94672
       133     0.71076    -0.95491
       134     0.71780    -0.96300
       135     0.72478    -0.97101
       136     0.73172    -0.97894
       137     0.73859    -0.98677
       138     0.74541    -0.99449
       139     0.75217    -1.00214
       140     0.75887    -1.00969
       141     0.76551    -1.01715
       142     0.77208    -1.02451
       143     0.77859    -1.03177
       144     0.78503    -1.03894
       145     0.79140    -1.04601
       146     0.79771    -1.05297
       147     0.80394    -1.05984
       148     0.81010    -1.06661
       149     0.81618    -1.07327
       150     0.82219    -1.07983
       151     0.82812    -1.08629
       152     0.83397    -1.09264
       153     0.83974    -1.09889
       154     0.84544    -1.10503
       155     0.85104    -1.11106
       156     0.85657    -1.11699
       157     0.86201    -1.12281
       158     0.86736    -1.12852
       159     0.87263    -1.13413
       160     0.87781    -1.13962
       161     0.88290    -1.14500
       162     0.88789    -1.15028
       163     0.89280    -1.15544
       164     0.89761    -1.16049
       165     0.90232    -1.16544
       166     0.90695    -1.17026
       167     0.91147    -1.17498
       168     0.91590    -1.17958
       169     0.92022    -1.18407
       170     0.92445    -1.18845
       171     0.92858    -1.19271
       172     0.93261    -1.19686
       173     0.93653    -1.20090
       174     0.94035    -1.20482
       175     0.94406    -1.20863
       176     0.94767    -1.21232
       177     0.95118    -1.21589
       178     0.95457    -1.21935
       179     0.95786    -1.22270
       180     0.96104    -1.22592
       181     0.96412    -1.22904
       182     0.96708    -1.23203
       183     0.96993    -1.23491
       184     0.97267    -1.23767
       185     0.97530    -1.24032
       186     0.97781    -1.24285
       187     0.98022    -1.24526
       188     0.98250    -1.24756
       189     0.98468    -1.24974
       190     0.98674    -1.25180
       191     0.98868    -1.25374
       192     0.99051    -1.25557
       193     0.99223    -1.25728
       194     0.99382    -1.25887
       195     0.99528    -1.26037
       196     0.99653    -1.26185
       197     0.99759    -1.26329
       198     0.99848    -1.26468
       199     0.99920    -1.26600
       200     0.99977    -1.26724
       201     1.00019    -1.26840
       202     1.00046    -1.26947
       203     1.00060    -1.27045
       204     1.00060    -1.27132

   PRESSURE SURFACE POINTS FROM LE TO TE.
         1    -0.00028    -0.00540
         2    -0.00018    -0.00723
         3     0.00005    -0.00928
         4     0.00039    -0.01155
         5     0.00087    -0.01404
         6     0.00149    -0.01672
         7     0.00237    -0.01955
         8     0.00344    -0.02254
         9     0.00471    -0.02571
        10     0.00617    -0.02904
        11     0.00780    -0.03257
        12     0.00960    -0.03626
        13     0.01155    -0.04014
        14     0.01362    -0.04422
        15     0.01581    -0.04850
        16     0.01811    -0.05298
        17     0.02054    -0.05766
        18     0.02307    -0.06253
        19     0.02572    -0.06758
        20     0.02849    -0.07283
        21     0.03137    -0.07826
        22     0.03436    -0.08387
        23     0.03747    -0.08966
        24     0.04068    -0.09563
        25     0.04401    -0.10177
        26     0.04745    -0.10808
        27     0.05099    -0.11456
        28     0.05465    -0.12120
        29     0.05841    -0.12800
        30     0.06228    -0.13496
        31     0.06626    -0.14207
        32     0.07034    -0.14935
        33     0.07453    -0.15676
        34     0.07882    -0.16431
        35     0.08321    -0.17200
        36     0.08771    -0.17983
        37     0.09230    -0.18779
        38     0.09700    -0.19588
        39     0.10179    -0.20409
        40     0.10668    -0.21243
        41     0.11167    -0.22088
        42     0.11676    -0.22945
        43     0.12193    -0.23813
        44     0.12720    -0.24692
        45     0.13257    -0.25581
        46     0.13802    -0.26480
        47     0.14356    -0.27389
        48     0.14919    -0.28308
        49     0.15491    -0.29235
        50     0.16071    -0.30171
        51     0.16660    -0.31115
        52     0.17257    -0.32067
        53     0.17862    -0.33026
        54     0.18475    -0.33993
        55     0.19096    -0.34967
        56     0.19725    -0.35947
        57     0.20362    -0.36934
        58     0.21005    -0.37926
        59     0.21656    -0.38924
        60     0.22314    -0.39928
        61     0.22979    -0.40936
        62     0.23651    -0.41948
        63     0.24330    -0.42965
        64     0.25015    -0.43986
        65     0.25706    -0.45010
        66     0.26403    -0.46038
        67     0.27107    -0.47069
        68     0.27816    -0.48102
        69     0.28531    -0.49138
        70     0.29251    -0.50175
        71     0.29976    -0.51214
        72     0.30707    -0.52254
        73     0.31442    -0.53295
        74     0.32183    -0.54336
        75     0.32927    -0.55378
        76     0.33677    -0.56419
        77     0.34430    -0.57460
        78     0.35187    -0.58501
        79     0.35948    -0.59540
        80     0.36713    -0.60578
        81     0.37482    -0.61615
        82     0.38253    -0.62650
        83     0.39028    -0.63683
        84     0.39805    -0.64713
        85     0.40586    -0.65741
        86     0.41368    -0.66766
        87     0.42153    -0.67787
        88     0.42940    -0.68806
        89     0.43729    -0.69820
        90     0.44520    -0.70831
        91     0.45312    -0.71838
        92     0.46106    -0.72840
        93     0.46900    -0.73837
        94     0.47696    -0.74830
        95     0.48492    -0.75818
        96     0.49289    -0.76800
        97     0.50086    -0.77777
        98     0.50883    -0.78748
        99     0.51680    -0.79713
       100     0.52476    -0.80671
       101     0.53272    -0.81623
       102     0.54068    -0.82569
       103     0.54862    -0.83507
       104     0.55655    -0.84439
       105     0.56447    -0.85363
       106     0.57238    -0.86280
       107     0.58026    -0.87189
       108     0.58813    -0.88091
       109     0.59598    -0.88984
       110     0.60380    -0.89869
       111     0.61159    -0.90747
       112     0.61936    -0.91615
       113     0.62710    -0.92476
       114     0.63481    -0.93327
       115     0.64248    -0.94170
       116     0.65012    -0.95004
       117     0.65772    -0.95828
       118     0.66528    -0.96644
       119     0.67279    -0.97450
       120     0.68027    -0.98247
       121     0.68770    -0.99034
       122     0.69508    -0.99812
       123     0.70241    -1.00580
       124     0.70969    -1.01338
       125     0.71691    -1.02086
       126     0.72408    -1.02824
       127     0.73120    -1.03553
       128     0.73825    -1.04270
       129     0.74524    -1.04978
       130     0.75217    -1.05676
       131     0.75904    -1.06363
       132     0.76584    -1.07041
       133     0.77257    -1.07707
       134     0.77923    -1.08363
       135     0.78581    -1.09008
       136     0.79233    -1.09642
       137     0.79877    -1.10265
       138     0.80513    -1.10878
       139     0.81141    -1.11480
       140     0.81761    -1.12072
       141     0.82373    -1.12652
       142     0.82976    -1.13222
       143     0.83571    -1.13780
       144     0.84157    -1.14328
       145     0.84734    -1.14865
       146     0.85303    -1.15390
       147     0.85862    -1.15905
       148     0.86411    -1.16409
       149     0.86951    -1.16902
       150     0.87482    -1.17384
       151     0.88003    -1.17854
       152     0.88514    -1.18314
       153     0.89014    -1.18763
       154     0.89505    -1.19201
       155     0.89985    -1.19627
       156     0.90455    -1.20043
       157     0.90914    -1.20448
       158     0.91362    -1.20841
       159     0.91800    -1.21224
       160     0.92227    -1.21596
       161     0.92642    -1.21956
       162     0.93047    -1.22306
       163     0.93440    -1.22644
       164     0.93821    -1.22972
       165     0.94192    -1.23289
       166     0.94550    -1.23595
       167     0.94897    -1.23890
       168     0.95232    -1.24174
       169     0.95556    -1.24447
       170     0.95867    -1.24709
       171     0.96166    -1.24961
       172     0.96453    -1.25201
       173     0.96728    -1.25431
       174     0.96991    -1.25650
       175     0.97241    -1.25858
       176     0.97479    -1.26055
       177     0.97704    -1.26242
       178     0.97917    -1.26418
       179     0.98117    -1.26583
       180     0.98304    -1.26738
       181     0.98479    -1.26881
       182     0.98644    -1.27012
       183     0.98804    -1.27122
       184     0.98959    -1.27213
       185     0.99107    -1.27287
       186     0.99246    -1.27346
       187     0.99376    -1.27389
       188     0.99496    -1.27419
       189     0.99606    -1.27435
       190     0.99704    -1.27439
       191     0.99792    -1.27430
       192     0.99867    -1.27409
       193     0.99931    -1.27376
       194     0.99959    -1.27356
       195     1.00004    -1.27307
       196     1.00021    -1.27276
       197     1.00047    -1.27209
       198     1.00060    -1.27132
  POINTS ON THE BLADE TO BE USED FOR PLOTTING 
  AND FINAL INTERPOLATION 
  N           X          YUP        YLOW        THICK 
    1      0.0000     -0.0054     -0.0054      0.0000
    2      0.0001     -0.0032     -0.0065      0.0033
    3      0.0002     -0.0019     -0.0085      0.0067
    4      0.0006     -0.0008     -0.0108      0.0100
    5      0.0010      0.0001     -0.0132      0.0133
    6      0.0016      0.0007     -0.0158      0.0165
    7      0.0022      0.0010     -0.0182      0.0193
    8      0.0030      0.0011     -0.0207      0.0218
    9      0.0040      0.0010     -0.0232      0.0241
   10      0.0050      0.0006     -0.0258      0.0264
   11      0.0062     -0.0000     -0.0285      0.0285
   12      0.0075     -0.0009     -0.0313      0.0304
   13      0.0089     -0.0020     -0.0343      0.0323
   14      0.0105     -0.0034     -0.0375      0.0341
   15      0.0122     -0.0050     -0.0408      0.0358
   16      0.0140     -0.0069     -0.0443      0.0374
   17      0.0159     -0.0090     -0.0480      0.0390
   18      0.0179     -0.0115     -0.0520      0.0405
   19      0.0201     -0.0142     -0.0562      0.0419
   20      0.0223     -0.0174     -0.0605      0.0432
   21      0.0247     -0.0208     -0.0651      0.0443
   22      0.0272     -0.0246     -0.0699      0.0453
   23      0.0299     -0.0287     -0.0749      0.0462
   24      0.0326     -0.0330     -0.0800      0.0470
   25      0.0355     -0.0375     -0.0854      0.0479
   26      0.0384     -0.0421     -0.0909      0.0488
   27      0.0415     -0.0470     -0.0967      0.0497
   28      0.0447     -0.0520     -0.1026      0.0506
   29      0.0481     -0.0572     -0.1087      0.0514
   30      0.0515     -0.0626     -0.1149      0.0523
   31      0.0550     -0.0682     -0.1214      0.0532
   32      0.0587     -0.0739     -0.1280      0.0541
   33      0.0625     -0.0798     -0.1347      0.0550
   34      0.0663     -0.0858     -0.1417      0.0559
   35      0.0703     -0.0920     -0.1488      0.0568
   36      0.0744     -0.0984     -0.1560      0.0576
   37      0.0786     -0.1049     -0.1634      0.0585
   38      0.0829     -0.1116     -0.1709      0.0594
   39      0.0873     -0.1184     -0.1786      0.0602
   40      0.0918     -0.1254     -0.1864      0.0611
   41      0.0964     -0.1325     -0.1944      0.0619
   42      0.1011     -0.1397     -0.2025      0.0627
   43      0.1059     -0.1471     -0.2107      0.0635
   44      0.1108     -0.1546     -0.2190      0.0643
   45      0.1159     -0.1623     -0.2274      0.0651
   46      0.1210     -0.1701     -0.2360      0.0659
   47      0.1261     -0.1780     -0.2447      0.0667
   48      0.1314     -0.1860     -0.2534      0.0674
   49      0.1368     -0.1942     -0.2623      0.0681
   50      0.1423     -0.2024     -0.2713      0.0689
   51      0.1478     -0.2108     -0.2804      0.0696
   52      0.1535     -0.2193     -0.2896      0.0703
   53      0.1592     -0.2279     -0.2988      0.0709
   54      0.1650     -0.2366     -0.3082      0.0716
   55      0.1709     -0.2454     -0.3176      0.0722
   56      0.1769     -0.2543     -0.3271      0.0728
   57      0.1830     -0.2632     -0.3367      0.0734
   58      0.1891     -0.2723     -0.3463      0.0740
   59      0.1954     -0.2815     -0.3560      0.0746
   60      0.2017     -0.2907     -0.3658      0.0751
   61      0.2080     -0.3000     -0.3757      0.0756
   62      0.2145     -0.3094     -0.3856      0.0761
   63      0.2210     -0.3189     -0.3955      0.0766
   64      0.2276     -0.3285     -0.4055      0.0771
   65      0.2342     -0.3381     -0.4156      0.0775
   66      0.2409     -0.3478     -0.4256      0.0779
   67      0.2477     -0.3575     -0.4358      0.0783
   68      0.2546     -0.3673     -0.4459      0.0786
   69      0.2615     -0.3772     -0.4561      0.0790
   70      0.2684     -0.3871     -0.4664      0.0793
   71      0.2755     -0.3970     -0.4766      0.0796
   72      0.2826     -0.4070     -0.4869      0.0799
   73      0.2897     -0.4171     -0.4972      0.0801
   74      0.2969     -0.4272     -0.5075      0.0803
   75      0.3041     -0.4373     -0.5178      0.0805
   76      0.3114     -0.4475     -0.5282      0.0807
   77      0.3187     -0.4577     -0.5385      0.0808
   78      0.3261     -0.4679     -0.5489      0.0810
   79      0.3335     -0.4782     -0.5592      0.0811
   80      0.3410     -0.4884     -0.5696      0.0811
   81      0.3485     -0.4987     -0.5799      0.0812
   82      0.3560     -0.5090     -0.5902      0.0812
   83      0.3636     -0.5193     -0.6005      0.0812
   84      0.3712     -0.5296     -0.6108      0.0812
   85      0.3789     -0.5400     -0.6211      0.0811
   86      0.3865     -0.5503     -0.6314      0.0811
   87      0.3942     -0.5606     -0.6416      0.0810
   88      0.4020     -0.5710     -0.6518      0.0809
   89      0.4097     -0.5813     -0.6620      0.0807
   90      0.4175     -0.5916     -0.6721      0.0805
   91      0.4253     -0.6019     -0.6823      0.0804
   92      0.4331     -0.6122     -0.6923      0.0801
   93      0.4409     -0.6225     -0.7024      0.0799
   94      0.4488     -0.6327     -0.7124      0.0796
   95      0.4566     -0.6430     -0.7223      0.0794
   96      0.4645     -0.6532     -0.7322      0.0791
   97      0.4724     -0.6634     -0.7421      0.0787
   98      0.4803     -0.6736     -0.7519      0.0784
   99      0.4882     -0.6837     -0.7617      0.0780
  100      0.4961     -0.6938     -0.7714      0.0776
  101      0.5039     -0.7039     -0.7810      0.0772
  102      0.5118     -0.7139     -0.7906      0.0768
  103      0.5197     -0.7239     -0.8002      0.0763
  104      0.5276     -0.7338     -0.8096      0.0758
  105      0.5355     -0.7437     -0.8190      0.0753
  106      0.5434     -0.7535     -0.8284      0.0748
  107      0.5512     -0.7633     -0.8376      0.0743
  108      0.5591     -0.7731     -0.8468      0.0737
  109      0.5669     -0.7828     -0.8559      0.0732
  110      0.5747     -0.7924     -0.8650      0.0726
  111      0.5825     -0.8020     -0.8740      0.0720
  112      0.5903     -0.8115     -0.8828      0.0713
  113      0.5980     -0.8210     -0.8917      0.0707
  114      0.6058     -0.8303     -0.9004      0.0700
  115      0.6135     -0.8397     -0.9090      0.0694
  116      0.6211     -0.8489     -0.9176      0.0687
  117      0.6288     -0.8581     -0.9261      0.0680
  118      0.6364     -0.8672     -0.9345      0.0673
  119      0.6440     -0.8762     -0.9428      0.0666
  120      0.6515     -0.8852     -0.9510      0.0658
  121      0.6590     -0.8941     -0.9592      0.0651
  122      0.6665     -0.9029     -0.9672      0.0643
  123      0.6739     -0.9116     -0.9751      0.0635
  124      0.6813     -0.9202     -0.9830      0.0628
  125      0.6886     -0.9288     -0.9908      0.0620
  126      0.6959     -0.9373     -0.9984      0.0612
  127      0.7031     -0.9457     -1.0060      0.0604
  128      0.7103     -0.9540     -1.0135      0.0595
  129      0.7174     -0.9622     -1.0209      0.0587
  130      0.7245     -0.9703     -1.0282      0.0579
  131      0.7316     -0.9783     -1.0353      0.0570
  132      0.7385     -0.9862     -1.0424      0.0562
  133      0.7454     -0.9941     -1.0494      0.0554
  134      0.7523     -1.0018     -1.0563      0.0545
  135      0.7591     -1.0094     -1.0631      0.0537
  136      0.7658     -1.0170     -1.0698      0.0528
  137      0.7724     -1.0244     -1.0764      0.0519
  138      0.7790     -1.0318     -1.0829      0.0511
  139      0.7855     -1.0390     -1.0892      0.0502
  140      0.7920     -1.0462     -1.0955      0.0493
  141      0.7983     -1.0532     -1.1017      0.0485
  142      0.8046     -1.0601     -1.1077      0.0476
  143      0.8109     -1.0670     -1.1137      0.0467
  144      0.8170     -1.0737     -1.1196      0.0459
  145      0.8231     -1.0803     -1.1253      0.0450
  146      0.8291     -1.0868     -1.1310      0.0441
  147      0.8350     -1.0932     -1.1365      0.0433
  148      0.8408     -1.0995     -1.1420      0.0424
  149      0.8465     -1.1057     -1.1473      0.0416
  150      0.8522     -1.1118     -1.1525      0.0407
  151      0.8577     -1.1177     -1.1576      0.0399
  152      0.8632     -1.1236     -1.1627      0.0391
  153      0.8686     -1.1293     -1.1676      0.0382
  154      0.8739     -1.1349     -1.1724      0.0374
  155      0.8790     -1.1404     -1.1771      0.0366
  156      0.8841     -1.1458     -1.1817      0.0358
  157      0.8892     -1.1511     -1.1861      0.0350
  158      0.8941     -1.1563     -1.1905      0.0342
  159      0.8989     -1.1613     -1.1948      0.0335
  160      0.9036     -1.1663     -1.1990      0.0327
  161      0.9082     -1.1711     -1.2030      0.0320
  162      0.9127     -1.1758     -1.2070      0.0312
  163      0.9171     -1.1803     -1.2108      0.0305
  164      0.9214     -1.1848     -1.2146      0.0298
  165      0.9256     -1.1891     -1.2182      0.0291
  166      0.9297     -1.1934     -1.2218      0.0284
  167      0.9337     -1.1975     -1.2252      0.0277
  168      0.9375     -1.2014     -1.2285      0.0271
  169      0.9413     -1.2053     -1.2318      0.0265
  170      0.9450     -1.2090     -1.2349      0.0258
  171      0.9485     -1.2127     -1.2379      0.0252
  172      0.9519     -1.2162     -1.2408      0.0246
  173      0.9553     -1.2195     -1.2436      0.0241
  174      0.9585     -1.2228     -1.2463      0.0235
  175      0.9616     -1.2259     -1.2489      0.0230
  176      0.9645     -1.2290     -1.2514      0.0224
  177      0.9674     -1.2318     -1.2538      0.0219
  178      0.9701     -1.2346     -1.2561      0.0214
  179      0.9728     -1.2373     -1.2583      0.0210
  180      0.9753     -1.2398     -1.2603      0.0205
  181      0.9777     -1.2422     -1.2623      0.0201
  182      0.9799     -1.2445     -1.2642      0.0197
  183      0.9821     -1.2466     -1.2660      0.0193
  184      0.9841     -1.2487     -1.2676      0.0190
  185      0.9860     -1.2506     -1.2691      0.0185
  186      0.9878     -1.2524     -1.2703      0.0179
  187      0.9895     -1.2540     -1.2713      0.0172
  188      0.9911     -1.2556     -1.2720      0.0164
  189      0.9925     -1.2570     -1.2725      0.0155
  190      0.9938     -1.2583     -1.2729      0.0146
  191      0.9950     -1.2596     -1.2732      0.0136
  192      0.9960     -1.2609     -1.2733      0.0124
  193      0.9970     -1.2621     -1.2732      0.0111
  194      0.9978     -1.2634     -1.2731      0.0097
  195      0.9984     -1.2646     -1.2728      0.0082
  196      0.9990     -1.2658     -1.2724      0.0067
  197      0.9994     -1.2669     -1.2720      0.0051
  198      0.9998     -1.2679     -1.2713      0.0034
  199      0.9999     -1.2689     -1.2706      0.0017
  200      1.0000     -1.2702     -1.2702      0.0000
 GRID EXPANSION RATIO UP=    1.12157 DOWN =    1.05711
  AXIAL,TANGENTIAL AND RADIAL COORDINATES ON THE STREAM
  SURFACE BEFORE TRANSFORMING TO R-THETA COORDINATES 
 J, XGRID,YGRID,RGRID            1  -2.25820709E-02   3.92499603E-02  0.233699992    
 J, XGRID,YGRID,RGRID            2  -2.00261697E-02   3.47125717E-02  0.233700022    
 J, XGRID,YGRID,RGRID            3  -1.77473165E-02   3.06670200E-02  0.233700007    
 J, XGRID,YGRID,RGRID            4  -1.57154817E-02   2.70599928E-02  0.233699992    
 J, XGRID,YGRID,RGRID            5  -1.39038917E-02   2.38439552E-02  0.233699992    
 J, XGRID,YGRID,RGRID            6  -1.22886710E-02   2.09765248E-02  0.233700007    
 J, XGRID,YGRID,RGRID            7  -1.08485380E-02   1.84199158E-02  0.233699992    
 J, XGRID,YGRID,RGRID            8  -9.56450868E-03   1.61404330E-02  0.233700022    
 J, XGRID,YGRID,RGRID            9  -8.41966178E-03   1.41080385E-02  0.233700007    
 J, XGRID,YGRID,RGRID           10  -7.39891548E-03   1.22959483E-02  0.233700007    
 J, XGRID,YGRID,RGRID           11  -6.48881216E-03   1.06802825E-02  0.233700022    
 J, XGRID,YGRID,RGRID           12  -5.67736104E-03   9.23974998E-03  0.233700007    
 J, XGRID,YGRID,RGRID           13  -4.95386822E-03   7.95536581E-03  0.233699992    
 J, XGRID,YGRID,RGRID           14  -4.30880114E-03   6.81020413E-03  0.233700007    
 J, XGRID,YGRID,RGRID           15  -3.73365777E-03   5.78917423E-03  0.233700007    
 J, XGRID,YGRID,RGRID           16  -3.22085596E-03   4.87882085E-03  0.233700037    
 J, XGRID,YGRID,RGRID           17  -2.76364014E-03   4.06714622E-03  0.233699992    
 J, XGRID,YGRID,RGRID           18  -2.35598534E-03   3.34345456E-03  0.233700007    
 J, XGRID,YGRID,RGRID           19  -1.99251971E-03   2.69820867E-03  0.233699992    
 J, XGRID,YGRID,RGRID           20  -1.66845298E-03   2.12290511E-03  0.233699992    
 J, XGRID,YGRID,RGRID           21  -1.37951178E-03   1.60996243E-03  0.233699992    
 J, XGRID,YGRID,RGRID           22  -1.12189318E-03   1.15262100E-03  0.233700007    
 J, XGRID,YGRID,RGRID           23  -8.92199285E-04   7.44853867E-04  0.233700007    
 J, XGRID,YGRID,RGRID           24  -6.87401509E-04   3.81287246E-04  0.233700007    
 J, XGRID,YGRID,RGRID           25  -5.04802621E-04   5.71299861E-05  0.233699992    
 J, XGRID,YGRID,RGRID           26  -3.42000014E-04  -2.31889731E-04  0.233700007    
 J, XGRID,YGRID,RGRID           27  -1.79197305E-04   4.59850235E-05  0.233700007    
 J, XGRID,YGRID,RGRID           28  -8.97017344E-06  -3.90920795E-05  0.233699992    
 J, XGRID,YGRID,RGRID           29   1.69359526E-04  -1.91885090E-04  0.233700022    
 J, XGRID,YGRID,RGRID           30   3.56477074E-04  -3.92559450E-04  0.233700037    
 J, XGRID,YGRID,RGRID           31   5.53064165E-04  -6.37924124E-04  0.233700022    
 J, XGRID,YGRID,RGRID           32   7.59809918E-04  -9.29715170E-04  0.233700007    
 J, XGRID,YGRID,RGRID           33   9.77397547E-04  -1.26277609E-03  0.233700022    
 J, XGRID,YGRID,RGRID           34   1.20650639E-03  -1.62170955E-03  0.233700037    
 J, XGRID,YGRID,RGRID           35   1.44782243E-03  -2.00012326E-03  0.233700007    
 J, XGRID,YGRID,RGRID           36   1.70203007E-03  -2.39875144E-03  0.233700007    
 J, XGRID,YGRID,RGRID           37   1.96981500E-03  -2.81839189E-03  0.233699977    
 J, XGRID,YGRID,RGRID           38   2.25185952E-03  -3.25983646E-03  0.233699992    
 J, XGRID,YGRID,RGRID           39   2.54884898E-03  -3.72386607E-03  0.233699992    
 J, XGRID,YGRID,RGRID           40   2.86146370E-03  -4.21124464E-03  0.233700022    
 J, XGRID,YGRID,RGRID           41   3.19022988E-03  -4.72247368E-03  0.233700007    
 J, XGRID,YGRID,RGRID           42   3.53523437E-03  -5.25734574E-03  0.233699992    
 J, XGRID,YGRID,RGRID           43   3.89728090E-03  -5.81675535E-03  0.233700037    
 J, XGRID,YGRID,RGRID           44   4.27726749E-03  -6.40175072E-03  0.233699992    
 J, XGRID,YGRID,RGRID           45   4.67619905E-03  -7.01299729E-03  0.233700022    
 J, XGRID,YGRID,RGRID           46   5.09517221E-03  -7.65260356E-03  0.233700007    
 J, XGRID,YGRID,RGRID           47   5.53538650E-03  -8.32150411E-03  0.233700007    
 J, XGRID,YGRID,RGRID           48   5.99790597E-03  -9.02085938E-03  0.233700007    
 J, XGRID,YGRID,RGRID           49   6.48361817E-03  -9.75147448E-03  0.233700007    
 J, XGRID,YGRID,RGRID           50   6.99413568E-03  -1.05152298E-02  0.233700007    
 J, XGRID,YGRID,RGRID           51   7.53130065E-03  -1.13142403E-02  0.233700007    
 J, XGRID,YGRID,RGRID           52   8.09712242E-03  -1.21508306E-02  0.233699977    
 J, XGRID,YGRID,RGRID           53   8.69381614E-03  -1.30275497E-02  0.233699992    
 J, XGRID,YGRID,RGRID           54   9.32381209E-03  -1.39471162E-02  0.233699977    
 J, XGRID,YGRID,RGRID           55   9.99473967E-03  -1.49196871E-02  0.233700022    
 J, XGRID,YGRID,RGRID           56   1.07162725E-02  -1.59580018E-02  0.233700007    
 J, XGRID,YGRID,RGRID           57   1.14891976E-02  -1.70617104E-02  0.233699992    
 J, XGRID,YGRID,RGRID           58   1.23129310E-02  -1.82283763E-02  0.233700022    
 J, XGRID,YGRID,RGRID           59   1.31854899E-02  -1.94533858E-02  0.233700022    
 J, XGRID,YGRID,RGRID           60   1.41034964E-02  -2.07298938E-02  0.233700037    
 J, XGRID,YGRID,RGRID           61   1.50621897E-02  -2.20496524E-02  0.233700037    
 J, XGRID,YGRID,RGRID           62   1.60460416E-02  -2.33901050E-02  0.233699977    
 J, XGRID,YGRID,RGRID           63   1.70393288E-02  -2.47293226E-02  0.233699992    
 J, XGRID,YGRID,RGRID           64   1.80366896E-02  -2.60600429E-02  0.233700022    
 J, XGRID,YGRID,RGRID           65   1.90337598E-02  -2.73766033E-02  0.233699977    
 J, XGRID,YGRID,RGRID           66   2.00271849E-02  -2.86748186E-02  0.233700022    
 J, XGRID,YGRID,RGRID           67   2.10145675E-02  -2.99519747E-02  0.233700007    
 J, XGRID,YGRID,RGRID           68   2.19945237E-02  -3.12066860E-02  0.233699948    
 J, XGRID,YGRID,RGRID           69   2.29736958E-02  -3.24475169E-02  0.233699948    
 J, XGRID,YGRID,RGRID           70   2.39564814E-02  -3.36799286E-02  0.233699992    
 J, XGRID,YGRID,RGRID           71   2.49420684E-02  -3.49028856E-02  0.233699948    
 J, XGRID,YGRID,RGRID           72   2.59292107E-02  -3.61148119E-02  0.233700007    
 J, XGRID,YGRID,RGRID           73   2.69160718E-02  -3.73135954E-02  0.233699977    
 J, XGRID,YGRID,RGRID           74   2.79004276E-02  -3.84966210E-02  0.233700052    
 J, XGRID,YGRID,RGRID           75   2.88794581E-02  -3.96607891E-02  0.233700007    
 J, XGRID,YGRID,RGRID           76   2.98444666E-02  -4.07961793E-02  0.233700007    
 J, XGRID,YGRID,RGRID           77   3.07900142E-02  -4.18971218E-02  0.233699992    
 J, XGRID,YGRID,RGRID           78   3.17135304E-02  -4.29614037E-02  0.233700007    
 J, XGRID,YGRID,RGRID           79   3.26129198E-02  -4.39872704E-02  0.233699962    
 J, XGRID,YGRID,RGRID           80   3.34866345E-02  -4.49739210E-02  0.233700007    
 J, XGRID,YGRID,RGRID           81   3.43335457E-02  -4.59215492E-02  0.233699992    
 J, XGRID,YGRID,RGRID           82   3.51530835E-02  -4.68300134E-02  0.233700037    
 J, XGRID,YGRID,RGRID           83   3.59482244E-02  -4.77034412E-02  0.233700007    
 J, XGRID,YGRID,RGRID           84   3.67197730E-02  -4.85434569E-02  0.233699977    
 J, XGRID,YGRID,RGRID           85   3.74677293E-02  -4.93507423E-02  0.233700037    
 J, XGRID,YGRID,RGRID           86   3.81920971E-02  -5.01259528E-02  0.233700007    
 J, XGRID,YGRID,RGRID           87   3.88928577E-02  -5.08697443E-02  0.233700007    
 J, XGRID,YGRID,RGRID           88   3.95700336E-02  -5.15827239E-02  0.233699977    
 J, XGRID,YGRID,RGRID           89   4.02236022E-02  -5.22655100E-02  0.233699992    
 J, XGRID,YGRID,RGRID           90   4.08535935E-02  -5.29186465E-02  0.233700007    
 J, XGRID,YGRID,RGRID           91   4.14599814E-02  -5.35427108E-02  0.233700007    
 J, XGRID,YGRID,RGRID           92   4.20427658E-02  -5.41382171E-02  0.233699992    
 J, XGRID,YGRID,RGRID           93   4.26019616E-02  -5.47056496E-02  0.233699992    
 J, XGRID,YGRID,RGRID           94   4.31375727E-02  -5.52456118E-02  0.233699992    
 J, XGRID,YGRID,RGRID           95   4.36495766E-02  -5.57583459E-02  0.233700022    
 J, XGRID,YGRID,RGRID           96   4.41379920E-02  -5.64984605E-02  0.233699992    
 J, XGRID,YGRID,RGRID           97   4.46264036E-02  -5.69387525E-02  0.233699992    
 J, XGRID,YGRID,RGRID           98   4.51427214E-02  -5.74040487E-02  0.233700022    
 J, XGRID,YGRID,RGRID           99   4.56885099E-02  -5.78959249E-02  0.233700022    
 J, XGRID,YGRID,RGRID          100   4.62654755E-02  -5.84158935E-02  0.233700022    
 J, XGRID,YGRID,RGRID          101   4.68753949E-02  -5.89655526E-02  0.233699992    
 J, XGRID,YGRID,RGRID          102   4.75201458E-02  -5.95466048E-02  0.233699992    
 J, XGRID,YGRID,RGRID          103   4.82017212E-02  -6.01608418E-02  0.233700007    
 J, XGRID,YGRID,RGRID          104   4.89222221E-02  -6.08101599E-02  0.233700007    
 J, XGRID,YGRID,RGRID          105   4.96838726E-02  -6.14965595E-02  0.233700022    
 J, XGRID,YGRID,RGRID          106   5.04890196E-02  -6.22221678E-02  0.233700022    
 J, XGRID,YGRID,RGRID          107   5.13401441E-02  -6.29892126E-02  0.233700007    
 J, XGRID,YGRID,RGRID          108   5.22398986E-02  -6.38000667E-02  0.233700022    
 J, XGRID,YGRID,RGRID          109   5.31910248E-02  -6.46572188E-02  0.233700022    
 J, XGRID,YGRID,RGRID          110   5.41964807E-02  -6.55633360E-02  0.233700022    
 J, XGRID,YGRID,RGRID          111   5.52593470E-02  -6.65211976E-02  0.233699992    

  THE BLADE CENTROID ON THE X-Y SURFACE IS AT X, Y=    0.01975  -0.02896


  THE J VALUE OF THE CENTROID IS J =           66

  THE CENTROID ON THE STREAM SURFACE IS AT   1.97467636E-02   0.00000000    
  THE HUB SECTION CENTROID IS AT   1.97285023E-02   0.00000000    

  AXIAL & RADIAL COORDINATES ON THE SS AFTER STACKING 
  J  , XGRID,RGRID            1  -2.26003323E-02  0.233699992    
  J  , XGRID,RGRID            2  -2.00444311E-02  0.233700022    
  J  , XGRID,RGRID            3  -1.77655779E-02  0.233700007    
  J  , XGRID,RGRID            4  -1.57337431E-02  0.233699992    
  J  , XGRID,RGRID            5  -1.39221530E-02  0.233699992    
  J  , XGRID,RGRID            6  -1.23069324E-02  0.233700007    
  J  , XGRID,RGRID            7  -1.08667994E-02  0.233699992    
  J  , XGRID,RGRID            8  -9.58277006E-03  0.233700022    
  J  , XGRID,RGRID            9  -8.43792316E-03  0.233700007    
  J  , XGRID,RGRID           10  -7.41717685E-03  0.233700007    
  J  , XGRID,RGRID           11  -6.50707353E-03  0.233700022    
  J  , XGRID,RGRID           12  -5.69562241E-03  0.233700007    
  J  , XGRID,RGRID           13  -4.97212959E-03  0.233699992    
  J  , XGRID,RGRID           14  -4.32706252E-03  0.233700007    
  J  , XGRID,RGRID           15  -3.75191914E-03  0.233700007    
  J  , XGRID,RGRID           16  -3.23911733E-03  0.233700037    
  J  , XGRID,RGRID           17  -2.78190151E-03  0.233699992    
  J  , XGRID,RGRID           18  -2.37424672E-03  0.233700007    
  J  , XGRID,RGRID           19  -2.01078109E-03  0.233699992    
  J  , XGRID,RGRID           20  -1.68671436E-03  0.233699992    
  J  , XGRID,RGRID           21  -1.39777316E-03  0.233699992    
  J  , XGRID,RGRID           22  -1.14015455E-03  0.233700007    
  J  , XGRID,RGRID           23  -9.10460658E-04  0.233700007    
  J  , XGRID,RGRID           24  -7.05662882E-04  0.233700007    
  J  , XGRID,RGRID           25  -5.23063994E-04  0.233699992    
  J  , XGRID,RGRID           26  -3.60261387E-04  0.233700007    
  J  , XGRID,RGRID           27  -1.97458678E-04  0.233700007    
  J  , XGRID,RGRID           28  -2.72315465E-05  0.233699992    
  J  , XGRID,RGRID           29   1.51098153E-04  0.233700022    
  J  , XGRID,RGRID           30   3.38215701E-04  0.233700037    
  J  , XGRID,RGRID           31   5.34802792E-04  0.233700022    
  J  , XGRID,RGRID           32   7.41548545E-04  0.233700007    
  J  , XGRID,RGRID           33   9.59136174E-04  0.233700022    
  J  , XGRID,RGRID           34   1.18824502E-03  0.233700037    
  J  , XGRID,RGRID           35   1.42956106E-03  0.233700007    
  J  , XGRID,RGRID           36   1.68376870E-03  0.233700007    
  J  , XGRID,RGRID           37   1.95155363E-03  0.233699977    
  J  , XGRID,RGRID           38   2.23359815E-03  0.233699992    
  J  , XGRID,RGRID           39   2.53058760E-03  0.233699992    
  J  , XGRID,RGRID           40   2.84320232E-03  0.233700022    
  J  , XGRID,RGRID           41   3.17196851E-03  0.233700007    
  J  , XGRID,RGRID           42   3.51697300E-03  0.233699992    
  J  , XGRID,RGRID           43   3.87901952E-03  0.233700037    
  J  , XGRID,RGRID           44   4.25900612E-03  0.233699992    
  J  , XGRID,RGRID           45   4.65793768E-03  0.233700022    
  J  , XGRID,RGRID           46   5.07691083E-03  0.233700007    
  J  , XGRID,RGRID           47   5.51712513E-03  0.233700007    
  J  , XGRID,RGRID           48   5.97964460E-03  0.233700007    
  J  , XGRID,RGRID           49   6.46535680E-03  0.233700007    
  J  , XGRID,RGRID           50   6.97587430E-03  0.233700007    
  J  , XGRID,RGRID           51   7.51303928E-03  0.233700007    
  J  , XGRID,RGRID           52   8.07886105E-03  0.233699977    
  J  , XGRID,RGRID           53   8.67555477E-03  0.233699992    
  J  , XGRID,RGRID           54   9.30555072E-03  0.233699977    
  J  , XGRID,RGRID           55   9.97647829E-03  0.233700022    
  J  , XGRID,RGRID           56   1.06980111E-02  0.233700007    
  J  , XGRID,RGRID           57   1.14709362E-02  0.233699992    
  J  , XGRID,RGRID           58   1.22946696E-02  0.233700022    
  J  , XGRID,RGRID           59   1.31672285E-02  0.233700022    
  J  , XGRID,RGRID           60   1.40852351E-02  0.233700037    
  J  , XGRID,RGRID           61   1.50439283E-02  0.233700037    
  J  , XGRID,RGRID           62   1.60277802E-02  0.233699977    
  J  , XGRID,RGRID           63   1.70210674E-02  0.233699992    
  J  , XGRID,RGRID           64   1.80184282E-02  0.233700022    
  J  , XGRID,RGRID           65   1.90154985E-02  0.233699977    
  J  , XGRID,RGRID           66   2.00089235E-02  0.233700022    
  J  , XGRID,RGRID           67   2.09963061E-02  0.233700007    
  J  , XGRID,RGRID           68   2.19762623E-02  0.233699948    
  J  , XGRID,RGRID           69   2.29554344E-02  0.233699948    
  J  , XGRID,RGRID           70   2.39382200E-02  0.233699992    
  J  , XGRID,RGRID           71   2.49238070E-02  0.233699948    
  J  , XGRID,RGRID           72   2.59109493E-02  0.233700007    
  J  , XGRID,RGRID           73   2.68978104E-02  0.233699977    
  J  , XGRID,RGRID           74   2.78821662E-02  0.233700052    
  J  , XGRID,RGRID           75   2.88611967E-02  0.233700007    
  J  , XGRID,RGRID           76   2.98262052E-02  0.233700007    
  J  , XGRID,RGRID           77   3.07717528E-02  0.233699992    
  J  , XGRID,RGRID           78   3.16952690E-02  0.233700007    
  J  , XGRID,RGRID           79   3.25946584E-02  0.233699962    
  J  , XGRID,RGRID           80   3.34683731E-02  0.233700007    
  J  , XGRID,RGRID           81   3.43152843E-02  0.233699992    
  J  , XGRID,RGRID           82   3.51348221E-02  0.233700037    
  J  , XGRID,RGRID           83   3.59299630E-02  0.233700007    
  J  , XGRID,RGRID           84   3.67015116E-02  0.233699977    
  J  , XGRID,RGRID           85   3.74494679E-02  0.233700037    
  J  , XGRID,RGRID           86   3.81738357E-02  0.233700007    
  J  , XGRID,RGRID           87   3.88745964E-02  0.233700007    
  J  , XGRID,RGRID           88   3.95517722E-02  0.233699977    
  J  , XGRID,RGRID           89   4.02053408E-02  0.233699992    
  J  , XGRID,RGRID           90   4.08353321E-02  0.233700007    
  J  , XGRID,RGRID           91   4.14417200E-02  0.233700007    
  J  , XGRID,RGRID           92   4.20245044E-02  0.233699992    
  J  , XGRID,RGRID           93   4.25837003E-02  0.233699992    
  J  , XGRID,RGRID           94   4.31193113E-02  0.233699992    
  J  , XGRID,RGRID           95   4.36313152E-02  0.233700022    
  J  , XGRID,RGRID           96   4.41197306E-02  0.233699992    
  J  , XGRID,RGRID           97   4.46081422E-02  0.233699992    
  J  , XGRID,RGRID           98   4.51244600E-02  0.233700022    
  J  , XGRID,RGRID           99   4.56702486E-02  0.233700022    
  J  , XGRID,RGRID          100   4.62472141E-02  0.233700022    
  J  , XGRID,RGRID          101   4.68571335E-02  0.233699992    
  J  , XGRID,RGRID          102   4.75018844E-02  0.233699992    
  J  , XGRID,RGRID          103   4.81834598E-02  0.233700007    
  J  , XGRID,RGRID          104   4.89039607E-02  0.233700007    
  J  , XGRID,RGRID          105   4.96656112E-02  0.233700022    
  J  , XGRID,RGRID          106   5.04707582E-02  0.233700022    
  J  , XGRID,RGRID          107   5.13218828E-02  0.233700007    
  J  , XGRID,RGRID          108   5.22216372E-02  0.233700022    
  J  , XGRID,RGRID          109   5.31727634E-02  0.233700022    
  J  , XGRID,RGRID          110   5.41782193E-02  0.233700022    
  J  , XGRID,RGRID          111   5.52410856E-02  0.233699992    

  BLADE TRUE CHORD:AXIAL CHORD RATIO =    2.06863046    


    TKLE      TKTE      TKMAX     XTMAX     XMODLE     XMODTE    TK_TYP 
    0.0200    0.0100    0.0500    0.4000    0.0200    0.0100    2.0000


 FCHORD=    1.00000000      FPERP=    0.00000000     FTKSCALE=    1.00000000    


  CENTRELINE COORDINATES AND THICKNESS FOR INTYPE = 1

    XIN        YIN       TKIN 
   0.00000   0.00000   0.04137
   0.00006  -0.00014   0.04156
   0.00025  -0.00057   0.04190
   0.00056  -0.00128   0.04233
   0.00100  -0.00227   0.04285
   0.00156  -0.00354   0.04344
   0.00224  -0.00510   0.04408
   0.00305  -0.00694   0.04478
   0.00398  -0.00906   0.04553
   0.00504  -0.01146   0.04632
   0.00622  -0.01413   0.04714
   0.00752  -0.01709   0.04801
   0.00895  -0.02031   0.04890
   0.01049  -0.02382   0.04983
   0.01216  -0.02759   0.05078
   0.01395  -0.03163   0.05176
   0.01587  -0.03595   0.05276
   0.01790  -0.04052   0.05378
   0.02005  -0.04537   0.05482
   0.02232  -0.05047   0.05587
   0.02472  -0.05583   0.05694
   0.02723  -0.06145   0.05803
   0.02985  -0.06732   0.05912
   0.03260  -0.07345   0.06023
   0.03546  -0.07982   0.06134
   0.03844  -0.08643   0.06246
   0.04153  -0.09329   0.06358
   0.04474  -0.10039   0.06471
   0.04806  -0.10773   0.06584
   0.05149  -0.11529   0.06698
   0.05504  -0.12309   0.06811
   0.05869  -0.13111   0.06924
   0.06246  -0.13935   0.07037
   0.06633  -0.14782   0.07149
   0.07031  -0.15650   0.07261
   0.07440  -0.16539   0.07372
   0.07860  -0.17448   0.07483
   0.08290  -0.18379   0.07593
   0.08730  -0.19329   0.07701
   0.09181  -0.20299   0.07809
   0.09642  -0.21288   0.07915
   0.10113  -0.22296   0.08021
   0.10594  -0.23323   0.08125
   0.11085  -0.24367   0.08227
   0.11585  -0.25430   0.08328
   0.12095  -0.26509   0.08427
   0.12615  -0.27606   0.08525
   0.13144  -0.28719   0.08621
   0.13682  -0.29848   0.08715
   0.14229  -0.30993   0.08807
   0.14784  -0.32153   0.08896
   0.15349  -0.33328   0.08984
   0.15923  -0.34517   0.09070
   0.16504  -0.35720   0.09153
   0.17095  -0.36938   0.09235
   0.17693  -0.38168   0.09313
   0.18299  -0.39411   0.09390
   0.18914  -0.40667   0.09463
   0.19536  -0.41934   0.09535
   0.20166  -0.43214   0.09603
   0.20803  -0.44504   0.09670
   0.21447  -0.45806   0.09733
   0.22099  -0.47117   0.09794
   0.22757  -0.48439   0.09851
   0.23422  -0.49770   0.09907
   0.24094  -0.51111   0.09959
   0.24772  -0.52460   0.10008
   0.25457  -0.53818   0.10054
   0.26148  -0.55184   0.10098
   0.26845  -0.56557   0.10138
   0.27547  -0.57938   0.10176
   0.28255  -0.59325   0.10210
   0.28968  -0.60719   0.10241
   0.29687  -0.62119   0.10270
   0.30411  -0.63524   0.10295
   0.31140  -0.64934   0.10317
   0.31873  -0.66349   0.10336
   0.32611  -0.67768   0.10352
   0.33353  -0.69191   0.10365
   0.34099  -0.70617   0.10374
   0.34850  -0.72046   0.10381
   0.35604  -0.73478   0.10384
   0.36362  -0.74912   0.10384
   0.37123  -0.76347   0.10381
   0.37887  -0.77785   0.10375
   0.38654  -0.79223   0.10366
   0.39424  -0.80662   0.10354
   0.40197  -0.82102   0.10339
   0.40972  -0.83541   0.10321
   0.41750  -0.84981   0.10299
   0.42529  -0.86419   0.10275
   0.43311  -0.87856   0.10248
   0.44094  -0.89292   0.10217
   0.44878  -0.90726   0.10184
   0.45664  -0.92158   0.10148
   0.46451  -0.93587   0.10109
   0.47239  -0.95014   0.10067
   0.48027  -0.96437   0.10022
   0.48816  -0.97857   0.09975
   0.49605  -0.99273   0.09925
   0.50395  -1.00684   0.09872
   0.51184  -1.02091   0.09816
   0.51973  -1.03493   0.09758
   0.52761  -1.04890   0.09697
   0.53549  -1.06281   0.09634
   0.54336  -1.07667   0.09568
   0.55122  -1.09046   0.09500
   0.55906  -1.10418   0.09430
   0.56689  -1.11784   0.09357
   0.57471  -1.13142   0.09282
   0.58250  -1.14493   0.09205
   0.59028  -1.15837   0.09126
   0.59803  -1.17172   0.09044
   0.60576  -1.18499   0.08961
   0.61346  -1.19818   0.08875
   0.62113  -1.21127   0.08788
   0.62877  -1.22428   0.08699
   0.63638  -1.23719   0.08608
   0.64396  -1.25001   0.08516
   0.65150  -1.26272   0.08422
   0.65901  -1.27534   0.08326
   0.66647  -1.28785   0.08229
   0.67389  -1.30026   0.08131
   0.68127  -1.31256   0.08031
   0.68860  -1.32474   0.07930
   0.69589  -1.33682   0.07827
   0.70313  -1.34878   0.07724
   0.71031  -1.36062   0.07620
   0.71745  -1.37234   0.07514
   0.72453  -1.38395   0.07408
   0.73155  -1.39542   0.07301
   0.73852  -1.40678   0.07193
   0.74543  -1.41800   0.07084
   0.75228  -1.42909   0.06975
   0.75906  -1.44006   0.06866
   0.76578  -1.45089   0.06756
   0.77243  -1.46158   0.06646
   0.77901  -1.47214   0.06535
   0.78553  -1.48256   0.06424
   0.79197  -1.49284   0.06313
   0.79834  -1.50298   0.06202
   0.80464  -1.51298   0.06092
   0.81086  -1.52283   0.05981
   0.81701  -1.53253   0.05870
   0.82307  -1.54209   0.05760
   0.82905  -1.55149   0.05650
   0.83496  -1.56075   0.05541
   0.84077  -1.56985   0.05432
   0.84651  -1.57880   0.05323
   0.85216  -1.58759   0.05216
   0.85771  -1.59623   0.05109
   0.86318  -1.60472   0.05003
   0.86856  -1.61304   0.04898
   0.87385  -1.62120   0.04793
   0.87905  -1.62921   0.04690
   0.88415  -1.63705   0.04588
   0.88915  -1.64473   0.04487
   0.89406  -1.65224   0.04387
   0.89887  -1.65959   0.04289
   0.90358  -1.66677   0.04192
   0.90819  -1.67379   0.04096
   0.91270  -1.68064   0.04002
   0.91710  -1.68732   0.03910
   0.92140  -1.69384   0.03819
   0.92560  -1.70018   0.03730
   0.92969  -1.70635   0.03643
   0.93367  -1.71235   0.03557
   0.93754  -1.71818   0.03474
   0.94131  -1.72384   0.03392
   0.94496  -1.72932   0.03312
   0.94851  -1.73463   0.03235
   0.95194  -1.73976   0.03159
   0.95526  -1.74472   0.03086
   0.95847  -1.74950   0.03015
   0.96156  -1.75410   0.02946
   0.96454  -1.75853   0.02880
   0.96740  -1.76279   0.02815
   0.97015  -1.76686   0.02754
   0.97277  -1.77075   0.02694
   0.97528  -1.77447   0.02637
   0.97768  -1.77801   0.02583
   0.97995  -1.78137   0.02531
   0.98210  -1.78455   0.02482
   0.98413  -1.78755   0.02436
   0.98605  -1.79036   0.02392
   0.98784  -1.79300   0.02351
   0.98951  -1.79546   0.02312
   0.99105  -1.79774   0.02276
   0.99248  -1.79983   0.02243
   0.99378  -1.80174   0.02213
   0.99496  -1.80348   0.02186
   0.99602  -1.80503   0.02161
   0.99695  -1.80639   0.02140
   0.99776  -1.80758   0.02121
   0.99844  -1.80858   0.02105
   0.99900  -1.80940   0.02092
   0.99944  -1.81004   0.02082
   0.99975  -1.81050   0.02074
   0.99994  -1.81077   0.02070
   1.00000  -1.81086   0.02069

  BLADE SURFACE COORDINATES GENERATED USING INTYPE = 1

  XUP          YUP       XLOW      YLOW 
   0.00001   0.02069  -0.00001  -0.02069
   0.00007   0.02064   0.00005  -0.02092
   0.00026   0.02038   0.00024  -0.02152
   0.00057   0.01989   0.00055  -0.02244
   0.00101   0.01916   0.00099  -0.02370
   0.00157   0.01818   0.00155  -0.02526
   0.00225   0.01694   0.00223  -0.02714
   0.00306   0.01545   0.00304  -0.02933
   0.00399   0.01370   0.00397  -0.03182
   0.00505   0.01170   0.00503  -0.03462
   0.00623   0.00944   0.00621  -0.03770
   0.00753   0.00692   0.00751  -0.04109
   0.00896   0.00414   0.00894  -0.04476
   0.01050   0.00110   0.01048  -0.04873
   0.01217  -0.00220   0.01215  -0.05298
   0.01396  -0.00576   0.01394  -0.05751
   0.01588  -0.00957   0.01586  -0.06232
   0.01791  -0.01364   0.01789  -0.06741
   0.02006  -0.01796   0.02004  -0.07277
   0.02233  -0.02253   0.02231  -0.07840
   0.02473  -0.02736   0.02471  -0.08430
   0.02724  -0.03244   0.02722  -0.09046
   0.02986  -0.03776   0.02984  -0.09688
   0.03261  -0.04333   0.03259  -0.10356
   0.03547  -0.04915   0.03545  -0.11049
   0.03845  -0.05520   0.03843  -0.11766
   0.04154  -0.06150   0.04152  -0.12508
   0.04475  -0.06804   0.04473  -0.13275
   0.04807  -0.07480   0.04805  -0.14065
   0.05150  -0.08180   0.05148  -0.14878
   0.05505  -0.08903   0.05503  -0.15714
   0.05870  -0.09649   0.05868  -0.16573
   0.06247  -0.10417   0.06245  -0.17454
   0.06634  -0.11207   0.06632  -0.18356
   0.07032  -0.12019   0.07030  -0.19280
   0.07441  -0.12852   0.07439  -0.20225
   0.07861  -0.13707   0.07859  -0.21190
   0.08291  -0.14582   0.08289  -0.22175
   0.08731  -0.15478   0.08729  -0.23180
   0.09182  -0.16394   0.09180  -0.24203
   0.09643  -0.17330   0.09641  -0.25246
   0.10114  -0.18286   0.10112  -0.26306
   0.10595  -0.19260   0.10593  -0.27385
   0.11086  -0.20254   0.11084  -0.28481
   0.11586  -0.21266   0.11584  -0.29594
   0.12096  -0.22296   0.12094  -0.30723
   0.12616  -0.23343   0.12614  -0.31868
   0.13145  -0.24408   0.13143  -0.33029
   0.13683  -0.25491   0.13681  -0.34205
   0.14230  -0.26589   0.14228  -0.35396
   0.14785  -0.27704   0.14783  -0.36601
   0.15350  -0.28835   0.15348  -0.37820
   0.15924  -0.29982   0.15922  -0.39052
   0.16505  -0.31144   0.16503  -0.40297
   0.17096  -0.32320   0.17094  -0.41555
   0.17694  -0.33511   0.17692  -0.42825
   0.18300  -0.34716   0.18298  -0.44106
   0.18915  -0.35935   0.18913  -0.45398
   0.19537  -0.37167   0.19535  -0.46702
   0.20167  -0.38412   0.20165  -0.48015
   0.20804  -0.39669   0.20802  -0.49339
   0.21448  -0.40939   0.21446  -0.50672
   0.22100  -0.42221   0.22098  -0.52014
   0.22758  -0.43513   0.22756  -0.53365
   0.23423  -0.44817   0.23421  -0.54724
   0.24095  -0.46132   0.24093  -0.56090
   0.24773  -0.47456   0.24771  -0.57464
   0.25458  -0.48791   0.25456  -0.58845
   0.26149  -0.50135   0.26147  -0.60233
   0.26846  -0.51488   0.26844  -0.61627
   0.27548  -0.52850   0.27546  -0.63026
   0.28256  -0.54220   0.28254  -0.64430
   0.28969  -0.55599   0.28967  -0.65840
   0.29688  -0.56984   0.29686  -0.67254
   0.30412  -0.58377   0.30410  -0.68672
   0.31141  -0.59776   0.31139  -0.70093
   0.31874  -0.61181   0.31872  -0.71517
   0.32612  -0.62592   0.32610  -0.72944
   0.33354  -0.64008   0.33352  -0.74373
   0.34100  -0.65430   0.34098  -0.75804
   0.34851  -0.66856   0.34849  -0.77236
   0.35605  -0.68286   0.35603  -0.78670
   0.36363  -0.69719   0.36361  -0.80104
   0.37124  -0.71157   0.37122  -0.81538
   0.37888  -0.72597   0.37886  -0.82973
   0.38655  -0.74040   0.38653  -0.84406
   0.39425  -0.75485   0.39423  -0.85840
   0.40198  -0.76932   0.40196  -0.87271
   0.40973  -0.78381   0.40971  -0.88702
   0.41751  -0.79831   0.41749  -0.90130
   0.42530  -0.81281   0.42528  -0.91556
   0.43312  -0.82732   0.43310  -0.92980
   0.44095  -0.84183   0.44093  -0.94401
   0.44879  -0.85634   0.44877  -0.95818
   0.45665  -0.87084   0.45663  -0.97232
   0.46452  -0.88533   0.46450  -0.98642
   0.47240  -0.89980   0.47238  -1.00047
   0.48028  -0.91426   0.48026  -1.01448
   0.48817  -0.92869   0.48815  -1.02844
   0.49606  -0.94310   0.49604  -1.04235
   0.50396  -0.95749   0.50394  -1.05620
   0.51185  -0.97183   0.51183  -1.06999
   0.51974  -0.98614   0.51972  -1.08372
   0.52762  -1.00042   0.52760  -1.09739
   0.53550  -1.01464   0.53548  -1.11098
   0.54337  -1.02883   0.54335  -1.12451
   0.55123  -1.04296   0.55121  -1.13796
   0.55907  -1.05703   0.55905  -1.15133
   0.56690  -1.07105   0.56688  -1.16462
   0.57472  -1.08501   0.57470  -1.17783
   0.58251  -1.09891   0.58249  -1.19096
   0.59029  -1.11274   0.59027  -1.20399
   0.59804  -1.12650   0.59802  -1.21694
   0.60577  -1.14019   0.60575  -1.22979
   0.61347  -1.15380   0.61345  -1.24255
   0.62114  -1.16733   0.62112  -1.25521
   0.62878  -1.18078   0.62876  -1.26777
   0.63639  -1.19415   0.63637  -1.28023
   0.64397  -1.20743   0.64395  -1.29259
   0.65151  -1.22061   0.65149  -1.30483
   0.65902  -1.23371   0.65900  -1.31697
   0.66648  -1.24671   0.66646  -1.32900
   0.67390  -1.25961   0.67388  -1.34091
   0.68128  -1.27240   0.68126  -1.35271
   0.68861  -1.28510   0.68859  -1.36439
   0.69590  -1.29768   0.69588  -1.37596
   0.70314  -1.31016   0.70312  -1.38740
   0.71033  -1.32252   0.71030  -1.39872
   0.71746  -1.33477   0.71744  -1.40991
   0.72454  -1.34691   0.72452  -1.42098
   0.73156  -1.35892   0.73154  -1.43193
   0.73853  -1.37081   0.73851  -1.44274
   0.74544  -1.38258   0.74542  -1.45342
   0.75229  -1.39422   0.75227  -1.46397
   0.75907  -1.40573   0.75905  -1.47439
   0.76579  -1.41711   0.76577  -1.48467
   0.77244  -1.42836   0.77242  -1.49481
   0.77902  -1.43947   0.77900  -1.50482
   0.78554  -1.45044   0.78552  -1.51468
   0.79198  -1.46128   0.79196  -1.52441
   0.79835  -1.47197   0.79833  -1.53399
   0.80465  -1.48252   0.80463  -1.54343
   0.81087  -1.49292   0.81085  -1.55273
   0.81702  -1.50318   0.81700  -1.56188
   0.82308  -1.51329   0.82306  -1.57089
   0.82906  -1.52324   0.82904  -1.57974
   0.83497  -1.53304   0.83495  -1.58845
   0.84078  -1.54269   0.84076  -1.59701
   0.84652  -1.55218   0.84650  -1.60542
   0.85217  -1.56152   0.85215  -1.61367
   0.85772  -1.57069   0.85770  -1.62178
   0.86319  -1.57970   0.86317  -1.62973
   0.86857  -1.58855   0.86855  -1.63753
   0.87386  -1.59724   0.87384  -1.64517
   0.87906  -1.60576   0.87904  -1.65266
   0.88416  -1.61411   0.88414  -1.65999
   0.88916  -1.62229   0.88914  -1.66716
   0.89407  -1.63030   0.89405  -1.67418
   0.89888  -1.63815   0.89886  -1.68104
   0.90359  -1.64582   0.90357  -1.68773
   0.90820  -1.65331   0.90818  -1.69427
   0.91271  -1.66063   0.91269  -1.70065
   0.91711  -1.66778   0.91709  -1.70687
   0.92141  -1.67474   0.92139  -1.71293
   0.92561  -1.68153   0.92559  -1.71883
   0.92970  -1.68814   0.92968  -1.72457
   0.93368  -1.69457   0.93366  -1.73014
   0.93755  -1.70081   0.93753  -1.73555
   0.94132  -1.70688   0.94130  -1.74080
   0.94497  -1.71276   0.94495  -1.74588
   0.94852  -1.71845   0.94850  -1.75080
   0.95195  -1.72396   0.95193  -1.75556
   0.95527  -1.72929   0.95525  -1.76015
   0.95848  -1.73442   0.95846  -1.76457
   0.96157  -1.73937   0.96155  -1.76884
   0.96455  -1.74414   0.96453  -1.77293
   0.96741  -1.74871   0.96739  -1.77686
   0.97016  -1.75309   0.97014  -1.78063
   0.97278  -1.75728   0.97276  -1.78423
   0.97529  -1.76128   0.97527  -1.78766
   0.97769  -1.76509   0.97767  -1.79093
   0.97996  -1.76871   0.97994  -1.79403
   0.98211  -1.77214   0.98209  -1.79696
   0.98414  -1.77537   0.98412  -1.79972
   0.98606  -1.77841   0.98604  -1.80232
   0.98785  -1.78125   0.98783  -1.80476
   0.98952  -1.78390   0.98950  -1.80702
   0.99106  -1.78635   0.99104  -1.80912
   0.99249  -1.78861   0.99247  -1.81105
   0.99379  -1.79068   0.99377  -1.81281
   0.99497  -1.79255   0.99495  -1.81441
   0.99603  -1.79422   0.99601  -1.81583
   0.99696  -1.79570   0.99694  -1.81709
   0.99777  -1.79698   0.99775  -1.81818
   0.99845  -1.79806   0.99843  -1.81911
   0.99901  -1.79895   0.99899  -1.81986
   0.99945  -1.79963   0.99943  -1.82045
   0.99976  -1.80013   0.99974  -1.82087
   0.99995  -1.80042   0.99993  -1.82112
   1.00001  -1.80052   0.99999  -1.82121

XIN,   MODIFIED LEADING EDGE THICKNESS     0.00000     0.00000
XIN,   MODIFIED LEADING EDGE THICKNESS     0.00006     0.09652
XIN,   MODIFIED LEADING EDGE THICKNESS     0.00025     0.19214
XIN,   MODIFIED LEADING EDGE THICKNESS     0.00056     0.28594
XIN,   MODIFIED LEADING EDGE THICKNESS     0.00100     0.37704
XIN,   MODIFIED LEADING EDGE THICKNESS     0.00156     0.46457
XIN,   MODIFIED LEADING EDGE THICKNESS     0.00224     0.54766
XIN,   MODIFIED LEADING EDGE THICKNESS     0.00305     0.62551
XIN,   MODIFIED LEADING EDGE THICKNESS     0.00398     0.69735
XIN,   MODIFIED LEADING EDGE THICKNESS     0.00504     0.76246
XIN,   MODIFIED LEADING EDGE THICKNESS     0.00622     0.82022
XIN,   MODIFIED LEADING EDGE THICKNESS     0.00752     0.87008
XIN,   MODIFIED LEADING EDGE THICKNESS     0.00895     0.91166
XIN,   MODIFIED LEADING EDGE THICKNESS     0.01049     0.94477
XIN,   MODIFIED LEADING EDGE THICKNESS     0.01216     0.96944
XIN,   MODIFIED LEADING EDGE THICKNESS     0.01395     0.98609
XIN,   MODIFIED LEADING EDGE THICKNESS     0.01587     0.99557
XIN,   MODIFIED LEADING EDGE THICKNESS     0.01790     0.99942
 XIN,   MODIFIED TRAILING EDGE THICKNESS     0.99105     0.99442
 XIN,   MODIFIED TRAILING EDGE THICKNESS     0.99248     0.96876
 XIN,   MODIFIED TRAILING EDGE THICKNESS     0.99378     0.92571
 XIN,   MODIFIED TRAILING EDGE THICKNESS     0.99496     0.86823
 XIN,   MODIFIED TRAILING EDGE THICKNESS     0.99602     0.79867
 XIN,   MODIFIED TRAILING EDGE THICKNESS     0.99695     0.71900
 XIN,   MODIFIED TRAILING EDGE THICKNESS     0.99776     0.63090
 XIN,   MODIFIED TRAILING EDGE THICKNESS     0.99844     0.53585
 XIN,   MODIFIED TRAILING EDGE THICKNESS     0.99900     0.43519
 XIN,   MODIFIED TRAILING EDGE THICKNESS     0.99944     0.33013
 XIN,   MODIFIED TRAILING EDGE THICKNESS     0.99975     0.22186
 XIN,   MODIFIED TRAILING EDGE THICKNESS     0.99994     0.11144
 XIN,   MODIFIED TRAILING EDGE THICKNESS     1.00000     0.00000

  POINTS NEARLY PERPENDICULAR TO THE CENTRE LINE BEFORE THINNING 
        N        XUPP      YUPP        XLOW        YLOW 
         1     0.00904     0.00397    -0.00550    -0.00242
         2     0.00911     0.00383    -0.00546    -0.00257
         3     0.00932     0.00342    -0.00532    -0.00301
         4     0.00967     0.00272    -0.00510    -0.00376
         5     0.01017     0.00175    -0.00478    -0.00481
         6     0.01080     0.00052    -0.00438    -0.00615
         7     0.01157    -0.00101    -0.00389    -0.00780
         8     0.01247    -0.00280    -0.00330    -0.00973
         9     0.01351    -0.00487    -0.00263    -0.01197
        10     0.01469    -0.00721    -0.00187    -0.01450
        11     0.01600    -0.00982    -0.00102    -0.01732
        12     0.01744    -0.01271    -0.00008    -0.02044
        13     0.01902    -0.01587     0.00103    -0.02381
        14     0.02072    -0.01929     0.00233    -0.02742
        15     0.02256    -0.02299     0.00378    -0.03129
        16     0.02452    -0.02695     0.00535    -0.03545
        17     0.02661    -0.03118     0.00704    -0.03986
        18     0.02883    -0.03567     0.00885    -0.04453
        19     0.03117    -0.04042     0.01078    -0.04949
        20     0.03364    -0.04543     0.01283    -0.05470
        21     0.03623    -0.05069     0.01500    -0.06016
        22     0.03894    -0.05621     0.01728    -0.06589
        23     0.04178    -0.06198     0.01968    -0.07187
        24     0.04473    -0.06800     0.02220    -0.07810
        25     0.04781    -0.07427     0.02483    -0.08460
        26     0.05100    -0.08078     0.02757    -0.09133
        27     0.05431    -0.08753     0.03043    -0.09830
        28     0.05773    -0.09451     0.03340    -0.10552
        29     0.06127    -0.10174     0.03648    -0.11297
        30     0.06493    -0.10919     0.03968    -0.12066
        31     0.06869    -0.11687     0.04298    -0.12857
        32     0.07257    -0.12478     0.04640    -0.13671
        33     0.07656    -0.13290     0.04992    -0.14508
        34     0.08066    -0.14125     0.05356    -0.15367
        35     0.08487    -0.14981     0.05730    -0.16247
        36     0.08918    -0.15858     0.06114    -0.17149
        37     0.09360    -0.16756     0.06510    -0.18071
        38     0.09813    -0.17674     0.06916    -0.19014
        39     0.10275    -0.18612     0.07332    -0.19977
        40     0.10748    -0.19570     0.07759    -0.20959
        41     0.11231    -0.20547     0.08196    -0.21961
        42     0.11723    -0.21543     0.08644    -0.22982
        43     0.12226    -0.22557     0.09101    -0.24022
        44     0.12738    -0.23589     0.09568    -0.25079
        45     0.13260    -0.24640     0.10045    -0.26154
        46     0.13790    -0.25707     0.10532    -0.27247
        47     0.14330    -0.26792     0.11029    -0.28356
        48     0.14880    -0.27893     0.11535    -0.29482
        49     0.15437    -0.29010     0.12051    -0.30624
        50     0.16004    -0.30143     0.12575    -0.31782
        51     0.16579    -0.31291     0.13110    -0.32954
        52     0.17163    -0.32455     0.13653    -0.34142
        53     0.17755    -0.33632     0.14205    -0.35344
        54     0.18355    -0.34824     0.14766    -0.36560
        55     0.18963    -0.36030     0.15335    -0.37789
        56     0.19579    -0.37249     0.15913    -0.39032
        57     0.20202    -0.38482     0.16500    -0.40288
        58     0.20833    -0.39727     0.17095    -0.41558
        59     0.21471    -0.40984     0.17698    -0.42838
        60     0.22116    -0.42252     0.18309    -0.44129
        61     0.22768    -0.43533     0.18928    -0.45431
        62     0.23427    -0.44824     0.19555    -0.46744
        63     0.24092    -0.46125     0.20189    -0.48067
        64     0.24764    -0.47437     0.20831    -0.49400
        65     0.25442    -0.48759     0.21480    -0.50742
        66     0.26126    -0.50090     0.22136    -0.52094
        67     0.26816    -0.51430     0.22800    -0.53454
        68     0.27512    -0.52779     0.23470    -0.54822
        69     0.28213    -0.54137     0.24146    -0.56198
        70     0.28920    -0.55502     0.24829    -0.57581
        71     0.29632    -0.56874     0.25519    -0.58971
        72     0.30349    -0.58254     0.26215    -0.60368
        73     0.31071    -0.59640     0.26916    -0.61771
        74     0.31797    -0.61033     0.27624    -0.63180
        75     0.32528    -0.62431     0.28337    -0.64594
        76     0.33263    -0.63834     0.29055    -0.66013
        77     0.34003    -0.65242     0.29779    -0.67436
        78     0.34746    -0.66655     0.30508    -0.68863
        79     0.35493    -0.68072     0.31242    -0.70294
        80     0.36243    -0.69492     0.31981    -0.71727
        81     0.36997    -0.70916     0.32724    -0.73164
        82     0.37753    -0.72343     0.33472    -0.74602
        83     0.38513    -0.73772     0.34224    -0.76043
        84     0.39276    -0.75203     0.34980    -0.77485
        85     0.40041    -0.76637     0.35740    -0.78928
        86     0.40808    -0.78071     0.36503    -0.80372
        87     0.41578    -0.79507     0.37270    -0.81817
        88     0.42349    -0.80944     0.38041    -0.83261
        89     0.43123    -0.82381     0.38814    -0.84705
        90     0.43898    -0.83817     0.39590    -0.86149
        91     0.44674    -0.85254     0.40369    -0.87591
        92     0.45452    -0.86690     0.41151    -0.89032
        93     0.46230    -0.88124     0.41935    -0.90471
        94     0.47010    -0.89557     0.42721    -0.91908
        95     0.47790    -0.90989     0.43509    -0.93342
        96     0.48571    -0.92418     0.44299    -0.94774
        97     0.49352    -0.93844     0.45091    -0.96202
        98     0.50132    -0.95268     0.45883    -0.97626
        99     0.50913    -0.96689     0.46677    -0.99047
       100     0.51694    -0.98106     0.47472    -1.00463
       101     0.52474    -0.99519     0.48268    -1.01875
       102     0.53253    -1.00928     0.49064    -1.03282
       103     0.54032    -1.02332     0.49860    -1.04684
       104     0.54810    -1.03732     0.50657    -1.06080
       105     0.55586    -1.05126     0.51453    -1.07470
       106     0.56361    -1.06514     0.52250    -1.08853
       107     0.57134    -1.07897     0.53045    -1.10230
       108     0.57905    -1.09273     0.53840    -1.11601
       109     0.58674    -1.10643     0.54635    -1.12963
       110     0.59442    -1.12006     0.55428    -1.14319
       111     0.60206    -1.13363     0.56220    -1.15666
       112     0.60969    -1.14711     0.57010    -1.17006
       113     0.61728    -1.16052     0.57799    -1.18337
       114     0.62485    -1.17385     0.58586    -1.19659
       115     0.63238    -1.18710     0.59370    -1.20973
       116     0.63989    -1.20026     0.60153    -1.22277
       117     0.64735    -1.21334     0.60933    -1.23572
       118     0.65479    -1.22632     0.61710    -1.24857
       119     0.66218    -1.23922     0.62484    -1.26132
       120     0.66953    -1.25201     0.63255    -1.27397
       121     0.67685    -1.26471     0.64023    -1.28651
       122     0.68412    -1.27731     0.64788    -1.29895
       123     0.69134    -1.28980     0.65548    -1.31128
       124     0.69852    -1.30219     0.66305    -1.32350
       125     0.70565    -1.31447     0.67058    -1.33560
       126     0.71273    -1.32664     0.67806    -1.34759
       127     0.71975    -1.33870     0.68550    -1.35946
       128     0.72673    -1.35065     0.69289    -1.37120
       129     0.73365    -1.36247     0.70023    -1.38283
       130     0.74051    -1.37418     0.70752    -1.39433
       131     0.74731    -1.38576     0.71476    -1.40571
       132     0.75406    -1.39723     0.72195    -1.41695
       133     0.76074    -1.40856     0.72907    -1.42807
       134     0.76736    -1.41977     0.73614    -1.43905
       135     0.77392    -1.43085     0.74315    -1.44991
       136     0.78041    -1.44180     0.75010    -1.46062
       137     0.78683    -1.45261     0.75698    -1.47120
       138     0.79319    -1.46329     0.76379    -1.48164
       139     0.79947    -1.47384     0.77054    -1.49194
       140     0.80568    -1.48424     0.77722    -1.50210
       141     0.81182    -1.49450     0.78382    -1.51211
       142     0.81788    -1.50462     0.79036    -1.52198
       143     0.82387    -1.51460     0.79682    -1.53170
       144     0.82978    -1.52443     0.80320    -1.54127
       145     0.83561    -1.53412     0.80950    -1.55070
       146     0.84136    -1.54365     0.81572    -1.55997
       147     0.84703    -1.55304     0.82186    -1.56910
       148     0.85262    -1.56227     0.82792    -1.57807
       149     0.85813    -1.57135     0.83389    -1.58688
       150     0.86354    -1.58027     0.83977    -1.59554
       151     0.86887    -1.58904     0.84557    -1.60405
       152     0.87412    -1.59766     0.85128    -1.61240
       153     0.87927    -1.60611     0.85689    -1.62058
       154     0.88434    -1.61440     0.86241    -1.62861
       155     0.88931    -1.62254     0.86784    -1.63648
       156     0.89419    -1.63051     0.87317    -1.64419
       157     0.89898    -1.63831     0.87840    -1.65173
       158     0.90367    -1.64596     0.88353    -1.65911
       159     0.90827    -1.65343     0.88857    -1.66633
       160     0.91277    -1.66074     0.89350    -1.67338
       161     0.91718    -1.66788     0.89833    -1.68027
       162     0.92148    -1.67486     0.90305    -1.68699
       163     0.92569    -1.68166     0.90767    -1.69354
       164     0.92979    -1.68829     0.91218    -1.69993
       165     0.93379    -1.69475     0.91658    -1.70615
       166     0.93770    -1.70104     0.92087    -1.71219
       167     0.94149    -1.70716     0.92505    -1.71807
       168     0.94519    -1.71310     0.92912    -1.72378
       169     0.94877    -1.71886     0.93308    -1.72932
       170     0.95226    -1.72445     0.93692    -1.73468
       171     0.95563    -1.72987     0.94064    -1.73988
       172     0.95890    -1.73510     0.94425    -1.74490
       173     0.96206    -1.74016     0.94775    -1.74975
       174     0.96511    -1.74504     0.95112    -1.75443
       175     0.96806    -1.74974     0.95437    -1.75893
       176     0.97089    -1.75426     0.95751    -1.76326
       177     0.97361    -1.75860     0.96052    -1.76742
       178     0.97622    -1.76276     0.96341    -1.77140
       179     0.97872    -1.76674     0.96618    -1.77520
       180     0.98111    -1.77054     0.96883    -1.77883
       181     0.98338    -1.77415     0.97135    -1.78229
       182     0.98554    -1.77758     0.97374    -1.78557
       183     0.98758    -1.78083     0.97601    -1.78867
       184     0.98952    -1.78390     0.97816    -1.79160
       185     0.99133    -1.78678     0.98018    -1.79435
       186     0.99303    -1.78947     0.98207    -1.79692
       187     0.99462    -1.79199     0.98383    -1.79932
       188     0.99609    -1.79431     0.98546    -1.80154
       189     0.99744    -1.79646     0.98696    -1.80358
       190     0.99868    -1.79841     0.98834    -1.80545
       191     0.99980    -1.80018     0.98958    -1.80714
       192     1.00080    -1.80177     0.99070    -1.80865
       193     1.00168    -1.80317     0.99168    -1.80998
       194     1.00245    -1.80438     0.99254    -1.81114
       195     1.00310    -1.80541     0.99326    -1.81212
       196     1.00363    -1.80625     0.99385    -1.81292
       197     1.00404    -1.80690     0.99431    -1.81354
       198     1.00434    -1.80737     0.99464    -1.81399
       199     1.00452    -1.80765     0.99484    -1.81425
       200     1.00458    -1.80774     0.99490    -1.81434
  COORDINATES GOING ROUND THE BLADE AFTER ANY ROTATION
     N        XSURF        YSURF 
         1     0.00212     0.00093
         2     0.00253     0.00094
         3     0.00341     0.00082
         4     0.00440     0.00041
         5     0.00551    -0.00029
         6     0.00673    -0.00127
         7     0.00807    -0.00254
         8     0.00952    -0.00409
         9     0.01107    -0.00594
        10     0.01272    -0.00807
        11     0.01447    -0.01049
        12     0.01631    -0.01321
        13     0.01822    -0.01622
        14     0.02022    -0.01952
        15     0.02227    -0.02311
        16     0.02439    -0.02701
        17     0.02657    -0.03120
        18     0.02882    -0.03567
        19     0.03117    -0.04042
        20     0.03364    -0.04543
        21     0.03623    -0.05069
        22     0.03894    -0.05621
        23     0.04178    -0.06198
        24     0.04473    -0.06800
        25     0.04781    -0.07427
        26     0.05100    -0.08078
        27     0.05431    -0.08753
        28     0.05773    -0.09451
        29     0.06127    -0.10174
        30     0.06493    -0.10919
        31     0.06869    -0.11687
        32     0.07257    -0.12478
        33     0.07656    -0.13290
        34     0.08066    -0.14125
        35     0.08487    -0.14981
        36     0.08918    -0.15858
        37     0.09360    -0.16756
        38     0.09813    -0.17674
        39     0.10275    -0.18612
        40     0.10748    -0.19570
        41     0.11231    -0.20547
        42     0.11723    -0.21543
        43     0.12226    -0.22557
        44     0.12738    -0.23589
        45     0.13260    -0.24640
        46     0.13790    -0.25707
        47     0.14330    -0.26792
        48     0.14880    -0.27893
        49     0.15437    -0.29010
        50     0.16004    -0.30143
        51     0.16579    -0.31291
        52     0.17163    -0.32455
        53     0.17755    -0.33632
        54     0.18355    -0.34824
        55     0.18963    -0.36030
        56     0.19579    -0.37249
        57     0.20202    -0.38482
        58     0.20833    -0.39727
        59     0.21471    -0.40984
        60     0.22116    -0.42252
        61     0.22768    -0.43533
        62     0.23427    -0.44824
        63     0.24092    -0.46125
        64     0.24764    -0.47437
        65     0.25442    -0.48759
        66     0.26126    -0.50090
        67     0.26816    -0.51430
        68     0.27512    -0.52779
        69     0.28213    -0.54137
        70     0.28920    -0.55502
        71     0.29632    -0.56874
        72     0.30349    -0.58254
        73     0.31071    -0.59640
        74     0.31797    -0.61033
        75     0.32528    -0.62431
        76     0.33263    -0.63834
        77     0.34003    -0.65242
        78     0.34746    -0.66655
        79     0.35493    -0.68072
        80     0.36243    -0.69492
        81     0.36997    -0.70916
        82     0.37753    -0.72343
        83     0.38513    -0.73772
        84     0.39276    -0.75203
        85     0.40041    -0.76637
        86     0.40808    -0.78071
        87     0.41578    -0.79507
        88     0.42349    -0.80944
        89     0.43123    -0.82381
        90     0.43898    -0.83817
        91     0.44674    -0.85254
        92     0.45452    -0.86690
        93     0.46230    -0.88124
        94     0.47010    -0.89557
        95     0.47790    -0.90989
        96     0.48571    -0.92418
        97     0.49352    -0.93844
        98     0.50132    -0.95268
        99     0.50913    -0.96689
       100     0.51694    -0.98106
       101     0.52474    -0.99519
       102     0.53253    -1.00928
       103     0.54032    -1.02332
       104     0.54810    -1.03732
       105     0.55586    -1.05126
       106     0.56361    -1.06514
       107     0.57134    -1.07897
       108     0.57905    -1.09273
       109     0.58674    -1.10643
       110     0.59442    -1.12006
       111     0.60206    -1.13363
       112     0.60969    -1.14711
       113     0.61728    -1.16052
       114     0.62485    -1.17385
       115     0.63238    -1.18710
       116     0.63989    -1.20026
       117     0.64735    -1.21334
       118     0.65479    -1.22632
       119     0.66218    -1.23922
       120     0.66953    -1.25201
       121     0.67685    -1.26471
       122     0.68412    -1.27731
       123     0.69134    -1.28980
       124     0.69852    -1.30219
       125     0.70565    -1.31447
       126     0.71273    -1.32664
       127     0.71975    -1.33870
       128     0.72673    -1.35065
       129     0.73365    -1.36247
       130     0.74051    -1.37418
       131     0.74731    -1.38576
       132     0.75406    -1.39723
       133     0.76074    -1.40856
       134     0.76736    -1.41977
       135     0.77392    -1.43085
       136     0.78041    -1.44180
       137     0.78683    -1.45261
       138     0.79319    -1.46329
       139     0.79947    -1.47384
       140     0.80568    -1.48424
       141     0.81182    -1.49450
       142     0.81788    -1.50462
       143     0.82387    -1.51460
       144     0.82978    -1.52443
       145     0.83561    -1.53412
       146     0.84136    -1.54365
       147     0.84703    -1.55304
       148     0.85262    -1.56227
       149     0.85813    -1.57135
       150     0.86354    -1.58027
       151     0.86887    -1.58904
       152     0.87412    -1.59766
       153     0.87927    -1.60611
       154     0.88434    -1.61440
       155     0.88931    -1.62254
       156     0.89419    -1.63051
       157     0.89898    -1.63831
       158     0.90367    -1.64596
       159     0.90827    -1.65343
       160     0.91277    -1.66074
       161     0.91718    -1.66788
       162     0.92148    -1.67486
       163     0.92569    -1.68166
       164     0.92979    -1.68829
       165     0.93379    -1.69475
       166     0.93770    -1.70104
       167     0.94149    -1.70716
       168     0.94519    -1.71310
       169     0.94877    -1.71886
       170     0.95226    -1.72445
       171     0.95563    -1.72987
       172     0.95890    -1.73510
       173     0.96206    -1.74016
       174     0.96511    -1.74504
       175     0.96806    -1.74974
       176     0.97089    -1.75426
       177     0.97361    -1.75860
       178     0.97622    -1.76276
       179     0.97872    -1.76674
       180     0.98111    -1.77054
       181     0.98338    -1.77415
       182     0.98554    -1.77758
       183     0.98758    -1.78083
       184     0.98952    -1.78390
       185     0.99133    -1.78678
       186     0.99303    -1.78947
       187     0.99462    -1.79199
       188     0.99606    -1.79433
       189     0.99728    -1.79657
       190     0.99829    -1.79867
       191     0.99912    -1.80064
       192     0.99978    -1.80246
       193     1.00028    -1.80413
       194     1.00062    -1.80563
       195     1.00082    -1.80696
       196     1.00087    -1.80813
       197     1.00078    -1.80913
       198     1.00057    -1.80994
       199     1.00022    -1.81058
       200     1.00001    -1.81086
       201     0.99947    -1.81123
       202     0.99914    -1.81132
       203     0.99841    -1.81141
       204     0.99757    -1.81132
       205     0.99661    -1.81104
       206     0.99554    -1.81056
       207     0.99437    -1.80989
       208     0.99309    -1.80903
       209     0.99172    -1.80796
       210     0.99026    -1.80668
       211     0.98872    -1.80519
       212     0.98713    -1.80347
       213     0.98549    -1.80152
       214     0.98383    -1.79932
       215     0.98207    -1.79692
       216     0.98018    -1.79435
       217     0.97816    -1.79160
       218     0.97601    -1.78867
       219     0.97374    -1.78557
       220     0.97135    -1.78229
       221     0.96883    -1.77883
       222     0.96618    -1.77520
       223     0.96341    -1.77140
       224     0.96052    -1.76742
       225     0.95751    -1.76326
       226     0.95437    -1.75893
       227     0.95112    -1.75443
       228     0.94775    -1.74975
       229     0.94425    -1.74490
       230     0.94064    -1.73988
       231     0.93692    -1.73468
       232     0.93308    -1.72932
       233     0.92912    -1.72378
       234     0.92505    -1.71807
       235     0.92087    -1.71219
       236     0.91658    -1.70615
       237     0.91218    -1.69993
       238     0.90767    -1.69354
       239     0.90305    -1.68699
       240     0.89833    -1.68027
       241     0.89350    -1.67338
       242     0.88857    -1.66633
       243     0.88353    -1.65911
       244     0.87840    -1.65173
       245     0.87317    -1.64419
       246     0.86784    -1.63648
       247     0.86241    -1.62861
       248     0.85689    -1.62058
       249     0.85128    -1.61240
       250     0.84557    -1.60405
       251     0.83977    -1.59554
       252     0.83389    -1.58688
       253     0.82792    -1.57807
       254     0.82186    -1.56910
       255     0.81572    -1.55997
       256     0.80950    -1.55070
       257     0.80320    -1.54127
       258     0.79682    -1.53170
       259     0.79036    -1.52198
       260     0.78382    -1.51211
       261     0.77722    -1.50210
       262     0.77054    -1.49194
       263     0.76379    -1.48164
       264     0.75698    -1.47120
       265     0.75010    -1.46062
       266     0.74315    -1.44991
       267     0.73614    -1.43905
       268     0.72907    -1.42807
       269     0.72195    -1.41695
       270     0.71476    -1.40571
       271     0.70752    -1.39433
       272     0.70023    -1.38283
       273     0.69289    -1.37120
       274     0.68550    -1.35946
       275     0.67806    -1.34759
       276     0.67058    -1.33560
       277     0.66305    -1.32350
       278     0.65548    -1.31128
       279     0.64788    -1.29895
       280     0.64023    -1.28651
       281     0.63255    -1.27397
       282     0.62484    -1.26132
       283     0.61710    -1.24857
       284     0.60933    -1.23572
       285     0.60153    -1.22277
       286     0.59370    -1.20973
       287     0.58586    -1.19659
       288     0.57799    -1.18337
       289     0.57010    -1.17006
       290     0.56220    -1.15666
       291     0.55428    -1.14319
       292     0.54635    -1.12963
       293     0.53840    -1.11601
       294     0.53045    -1.10230
       295     0.52250    -1.08853
       296     0.51453    -1.07470
       297     0.50657    -1.06080
       298     0.49860    -1.04684
       299     0.49064    -1.03282
       300     0.48268    -1.01875
       301     0.47472    -1.00463
       302     0.46677    -0.99047
       303     0.45883    -0.97626
       304     0.45091    -0.96202
       305     0.44299    -0.94774
       306     0.43509    -0.93342
       307     0.42721    -0.91908
       308     0.41935    -0.90471
       309     0.41151    -0.89032
       310     0.40369    -0.87591
       311     0.39590    -0.86149
       312     0.38814    -0.84705
       313     0.38041    -0.83261
       314     0.37270    -0.81817
       315     0.36503    -0.80372
       316     0.35740    -0.78928
       317     0.34980    -0.77485
       318     0.34224    -0.76043
       319     0.33472    -0.74602
       320     0.32724    -0.73164
       321     0.31981    -0.71727
       322     0.31242    -0.70294
       323     0.30508    -0.68863
       324     0.29779    -0.67436
       325     0.29055    -0.66013
       326     0.28337    -0.64594
       327     0.27624    -0.63180
       328     0.26916    -0.61771
       329     0.26215    -0.60368
       330     0.25519    -0.58971
       331     0.24829    -0.57581
       332     0.24146    -0.56198
       333     0.23470    -0.54822
       334     0.22800    -0.53454
       335     0.22136    -0.52094
       336     0.21480    -0.50742
       337     0.20831    -0.49400
       338     0.20189    -0.48067
       339     0.19555    -0.46744
       340     0.18928    -0.45431
       341     0.18309    -0.44129
       342     0.17698    -0.42838
       343     0.17095    -0.41558
       344     0.16500    -0.40288
       345     0.15913    -0.39032
       346     0.15335    -0.37789
       347     0.14766    -0.36560
       348     0.14205    -0.35344
       349     0.13653    -0.34142
       350     0.13110    -0.32954
       351     0.12575    -0.31782
       352     0.12051    -0.30624
       353     0.11535    -0.29482
       354     0.11029    -0.28356
       355     0.10532    -0.27247
       356     0.10045    -0.26154
       357     0.09568    -0.25079
       358     0.09101    -0.24022
       359     0.08644    -0.22982
       360     0.08196    -0.21961
       361     0.07759    -0.20959
       362     0.07332    -0.19977
       363     0.06916    -0.19014
       364     0.06510    -0.18071
       365     0.06114    -0.17149
       366     0.05730    -0.16247
       367     0.05356    -0.15367
       368     0.04992    -0.14508
       369     0.04640    -0.13671
       370     0.04298    -0.12857
       371     0.03968    -0.12066
       372     0.03648    -0.11297
       373     0.03340    -0.10552
       374     0.03043    -0.09830
       375     0.02757    -0.09133
       376     0.02483    -0.08460
       377     0.02220    -0.07810
       378     0.01968    -0.07187
       379     0.01728    -0.06589
       380     0.01500    -0.06016
       381     0.01283    -0.05470
       382     0.01078    -0.04949
       383     0.00886    -0.04453
       384     0.00708    -0.03984
       385     0.00548    -0.03539
       386     0.00406    -0.03117
       387     0.00284    -0.02720
       388     0.00182    -0.02346
       389     0.00106    -0.01994
       390     0.00051    -0.01665
       391     0.00010    -0.01363
       392    -0.00019    -0.01090
       393    -0.00035    -0.00844
       394    -0.00039    -0.00626
       395    -0.00032    -0.00437
       396    -0.00013    -0.00276
       397     0.00018    -0.00145
       398     0.00059    -0.00042
       399     0.00112     0.00032
       400     0.00142     0.00062
  LEADING EDGE POINT =          394  TE POINT =         196

  NO OF SUCT S POINTS         203  NO PRESS S POINTS         199
  XMIN,XMAX, XCHORD    -3.90746805E-04   1.00086915       1.00125992    

   SUCTION SURFACE POINTS FROM LE TO TE.
         1    -0.00039    -0.00626
         2    -0.00032    -0.00437
         3    -0.00013    -0.00276
         4     0.00018    -0.00145
         5     0.00059    -0.00042
         6     0.00112     0.00032
         7     0.00142     0.00062
         8     0.00212     0.00093
         9     0.00253     0.00094
        10     0.00341     0.00082
        11     0.00440     0.00041
        12     0.00551    -0.00029
        13     0.00673    -0.00127
        14     0.00807    -0.00254
        15     0.00952    -0.00409
        16     0.01107    -0.00594
        17     0.01272    -0.00807
        18     0.01447    -0.01049
        19     0.01631    -0.01321
        20     0.01822    -0.01622
        21     0.02022    -0.01952
        22     0.02227    -0.02311
        23     0.02439    -0.02701
        24     0.02657    -0.03120
        25     0.02882    -0.03567
        26     0.03117    -0.04042
        27     0.03364    -0.04543
        28     0.03623    -0.05069
        29     0.03894    -0.05621
        30     0.04178    -0.06198
        31     0.04473    -0.06800
        32     0.04781    -0.07427
        33     0.05100    -0.08078
        34     0.05431    -0.08753
        35     0.05773    -0.09451
        36     0.06127    -0.10174
        37     0.06493    -0.10919
        38     0.06869    -0.11687
        39     0.07257    -0.12478
        40     0.07656    -0.13290
        41     0.08066    -0.14125
        42     0.08487    -0.14981
        43     0.08918    -0.15858
        44     0.09360    -0.16756
        45     0.09813    -0.17674
        46     0.10275    -0.18612
        47     0.10748    -0.19570
        48     0.11231    -0.20547
        49     0.11723    -0.21543
        50     0.12226    -0.22557
        51     0.12738    -0.23589
        52     0.13260    -0.24640
        53     0.13790    -0.25707
        54     0.14330    -0.26792
        55     0.14880    -0.27893
        56     0.15437    -0.29010
        57     0.16004    -0.30143
        58     0.16579    -0.31291
        59     0.17163    -0.32455
        60     0.17755    -0.33632
        61     0.18355    -0.34824
        62     0.18963    -0.36030
        63     0.19579    -0.37249
        64     0.20202    -0.38482
        65     0.20833    -0.39727
        66     0.21471    -0.40984
        67     0.22116    -0.42252
        68     0.22768    -0.43533
        69     0.23427    -0.44824
        70     0.24092    -0.46125
        71     0.24764    -0.47437
        72     0.25442    -0.48759
        73     0.26126    -0.50090
        74     0.26816    -0.51430
        75     0.27512    -0.52779
        76     0.28213    -0.54137
        77     0.28920    -0.55502
        78     0.29632    -0.56874
        79     0.30349    -0.58254
        80     0.31071    -0.59640
        81     0.31797    -0.61033
        82     0.32528    -0.62431
        83     0.33263    -0.63834
        84     0.34003    -0.65242
        85     0.34746    -0.66655
        86     0.35493    -0.68072
        87     0.36243    -0.69492
        88     0.36997    -0.70916
        89     0.37753    -0.72343
        90     0.38513    -0.73772
        91     0.39276    -0.75203
        92     0.40041    -0.76637
        93     0.40808    -0.78071
        94     0.41578    -0.79507
        95     0.42349    -0.80944
        96     0.43123    -0.82381
        97     0.43898    -0.83817
        98     0.44674    -0.85254
        99     0.45452    -0.86690
       100     0.46230    -0.88124
       101     0.47010    -0.89557
       102     0.47790    -0.90989
       103     0.48571    -0.92418
       104     0.49352    -0.93844
       105     0.50132    -0.95268
       106     0.50913    -0.96689
       107     0.51694    -0.98106
       108     0.52474    -0.99519
       109     0.53253    -1.00928
       110     0.54032    -1.02332
       111     0.54810    -1.03732
       112     0.55586    -1.05126
       113     0.56361    -1.06514
       114     0.57134    -1.07897
       115     0.57905    -1.09273
       116     0.58674    -1.10643
       117     0.59442    -1.12006
       118     0.60206    -1.13363
       119     0.60969    -1.14711
       120     0.61728    -1.16052
       121     0.62485    -1.17385
       122     0.63238    -1.18710
       123     0.63989    -1.20026
       124     0.64735    -1.21334
       125     0.65479    -1.22632
       126     0.66218    -1.23922
       127     0.66953    -1.25201
       128     0.67685    -1.26471
       129     0.68412    -1.27731
       130     0.69134    -1.28980
       131     0.69852    -1.30219
       132     0.70565    -1.31447
       133     0.71273    -1.32664
       134     0.71975    -1.33870
       135     0.72673    -1.35065
       136     0.73365    -1.36247
       137     0.74051    -1.37418
       138     0.74731    -1.38576
       139     0.75406    -1.39723
       140     0.76074    -1.40856
       141     0.76736    -1.41977
       142     0.77392    -1.43085
       143     0.78041    -1.44180
       144     0.78683    -1.45261
       145     0.79319    -1.46329
       146     0.79947    -1.47384
       147     0.80568    -1.48424
       148     0.81182    -1.49450
       149     0.81788    -1.50462
       150     0.82387    -1.51460
       151     0.82978    -1.52443
       152     0.83561    -1.53412
       153     0.84136    -1.54365
       154     0.84703    -1.55304
       155     0.85262    -1.56227
       156     0.85813    -1.57135
       157     0.86354    -1.58027
       158     0.86887    -1.58904
       159     0.87412    -1.59766
       160     0.87927    -1.60611
       161     0.88434    -1.61440
       162     0.88931    -1.62254
       163     0.89419    -1.63051
       164     0.89898    -1.63831
       165     0.90367    -1.64596
       166     0.90827    -1.65343
       167     0.91277    -1.66074
       168     0.91718    -1.66788
       169     0.92148    -1.67486
       170     0.92569    -1.68166
       171     0.92979    -1.68829
       172     0.93379    -1.69475
       173     0.93770    -1.70104
       174     0.94149    -1.70716
       175     0.94519    -1.71310
       176     0.94877    -1.71886
       177     0.95226    -1.72445
       178     0.95563    -1.72987
       179     0.95890    -1.73510
       180     0.96206    -1.74016
       181     0.96511    -1.74504
       182     0.96806    -1.74974
       183     0.97089    -1.75426
       184     0.97361    -1.75860
       185     0.97622    -1.76276
       186     0.97872    -1.76674
       187     0.98111    -1.77054
       188     0.98338    -1.77415
       189     0.98554    -1.77758
       190     0.98758    -1.78083
       191     0.98952    -1.78390
       192     0.99133    -1.78678
       193     0.99303    -1.78947
       194     0.99462    -1.79199
       195     0.99606    -1.79433
       196     0.99728    -1.79657
       197     0.99829    -1.79867
       198     0.99912    -1.80064
       199     0.99978    -1.80246
       200     1.00028    -1.80413
       201     1.00062    -1.80563
       202     1.00082    -1.80696
       203     1.00087    -1.80813

   PRESSURE SURFACE POINTS FROM LE TO TE.
         1    -0.00039    -0.00626
         2    -0.00035    -0.00844
         3    -0.00019    -0.01090
         4     0.00010    -0.01363
         5     0.00051    -0.01665
         6     0.00106    -0.01994
         7     0.00182    -0.02346
         8     0.00284    -0.02720
         9     0.00406    -0.03117
        10     0.00548    -0.03539
        11     0.00708    -0.03984
        12     0.00886    -0.04453
        13     0.01078    -0.04949
        14     0.01283    -0.05470
        15     0.01500    -0.06016
        16     0.01728    -0.06589
        17     0.01968    -0.07187
        18     0.02220    -0.07810
        19     0.02483    -0.08460
        20     0.02757    -0.09133
        21     0.03043    -0.09830
        22     0.03340    -0.10552
        23     0.03648    -0.11297
        24     0.03968    -0.12066
        25     0.04298    -0.12857
        26     0.04640    -0.13671
        27     0.04992    -0.14508
        28     0.05356    -0.15367
        29     0.05730    -0.16247
        30     0.06114    -0.17149
        31     0.06510    -0.18071
        32     0.06916    -0.19014
        33     0.07332    -0.19977
        34     0.07759    -0.20959
        35     0.08196    -0.21961
        36     0.08644    -0.22982
        37     0.09101    -0.24022
        38     0.09568    -0.25079
        39     0.10045    -0.26154
        40     0.10532    -0.27247
        41     0.11029    -0.28356
        42     0.11535    -0.29482
        43     0.12051    -0.30624
        44     0.12575    -0.31782
        45     0.13110    -0.32954
        46     0.13653    -0.34142
        47     0.14205    -0.35344
        48     0.14766    -0.36560
        49     0.15335    -0.37789
        50     0.15913    -0.39032
        51     0.16500    -0.40288
        52     0.17095    -0.41558
        53     0.17698    -0.42838
        54     0.18309    -0.44129
        55     0.18928    -0.45431
        56     0.19555    -0.46744
        57     0.20189    -0.48067
        58     0.20831    -0.49400
        59     0.21480    -0.50742
        60     0.22136    -0.52094
        61     0.22800    -0.53454
        62     0.23470    -0.54822
        63     0.24146    -0.56198
        64     0.24829    -0.57581
        65     0.25519    -0.58971
        66     0.26215    -0.60368
        67     0.26916    -0.61771
        68     0.27624    -0.63180
        69     0.28337    -0.64594
        70     0.29055    -0.66013
        71     0.29779    -0.67436
        72     0.30508    -0.68863
        73     0.31242    -0.70294
        74     0.31981    -0.71727
        75     0.32724    -0.73164
        76     0.33472    -0.74602
        77     0.34224    -0.76043
        78     0.34980    -0.77485
        79     0.35740    -0.78928
        80     0.36503    -0.80372
        81     0.37270    -0.81817
        82     0.38041    -0.83261
        83     0.38814    -0.84705
        84     0.39590    -0.86149
        85     0.40369    -0.87591
        86     0.41151    -0.89032
        87     0.41935    -0.90471
        88     0.42721    -0.91908
        89     0.43509    -0.93342
        90     0.44299    -0.94774
        91     0.45091    -0.96202
        92     0.45883    -0.97626
        93     0.46677    -0.99047
        94     0.47472    -1.00463
        95     0.48268    -1.01875
        96     0.49064    -1.03282
        97     0.49860    -1.04684
        98     0.50657    -1.06080
        99     0.51453    -1.07470
       100     0.52250    -1.08853
       101     0.53045    -1.10230
       102     0.53840    -1.11601
       103     0.54635    -1.12963
       104     0.55428    -1.14319
       105     0.56220    -1.15666
       106     0.57010    -1.17006
       107     0.57799    -1.18337
       108     0.58586    -1.19659
       109     0.59370    -1.20973
       110     0.60153    -1.22277
       111     0.60933    -1.23572
       112     0.61710    -1.24857
       113     0.62484    -1.26132
       114     0.63255    -1.27397
       115     0.64023    -1.28651
       116     0.64788    -1.29895
       117     0.65548    -1.31128
       118     0.66305    -1.32350
       119     0.67058    -1.33560
       120     0.67806    -1.34759
       121     0.68550    -1.35946
       122     0.69289    -1.37120
       123     0.70023    -1.38283
       124     0.70752    -1.39433
       125     0.71476    -1.40571
       126     0.72195    -1.41695
       127     0.72907    -1.42807
       128     0.73614    -1.43905
       129     0.74315    -1.44991
       130     0.75010    -1.46062
       131     0.75698    -1.47120
       132     0.76379    -1.48164
       133     0.77054    -1.49194
       134     0.77722    -1.50210
       135     0.78382    -1.51211
       136     0.79036    -1.52198
       137     0.79682    -1.53170
       138     0.80320    -1.54127
       139     0.80950    -1.55070
       140     0.81572    -1.55997
       141     0.82186    -1.56910
       142     0.82792    -1.57807
       143     0.83389    -1.58688
       144     0.83977    -1.59554
       145     0.84557    -1.60405
       146     0.85128    -1.61240
       147     0.85689    -1.62058
       148     0.86241    -1.62861
       149     0.86784    -1.63648
       150     0.87317    -1.64419
       151     0.87840    -1.65173
       152     0.88353    -1.65911
       153     0.88857    -1.66633
       154     0.89350    -1.67338
       155     0.89833    -1.68027
       156     0.90305    -1.68699
       157     0.90767    -1.69354
       158     0.91218    -1.69993
       159     0.91658    -1.70615
       160     0.92087    -1.71219
       161     0.92505    -1.71807
       162     0.92912    -1.72378
       163     0.93308    -1.72932
       164     0.93692    -1.73468
       165     0.94064    -1.73988
       166     0.94425    -1.74490
       167     0.94775    -1.74975
       168     0.95112    -1.75443
       169     0.95437    -1.75893
       170     0.95751    -1.76326
       171     0.96052    -1.76742
       172     0.96341    -1.77140
       173     0.96618    -1.77520
       174     0.96883    -1.77883
       175     0.97135    -1.78229
       176     0.97374    -1.78557
       177     0.97601    -1.78867
       178     0.97816    -1.79160
       179     0.98018    -1.79435
       180     0.98207    -1.79692
       181     0.98383    -1.79932
       182     0.98549    -1.80152
       183     0.98713    -1.80347
       184     0.98872    -1.80519
       185     0.99026    -1.80668
       186     0.99172    -1.80796
       187     0.99309    -1.80903
       188     0.99437    -1.80989
       189     0.99554    -1.81056
       190     0.99661    -1.81104
       191     0.99757    -1.81132
       192     0.99841    -1.81141
       193     0.99914    -1.81132
       194     0.99947    -1.81123
       195     1.00001    -1.81086
       196     1.00022    -1.81058
       197     1.00057    -1.80994
       198     1.00078    -1.80913
       199     1.00087    -1.80813
  POINTS ON THE BLADE TO BE USED FOR PLOTTING 
  AND FINAL INTERPOLATION 
  N           X          YUP        YLOW        THICK 
    1      0.0000     -0.0063     -0.0063      0.0000
    2      0.0001     -0.0047     -0.0087      0.0041
    3      0.0002     -0.0029     -0.0113      0.0084
    4      0.0006     -0.0015     -0.0142      0.0127
    5      0.0010     -0.0004     -0.0172      0.0168
    6      0.0016      0.0004     -0.0204      0.0208
    7      0.0022      0.0008     -0.0235      0.0244
    8      0.0030      0.0009     -0.0265      0.0274
    9      0.0040      0.0007     -0.0296      0.0303
   10      0.0050      0.0002     -0.0329      0.0331
   11      0.0062     -0.0006     -0.0363      0.0358
   12      0.0075     -0.0017     -0.0399      0.0383
   13      0.0089     -0.0031     -0.0437      0.0406
   14      0.0105     -0.0048     -0.0477      0.0429
   15      0.0122     -0.0069     -0.0520      0.0451
   16      0.0140     -0.0092     -0.0565      0.0473
   17      0.0159     -0.0120     -0.0613      0.0493
   18      0.0179     -0.0151     -0.0664      0.0513
   19      0.0201     -0.0186     -0.0718      0.0532
   20      0.0223     -0.0225     -0.0774      0.0549
   21      0.0247     -0.0269     -0.0833      0.0564
   22      0.0272     -0.0318     -0.0895      0.0577
   23      0.0299     -0.0370     -0.0959      0.0589
   24      0.0326     -0.0426     -0.1026      0.0600
   25      0.0355     -0.0484     -0.1095      0.0612
   26      0.0384     -0.0544     -0.1167      0.0623
   27      0.0415     -0.0607     -0.1241      0.0634
   28      0.0447     -0.0673     -0.1318      0.0645
   29      0.0481     -0.0740     -0.1397      0.0657
   30      0.0515     -0.0810     -0.1478      0.0668
   31      0.0550     -0.0882     -0.1562      0.0680
   32      0.0587     -0.0957     -0.1648      0.0691
   33      0.0625     -0.1034     -0.1736      0.0702
   34      0.0663     -0.1113     -0.1826      0.0713
   35      0.0703     -0.1194     -0.1919      0.0725
   36      0.0744     -0.1277     -0.2013      0.0736
   37      0.0786     -0.1363     -0.2110      0.0747
   38      0.0829     -0.1450     -0.2208      0.0758
   39      0.0873     -0.1540     -0.2309      0.0769
   40      0.0918     -0.1632     -0.2411      0.0780
   41      0.0964     -0.1725     -0.2515      0.0790
   42      0.1011     -0.1821     -0.2621      0.0801
   43      0.1059     -0.1918     -0.2729      0.0811
   44      0.1108     -0.2018     -0.2839      0.0821
   45      0.1159     -0.2119     -0.2950      0.0831
   46      0.1210     -0.2222     -0.3063      0.0841
   47      0.1261     -0.2326     -0.3178      0.0851
   48      0.1314     -0.2433     -0.3294      0.0861
   49      0.1368     -0.2541     -0.3411      0.0870
   50      0.1423     -0.2651     -0.3531      0.0879
   51      0.1478     -0.2763     -0.3651      0.0888
   52      0.1535     -0.2876     -0.3773      0.0897
   53      0.1592     -0.2990     -0.3896      0.0906
   54      0.1650     -0.3107     -0.4021      0.0914
   55      0.1709     -0.3224     -0.4147      0.0922
   56      0.1769     -0.3343     -0.4274      0.0930
   57      0.1830     -0.3464     -0.4402      0.0938
   58      0.1891     -0.3586     -0.4531      0.0945
   59      0.1954     -0.3709     -0.4661      0.0953
   60      0.2017     -0.3833     -0.4793      0.0959
   61      0.2080     -0.3959     -0.4925      0.0966
   62      0.2145     -0.4086     -0.5059      0.0972
   63      0.2210     -0.4214     -0.5193      0.0978
   64      0.2276     -0.4344     -0.5328      0.0984
   65      0.2342     -0.4474     -0.5464      0.0990
   66      0.2409     -0.4605     -0.5600      0.0995
   67      0.2477     -0.4738     -0.5738      0.1000
   68      0.2546     -0.4871     -0.5876      0.1005
   69      0.2615     -0.5006     -0.6015      0.1009
   70      0.2684     -0.5141     -0.6154      0.1013
   71      0.2755     -0.5277     -0.6294      0.1017
   72      0.2826     -0.5414     -0.6434      0.1020
   73      0.2897     -0.5552     -0.6575      0.1023
   74      0.2969     -0.5691     -0.6717      0.1026
   75      0.3041     -0.5830     -0.6858      0.1029
   76      0.3114     -0.5970     -0.7001      0.1031
   77      0.3187     -0.6110     -0.7143      0.1033
   78      0.3261     -0.6251     -0.7286      0.1034
   79      0.3335     -0.6393     -0.7429      0.1036
   80      0.3410     -0.6535     -0.7572      0.1037
   81      0.3485     -0.6678     -0.7715      0.1037
   82      0.3560     -0.6821     -0.7858      0.1038
   83      0.3636     -0.6964     -0.8002      0.1038
   84      0.3712     -0.7108     -0.8145      0.1037
   85      0.3789     -0.7252     -0.8289      0.1037
   86      0.3865     -0.7396     -0.8432      0.1036
   87      0.3942     -0.7541     -0.8575      0.1035
   88      0.4020     -0.7685     -0.8718      0.1033
   89      0.4097     -0.7830     -0.8861      0.1031
   90      0.4175     -0.7975     -0.9004      0.1029
   91      0.4253     -0.8120     -0.9147      0.1027
   92      0.4331     -0.8265     -0.9289      0.1024
   93      0.4409     -0.8410     -0.9431      0.1021
   94      0.4488     -0.8556     -0.9573      0.1017
   95      0.4566     -0.8701     -0.9714      0.1014
   96      0.4645     -0.8845     -0.9855      0.1010
   97      0.4724     -0.8990     -0.9996      0.1006
   98      0.4803     -0.9135     -1.0136      0.1001
   99      0.4882     -0.9279     -1.0275      0.0996
  100      0.4961     -0.9423     -1.0415      0.0991
  101      0.5039     -0.9567     -1.0553      0.0986
  102      0.5118     -0.9710     -1.0691      0.0981
  103      0.5197     -0.9854     -1.0828      0.0975
  104      0.5276     -0.9996     -1.0965      0.0969
  105      0.5355     -1.0138     -1.1101      0.0962
  106      0.5434     -1.0280     -1.1236      0.0956
  107      0.5512     -1.0422     -1.1370      0.0949
  108      0.5591     -1.0562     -1.1504      0.0942
  109      0.5669     -1.0703     -1.1637      0.0935
  110      0.5747     -1.0842     -1.1769      0.0927
  111      0.5825     -1.0981     -1.1900      0.0919
  112      0.5903     -1.1119     -1.2031      0.0911
  113      0.5980     -1.1257     -1.2160      0.0903
  114      0.6058     -1.1394     -1.2289      0.0895
  115      0.6135     -1.1530     -1.2416      0.0886
  116      0.6211     -1.1665     -1.2543      0.0878
  117      0.6288     -1.1800     -1.2668      0.0869
  118      0.6364     -1.1933     -1.2793      0.0860
  119      0.6440     -1.2066     -1.2916      0.0850
  120      0.6515     -1.2198     -1.3039      0.0841
  121      0.6590     -1.2329     -1.3160      0.0831
  122      0.6665     -1.2459     -1.3280      0.0822
  123      0.6739     -1.2588     -1.3400      0.0812
  124      0.6813     -1.2716     -1.3518      0.0802
  125      0.6886     -1.2843     -1.3634      0.0792
  126      0.6959     -1.2969     -1.3750      0.0781
  127      0.7031     -1.3093     -1.3864      0.0771
  128      0.7103     -1.3217     -1.3977      0.0760
  129      0.7174     -1.3339     -1.4089      0.0750
  130      0.7245     -1.3461     -1.4200      0.0739
  131      0.7316     -1.3581     -1.4309      0.0729
  132      0.7385     -1.3700     -1.4418      0.0718
  133      0.7454     -1.3817     -1.4524      0.0707
  134      0.7523     -1.3934     -1.4630      0.0696
  135      0.7591     -1.4049     -1.4734      0.0685
  136      0.7658     -1.4163     -1.4837      0.0674
  137      0.7724     -1.4275     -1.4938      0.0663
  138      0.7790     -1.4386     -1.5038      0.0652
  139      0.7855     -1.4496     -1.5137      0.0641
  140      0.7920     -1.4604     -1.5234      0.0630
  141      0.7983     -1.4711     -1.5330      0.0619
  142      0.8046     -1.4817     -1.5424      0.0607
  143      0.8109     -1.4921     -1.5517      0.0596
  144      0.8170     -1.5023     -1.5609      0.0585
  145      0.8231     -1.5124     -1.5699      0.0574
  146      0.8291     -1.5224     -1.5787      0.0563
  147      0.8350     -1.5322     -1.5874      0.0552
  148      0.8408     -1.5418     -1.5960      0.0541
  149      0.8465     -1.5513     -1.6044      0.0531
  150      0.8522     -1.5607     -1.6126      0.0520
  151      0.8577     -1.5698     -1.6207      0.0509
  152      0.8632     -1.5788     -1.6287      0.0498
  153      0.8686     -1.5877     -1.6365      0.0488
  154      0.8739     -1.5964     -1.6441      0.0478
  155      0.8790     -1.6049     -1.6516      0.0467
  156      0.8841     -1.6132     -1.6589      0.0457
  157      0.8892     -1.6214     -1.6661      0.0447
  158      0.8941     -1.6294     -1.6731      0.0437
  159      0.8989     -1.6373     -1.6800      0.0427
  160      0.9036     -1.6449     -1.6867      0.0417
  161      0.9082     -1.6524     -1.6932      0.0408
  162      0.9127     -1.6598     -1.6996      0.0398
  163      0.9171     -1.6669     -1.7058      0.0389
  164      0.9214     -1.6739     -1.7119      0.0380
  165      0.9256     -1.6806     -1.7178      0.0371
  166      0.9297     -1.6873     -1.7235      0.0362
  167      0.9337     -1.6937     -1.7291      0.0354
  168      0.9375     -1.6999     -1.7345      0.0345
  169      0.9413     -1.7060     -1.7397      0.0337
  170      0.9450     -1.7119     -1.7448      0.0329
  171      0.9485     -1.7176     -1.7497      0.0322
  172      0.9519     -1.7231     -1.7545      0.0314
  173      0.9553     -1.7284     -1.7591      0.0307
  174      0.9585     -1.7335     -1.7635      0.0300
  175      0.9616     -1.7385     -1.7677      0.0293
  176      0.9645     -1.7432     -1.7718      0.0286
  177      0.9674     -1.7478     -1.7758      0.0280
  178      0.9701     -1.7522     -1.7795      0.0273
  179      0.9728     -1.7564     -1.7831      0.0267
  180      0.9753     -1.7604     -1.7866      0.0262
  181      0.9777     -1.7642     -1.7898      0.0256
  182      0.9799     -1.7678     -1.7929      0.0251
  183      0.9821     -1.7712     -1.7959      0.0246
  184      0.9841     -1.7745     -1.7986      0.0241
  185      0.9860     -1.7775     -1.8009      0.0234
  186      0.9878     -1.7803     -1.8029      0.0225
  187      0.9895     -1.7830     -1.8045      0.0215
  188      0.9911     -1.7854     -1.8058      0.0204
  189      0.9925     -1.7877     -1.8069      0.0192
  190      0.9938     -1.7898     -1.8078      0.0180
  191      0.9950     -1.7917     -1.8084      0.0167
  192      0.9960     -1.7936     -1.8088      0.0153
  193      0.9970     -1.7954     -1.8091      0.0136
  194      0.9978     -1.7972     -1.8091      0.0119
  195      0.9984     -1.7989     -1.8090      0.0101
  196      0.9990     -1.8005     -1.8087      0.0082
  197      0.9994     -1.8020     -1.8081      0.0062
  198      0.9998     -1.8034     -1.8075      0.0041
  199      0.9999     -1.8046     -1.8066      0.0020
  200      1.0000     -1.8059     -1.8059      0.0000
 GRID EXPANSION RATIO UP=    1.12157 DOWN =    1.05711
  AXIAL,TANGENTIAL AND RADIAL COORDINATES ON THE STREAM
  SURFACE BEFORE TRANSFORMING TO R-THETA COORDINATES 
 J, XGRID,YGRID,RGRID            1  -2.31982209E-02   5.18427975E-02  0.299515158    
 J, XGRID,YGRID,RGRID            2  -2.05643997E-02   4.58480157E-02  0.299447447    
 J, XGRID,YGRID,RGRID            3  -1.82168130E-02   4.05030437E-02  0.299368918    
 J, XGRID,YGRID,RGRID            4  -1.61245391E-02   3.57374512E-02  0.299283832    
 J, XGRID,YGRID,RGRID            5  -1.42599139E-02   3.14884335E-02  0.299195349    
 J, XGRID,YGRID,RGRID            6  -1.25982147E-02   2.76999921E-02  0.299106032    
 J, XGRID,YGRID,RGRID            7  -1.11173699E-02   2.43222043E-02  0.299017817    
 J, XGRID,YGRID,RGRID            8  -9.79768764E-03   2.13105585E-02  0.298932135    
 J, XGRID,YGRID,RGRID            9  -8.62161629E-03   1.86253656E-02  0.298850030    
 J, XGRID,YGRID,RGRID           10  -7.57350679E-03   1.62312370E-02  0.298772186    
 J, XGRID,YGRID,RGRID           11  -6.63941447E-03   1.40966251E-02  0.298699021    
 J, XGRID,YGRID,RGRID           12  -5.80690568E-03   1.21933967E-02  0.298630744    
 J, XGRID,YGRID,RGRID           13  -5.06492192E-03   1.04964720E-02  0.298567355    
 J, XGRID,YGRID,RGRID           14  -4.40359488E-03   8.98348819E-03  0.298508883    
 J, XGRID,YGRID,RGRID           15  -3.81414266E-03   7.63450656E-03  0.298455209    
 J, XGRID,YGRID,RGRID           16  -3.28873820E-03   6.43175002E-03  0.298406005    
 J, XGRID,YGRID,RGRID           17  -2.82041403E-03   5.35936793E-03  0.298361123    
 J, XGRID,YGRID,RGRID           18  -2.40295660E-03   4.40322841E-03  0.298320293    
 J, XGRID,YGRID,RGRID           19  -2.03082804E-03   3.55073134E-03  0.298283219    
 J, XGRID,YGRID,RGRID           20  -1.69910619E-03   2.79064220E-03  0.298249632    
 J, XGRID,YGRID,RGRID           21  -1.40339904E-03   2.11294391E-03  0.298219264    
 J, XGRID,YGRID,RGRID           22  -1.13978353E-03   1.50870567E-03  0.298191875    
 J, XGRID,YGRID,RGRID           23  -9.04780463E-04   9.69964836E-04  0.298167169    
 J, XGRID,YGRID,RGRID           24  -6.95276656E-04   4.89621714E-04  0.298144937    
 J, XGRID,YGRID,RGRID           25  -5.08505909E-04   6.13461307E-05  0.298124969    
 J, XGRID,YGRID,RGRID           26  -3.42000014E-04  -3.20505875E-04  0.298106998    
 J, XGRID,YGRID,RGRID           27  -1.78206843E-04   3.81874015E-05  0.298074007    
 J, XGRID,YGRID,RGRID           28  -6.98525082E-06  -7.42947377E-05  0.298039287    
 J, XGRID,YGRID,RGRID           29   1.72339889E-04  -2.75448663E-04  0.298002571    
 J, XGRID,YGRID,RGRID           30   3.60453909E-04  -5.38375403E-04  0.297963738    
 J, XGRID,YGRID,RGRID           31   5.58040745E-04  -8.58006708E-04  0.297922641    
 J, XGRID,YGRID,RGRID           32   7.65773759E-04  -1.23755413E-03  0.297879070    
 J, XGRID,YGRID,RGRID           33   9.84334736E-04  -1.67648226E-03  0.297832698    
 J, XGRID,YGRID,RGRID           34   1.21440424E-03  -2.15469138E-03  0.297783464    
 J, XGRID,YGRID,RGRID           35   1.45665416E-03  -2.66013644E-03  0.297731131    
 J, XGRID,YGRID,RGRID           36   1.71176495E-03  -3.19344644E-03  0.297675461    
 J, XGRID,YGRID,RGRID           37   1.98040460E-03  -3.75560345E-03  0.297616273    
 J, XGRID,YGRID,RGRID           38   2.26325239E-03  -4.34791576E-03  0.297553301    
 J, XGRID,YGRID,RGRID           39   2.56097899E-03  -4.97156102E-03  0.297486246    
 J, XGRID,YGRID,RGRID           40   2.87425634E-03  -5.62771829E-03  0.297414869    
 J, XGRID,YGRID,RGRID           41   3.20359203E-03  -6.31722109E-03  0.297339052    
 J, XGRID,YGRID,RGRID           42   3.54905566E-03  -7.03996094E-03  0.297258586    
 J, XGRID,YGRID,RGRID           43   3.91143281E-03  -7.79732736E-03  0.297173172    
 J, XGRID,YGRID,RGRID           44   4.29161219E-03  -8.59089289E-03  0.297082514    
 J, XGRID,YGRID,RGRID           45   4.69057402E-03  -9.42241028E-03  0.296986282    
 J, XGRID,YGRID,RGRID           46   5.10939723E-03  -1.02938209E-02  0.296883941    
 J, XGRID,YGRID,RGRID           47   5.54926088E-03  -1.12072304E-02  0.296775222    
 J, XGRID,YGRID,RGRID           48   6.01120340E-03  -1.21644353E-02  0.296659648    
 J, XGRID,YGRID,RGRID           49   6.49608672E-03  -1.31668160E-02  0.296536773    
 J, XGRID,YGRID,RGRID           50   7.00551039E-03  -1.42172612E-02  0.296406209    
 J, XGRID,YGRID,RGRID           51   7.54126254E-03  -1.53190074E-02  0.296267182    
 J, XGRID,YGRID,RGRID           52   8.10533483E-03  -1.64756365E-02  0.296119004    
 J, XGRID,YGRID,RGRID           53   8.69992841E-03  -1.76910684E-02  0.295960993    
 J, XGRID,YGRID,RGRID           54   9.32740979E-03  -1.89695396E-02  0.295792282    
 J, XGRID,YGRID,RGRID           55   9.99535806E-03  -2.03257520E-02  0.295610607    
 J, XGRID,YGRID,RGRID           56   1.07133659E-02  -2.17775609E-02  0.295413136    
 J, XGRID,YGRID,RGRID           57   1.14821894E-02  -2.33264547E-02  0.295199454    
 J, XGRID,YGRID,RGRID           58   1.23012001E-02  -2.49693953E-02  0.294969350    
 J, XGRID,YGRID,RGRID           59   1.31684216E-02  -2.67008580E-02  0.294723302    
 J, XGRID,YGRID,RGRID           60   1.40805086E-02  -2.85123363E-02  0.294462502    
 J, XGRID,YGRID,RGRID           61   1.50327422E-02  -3.03929932E-02  0.294188052    
 J, XGRID,YGRID,RGRID           62   1.60097461E-02  -3.23113352E-02  0.293904871    
 J, XGRID,YGRID,RGRID           63   1.69959608E-02  -3.42362225E-02  0.293617874    
 J, XGRID,YGRID,RGRID           64   1.79861505E-02  -3.61572094E-02  0.293329030    
 J, XGRID,YGRID,RGRID           65   1.89760625E-02  -3.80659811E-02  0.293040067    
 J, XGRID,YGRID,RGRID           66   1.99624170E-02  -3.99562791E-02  0.292752475    
 J, XGRID,YGRID,RGRID           67   2.09429413E-02  -4.18238752E-02  0.292467475    
 J, XGRID,YGRID,RGRID           68   2.19163559E-02  -4.36664671E-02  0.292186052    
 J, XGRID,YGRID,RGRID           69   2.28892658E-02  -4.54965308E-02  0.291906327    
 J, XGRID,YGRID,RGRID           70   2.38661449E-02  -4.73221503E-02  0.291628003    
 J, XGRID,YGRID,RGRID           71   2.48463023E-02  -4.91418056E-02  0.291351527    
 J, XGRID,YGRID,RGRID           72   2.58285329E-02  -5.09531125E-02  0.291077942    
 J, XGRID,YGRID,RGRID           73   2.68111043E-02  -5.27528152E-02  0.290807962    
 J, XGRID,YGRID,RGRID           74   2.77918689E-02  -5.45368902E-02  0.290543020    
 J, XGRID,YGRID,RGRID           75   2.87680943E-02  -5.63005023E-02  0.290283978    
 J, XGRID,YGRID,RGRID           76   2.97311489E-02  -5.80283031E-02  0.290033638    
 J, XGRID,YGRID,RGRID           77   3.06756496E-02  -5.97111769E-02  0.289793611    
 J, XGRID,YGRID,RGRID           78   3.15990262E-02  -6.13452420E-02  0.289564550    
 J, XGRID,YGRID,RGRID           79   3.24991830E-02  -6.29275516E-02  0.289346874    
 J, XGRID,YGRID,RGRID           80   3.33745293E-02  -6.44561052E-02  0.289141059    
 J, XGRID,YGRID,RGRID           81   3.42239402E-02  -6.59297630E-02  0.288947076    
 J, XGRID,YGRID,RGRID           82   3.50467749E-02  -6.73483014E-02  0.288764834    
 J, XGRID,YGRID,RGRID           83   3.58460061E-02  -6.87175840E-02  0.288593441    
 J, XGRID,YGRID,RGRID           84   3.66223976E-02  -7.00396076E-02  0.288432509    
 J, XGRID,YGRID,RGRID           85   3.73758897E-02  -7.13149905E-02  0.288281709    
 J, XGRID,YGRID,RGRID           86   3.81064452E-02  -7.25442991E-02  0.288140744    
 J, XGRID,YGRID,RGRID           87   3.88140120E-02  -7.37281442E-02  0.288009405    
 J, XGRID,YGRID,RGRID           88   3.94985303E-02  -7.48670250E-02  0.287887216    
 J, XGRID,YGRID,RGRID           89   4.01599519E-02  -7.59614855E-02  0.287773967    
 J, XGRID,YGRID,RGRID           90   4.07982171E-02  -7.70120099E-02  0.287669331    
 J, XGRID,YGRID,RGRID           91   4.14132588E-02  -7.80191123E-02  0.287572712    
 J, XGRID,YGRID,RGRID           92   4.20050211E-02  -7.89832473E-02  0.287483990    
 J, XGRID,YGRID,RGRID           93   4.25734371E-02  -7.99048170E-02  0.287402630    
 J, XGRID,YGRID,RGRID           94   4.31184433E-02  -8.07842910E-02  0.287328243    
 J, XGRID,YGRID,RGRID           95   4.36399840E-02  -8.16221014E-02  0.287260503    
 J, XGRID,YGRID,RGRID           96   4.41379920E-02  -8.27043802E-02  0.287198991    
 J, XGRID,YGRID,RGRID           97   4.46382277E-02  -8.34412128E-02  0.287141740    
 J, XGRID,YGRID,RGRID           98   4.51672375E-02  -8.42199698E-02  0.287084460    
 J, XGRID,YGRID,RGRID           99   4.57266793E-02  -8.50431994E-02  0.287027448    
 J, XGRID,YGRID,RGRID          100   4.63183150E-02  -8.59134421E-02  0.286971360    
 J, XGRID,YGRID,RGRID          101   4.69440036E-02  -8.68333951E-02  0.286916733    
 J, XGRID,YGRID,RGRID          102   4.76057269E-02  -8.78058821E-02  0.286864340    
 J, XGRID,YGRID,RGRID          103   4.83055711E-02  -8.88339058E-02  0.286815137    
 J, XGRID,YGRID,RGRID          104   4.90457378E-02  -8.99206474E-02  0.286770076    
 J, XGRID,YGRID,RGRID          105   4.98285778E-02  -9.10694525E-02  0.286731809    
 J, XGRID,YGRID,RGRID          106   5.06565496E-02  -9.22838673E-02  0.286702275    
 J, XGRID,YGRID,RGRID          107   5.15322722E-02  -9.35676470E-02  0.286680788    
 J, XGRID,YGRID,RGRID          108   5.24585061E-02  -9.49247405E-02  0.286668628    
 J, XGRID,YGRID,RGRID          109   5.34381904E-02  -9.63593423E-02  0.286667198    
 J, XGRID,YGRID,RGRID          110   5.44744022E-02  -9.78758708E-02  0.286677897    
 J, XGRID,YGRID,RGRID          111   5.55694364E-02  -9.94790122E-02  0.286681294    

  THE BLADE CENTROID ON THE X-Y SURFACE IS AT X, Y=    0.01972  -0.04072


  THE J VALUE OF THE CENTROID IS J =           66

  THE CENTROID ON THE STREAM SURFACE IS AT   1.97224095E-02   0.00000000    
  THE HUB SECTION CENTROID IS AT   1.97285023E-02   0.00000000    

  AXIAL & RADIAL COORDINATES ON THE SS AFTER STACKING 
  J  , XGRID,RGRID            1  -2.31921282E-02  0.299515158    
  J  , XGRID,RGRID            2  -2.05583069E-02  0.299447447    
  J  , XGRID,RGRID            3  -1.82107203E-02  0.299368918    
  J  , XGRID,RGRID            4  -1.61184464E-02  0.299283832    
  J  , XGRID,RGRID            5  -1.42538212E-02  0.299195349    
  J  , XGRID,RGRID            6  -1.25921220E-02  0.299106032    
  J  , XGRID,RGRID            7  -1.11112772E-02  0.299017817    
  J  , XGRID,RGRID            8  -9.79159493E-03  0.298932135    
  J  , XGRID,RGRID            9  -8.61552358E-03  0.298850030    
  J  , XGRID,RGRID           10  -7.56741408E-03  0.298772186    
  J  , XGRID,RGRID           11  -6.63332175E-03  0.298699021    
  J  , XGRID,RGRID           12  -5.80081297E-03  0.298630744    
  J  , XGRID,RGRID           13  -5.05882921E-03  0.298567355    
  J  , XGRID,RGRID           14  -4.39750217E-03  0.298508883    
  J  , XGRID,RGRID           15  -3.80804995E-03  0.298455209    
  J  , XGRID,RGRID           16  -3.28264548E-03  0.298406005    
  J  , XGRID,RGRID           17  -2.81432131E-03  0.298361123    
  J  , XGRID,RGRID           18  -2.39686389E-03  0.298320293    
  J  , XGRID,RGRID           19  -2.02473532E-03  0.298283219    
  J  , XGRID,RGRID           20  -1.69301347E-03  0.298249632    
  J  , XGRID,RGRID           21  -1.39730633E-03  0.298219264    
  J  , XGRID,RGRID           22  -1.13369082E-03  0.298191875    
  J  , XGRID,RGRID           23  -8.98687751E-04  0.298167169    
  J  , XGRID,RGRID           24  -6.89183944E-04  0.298144937    
  J  , XGRID,RGRID           25  -5.02413197E-04  0.298124969    
  J  , XGRID,RGRID           26  -3.35907302E-04  0.298106998    
  J  , XGRID,RGRID           27  -1.72114131E-04  0.298074007    
  J  , XGRID,RGRID           28  -8.92538537E-07  0.298039287    
  J  , XGRID,RGRID           29   1.78432601E-04  0.298002571    
  J  , XGRID,RGRID           30   3.66546621E-04  0.297963738    
  J  , XGRID,RGRID           31   5.64133457E-04  0.297922641    
  J  , XGRID,RGRID           32   7.71866471E-04  0.297879070    
  J  , XGRID,RGRID           33   9.90427448E-04  0.297832698    
  J  , XGRID,RGRID           34   1.22049695E-03  0.297783464    
  J  , XGRID,RGRID           35   1.46274688E-03  0.297731131    
  J  , XGRID,RGRID           36   1.71785767E-03  0.297675461    
  J  , XGRID,RGRID           37   1.98649731E-03  0.297616273    
  J  , XGRID,RGRID           38   2.26934510E-03  0.297553301    
  J  , XGRID,RGRID           39   2.56707170E-03  0.297486246    
  J  , XGRID,RGRID           40   2.88034906E-03  0.297414869    
  J  , XGRID,RGRID           41   3.20968474E-03  0.297339052    
  J  , XGRID,RGRID           42   3.55514837E-03  0.297258586    
  J  , XGRID,RGRID           43   3.91752552E-03  0.297173172    
  J  , XGRID,RGRID           44   4.29770490E-03  0.297082514    
  J  , XGRID,RGRID           45   4.69666673E-03  0.296986282    
  J  , XGRID,RGRID           46   5.11548994E-03  0.296883941    
  J  , XGRID,RGRID           47   5.55535359E-03  0.296775222    
  J  , XGRID,RGRID           48   6.01729611E-03  0.296659648    
  J  , XGRID,RGRID           49   6.50217943E-03  0.296536773    
  J  , XGRID,RGRID           50   7.01160310E-03  0.296406209    
  J  , XGRID,RGRID           51   7.54735526E-03  0.296267182    
  J  , XGRID,RGRID           52   8.11142754E-03  0.296119004    
  J  , XGRID,RGRID           53   8.70602112E-03  0.295960993    
  J  , XGRID,RGRID           54   9.33350250E-03  0.295792282    
  J  , XGRID,RGRID           55   1.00014508E-02  0.295610607    
  J  , XGRID,RGRID           56   1.07194586E-02  0.295413136    
  J  , XGRID,RGRID           57   1.14882821E-02  0.295199454    
  J  , XGRID,RGRID           58   1.23072928E-02  0.294969350    
  J  , XGRID,RGRID           59   1.31745143E-02  0.294723302    
  J  , XGRID,RGRID           60   1.40866013E-02  0.294462502    
  J  , XGRID,RGRID           61   1.50388349E-02  0.294188052    
  J  , XGRID,RGRID           62   1.60158388E-02  0.293904871    
  J  , XGRID,RGRID           63   1.70020536E-02  0.293617874    
  J  , XGRID,RGRID           64   1.79922432E-02  0.293329030    
  J  , XGRID,RGRID           65   1.89821552E-02  0.293040067    
  J  , XGRID,RGRID           66   1.99685097E-02  0.292752475    
  J  , XGRID,RGRID           67   2.09490340E-02  0.292467475    
  J  , XGRID,RGRID           68   2.19224487E-02  0.292186052    
  J  , XGRID,RGRID           69   2.28953585E-02  0.291906327    
  J  , XGRID,RGRID           70   2.38722377E-02  0.291628003    
  J  , XGRID,RGRID           71   2.48523951E-02  0.291351527    
  J  , XGRID,RGRID           72   2.58346256E-02  0.291077942    
  J  , XGRID,RGRID           73   2.68171970E-02  0.290807962    
  J  , XGRID,RGRID           74   2.77979616E-02  0.290543020    
  J  , XGRID,RGRID           75   2.87741870E-02  0.290283978    
  J  , XGRID,RGRID           76   2.97372416E-02  0.290033638    
  J  , XGRID,RGRID           77   3.06817424E-02  0.289793611    
  J  , XGRID,RGRID           78   3.16051170E-02  0.289564550    
  J  , XGRID,RGRID           79   3.25052738E-02  0.289346874    
  J  , XGRID,RGRID           80   3.33806202E-02  0.289141059    
  J  , XGRID,RGRID           81   3.42300311E-02  0.288947076    
  J  , XGRID,RGRID           82   3.50528657E-02  0.288764834    
  J  , XGRID,RGRID           83   3.58520970E-02  0.288593441    
  J  , XGRID,RGRID           84   3.66284922E-02  0.288432509    
  J  , XGRID,RGRID           85   3.73819843E-02  0.288281709    
  J  , XGRID,RGRID           86   3.81125361E-02  0.288140744    
  J  , XGRID,RGRID           87   3.88201028E-02  0.288009405    
  J  , XGRID,RGRID           88   3.95046249E-02  0.287887216    
  J  , XGRID,RGRID           89   4.01660427E-02  0.287773967    
  J  , XGRID,RGRID           90   4.08043116E-02  0.287669331    
  J  , XGRID,RGRID           91   4.14193496E-02  0.287572712    
  J  , XGRID,RGRID           92   4.20111120E-02  0.287483990    
  J  , XGRID,RGRID           93   4.25795317E-02  0.287402630    
  J  , XGRID,RGRID           94   4.31245342E-02  0.287328243    
  J  , XGRID,RGRID           95   4.36460748E-02  0.287260503    
  J  , XGRID,RGRID           96   4.41440865E-02  0.287198991    
  J  , XGRID,RGRID           97   4.46443185E-02  0.287141740    
  J  , XGRID,RGRID           98   4.51733321E-02  0.287084460    
  J  , XGRID,RGRID           99   4.57327738E-02  0.287027448    
  J  , XGRID,RGRID          100   4.63244095E-02  0.286971360    
  J  , XGRID,RGRID          101   4.69500944E-02  0.286916733    
  J  , XGRID,RGRID          102   4.76118177E-02  0.286864340    
  J  , XGRID,RGRID          103   4.83116657E-02  0.286815137    
  J  , XGRID,RGRID          104   4.90518287E-02  0.286770076    
  J  , XGRID,RGRID          105   4.98346686E-02  0.286731809    
  J  , XGRID,RGRID          106   5.06626442E-02  0.286702275    
  J  , XGRID,RGRID          107   5.15383631E-02  0.286680788    
  J  , XGRID,RGRID          108   5.24645969E-02  0.286668628    
  J  , XGRID,RGRID          109   5.34442812E-02  0.286667198    
  J  , XGRID,RGRID          110   5.44804931E-02  0.286677897    
  J  , XGRID,RGRID          111   5.55755273E-02  0.286681294    
          20          70          20
   IIN     XIN       REL SPACING 
    1       0.00000   0.50000
    2       0.10000   0.70000
    3       0.20000   1.00000
    4       0.30000   1.40000
    5       0.40000   2.00000
    6       0.50000   3.00000
    7       0.60000   3.00000
    8       0.70000   3.00000
    9       0.80000   2.50000
   10       0.90000   2.00000
   11       1.00000   1.50000

 INTERPOLATED POSITIONS OF THE GRID POINTS ON THE BLADE
 AND THE RELATIVE SPACING OF THE POINTS 

    1       0.00000   0.50000
    2       0.01449   0.52279
    3       0.02899   0.54768
    4       0.04348   0.57467
    5       0.05797   0.60376
    6       0.07246   0.63495
    7       0.08696   0.66824
    8       0.10145   0.70363
    9       0.11594   0.74113
   10       0.13043   0.78072
   11       0.14493   0.82241
   12       0.15942   0.86620
   13       0.17391   0.91210
   14       0.18841   0.96009
   15       0.20290   1.00970
   16       0.21739   1.05957
   17       0.23188   1.11190
   18       0.24638   1.16701
   19       0.26087   1.22518
   20       0.27536   1.28674
   21       0.28986   1.35198
   22       0.30435   1.42048
   23       0.31884   1.49170
   24       0.33333   1.56790
   25       0.34783   1.64971
   26       0.36232   1.73773
   27       0.37681   1.83256
   28       0.39130   1.93482
   29       0.40580   2.06053
   30       0.42029   2.21595
   31       0.43478   2.37380
   32       0.44928   2.52982
   33       0.46377   2.67976
   34       0.47826   2.81935
   35       0.49275   2.94432
   36       0.50725   3.02159
   37       0.52174   3.05055
   38       0.53623   3.06306
   39       0.55072   3.06219
   40       0.56522   3.05096
   41       0.57971   3.03242
   42       0.59420   3.00963
   43       0.60870   3.00719
   44       0.62319   3.01828
   45       0.63768   3.02694
   46       0.65217   3.03164
   47       0.66667   3.03086
   48       0.68116   3.02308
   49       0.69565   3.00678
   50       0.71014   2.96370
   51       0.72464   2.90395
   52       0.73913   2.83628
   53       0.75362   2.76222
   54       0.76812   2.68329
   55       0.78261   2.60101
   56       0.79710   2.51691
   57       0.81159   2.44203
   58       0.82609   2.36957
   59       0.84058   2.29710
   60       0.85507   2.22464
   61       0.86957   2.15217
   62       0.88406   2.07971
   63       0.89855   2.00725
   64       0.91304   1.93478
   65       0.92754   1.86232
   66       0.94203   1.78985
   67       0.95652   1.71739
   68       0.97101   1.64493
   69       0.98551   1.57246
   70       1.00000   1.50000

  BLADE TRUE CHORD:AXIAL CHORD RATIO =    1.05054355    


    TKLE      TKTE      TKMAX     XTMAX     XMODLE     XMODTE    TK_TYP 
    0.0200    0.0100    0.0500    0.5000    0.0200    0.0100    2.0000


 FCHORD=    1.00000000      FPERP=    0.00000000     FTKSCALE=    1.00000000    


  CENTRELINE COORDINATES AND THICKNESS FOR INTYPE = 1

    XIN        YIN       TKIN 
   0.00000   0.00000   0.02101
   0.00006   0.00006   0.02102
   0.00025   0.00023   0.02104
   0.00056   0.00051   0.02109
   0.00100   0.00090   0.02115
   0.00156   0.00141   0.02122
   0.00224   0.00203   0.02132
   0.00305   0.00276   0.02143
   0.00398   0.00360   0.02155
   0.00504   0.00455   0.02170
   0.00622   0.00561   0.02185
   0.00752   0.00677   0.02203
   0.00895   0.00804   0.02222
   0.01049   0.00942   0.02243
   0.01216   0.01090   0.02265
   0.01395   0.01248   0.02289
   0.01587   0.01416   0.02314
   0.01790   0.01594   0.02341
   0.02005   0.01782   0.02369
   0.02232   0.01979   0.02399
   0.02472   0.02185   0.02430
   0.02723   0.02401   0.02462
   0.02985   0.02625   0.02496
   0.03260   0.02858   0.02531
   0.03546   0.03099   0.02567
   0.03844   0.03349   0.02604
   0.04153   0.03606   0.02643
   0.04474   0.03872   0.02683
   0.04806   0.04144   0.02723
   0.05149   0.04424   0.02765
   0.05504   0.04711   0.02808
   0.05869   0.05005   0.02852
   0.06246   0.05305   0.02897
   0.06633   0.05611   0.02942
   0.07031   0.05923   0.02989
   0.07440   0.06241   0.03036
   0.07860   0.06565   0.03084
   0.08290   0.06893   0.03132
   0.08730   0.07226   0.03181
   0.09181   0.07564   0.03231
   0.09642   0.07906   0.03281
   0.10113   0.08253   0.03332
   0.10594   0.08603   0.03383
   0.11085   0.08956   0.03434
   0.11585   0.09313   0.03486
   0.12095   0.09673   0.03538
   0.12615   0.10036   0.03590
   0.13144   0.10401   0.03642
   0.13682   0.10769   0.03694
   0.14229   0.11139   0.03747
   0.14784   0.11510   0.03799
   0.15349   0.11883   0.03851
   0.15923   0.12257   0.03903
   0.16504   0.12632   0.03954
   0.17095   0.13009   0.04006
   0.17693   0.13385   0.04057
   0.18299   0.13762   0.04108
   0.18914   0.14140   0.04158
   0.19536   0.14517   0.04208
   0.20166   0.14894   0.04257
   0.20803   0.15271   0.04306
   0.21447   0.15647   0.04354
   0.22099   0.16023   0.04401
   0.22757   0.16397   0.04447
   0.23422   0.16770   0.04493
   0.24094   0.17142   0.04538
   0.24772   0.17512   0.04582
   0.25457   0.17880   0.04625
   0.26148   0.18247   0.04667
   0.26845   0.18612   0.04707
   0.27547   0.18974   0.04747
   0.28255   0.19334   0.04786
   0.28968   0.19691   0.04823
   0.29687   0.20046   0.04859
   0.30411   0.20398   0.04894
   0.31140   0.20746   0.04928
   0.31873   0.21091   0.04960
   0.32611   0.21432   0.04991
   0.33353   0.21770   0.05020
   0.34099   0.22104   0.05048
   0.34850   0.22434   0.05074
   0.35604   0.22759   0.05099
   0.36362   0.23081   0.05122
   0.37123   0.23398   0.05144
   0.37887   0.23711   0.05164
   0.38654   0.24020   0.05183
   0.39424   0.24324   0.05199
   0.40197   0.24623   0.05214
   0.40972   0.24917   0.05228
   0.41750   0.25207   0.05239
   0.42529   0.25491   0.05249
   0.43311   0.25771   0.05257
   0.44094   0.26045   0.05263
   0.44878   0.26314   0.05268
   0.45664   0.26579   0.05271
   0.46451   0.26837   0.05271
   0.47239   0.27091   0.05271
   0.48027   0.27339   0.05268
   0.48816   0.27582   0.05263
   0.49605   0.27819   0.05257
   0.50395   0.28051   0.05248
   0.51184   0.28278   0.05238
   0.51973   0.28498   0.05226
   0.52761   0.28713   0.05212
   0.53549   0.28922   0.05197
   0.54336   0.29126   0.05180
   0.55122   0.29324   0.05160
   0.55906   0.29516   0.05139
   0.56689   0.29702   0.05117
   0.57471   0.29883   0.05092
   0.58250   0.30058   0.05066
   0.59028   0.30227   0.05038
   0.59803   0.30391   0.05008
   0.60576   0.30549   0.04977
   0.61346   0.30701   0.04944
   0.62113   0.30848   0.04910
   0.62877   0.30989   0.04874
   0.63638   0.31125   0.04836
   0.64396   0.31256   0.04797
   0.65150   0.31381   0.04756
   0.65901   0.31500   0.04714
   0.66647   0.31615   0.04670
   0.67389   0.31724   0.04625
   0.68127   0.31828   0.04579
   0.68860   0.31927   0.04531
   0.69589   0.32021   0.04483
   0.70313   0.32110   0.04432
   0.71031   0.32195   0.04381
   0.71745   0.32274   0.04329
   0.72453   0.32349   0.04275
   0.73155   0.32419   0.04221
   0.73852   0.32485   0.04165
   0.74543   0.32546   0.04109
   0.75228   0.32603   0.04052
   0.75906   0.32656   0.03994
   0.76578   0.32704   0.03935
   0.77243   0.32749   0.03875
   0.77901   0.32790   0.03815
   0.78553   0.32827   0.03754
   0.79197   0.32860   0.03692
   0.79834   0.32889   0.03630
   0.80464   0.32915   0.03568
   0.81086   0.32938   0.03505
   0.81701   0.32958   0.03442
   0.82307   0.32974   0.03378
   0.82905   0.32987   0.03315
   0.83496   0.32997   0.03251
   0.84077   0.33005   0.03187
   0.84651   0.33010   0.03123
   0.85216   0.33012   0.03059
   0.85771   0.33012   0.02995
   0.86318   0.33009   0.02931
   0.86856   0.33004   0.02868
   0.87385   0.32997   0.02804
   0.87905   0.32988   0.02741
   0.88415   0.32978   0.02679
   0.88915   0.32965   0.02617
   0.89406   0.32951   0.02555
   0.89887   0.32935   0.02494
   0.90358   0.32918   0.02433
   0.90819   0.32900   0.02373
   0.91270   0.32880   0.02314
   0.91710   0.32860   0.02256
   0.92140   0.32838   0.02198
   0.92560   0.32816   0.02142
   0.92969   0.32792   0.02086
   0.93367   0.32769   0.02031
   0.93754   0.32744   0.01977
   0.94131   0.32720   0.01925
   0.94496   0.32695   0.01873
   0.94851   0.32669   0.01823
   0.95194   0.32644   0.01774
   0.95526   0.32618   0.01726
   0.95847   0.32593   0.01680
   0.96156   0.32568   0.01635
   0.96454   0.32543   0.01591
   0.96740   0.32518   0.01549
   0.97015   0.32494   0.01508
   0.97277   0.32470   0.01469
   0.97528   0.32447   0.01431
   0.97768   0.32425   0.01395
   0.97995   0.32403   0.01361
   0.98210   0.32382   0.01328
   0.98413   0.32362   0.01297
   0.98605   0.32342   0.01268
   0.98784   0.32324   0.01240
   0.98951   0.32307   0.01214
   0.99105   0.32291   0.01190
   0.99248   0.32276   0.01168
   0.99378   0.32262   0.01148
   0.99496   0.32249   0.01130
   0.99602   0.32237   0.01113
   0.99695   0.32227   0.01098
   0.99776   0.32218   0.01086
   0.99844   0.32211   0.01075
   0.99900   0.32205   0.01066
   0.99944   0.32200   0.01059
   0.99975   0.32196   0.01054
   0.99994   0.32194   0.01052
   1.00000   0.32193   0.01051

  BLADE SURFACE COORDINATES GENERATED USING INTYPE = 1

  XUP          YUP       XLOW      YLOW 
   0.00001   0.01051  -0.00001  -0.01051
   0.00007   0.01057   0.00005  -0.01045
   0.00026   0.01075   0.00024  -0.01030
   0.00057   0.01105   0.00055  -0.01003
   0.00101   0.01148   0.00099  -0.00967
   0.00157   0.01202   0.00155  -0.00920
   0.00225   0.01269   0.00223  -0.00863
   0.00306   0.01347   0.00304  -0.00795
   0.00399   0.01438   0.00397  -0.00718
   0.00505   0.01540   0.00503  -0.00630
   0.00623   0.01653   0.00621  -0.00532
   0.00753   0.01779   0.00751  -0.00424
   0.00896   0.01915   0.00894  -0.00307
   0.01050   0.02063   0.01048  -0.00179
   0.01217   0.02222   0.01215  -0.00043
   0.01396   0.02392   0.01394   0.00104
   0.01588   0.02573   0.01586   0.00259
   0.01791   0.02764   0.01789   0.00424
   0.02006   0.02966   0.02004   0.00597
   0.02233   0.03178   0.02231   0.00779
   0.02473   0.03400   0.02471   0.00970
   0.02724   0.03632   0.02722   0.01169
   0.02986   0.03873   0.02984   0.01377
   0.03261   0.04123   0.03259   0.01592
   0.03547   0.04383   0.03545   0.01816
   0.03845   0.04651   0.03843   0.02047
   0.04154   0.04928   0.04152   0.02285
   0.04475   0.05213   0.04473   0.02530
   0.04807   0.05506   0.04805   0.02783
   0.05150   0.05807   0.05148   0.03042
   0.05505   0.06115   0.05503   0.03307
   0.05870   0.06431   0.05868   0.03579
   0.06247   0.06753   0.06245   0.03857
   0.06634   0.07082   0.06632   0.04140
   0.07032   0.07418   0.07030   0.04429
   0.07441   0.07759   0.07439   0.04723
   0.07861   0.08106   0.07859   0.05023
   0.08291   0.08459   0.08289   0.05327
   0.08731   0.08817   0.08729   0.05636
   0.09182   0.09180   0.09180   0.05949
   0.09643   0.09547   0.09641   0.06266
   0.10114   0.09919   0.10112   0.06587
   0.10595   0.10294   0.10593   0.06911
   0.11086   0.10674   0.11084   0.07239
   0.11586   0.11056   0.11584   0.07570
   0.12096   0.11442   0.12094   0.07905
   0.12616   0.11831   0.12614   0.08241
   0.13145   0.12222   0.13143   0.08580
   0.13683   0.12616   0.13681   0.08922
   0.14230   0.13012   0.14228   0.09265
   0.14785   0.13409   0.14783   0.09611
   0.15350   0.13808   0.15348   0.09957
   0.15924   0.14208   0.15922   0.10306
   0.16505   0.14610   0.16503   0.10655
   0.17096   0.15011   0.17094   0.11006
   0.17694   0.15414   0.17692   0.11357
   0.18300   0.15816   0.18298   0.11709
   0.18915   0.16219   0.18913   0.12061
   0.19537   0.16621   0.19535   0.12413
   0.20167   0.17023   0.20165   0.12766
   0.20804   0.17424   0.20802   0.13118
   0.21448   0.17824   0.21446   0.13470
   0.22100   0.18223   0.22098   0.13822
   0.22758   0.18620   0.22756   0.14173
   0.23423   0.19016   0.23421   0.14523
   0.24095   0.19411   0.24093   0.14873
   0.24773   0.19803   0.24771   0.15221
   0.25458   0.20193   0.25456   0.15568
   0.26149   0.20580   0.26147   0.15914
   0.26846   0.20965   0.26844   0.16258
   0.27548   0.21348   0.27546   0.16600
   0.28256   0.21727   0.28254   0.16941
   0.28969   0.22103   0.28967   0.17280
   0.29688   0.22476   0.29686   0.17616
   0.30412   0.22845   0.30410   0.17951
   0.31141   0.23210   0.31139   0.18282
   0.31874   0.23571   0.31872   0.18611
   0.32612   0.23928   0.32610   0.18937
   0.33354   0.24280   0.33352   0.19260
   0.34100   0.24628   0.34098   0.19580
   0.34851   0.24971   0.34849   0.19896
   0.35605   0.25309   0.35603   0.20210
   0.36363   0.25642   0.36361   0.20520
   0.37124   0.25970   0.37122   0.20826
   0.37888   0.26293   0.37886   0.21129
   0.38655   0.26611   0.38653   0.21428
   0.39425   0.26923   0.39423   0.21724
   0.40198   0.27230   0.40196   0.22016
   0.40973   0.27531   0.40971   0.22303
   0.41751   0.27826   0.41749   0.22587
   0.42530   0.28116   0.42528   0.22867
   0.43312   0.28399   0.43310   0.23142
   0.44095   0.28677   0.44093   0.23413
   0.44879   0.28948   0.44877   0.23680
   0.45665   0.29214   0.45663   0.23943
   0.46452   0.29473   0.46450   0.24202
   0.47240   0.29726   0.47238   0.24456
   0.48028   0.29973   0.48026   0.24705
   0.48817   0.30214   0.48815   0.24950
   0.49606   0.30448   0.49604   0.25191
   0.50396   0.30675   0.50394   0.25427
   0.51185   0.30897   0.51183   0.25658
   0.51974   0.31111   0.51972   0.25885
   0.52762   0.31319   0.52760   0.26107
   0.53550   0.31521   0.53548   0.26324
   0.54337   0.31716   0.54335   0.26536
   0.55123   0.31904   0.55121   0.26743
   0.55907   0.32085   0.55905   0.26946
   0.56690   0.32260   0.56688   0.27144
   0.57472   0.32429   0.57470   0.27337
   0.58251   0.32591   0.58249   0.27525
   0.59029   0.32746   0.59027   0.27708
   0.59804   0.32895   0.59802   0.27887
   0.60577   0.33037   0.60575   0.28060
   0.61347   0.33173   0.61345   0.28229
   0.62114   0.33303   0.62112   0.28393
   0.62878   0.33426   0.62876   0.28553
   0.63639   0.33543   0.63637   0.28707
   0.64397   0.33654   0.64395   0.28857
   0.65151   0.33759   0.65149   0.29003
   0.65902   0.33857   0.65900   0.29143
   0.66648   0.33950   0.66646   0.29280
   0.67390   0.34037   0.67388   0.29411
   0.68128   0.34118   0.68126   0.29539
   0.68861   0.34193   0.68859   0.29661
   0.69590   0.34262   0.69588   0.29780
   0.70314   0.34327   0.70312   0.29894
   0.71033   0.34385   0.71030   0.30004
   0.71746   0.34438   0.71744   0.30110
   0.72454   0.34487   0.72452   0.30211
   0.73156   0.34529   0.73154   0.30309
   0.73853   0.34567   0.73851   0.30402
   0.74544   0.34601   0.74542   0.30492
   0.75229   0.34629   0.75227   0.30577
   0.75907   0.34653   0.75905   0.30659
   0.76579   0.34672   0.76577   0.30737
   0.77244   0.34687   0.77242   0.30812
   0.77902   0.34697   0.77900   0.30882
   0.78554   0.34703   0.78552   0.30950
   0.79198   0.34706   0.79196   0.31014
   0.79835   0.34704   0.79833   0.31074
   0.80465   0.34699   0.80463   0.31132
   0.81087   0.34691   0.81085   0.31186
   0.81702   0.34678   0.81700   0.31237
   0.82308   0.34663   0.82306   0.31285
   0.82906   0.34644   0.82904   0.31330
   0.83497   0.34623   0.83495   0.31372
   0.84078   0.34598   0.84076   0.31411
   0.84652   0.34571   0.84650   0.31448
   0.85217   0.34541   0.85215   0.31482
   0.85772   0.34509   0.85770   0.31514
   0.86319   0.34475   0.86317   0.31543
   0.86857   0.34438   0.86855   0.31570
   0.87386   0.34399   0.87384   0.31595
   0.87906   0.34359   0.87904   0.31618
   0.88416   0.34317   0.88414   0.31638
   0.88916   0.34273   0.88914   0.31657
   0.89407   0.34228   0.89405   0.31673
   0.89888   0.34182   0.89886   0.31688
   0.90359   0.34135   0.90357   0.31702
   0.90820   0.34086   0.90818   0.31713
   0.91271   0.34037   0.91269   0.31723
   0.91711   0.33988   0.91709   0.31732
   0.92141   0.33937   0.92139   0.31739
   0.92561   0.33886   0.92559   0.31745
   0.92970   0.33835   0.92968   0.31750
   0.93368   0.33784   0.93366   0.31753
   0.93755   0.33733   0.93753   0.31756
   0.94132   0.33682   0.94130   0.31757
   0.94497   0.33631   0.94495   0.31758
   0.94852   0.33581   0.94850   0.31758
   0.95195   0.33531   0.95193   0.31757
   0.95527   0.33481   0.95525   0.31755
   0.95848   0.33433   0.95846   0.31753
   0.96157   0.33385   0.96155   0.31751
   0.96455   0.33338   0.96453   0.31747
   0.96741   0.33293   0.96739   0.31744
   0.97016   0.33248   0.97014   0.31740
   0.97278   0.33205   0.97276   0.31736
   0.97529   0.33163   0.97527   0.31732
   0.97769   0.33122   0.97767   0.31727
   0.97996   0.33083   0.97994   0.31723
   0.98211   0.33046   0.98209   0.31718
   0.98414   0.33010   0.98412   0.31713
   0.98606   0.32976   0.98604   0.31709
   0.98785   0.32944   0.98783   0.31704
   0.98952   0.32914   0.98950   0.31700
   0.99106   0.32886   0.99104   0.31696
   0.99249   0.32860   0.99247   0.31691
   0.99379   0.32836   0.99377   0.31688
   0.99497   0.32814   0.99495   0.31684
   0.99603   0.32794   0.99601   0.31681
   0.99696   0.32777   0.99694   0.31678
   0.99777   0.32761   0.99775   0.31675
   0.99845   0.32748   0.99843   0.31673
   0.99901   0.32738   0.99899   0.31671
   0.99945   0.32729   0.99943   0.31670
   0.99976   0.32723   0.99974   0.31669
   0.99995   0.32720   0.99993   0.31668
   1.00001   0.32719   0.99999   0.31668

XIN,   MODIFIED LEADING EDGE THICKNESS     0.00000     0.00000
XIN,   MODIFIED LEADING EDGE THICKNESS     0.00006     0.09652
XIN,   MODIFIED LEADING EDGE THICKNESS     0.00025     0.19214
XIN,   MODIFIED LEADING EDGE THICKNESS     0.00056     0.28594
XIN,   MODIFIED LEADING EDGE THICKNESS     0.00100     0.37704
XIN,   MODIFIED LEADING EDGE THICKNESS     0.00156     0.46457
XIN,   MODIFIED LEADING EDGE THICKNESS     0.00224     0.54766
XIN,   MODIFIED LEADING EDGE THICKNESS     0.00305     0.62551
XIN,   MODIFIED LEADING EDGE THICKNESS     0.00398     0.69735
XIN,   MODIFIED LEADING EDGE THICKNESS     0.00504     0.76246
XIN,   MODIFIED LEADING EDGE THICKNESS     0.00622     0.82022
XIN,   MODIFIED LEADING EDGE THICKNESS     0.00752     0.87008
XIN,   MODIFIED LEADING EDGE THICKNESS     0.00895     0.91166
XIN,   MODIFIED LEADING EDGE THICKNESS     0.01049     0.94477
XIN,   MODIFIED LEADING EDGE THICKNESS     0.01216     0.96944
XIN,   MODIFIED LEADING EDGE THICKNESS     0.01395     0.98609
XIN,   MODIFIED LEADING EDGE THICKNESS     0.01587     0.99557
XIN,   MODIFIED LEADING EDGE THICKNESS     0.01790     0.99942
 XIN,   MODIFIED TRAILING EDGE THICKNESS     0.99105     0.99442
 XIN,   MODIFIED TRAILING EDGE THICKNESS     0.99248     0.96876
 XIN,   MODIFIED TRAILING EDGE THICKNESS     0.99378     0.92571
 XIN,   MODIFIED TRAILING EDGE THICKNESS     0.99496     0.86823
 XIN,   MODIFIED TRAILING EDGE THICKNESS     0.99602     0.79867
 XIN,   MODIFIED TRAILING EDGE THICKNESS     0.99695     0.71900
 XIN,   MODIFIED TRAILING EDGE THICKNESS     0.99776     0.63090
 XIN,   MODIFIED TRAILING EDGE THICKNESS     0.99844     0.53585
 XIN,   MODIFIED TRAILING EDGE THICKNESS     0.99900     0.43519
 XIN,   MODIFIED TRAILING EDGE THICKNESS     0.99944     0.33013
 XIN,   MODIFIED TRAILING EDGE THICKNESS     0.99975     0.22186
 XIN,   MODIFIED TRAILING EDGE THICKNESS     0.99994     0.11144
 XIN,   MODIFIED TRAILING EDGE THICKNESS     1.00000     0.00000

  POINTS NEARLY PERPENDICULAR TO THE CENTRE LINE BEFORE THINNING 
        N        XUPP      YUPP        XLOW        YLOW 
         1    -0.00505     0.00556     0.00542    -0.00597
         2    -0.00499     0.00562     0.00549    -0.00592
         3    -0.00481     0.00580     0.00568    -0.00576
         4    -0.00451     0.00610     0.00600    -0.00549
         5    -0.00408     0.00651     0.00645    -0.00512
         6    -0.00354     0.00704     0.00703    -0.00464
         7    -0.00287     0.00769     0.00774    -0.00405
         8    -0.00209     0.00846     0.00857    -0.00337
         9    -0.00118     0.00934     0.00954    -0.00257
        10    -0.00016     0.01034     0.01063    -0.00167
        11     0.00098     0.01145     0.01185    -0.00068
        12     0.00224     0.01268     0.01319     0.00042
        13     0.00362     0.01402     0.01466     0.00162
        14     0.00512     0.01547     0.01626     0.00292
        15     0.00674     0.01703     0.01799     0.00431
        16     0.00848     0.01870     0.01983     0.00580
        17     0.01033     0.02047     0.02181     0.00738
        18     0.01230     0.02235     0.02391     0.00906
        19     0.01439     0.02433     0.02613     0.01083
        20     0.01660     0.02641     0.02847     0.01268
        21     0.01892     0.02859     0.03093     0.01462
        22     0.02135     0.03086     0.03352     0.01665
        23     0.02391     0.03324     0.03623     0.01876
        24     0.02657     0.03570     0.03905     0.02095
        25     0.02935     0.03825     0.04200     0.02321
        26     0.03225     0.04089     0.04506     0.02556
        27     0.03525     0.04362     0.04825     0.02797
        28     0.03837     0.04643     0.05154     0.03046
        29     0.04160     0.04933     0.05495     0.03301
        30     0.04494     0.05230     0.05848     0.03563
        31     0.04839     0.05535     0.06212     0.03832
        32     0.05196     0.05846     0.06587     0.04106
        33     0.05563     0.06165     0.06974     0.04387
        34     0.05940     0.06491     0.07371     0.04673
        35     0.06329     0.06823     0.07779     0.04965
        36     0.06728     0.07161     0.08198     0.05262
        37     0.07138     0.07506     0.08627     0.05563
        38     0.07558     0.07856     0.09067     0.05870
        39     0.07989     0.08211     0.09518     0.06180
        40     0.08430     0.08571     0.09978     0.06495
        41     0.08881     0.08937     0.10449     0.06813
        42     0.09342     0.09307     0.10930     0.07136
        43     0.09813     0.09681     0.11420     0.07461
        44     0.10294     0.10059     0.11921     0.07790
        45     0.10785     0.10441     0.12430     0.08122
        46     0.11286     0.10826     0.12950     0.08456
        47     0.11796     0.11215     0.13478     0.08793
        48     0.12316     0.11606     0.14016     0.09131
        49     0.12845     0.12000     0.14562     0.09472
        50     0.13383     0.12397     0.15117     0.09815
        51     0.13931     0.12795     0.15681     0.10159
        52     0.14487     0.13195     0.16254     0.10505
        53     0.15053     0.13597     0.16834     0.10851
        54     0.15627     0.14001     0.17423     0.11198
        55     0.16210     0.14405     0.18020     0.11547
        56     0.16801     0.14810     0.18625     0.11895
        57     0.17401     0.15216     0.19237     0.12244
        58     0.18009     0.15622     0.19857     0.12593
        59     0.18625     0.16028     0.20485     0.12942
        60     0.19249     0.16434     0.21119     0.13291
        61     0.19881     0.16840     0.21761     0.13640
        62     0.20520     0.17245     0.22409     0.13988
        63     0.21167     0.17649     0.23064     0.14335
        64     0.21822     0.18052     0.23726     0.14681
        65     0.22484     0.18454     0.24393     0.15026
        66     0.23152     0.18854     0.25067     0.15371
        67     0.23828     0.19253     0.25747     0.15713
        68     0.24511     0.19650     0.26433     0.16055
        69     0.25200     0.20045     0.27124     0.16394
        70     0.25896     0.20437     0.27821     0.16732
        71     0.26597     0.20827     0.28523     0.17068
        72     0.27305     0.21214     0.29230     0.17402
        73     0.28019     0.21599     0.29942     0.17734
        74     0.28740     0.21980     0.30658     0.18063
        75     0.29465     0.22359     0.31379     0.18389
        76     0.30197     0.22733     0.32103     0.18713
        77     0.30933     0.23104     0.32833     0.19034
        78     0.31675     0.23471     0.33566     0.19351
        79     0.32421     0.23834     0.34302     0.19666
        80     0.33173     0.24192     0.35043     0.19977
        81     0.33928     0.24546     0.35786     0.20285
        82     0.34689     0.24895     0.36533     0.20589
        83     0.35453     0.25239     0.37283     0.20890
        84     0.36221     0.25578     0.38036     0.21188
        85     0.36993     0.25912     0.38792     0.21481
        86     0.37769     0.26241     0.39550     0.21771
        87     0.38548     0.26564     0.40310     0.22058
        88     0.39330     0.26882     0.41072     0.22340
        89     0.40115     0.27194     0.41837     0.22618
        90     0.40903     0.27501     0.42603     0.22893
        91     0.41693     0.27802     0.43371     0.23163
        92     0.42486     0.28096     0.44140     0.23429
        93     0.43281     0.28385     0.44910     0.23691
        94     0.44078     0.28668     0.45682     0.23949
        95     0.44876     0.28944     0.46454     0.24203
        96     0.45676     0.29218     0.47227     0.24450
        97     0.46478     0.29481     0.48001     0.24695
        98     0.47280     0.29739     0.48775     0.24936
        99     0.48083     0.29990     0.49549     0.25172
       100     0.48887     0.30234     0.50323     0.25404
       101     0.49692     0.30472     0.51097     0.25631
       102     0.50497     0.30704     0.51870     0.25854
       103     0.51302     0.30928     0.52642     0.26072
       104     0.52107     0.31146     0.53414     0.26285
       105     0.52911     0.31357     0.54185     0.26494
       106     0.53714     0.31561     0.54955     0.26698
       107     0.54517     0.31759     0.55724     0.26898
       108     0.55319     0.31949     0.56491     0.27093
       109     0.56119     0.32133     0.57257     0.27283
       110     0.56918     0.32309     0.58020     0.27469
       111     0.57715     0.32479     0.58782     0.27649
       112     0.58510     0.32642     0.59542     0.27826
       113     0.59303     0.32798     0.60300     0.27998
       114     0.60093     0.32948     0.61055     0.28165
       115     0.60881     0.33090     0.61808     0.28327
       116     0.61666     0.33227     0.62558     0.28485
       117     0.62447     0.33356     0.63304     0.28639
       118     0.63226     0.33479     0.64048     0.28788
       119     0.64001     0.33595     0.64789     0.28933
       120     0.64772     0.33705     0.65526     0.29073
       121     0.65539     0.33809     0.66259     0.29209
       122     0.66303     0.33906     0.66989     0.29340
       123     0.67061     0.33997     0.67714     0.29467
       124     0.67816     0.34083     0.68436     0.29590
       125     0.68565     0.34162     0.69153     0.29709
       126     0.69310     0.34235     0.69866     0.29824
       127     0.70049     0.34302     0.70574     0.29934
       128     0.70783     0.34364     0.71278     0.30040
       129     0.71512     0.34420     0.71976     0.30143
       130     0.72235     0.34471     0.72670     0.30241
       131     0.72952     0.34516     0.73358     0.30336
       132     0.73663     0.34556     0.74041     0.30426
       133     0.74367     0.34591     0.74718     0.30513
       134     0.75065     0.34621     0.75389     0.30597
       135     0.75756     0.34646     0.76054     0.30676
       136     0.76441     0.34666     0.76714     0.30752
       137     0.77118     0.34682     0.77367     0.30825
       138     0.77789     0.34694     0.78014     0.30894
       139     0.78452     0.34701     0.78654     0.30960
       140     0.79107     0.34704     0.79287     0.31022
       141     0.79755     0.34703     0.79914     0.31082
       142     0.80395     0.34698     0.80533     0.31138
       143     0.81027     0.34690     0.81146     0.31191
       144     0.81650     0.34678     0.81751     0.31241
       145     0.82266     0.34662     0.82348     0.31288
       146     0.82873     0.34644     0.82938     0.31332
       147     0.83471     0.34622     0.83520     0.31374
       148     0.84061     0.34597     0.84094     0.31413
       149     0.84641     0.34570     0.84660     0.31449
       150     0.85213     0.34540     0.85218     0.31483
       151     0.85775     0.34509     0.85768     0.31513
       152     0.86329     0.34474     0.86308     0.31542
       153     0.86872     0.34437     0.86841     0.31569
       154     0.87406     0.34398     0.87364     0.31593
       155     0.87931     0.34357     0.87878     0.31616
       156     0.88446     0.34314     0.88384     0.31636
       157     0.88950     0.34270     0.88880     0.31655
       158     0.89445     0.34225     0.89367     0.31672
       159     0.89930     0.34178     0.89844     0.31686
       160     0.90404     0.34130     0.90311     0.31700
       161     0.90868     0.34081     0.90769     0.31711
       162     0.91322     0.34032     0.91217     0.31722
       163     0.91764     0.33981     0.91655     0.31730
       164     0.92197     0.33930     0.92083     0.31738
       165     0.92618     0.33879     0.92501     0.31744
       166     0.93029     0.33828     0.92908     0.31748
       167     0.93429     0.33776     0.93305     0.31752
       168     0.93817     0.33725     0.93691     0.31755
       169     0.94195     0.33673     0.94066     0.31757
       170     0.94561     0.33622     0.94431     0.31758
       171     0.94916     0.33571     0.94785     0.31758
       172     0.95260     0.33521     0.95127     0.31757
       173     0.95593     0.33472     0.95459     0.31755
       174     0.95914     0.33423     0.95779     0.31754
       175     0.96223     0.33375     0.96089     0.31751
       176     0.96521     0.33328     0.96386     0.31748
       177     0.96807     0.33282     0.96673     0.31745
       178     0.97081     0.33237     0.96947     0.31741
       179     0.97343     0.33194     0.97210     0.31737
       180     0.97594     0.33152     0.97462     0.31733
       181     0.97833     0.33111     0.97701     0.31728
       182     0.98060     0.33072     0.97929     0.31724
       183     0.98274     0.33035     0.98145     0.31719
       184     0.98477     0.32999     0.98349     0.31715
       185     0.98668     0.32965     0.98540     0.31710
       186     0.98846     0.32933     0.98720     0.31706
       187     0.99013     0.32903     0.98888     0.31701
       188     0.99167     0.32875     0.99043     0.31697
       189     0.99309     0.32849     0.99186     0.31693
       190     0.99439     0.32825     0.99317     0.31689
       191     0.99556     0.32803     0.99435     0.31686
       192     0.99661     0.32783     0.99541     0.31683
       193     0.99754     0.32766     0.99635     0.31680
       194     0.99835     0.32750     0.99716     0.31677
       195     0.99903     0.32737     0.99785     0.31675
       196     0.99959     0.32727     0.99841     0.31673
       197     1.00002     0.32718     0.99885     0.31672
       198     1.00033     0.32713     0.99916     0.31671
       199     1.00051     0.32709     0.99935     0.31670
       200     1.00058     0.32708     0.99941     0.31670
  COORDINATES GOING ROUND THE BLADE AFTER ANY ROTATION
     N        XSURF        YSURF 
         1    -0.00007     0.00007
         2    -0.00026     0.00041
         3    -0.00057     0.00113
         4    -0.00076     0.00196
         5    -0.00080     0.00289
         6    -0.00071     0.00391
         7    -0.00047     0.00503
         8    -0.00009     0.00624
         9     0.00044     0.00754
        10     0.00112     0.00891
        11     0.00196     0.01036
        12     0.00295     0.01188
        13     0.00411     0.01347
        14     0.00543     0.01512
        15     0.00691     0.01683
        16     0.00856     0.01861
        17     0.01036     0.02044
        18     0.01231     0.02234
        19     0.01439     0.02433
        20     0.01660     0.02641
        21     0.01892     0.02859
        22     0.02135     0.03086
        23     0.02391     0.03324
        24     0.02657     0.03570
        25     0.02935     0.03825
        26     0.03225     0.04089
        27     0.03525     0.04362
        28     0.03837     0.04643
        29     0.04160     0.04933
        30     0.04494     0.05230
        31     0.04839     0.05535
        32     0.05196     0.05846
        33     0.05563     0.06165
        34     0.05940     0.06491
        35     0.06329     0.06823
        36     0.06728     0.07161
        37     0.07138     0.07506
        38     0.07558     0.07856
        39     0.07989     0.08211
        40     0.08430     0.08571
        41     0.08881     0.08937
        42     0.09342     0.09307
        43     0.09813     0.09681
        44     0.10294     0.10059
        45     0.10785     0.10441
        46     0.11286     0.10826
        47     0.11796     0.11215
        48     0.12316     0.11606
        49     0.12845     0.12000
        50     0.13383     0.12397
        51     0.13931     0.12795
        52     0.14487     0.13195
        53     0.15053     0.13597
        54     0.15627     0.14001
        55     0.16210     0.14405
        56     0.16801     0.14810
        57     0.17401     0.15216
        58     0.18009     0.15622
        59     0.18625     0.16028
        60     0.19249     0.16434
        61     0.19881     0.16840
        62     0.20520     0.17245
        63     0.21167     0.17649
        64     0.21822     0.18052
        65     0.22484     0.18454
        66     0.23152     0.18854
        67     0.23828     0.19253
        68     0.24511     0.19650
        69     0.25200     0.20045
        70     0.25896     0.20437
        71     0.26597     0.20827
        72     0.27305     0.21214
        73     0.28019     0.21599
        74     0.28740     0.21980
        75     0.29465     0.22359
        76     0.30197     0.22733
        77     0.30933     0.23104
        78     0.31675     0.23471
        79     0.32421     0.23834
        80     0.33173     0.24192
        81     0.33928     0.24546
        82     0.34689     0.24895
        83     0.35453     0.25239
        84     0.36221     0.25578
        85     0.36993     0.25912
        86     0.37769     0.26241
        87     0.38548     0.26564
        88     0.39330     0.26882
        89     0.40115     0.27194
        90     0.40903     0.27501
        91     0.41693     0.27802
        92     0.42486     0.28096
        93     0.43281     0.28385
        94     0.44078     0.28668
        95     0.44876     0.28944
        96     0.45676     0.29218
        97     0.46478     0.29481
        98     0.47280     0.29739
        99     0.48083     0.29990
       100     0.48887     0.30234
       101     0.49692     0.30472
       102     0.50497     0.30704
       103     0.51302     0.30928
       104     0.52107     0.31146
       105     0.52911     0.31357
       106     0.53714     0.31561
       107     0.54517     0.31759
       108     0.55319     0.31949
       109     0.56119     0.32133
       110     0.56918     0.32309
       111     0.57715     0.32479
       112     0.58510     0.32642
       113     0.59303     0.32798
       114     0.60093     0.32948
       115     0.60881     0.33091
       116     0.61666     0.33227
       117     0.62447     0.33356
       118     0.63226     0.33479
       119     0.64001     0.33595
       120     0.64772     0.33705
       121     0.65539     0.33809
       122     0.66303     0.33906
       123     0.67061     0.33997
       124     0.67816     0.34083
       125     0.68565     0.34162
       126     0.69310     0.34235
       127     0.70049     0.34302
       128     0.70783     0.34364
       129     0.71512     0.34420
       130     0.72235     0.34471
       131     0.72952     0.34516
       132     0.73663     0.34556
       133     0.74367     0.34591
       134     0.75065     0.34621
       135     0.75756     0.34646
       136     0.76441     0.34666
       137     0.77118     0.34682
       138     0.77789     0.34694
       139     0.78452     0.34701
       140     0.79107     0.34704
       141     0.79755     0.34703
       142     0.80395     0.34698
       143     0.81027     0.34690
       144     0.81650     0.34678
       145     0.82266     0.34662
       146     0.82873     0.34644
       147     0.83471     0.34622
       148     0.84061     0.34597
       149     0.84641     0.34570
       150     0.85213     0.34540
       151     0.85775     0.34509
       152     0.86329     0.34474
       153     0.86872     0.34437
       154     0.87406     0.34398
       155     0.87931     0.34357
       156     0.88446     0.34314
       157     0.88950     0.34270
       158     0.89445     0.34225
       159     0.89930     0.34178
       160     0.90404     0.34130
       161     0.90868     0.34081
       162     0.91322     0.34032
       163     0.91764     0.33981
       164     0.92197     0.33930
       165     0.92618     0.33879
       166     0.93029     0.33828
       167     0.93429     0.33776
       168     0.93817     0.33725
       169     0.94195     0.33673
       170     0.94561     0.33622
       171     0.94916     0.33571
       172     0.95260     0.33521
       173     0.95593     0.33472
       174     0.95914     0.33423
       175     0.96223     0.33375
       176     0.96521     0.33328
       177     0.96807     0.33282
       178     0.97081     0.33237
       179     0.97343     0.33194
       180     0.97594     0.33152
       181     0.97833     0.33111
       182     0.98060     0.33072
       183     0.98274     0.33035
       184     0.98477     0.32999
       185     0.98668     0.32965
       186     0.98846     0.32933
       187     0.99013     0.32903
       188     0.99167     0.32871
       189     0.99307     0.32831
       190     0.99434     0.32782
       191     0.99548     0.32729
       192     0.99649     0.32672
       193     0.99737     0.32613
       194     0.99813     0.32552
       195     0.99875     0.32491
       196     0.99925     0.32429
       197     0.99963     0.32368
       198     0.99988     0.32307
       199     1.00000     0.32248
       200     1.00003     0.32218
       201     0.99996     0.32160
       202     0.99987     0.32132
       203     0.99962     0.32076
       204     0.99924     0.32022
       205     0.99874     0.31971
       206     0.99812     0.31922
       207     0.99738     0.31875
       208     0.99652     0.31832
       209     0.99553     0.31794
       210     0.99443     0.31760
       211     0.99321     0.31732
       212     0.99188     0.31711
       213     0.99043     0.31700
       214     0.98888     0.31701
       215     0.98720     0.31706
       216     0.98540     0.31710
       217     0.98349     0.31715
       218     0.98145     0.31719
       219     0.97929     0.31724
       220     0.97701     0.31728
       221     0.97462     0.31733
       222     0.97210     0.31737
       223     0.96947     0.31741
       224     0.96673     0.31745
       225     0.96386     0.31748
       226     0.96089     0.31751
       227     0.95779     0.31754
       228     0.95459     0.31755
       229     0.95127     0.31757
       230     0.94785     0.31758
       231     0.94431     0.31758
       232     0.94066     0.31757
       233     0.93691     0.31755
       234     0.93305     0.31752
       235     0.92908     0.31748
       236     0.92501     0.31744
       237     0.92083     0.31738
       238     0.91655     0.31730
       239     0.91217     0.31722
       240     0.90769     0.31711
       241     0.90311     0.31700
       242     0.89844     0.31686
       243     0.89367     0.31672
       244     0.88880     0.31655
       245     0.88384     0.31636
       246     0.87878     0.31616
       247     0.87364     0.31593
       248     0.86841     0.31569
       249     0.86308     0.31542
       250     0.85768     0.31513
       251     0.85218     0.31483
       252     0.84660     0.31449
       253     0.84094     0.31413
       254     0.83520     0.31374
       255     0.82938     0.31332
       256     0.82348     0.31288
       257     0.81751     0.31241
       258     0.81146     0.31191
       259     0.80533     0.31138
       260     0.79914     0.31082
       261     0.79287     0.31022
       262     0.78654     0.30960
       263     0.78014     0.30894
       264     0.77367     0.30825
       265     0.76714     0.30752
       266     0.76054     0.30676
       267     0.75389     0.30597
       268     0.74718     0.30513
       269     0.74041     0.30426
       270     0.73358     0.30336
       271     0.72670     0.30241
       272     0.71976     0.30143
       273     0.71278     0.30040
       274     0.70574     0.29934
       275     0.69866     0.29824
       276     0.69153     0.29709
       277     0.68436     0.29590
       278     0.67714     0.29467
       279     0.66989     0.29340
       280     0.66259     0.29209
       281     0.65526     0.29073
       282     0.64789     0.28933
       283     0.64048     0.28788
       284     0.63304     0.28639
       285     0.62558     0.28485
       286     0.61808     0.28327
       287     0.61055     0.28165
       288     0.60300     0.27998
       289     0.59542     0.27826
       290     0.58782     0.27649
       291     0.58020     0.27469
       292     0.57257     0.27283
       293     0.56491     0.27093
       294     0.55724     0.26898
       295     0.54955     0.26698
       296     0.54185     0.26494
       297     0.53414     0.26285
       298     0.52642     0.26072
       299     0.51870     0.25854
       300     0.51097     0.25631
       301     0.50323     0.25404
       302     0.49549     0.25172
       303     0.48775     0.24936
       304     0.48001     0.24695
       305     0.47227     0.24450
       306     0.46454     0.24203
       307     0.45682     0.23949
       308     0.44910     0.23691
       309     0.44140     0.23429
       310     0.43371     0.23163
       311     0.42603     0.22893
       312     0.41837     0.22618
       313     0.41072     0.22340
       314     0.40310     0.22058
       315     0.39550     0.21771
       316     0.38792     0.21481
       317     0.38036     0.21188
       318     0.37283     0.20890
       319     0.36533     0.20589
       320     0.35786     0.20285
       321     0.35043     0.19977
       322     0.34302     0.19666
       323     0.33565     0.19351
       324     0.32833     0.19034
       325     0.32103     0.18713
       326     0.31379     0.18389
       327     0.30658     0.18063
       328     0.29942     0.17734
       329     0.29230     0.17402
       330     0.28523     0.17068
       331     0.27821     0.16732
       332     0.27124     0.16394
       333     0.26433     0.16055
       334     0.25747     0.15713
       335     0.25067     0.15371
       336     0.24393     0.15026
       337     0.23726     0.14681
       338     0.23064     0.14335
       339     0.22409     0.13988
       340     0.21761     0.13640
       341     0.21119     0.13291
       342     0.20485     0.12942
       343     0.19857     0.12593
       344     0.19237     0.12244
       345     0.18625     0.11895
       346     0.18020     0.11547
       347     0.17423     0.11198
       348     0.16834     0.10851
       349     0.16254     0.10505
       350     0.15681     0.10159
       351     0.15117     0.09815
       352     0.14562     0.09472
       353     0.14016     0.09131
       354     0.13478     0.08793
       355     0.12950     0.08456
       356     0.12430     0.08122
       357     0.11921     0.07790
       358     0.11420     0.07461
       359     0.10930     0.07136
       360     0.10449     0.06813
       361     0.09978     0.06495
       362     0.09518     0.06180
       363     0.09067     0.05870
       364     0.08627     0.05563
       365     0.08198     0.05262
       366     0.07779     0.04965
       367     0.07371     0.04673
       368     0.06974     0.04387
       369     0.06587     0.04106
       370     0.06212     0.03832
       371     0.05848     0.03563
       372     0.05495     0.03301
       373     0.05154     0.03046
       374     0.04825     0.02797
       375     0.04506     0.02556
       376     0.04200     0.02321
       377     0.03905     0.02095
       378     0.03623     0.01876
       379     0.03352     0.01665
       380     0.03093     0.01462
       381     0.02847     0.01268
       382     0.02613     0.01083
       383     0.02390     0.00906
       384     0.02178     0.00741
       385     0.01976     0.00589
       386     0.01781     0.00451
       387     0.01595     0.00327
       388     0.01418     0.00217
       389     0.01248     0.00122
       390     0.01087     0.00041
       391     0.00935    -0.00025
       392     0.00792    -0.00077
       393     0.00658    -0.00115
       394     0.00534    -0.00140
       395     0.00420    -0.00151
       396     0.00317    -0.00150
       397     0.00225    -0.00135
       398     0.00144    -0.00109
       399     0.00075    -0.00070
       400     0.00044    -0.00048
  LEADING EDGE POINT =            5  TE POINT =         200

  NO OF SUCT S POINTS         196  NO PRESS S POINTS         206
  XMIN,XMAX, XCHORD    -8.01640213E-04   1.00002742       1.00082910    

   SUCTION SURFACE POINTS FROM LE TO TE.
         1    -0.00080     0.00289
         2    -0.00071     0.00391
         3    -0.00047     0.00503
         4    -0.00009     0.00624
         5     0.00044     0.00754
         6     0.00112     0.00891
         7     0.00196     0.01036
         8     0.00295     0.01188
         9     0.00411     0.01347
        10     0.00543     0.01512
        11     0.00691     0.01683
        12     0.00856     0.01861
        13     0.01036     0.02044
        14     0.01231     0.02234
        15     0.01439     0.02433
        16     0.01660     0.02641
        17     0.01892     0.02859
        18     0.02135     0.03086
        19     0.02391     0.03324
        20     0.02657     0.03570
        21     0.02935     0.03825
        22     0.03225     0.04089
        23     0.03525     0.04362
        24     0.03837     0.04643
        25     0.04160     0.04933
        26     0.04494     0.05230
        27     0.04839     0.05535
        28     0.05196     0.05846
        29     0.05563     0.06165
        30     0.05940     0.06491
        31     0.06329     0.06823
        32     0.06728     0.07161
        33     0.07138     0.07506
        34     0.07558     0.07856
        35     0.07989     0.08211
        36     0.08430     0.08571
        37     0.08881     0.08937
        38     0.09342     0.09307
        39     0.09813     0.09681
        40     0.10294     0.10059
        41     0.10785     0.10441
        42     0.11286     0.10826
        43     0.11796     0.11215
        44     0.12316     0.11606
        45     0.12845     0.12000
        46     0.13383     0.12397
        47     0.13931     0.12795
        48     0.14487     0.13195
        49     0.15053     0.13597
        50     0.15627     0.14001
        51     0.16210     0.14405
        52     0.16801     0.14810
        53     0.17401     0.15216
        54     0.18009     0.15622
        55     0.18625     0.16028
        56     0.19249     0.16434
        57     0.19881     0.16840
        58     0.20520     0.17245
        59     0.21167     0.17649
        60     0.21822     0.18052
        61     0.22484     0.18454
        62     0.23152     0.18854
        63     0.23828     0.19253
        64     0.24511     0.19650
        65     0.25200     0.20045
        66     0.25896     0.20437
        67     0.26597     0.20827
        68     0.27305     0.21214
        69     0.28019     0.21599
        70     0.28740     0.21980
        71     0.29465     0.22359
        72     0.30197     0.22733
        73     0.30933     0.23104
        74     0.31675     0.23471
        75     0.32421     0.23834
        76     0.33173     0.24192
        77     0.33928     0.24546
        78     0.34689     0.24895
        79     0.35453     0.25239
        80     0.36221     0.25578
        81     0.36993     0.25912
        82     0.37769     0.26241
        83     0.38548     0.26564
        84     0.39330     0.26882
        85     0.40115     0.27194
        86     0.40903     0.27501
        87     0.41693     0.27802
        88     0.42486     0.28096
        89     0.43281     0.28385
        90     0.44078     0.28668
        91     0.44876     0.28944
        92     0.45676     0.29218
        93     0.46478     0.29481
        94     0.47280     0.29739
        95     0.48083     0.29990
        96     0.48887     0.30234
        97     0.49692     0.30472
        98     0.50497     0.30704
        99     0.51302     0.30928
       100     0.52107     0.31146
       101     0.52911     0.31357
       102     0.53714     0.31561
       103     0.54517     0.31759
       104     0.55319     0.31949
       105     0.56119     0.32133
       106     0.56918     0.32309
       107     0.57715     0.32479
       108     0.58510     0.32642
       109     0.59303     0.32798
       110     0.60093     0.32948
       111     0.60881     0.33091
       112     0.61666     0.33227
       113     0.62447     0.33356
       114     0.63226     0.33479
       115     0.64001     0.33595
       116     0.64772     0.33705
       117     0.65539     0.33809
       118     0.66303     0.33906
       119     0.67061     0.33997
       120     0.67816     0.34083
       121     0.68565     0.34162
       122     0.69310     0.34235
       123     0.70049     0.34302
       124     0.70783     0.34364
       125     0.71512     0.34420
       126     0.72235     0.34471
       127     0.72952     0.34516
       128     0.73663     0.34556
       129     0.74367     0.34591
       130     0.75065     0.34621
       131     0.75756     0.34646
       132     0.76441     0.34666
       133     0.77118     0.34682
       134     0.77789     0.34694
       135     0.78452     0.34701
       136     0.79107     0.34704
       137     0.79755     0.34703
       138     0.80395     0.34698
       139     0.81027     0.34690
       140     0.81650     0.34678
       141     0.82266     0.34662
       142     0.82873     0.34644
       143     0.83471     0.34622
       144     0.84061     0.34597
       145     0.84641     0.34570
       146     0.85213     0.34540
       147     0.85775     0.34509
       148     0.86329     0.34474
       149     0.86872     0.34437
       150     0.87406     0.34398
       151     0.87931     0.34357
       152     0.88446     0.34314
       153     0.88950     0.34270
       154     0.89445     0.34225
       155     0.89930     0.34178
       156     0.90404     0.34130
       157     0.90868     0.34081
       158     0.91322     0.34032
       159     0.91764     0.33981
       160     0.92197     0.33930
       161     0.92618     0.33879
       162     0.93029     0.33828
       163     0.93429     0.33776
       164     0.93817     0.33725
       165     0.94195     0.33673
       166     0.94561     0.33622
       167     0.94916     0.33571
       168     0.95260     0.33521
       169     0.95593     0.33472
       170     0.95914     0.33423
       171     0.96223     0.33375
       172     0.96521     0.33328
       173     0.96807     0.33282
       174     0.97081     0.33237
       175     0.97343     0.33194
       176     0.97594     0.33152
       177     0.97833     0.33111
       178     0.98060     0.33072
       179     0.98274     0.33035
       180     0.98477     0.32999
       181     0.98668     0.32965
       182     0.98846     0.32933
       183     0.99013     0.32903
       184     0.99167     0.32871
       185     0.99307     0.32831
       186     0.99434     0.32782
       187     0.99548     0.32729
       188     0.99649     0.32672
       189     0.99737     0.32613
       190     0.99813     0.32552
       191     0.99875     0.32491
       192     0.99925     0.32429
       193     0.99963     0.32368
       194     0.99988     0.32307
       195     1.00000     0.32248
       196     1.00003     0.32218

   PRESSURE SURFACE POINTS FROM LE TO TE.
         1    -0.00080     0.00289
         2    -0.00076     0.00196
         3    -0.00057     0.00113
         4    -0.00026     0.00041
         5    -0.00007     0.00007
         6     0.00044    -0.00048
         7     0.00075    -0.00070
         8     0.00144    -0.00109
         9     0.00225    -0.00135
        10     0.00317    -0.00150
        11     0.00420    -0.00151
        12     0.00534    -0.00140
        13     0.00658    -0.00115
        14     0.00792    -0.00077
        15     0.00935    -0.00025
        16     0.01087     0.00041
        17     0.01248     0.00122
        18     0.01418     0.00217
        19     0.01595     0.00327
        20     0.01781     0.00451
        21     0.01976     0.00589
        22     0.02178     0.00741
        23     0.02390     0.00906
        24     0.02613     0.01083
        25     0.02847     0.01268
        26     0.03093     0.01462
        27     0.03352     0.01665
        28     0.03623     0.01876
        29     0.03905     0.02095
        30     0.04200     0.02321
        31     0.04506     0.02556
        32     0.04825     0.02797
        33     0.05154     0.03046
        34     0.05495     0.03301
        35     0.05848     0.03563
        36     0.06212     0.03832
        37     0.06587     0.04106
        38     0.06974     0.04387
        39     0.07371     0.04673
        40     0.07779     0.04965
        41     0.08198     0.05262
        42     0.08627     0.05563
        43     0.09067     0.05870
        44     0.09518     0.06180
        45     0.09978     0.06495
        46     0.10449     0.06813
        47     0.10930     0.07136
        48     0.11420     0.07461
        49     0.11921     0.07790
        50     0.12430     0.08122
        51     0.12950     0.08456
        52     0.13478     0.08793
        53     0.14016     0.09131
        54     0.14562     0.09472
        55     0.15117     0.09815
        56     0.15681     0.10159
        57     0.16254     0.10505
        58     0.16834     0.10851
        59     0.17423     0.11198
        60     0.18020     0.11547
        61     0.18625     0.11895
        62     0.19237     0.12244
        63     0.19857     0.12593
        64     0.20485     0.12942
        65     0.21119     0.13291
        66     0.21761     0.13640
        67     0.22409     0.13988
        68     0.23064     0.14335
        69     0.23726     0.14681
        70     0.24393     0.15026
        71     0.25067     0.15371
        72     0.25747     0.15713
        73     0.26433     0.16055
        74     0.27124     0.16394
        75     0.27821     0.16732
        76     0.28523     0.17068
        77     0.29230     0.17402
        78     0.29942     0.17734
        79     0.30658     0.18063
        80     0.31379     0.18389
        81     0.32103     0.18713
        82     0.32833     0.19034
        83     0.33565     0.19351
        84     0.34302     0.19666
        85     0.35043     0.19977
        86     0.35786     0.20285
        87     0.36533     0.20589
        88     0.37283     0.20890
        89     0.38036     0.21188
        90     0.38792     0.21481
        91     0.39550     0.21771
        92     0.40310     0.22058
        93     0.41072     0.22340
        94     0.41837     0.22618
        95     0.42603     0.22893
        96     0.43371     0.23163
        97     0.44140     0.23429
        98     0.44910     0.23691
        99     0.45682     0.23949
       100     0.46454     0.24203
       101     0.47227     0.24450
       102     0.48001     0.24695
       103     0.48775     0.24936
       104     0.49549     0.25172
       105     0.50323     0.25404
       106     0.51097     0.25631
       107     0.51870     0.25854
       108     0.52642     0.26072
       109     0.53414     0.26285
       110     0.54185     0.26494
       111     0.54955     0.26698
       112     0.55724     0.26898
       113     0.56491     0.27093
       114     0.57257     0.27283
       115     0.58020     0.27469
       116     0.58782     0.27649
       117     0.59542     0.27826
       118     0.60300     0.27998
       119     0.61055     0.28165
       120     0.61808     0.28327
       121     0.62558     0.28485
       122     0.63304     0.28639
       123     0.64048     0.28788
       124     0.64789     0.28933
       125     0.65526     0.29073
       126     0.66259     0.29209
       127     0.66989     0.29340
       128     0.67714     0.29467
       129     0.68436     0.29590
       130     0.69153     0.29709
       131     0.69866     0.29824
       132     0.70574     0.29934
       133     0.71278     0.30040
       134     0.71976     0.30143
       135     0.72670     0.30241
       136     0.73358     0.30336
       137     0.74041     0.30426
       138     0.74718     0.30513
       139     0.75389     0.30597
       140     0.76054     0.30676
       141     0.76714     0.30752
       142     0.77367     0.30825
       143     0.78014     0.30894
       144     0.78654     0.30960
       145     0.79287     0.31022
       146     0.79914     0.31082
       147     0.80533     0.31138
       148     0.81146     0.31191
       149     0.81751     0.31241
       150     0.82348     0.31288
       151     0.82938     0.31332
       152     0.83520     0.31374
       153     0.84094     0.31413
       154     0.84660     0.31449
       155     0.85218     0.31483
       156     0.85768     0.31513
       157     0.86308     0.31542
       158     0.86841     0.31569
       159     0.87364     0.31593
       160     0.87878     0.31616
       161     0.88384     0.31636
       162     0.88880     0.31655
       163     0.89367     0.31672
       164     0.89844     0.31686
       165     0.90311     0.31700
       166     0.90769     0.31711
       167     0.91217     0.31722
       168     0.91655     0.31730
       169     0.92083     0.31738
       170     0.92501     0.31744
       171     0.92908     0.31748
       172     0.93305     0.31752
       173     0.93691     0.31755
       174     0.94066     0.31757
       175     0.94431     0.31758
       176     0.94785     0.31758
       177     0.95127     0.31757
       178     0.95459     0.31755
       179     0.95779     0.31754
       180     0.96089     0.31751
       181     0.96386     0.31748
       182     0.96673     0.31745
       183     0.96947     0.31741
       184     0.97210     0.31737
       185     0.97462     0.31733
       186     0.97701     0.31728
       187     0.97929     0.31724
       188     0.98145     0.31719
       189     0.98349     0.31715
       190     0.98540     0.31710
       191     0.98720     0.31706
       192     0.98888     0.31701
       193     0.99043     0.31700
       194     0.99188     0.31711
       195     0.99321     0.31732
       196     0.99443     0.31760
       197     0.99553     0.31794
       198     0.99652     0.31832
       199     0.99738     0.31875
       200     0.99812     0.31922
       201     0.99874     0.31971
       202     0.99924     0.32022
       203     0.99962     0.32076
       204     0.99987     0.32132
       205     0.99996     0.32160
       206     1.00003     0.32218
  POINTS ON THE BLADE TO BE USED FOR PLOTTING 
  AND FINAL INTERPOLATION 
  N           X          YUP        YLOW        THICK 
    1      0.0000      0.0029      0.0029      0.0000
    2      0.0001      0.0036      0.0019      0.0017
    3      0.0002      0.0047      0.0011      0.0036
    4      0.0006      0.0058      0.0004      0.0054
    5      0.0010      0.0069     -0.0002      0.0072
    6      0.0016      0.0082     -0.0007      0.0089
    7      0.0022      0.0095     -0.0011      0.0105
    8      0.0030      0.0108     -0.0014      0.0122
    9      0.0040      0.0122     -0.0015      0.0137
   10      0.0050      0.0136     -0.0015      0.0151
   11      0.0062      0.0151     -0.0014      0.0165
   12      0.0075      0.0166     -0.0011      0.0177
   13      0.0089      0.0182     -0.0007      0.0188
   14      0.0105      0.0198     -0.0001      0.0198
   15      0.0122      0.0214      0.0007      0.0207
   16      0.0140      0.0231      0.0016      0.0215
   17      0.0159      0.0250      0.0027      0.0222
   18      0.0179      0.0269      0.0040      0.0228
   19      0.0201      0.0289      0.0055      0.0234
   20      0.0223      0.0310      0.0072      0.0238
   21      0.0247      0.0332      0.0091      0.0242
   22      0.0272      0.0356      0.0111      0.0245
   23      0.0299      0.0380      0.0132      0.0248
   24      0.0326      0.0405      0.0153      0.0252
   25      0.0355      0.0431      0.0175      0.0255
   26      0.0384      0.0458      0.0199      0.0259
   27      0.0415      0.0485      0.0222      0.0263
   28      0.0447      0.0514      0.0247      0.0267
   29      0.0481      0.0543      0.0272      0.0271
   30      0.0515      0.0573      0.0298      0.0275
   31      0.0550      0.0604      0.0325      0.0280
   32      0.0587      0.0636      0.0352      0.0284
   33      0.0625      0.0668      0.0380      0.0288
   34      0.0663      0.0701      0.0408      0.0293
   35      0.0703      0.0735      0.0437      0.0298
   36      0.0744      0.0769      0.0467      0.0302
   37      0.0786      0.0804      0.0497      0.0307
   38      0.0829      0.0839      0.0527      0.0312
   39      0.0873      0.0875      0.0558      0.0317
   40      0.0918      0.0911      0.0589      0.0322
   41      0.0964      0.0948      0.0621      0.0327
   42      0.1011      0.0985      0.0653      0.0332
   43      0.1059      0.1023      0.0686      0.0337
   44      0.1108      0.1061      0.0719      0.0342
   45      0.1159      0.1099      0.0752      0.0347
   46      0.1210      0.1138      0.0785      0.0353
   47      0.1261      0.1177      0.0819      0.0358
   48      0.1314      0.1216      0.0853      0.0363
   49      0.1368      0.1255      0.0887      0.0368
   50      0.1423      0.1295      0.0921      0.0374
   51      0.1478      0.1335      0.0956      0.0379
   52      0.1535      0.1375      0.0991      0.0384
   53      0.1592      0.1415      0.1026      0.0389
   54      0.1650      0.1455      0.1061      0.0394
   55      0.1709      0.1495      0.1096      0.0400
   56      0.1769      0.1535      0.1131      0.0405
   57      0.1830      0.1576      0.1166      0.0410
   58      0.1891      0.1616      0.1201      0.0415
   59      0.1954      0.1656      0.1237      0.0420
   60      0.2017      0.1697      0.1272      0.0425
   61      0.2080      0.1737      0.1307      0.0430
   62      0.2145      0.1777      0.1342      0.0434
   63      0.2210      0.1817      0.1378      0.0439
   64      0.2276      0.1857      0.1413      0.0444
   65      0.2342      0.1896      0.1448      0.0448
   66      0.2409      0.1936      0.1483      0.0453
   67      0.2477      0.1975      0.1518      0.0457
   68      0.2546      0.2014      0.1552      0.0462
   69      0.2615      0.2053      0.1587      0.0466
   70      0.2684      0.2091      0.1622      0.0470
   71      0.2755      0.2130      0.1656      0.0474
   72      0.2826      0.2168      0.1690      0.0478
   73      0.2897      0.2205      0.1724      0.0481
   74      0.2969      0.2243      0.1758      0.0485
   75      0.3041      0.2279      0.1791      0.0489
   76      0.3114      0.2316      0.1824      0.0492
   77      0.3187      0.2352      0.1857      0.0495
   78      0.3261      0.2388      0.1890      0.0498
   79      0.3335      0.2423      0.1922      0.0501
   80      0.3410      0.2458      0.1954      0.0504
   81      0.3485      0.2492      0.1986      0.0507
   82      0.3560      0.2526      0.2017      0.0509
   83      0.3636      0.2560      0.2048      0.0511
   84      0.3712      0.2592      0.2079      0.0514
   85      0.3789      0.2625      0.2109      0.0516
   86      0.3865      0.2657      0.2139      0.0517
   87      0.3942      0.2688      0.2169      0.0519
   88      0.4020      0.2719      0.2198      0.0521
   89      0.4097      0.2749      0.2227      0.0522
   90      0.4175      0.2778      0.2255      0.0523
   91      0.4253      0.2807      0.2283      0.0524
   92      0.4331      0.2836      0.2311      0.0525
   93      0.4409      0.2863      0.2338      0.0526
   94      0.4488      0.2891      0.2365      0.0526
   95      0.4566      0.2917      0.2391      0.0527
   96      0.4645      0.2943      0.2417      0.0527
   97      0.4724      0.2969      0.2442      0.0527
   98      0.4803      0.2993      0.2467      0.0526
   99      0.4882      0.3018      0.2492      0.0526
  100      0.4961      0.3041      0.2516      0.0525
  101      0.5039      0.3064      0.2539      0.0525
  102      0.5118      0.3086      0.2562      0.0524
  103      0.5197      0.3107      0.2585      0.0522
  104      0.5276      0.3128      0.2607      0.0521
  105      0.5355      0.3148      0.2629      0.0519
  106      0.5434      0.3168      0.2650      0.0518
  107      0.5512      0.3187      0.2671      0.0516
  108      0.5591      0.3205      0.2691      0.0514
  109      0.5669      0.3222      0.2711      0.0511
  110      0.5747      0.3239      0.2730      0.0509
  111      0.5825      0.3256      0.2749      0.0506
  112      0.5903      0.3271      0.2768      0.0503
  113      0.5980      0.3286      0.2785      0.0501
  114      0.6058      0.3300      0.2803      0.0497
  115      0.6135      0.3314      0.2820      0.0494
  116      0.6211      0.3327      0.2836      0.0491
  117      0.6288      0.3339      0.2852      0.0487
  118      0.6364      0.3351      0.2868      0.0483
  119      0.6440      0.3362      0.2883      0.0479
  120      0.6515      0.3372      0.2897      0.0475
  121      0.6590      0.3382      0.2911      0.0471
  122      0.6665      0.3392      0.2925      0.0467
  123      0.6739      0.3400      0.2938      0.0462
  124      0.6813      0.3408      0.2951      0.0458
  125      0.6886      0.3416      0.2963      0.0453
  126      0.6959      0.3423      0.2975      0.0448
  127      0.7031      0.3429      0.2987      0.0443
  128      0.7103      0.3435      0.2998      0.0438
  129      0.7174      0.3441      0.3008      0.0433
  130      0.7245      0.3445      0.3018      0.0427
  131      0.7316      0.3450      0.3028      0.0422
  132      0.7385      0.3454      0.3037      0.0416
  133      0.7454      0.3457      0.3046      0.0411
  134      0.7523      0.3460      0.3055      0.0405
  135      0.7591      0.3462      0.3063      0.0399
  136      0.7658      0.3464      0.3071      0.0393
  137      0.7724      0.3466      0.3078      0.0387
  138      0.7790      0.3467      0.3085      0.0381
  139      0.7855      0.3467      0.3092      0.0375
  140      0.7920      0.3468      0.3099      0.0369
  141      0.7983      0.3467      0.3105      0.0363
  142      0.8046      0.3467      0.3110      0.0356
  143      0.8109      0.3466      0.3116      0.0350
  144      0.8170      0.3465      0.3121      0.0344
  145      0.8231      0.3463      0.3126      0.0338
  146      0.8291      0.3461      0.3130      0.0331
  147      0.8350      0.3459      0.3135      0.0325
  148      0.8408      0.3457      0.3138      0.0318
  149      0.8465      0.3454      0.3142      0.0312
  150      0.8522      0.3451      0.3146      0.0306
  151      0.8577      0.3448      0.3149      0.0299
  152      0.8632      0.3445      0.3152      0.0293
  153      0.8686      0.3441      0.3154      0.0287
  154      0.8739      0.3437      0.3157      0.0280
  155      0.8790      0.3433      0.3159      0.0274
  156      0.8841      0.3429      0.3161      0.0268
  157      0.8892      0.3425      0.3163      0.0262
  158      0.8941      0.3420      0.3165      0.0255
  159      0.8989      0.3415      0.3166      0.0249
  160      0.9036      0.3411      0.3167      0.0243
  161      0.9082      0.3406      0.3169      0.0237
  162      0.9127      0.3401      0.3170      0.0231
  163      0.9171      0.3396      0.3170      0.0225
  164      0.9214      0.3391      0.3171      0.0220
  165      0.9256      0.3386      0.3172      0.0214
  166      0.9297      0.3381      0.3172      0.0208
  167      0.9337      0.3376      0.3173      0.0203
  168      0.9375      0.3371      0.3173      0.0198
  169      0.9413      0.3365      0.3173      0.0192
  170      0.9450      0.3360      0.3173      0.0187
  171      0.9485      0.3355      0.3173      0.0182
  172      0.9519      0.3350      0.3173      0.0177
  173      0.9553      0.3345      0.3173      0.0173
  174      0.9585      0.3341      0.3173      0.0168
  175      0.9616      0.3336      0.3172      0.0163
  176      0.9645      0.3331      0.3172      0.0159
  177      0.9674      0.3327      0.3172      0.0155
  178      0.9701      0.3322      0.3171      0.0151
  179      0.9728      0.3318      0.3171      0.0147
  180      0.9753      0.3314      0.3171      0.0143
  181      0.9777      0.3309      0.3170      0.0139
  182      0.9799      0.3306      0.3170      0.0136
  183      0.9821      0.3302      0.3169      0.0133
  184      0.9841      0.3298      0.3169      0.0130
  185      0.9860      0.3295      0.3168      0.0127
  186      0.9878      0.3292      0.3168      0.0124
  187      0.9895      0.3289      0.3167      0.0121
  188      0.9911      0.3286      0.3168      0.0118
  189      0.9925      0.3282      0.3169      0.0113
  190      0.9938      0.3278      0.3172      0.0106
  191      0.9950      0.3273      0.3175      0.0097
  192      0.9960      0.3267      0.3179      0.0088
  193      0.9970      0.3261      0.3183      0.0078
  194      0.9978      0.3255      0.3187      0.0068
  195      0.9984      0.3249      0.3192      0.0057
  196      0.9990      0.3243      0.3197      0.0046
  197      0.9994      0.3237      0.3203      0.0034
  198      0.9998      0.3230      0.3209      0.0022
  199      0.9999      0.3224      0.3214      0.0010
  200      1.0000      0.3219      0.3219      0.0000
 GRID EXPANSION RATIO UP=    1.11538 DOWN =    1.07955
  AXIAL,TANGENTIAL AND RADIAL COORDINATES ON THE STREAM
  SURFACE BEFORE TRANSFORMING TO R-THETA COORDINATES 
 J, XGRID,YGRID,RGRID            1   3.50251906E-02  -1.80951878E-02  0.178630427    
 J, XGRID,YGRID,RGRID            2   3.73210385E-02  -1.59619879E-02  0.179107562    
 J, XGRID,YGRID,RGRID            3   3.93862166E-02  -1.40494546E-02  0.179493010    
 J, XGRID,YGRID,RGRID            4   4.12438624E-02  -1.23347603E-02  0.179801062    
 J, XGRID,YGRID,RGRID            5   4.29146700E-02  -1.07974410E-02  0.180044338    
 J, XGRID,YGRID,RGRID            6   4.44182195E-02  -9.41914693E-03  0.180233434    
 J, XGRID,YGRID,RGRID            7   4.57726605E-02  -8.18342902E-03  0.180377066    
 J, XGRID,YGRID,RGRID            8   4.69881147E-02  -7.07553746E-03  0.180486932    
 J, XGRID,YGRID,RGRID            9   4.80787084E-02  -6.08225074E-03  0.180569604    
 J, XGRID,YGRID,RGRID           10   4.90571707E-02  -5.19171311E-03  0.180630565    
 J, XGRID,YGRID,RGRID           11   4.99349535E-02  -4.39329632E-03  0.180672511    
 J, XGRID,YGRID,RGRID           12   5.07223606E-02  -3.67747061E-03  0.180699691    
 J, XGRID,YGRID,RGRID           13   5.14286347E-02  -3.03569250E-03  0.180717185    
 J, XGRID,YGRID,RGRID           14   5.20621166E-02  -2.46030232E-03  0.180727482    
 J, XGRID,YGRID,RGRID           15   5.26302643E-02  -1.94443250E-03  0.180732489    
 J, XGRID,YGRID,RGRID           16   5.31397983E-02  -1.48192619E-03  0.180733621    
 J, XGRID,YGRID,RGRID           17   5.35967462E-02  -1.06726307E-03  0.180731997    
 J, XGRID,YGRID,RGRID           18   5.40065318E-02  -6.95494295E-04  0.180728465    
 J, XGRID,YGRID,RGRID           19   5.43739945E-02  -3.62182560E-04  0.180723667    
 J, XGRID,YGRID,RGRID           20   5.47035150E-02  -6.33498712E-05  0.180718049    
 J, XGRID,YGRID,RGRID           21   5.49990013E-02   2.04570490E-04  0.180712000    
 J, XGRID,YGRID,RGRID           22   5.52940406E-02   9.45188105E-04  0.180715442    
 J, XGRID,YGRID,RGRID           23   5.56025393E-02   1.33547734E-03  0.180719092    
 J, XGRID,YGRID,RGRID           24   5.59257120E-02   1.67332881E-03  0.180722937    
 J, XGRID,YGRID,RGRID           25   5.62648177E-02   1.99929695E-03  0.180727020    
 J, XGRID,YGRID,RGRID           26   5.66210821E-02   2.33434979E-03  0.180731341    
 J, XGRID,YGRID,RGRID           27   5.69957495E-02   2.68328842E-03  0.180735946    
 J, XGRID,YGRID,RGRID           28   5.73900715E-02   3.04663857E-03  0.180740863    
 J, XGRID,YGRID,RGRID           29   5.78052662E-02   3.42508988E-03  0.180746049    
 J, XGRID,YGRID,RGRID           30   5.82425967E-02   3.81948613E-03  0.180751637    
 J, XGRID,YGRID,RGRID           31   5.87032773E-02   4.23016725E-03  0.180757552    
 J, XGRID,YGRID,RGRID           32   5.91885671E-02   4.65689460E-03  0.180763856    
 J, XGRID,YGRID,RGRID           33   5.96996956E-02   5.10041369E-03  0.180770606    
 J, XGRID,YGRID,RGRID           34   6.02378994E-02   5.56093501E-03  0.180777818    
 J, XGRID,YGRID,RGRID           35   6.08044229E-02   6.03860151E-03  0.180785462    
 J, XGRID,YGRID,RGRID           36   6.14002198E-02   6.53323531E-03  0.180793628    
 J, XGRID,YGRID,RGRID           37   6.20254502E-02   7.04394048E-03  0.180802375    
 J, XGRID,YGRID,RGRID           38   6.26815334E-02   7.57082691E-03  0.180811584    
 J, XGRID,YGRID,RGRID           39   6.33701757E-02   8.11404828E-03  0.180821508    
 J, XGRID,YGRID,RGRID           40   6.40930980E-02   8.67378525E-03  0.180831969    
 J, XGRID,YGRID,RGRID           41   6.48523718E-02   9.25022922E-03  0.180843160    
 J, XGRID,YGRID,RGRID           42   6.56501129E-02   9.84356087E-03  0.180855080    
 J, XGRID,YGRID,RGRID           43   6.64882883E-02   1.04536358E-02  0.180867821    
 J, XGRID,YGRID,RGRID           44   6.73684999E-02   1.10799270E-02  0.180881396    
 J, XGRID,YGRID,RGRID           45   6.82936385E-02   1.17227118E-02  0.180895805    
 J, XGRID,YGRID,RGRID           46   6.92670718E-02   1.23822978E-02  0.180911273    
 J, XGRID,YGRID,RGRID           47   7.02924207E-02   1.30589595E-02  0.180927753    
 J, XGRID,YGRID,RGRID           48   7.13737383E-02   1.37529280E-02  0.180945411    
 J, XGRID,YGRID,RGRID           49   7.25153834E-02   1.44643178E-02  0.180964306    
 J, XGRID,YGRID,RGRID           50   7.37311989E-02   1.51984869E-02  0.180984721    
 J, XGRID,YGRID,RGRID           51   7.50387162E-02   1.59617588E-02  0.181006998    
 J, XGRID,YGRID,RGRID           52   7.64393732E-02   1.67499986E-02  0.181031242    
 J, XGRID,YGRID,RGRID           53   7.79320821E-02   1.75574273E-02  0.181057319    
 J, XGRID,YGRID,RGRID           54   7.95132592E-02   1.83764566E-02  0.181085408    
 J, XGRID,YGRID,RGRID           55   8.11767802E-02   1.91977285E-02  0.181115285    
 J, XGRID,YGRID,RGRID           56   8.29140842E-02   2.00119298E-02  0.181146964    
 J, XGRID,YGRID,RGRID           57   8.46969187E-02   2.08023041E-02  0.181179628    
 J, XGRID,YGRID,RGRID           58   8.64968821E-02   2.15547904E-02  0.181212991    
 J, XGRID,YGRID,RGRID           59   8.83042142E-02   2.22653449E-02  0.181246623    
 J, XGRID,YGRID,RGRID           60   9.01109725E-02   2.29313243E-02  0.181280360    
 J, XGRID,YGRID,RGRID           61   9.19111595E-02   2.35541072E-02  0.181314200    
 J, XGRID,YGRID,RGRID           62   9.37003866E-02   2.41285115E-02  0.181347802    
 J, XGRID,YGRID,RGRID           63   9.54761803E-02   2.46576723E-02  0.181381181    
 J, XGRID,YGRID,RGRID           64   9.72505361E-02   2.51458269E-02  0.181414515    
 J, XGRID,YGRID,RGRID           65   9.90314186E-02   2.55950391E-02  0.181447729    
 J, XGRID,YGRID,RGRID           66  0.100817412       2.60049775E-02  0.181480929    
 J, XGRID,YGRID,RGRID           67  0.102606185       2.63752565E-02  0.181513965    
 J, XGRID,YGRID,RGRID           68  0.104394518       2.67055500E-02  0.181546733    
 J, XGRID,YGRID,RGRID           69  0.106178217       2.69956309E-02  0.181578994    
 J, XGRID,YGRID,RGRID           70  0.107952334       2.72455029E-02  0.181610703    
 J, XGRID,YGRID,RGRID           71  0.109701030       2.74544172E-02  0.181641534    
 J, XGRID,YGRID,RGRID           72  0.111414447       2.76234038E-02  0.181671262    
 J, XGRID,YGRID,RGRID           73  0.113087960       2.77545843E-02  0.181699827    
 J, XGRID,YGRID,RGRID           74  0.114717789       2.78503876E-02  0.181727111    
 J, XGRID,YGRID,RGRID           75  0.116301067       2.79134456E-02  0.181753099    
 J, XGRID,YGRID,RGRID           76  0.117835753       2.79465038E-02  0.181777745    
 J, XGRID,YGRID,RGRID           77  0.119320840       2.79523320E-02  0.181801051    
 J, XGRID,YGRID,RGRID           78  0.120761745       2.79334839E-02  0.181823090    
 J, XGRID,YGRID,RGRID           79  0.122159921       2.78922319E-02  0.181844041    
 J, XGRID,YGRID,RGRID           80  0.123515293       2.78306287E-02  0.181863740    
 J, XGRID,YGRID,RGRID           81  0.124827959       2.77520306E-02  0.181882337    
 J, XGRID,YGRID,RGRID           82  0.126097858       2.76559740E-02  0.181899846    
 J, XGRID,YGRID,RGRID           83  0.127324983       2.75456347E-02  0.181916207    
 J, XGRID,YGRID,RGRID           84  0.128509387       2.74228677E-02  0.181931615    
 J, XGRID,YGRID,RGRID           85  0.129651040       2.72893980E-02  0.181945965    
 J, XGRID,YGRID,RGRID           86  0.130749911       2.71469373E-02  0.181959346    
 J, XGRID,YGRID,RGRID           87  0.131806046       2.69970931E-02  0.181971803    
 J, XGRID,YGRID,RGRID           88  0.132819414       2.68414170E-02  0.181983352    
 J, XGRID,YGRID,RGRID           89  0.133790016       2.66813859E-02  0.181994036    
 J, XGRID,YGRID,RGRID           90  0.134717882       2.65185349E-02  0.182003915    
 J, XGRID,YGRID,RGRID           91  0.135602981       2.59508751E-02  0.182013005    
 J, XGRID,YGRID,RGRID           92  0.136488155       2.58515142E-02  0.182016045    
 J, XGRID,YGRID,RGRID           93  0.137443751       2.57443506E-02  0.182019114    
 J, XGRID,YGRID,RGRID           94  0.138475373       2.56286636E-02  0.182022169    
 J, XGRID,YGRID,RGRID           95  0.139589041       2.55037714E-02  0.182025149    
 J, XGRID,YGRID,RGRID           96  0.140791312       2.53689457E-02  0.182028085    
 J, XGRID,YGRID,RGRID           97  0.142089248       2.52233930E-02  0.182030842    
 J, XGRID,YGRID,RGRID           98  0.143490434       2.50662621E-02  0.182033390    
 J, XGRID,YGRID,RGRID           99  0.145003080       2.48966310E-02  0.182035625    
 J, XGRID,YGRID,RGRID          100  0.146636039       2.47135069E-02  0.182037443    
 J, XGRID,YGRID,RGRID          101  0.148398936       2.45158114E-02  0.182038754    
 J, XGRID,YGRID,RGRID          102  0.150302067       2.43023913E-02  0.182039380    
 J, XGRID,YGRID,RGRID          103  0.152356610       2.40719914E-02  0.182039231    
 J, XGRID,YGRID,RGRID          104  0.154574588       2.38232631E-02  0.182038039    
 J, XGRID,YGRID,RGRID          105  0.156969026       2.35547498E-02  0.182035640    
 J, XGRID,YGRID,RGRID          106  0.159553945       2.32648756E-02  0.182031751    
 J, XGRID,YGRID,RGRID          107  0.162344486       2.29519401E-02  0.182026118    
 J, XGRID,YGRID,RGRID          108  0.165356994       2.26141103E-02  0.182018384    
 J, XGRID,YGRID,RGRID          109  0.168609187       2.22494062E-02  0.182008222    
 J, XGRID,YGRID,RGRID          110  0.172120109       2.18556896E-02  0.181995243    
 J, XGRID,YGRID,RGRID          111  0.175910309       2.14306526E-02  0.181978941    

  THE BLADE CENTROID ON THE X-Y SURFACE IS AT X, Y=    0.09360   0.01966


  THE J VALUE OF THE CENTROID IS J =           62

  THE CENTROID ON THE STREAM SURFACE IS AT   9.36021432E-02   0.00000000    
  THE HUB SECTION CENTROID IS AT   9.36021432E-02   0.00000000    

  AXIAL & RADIAL COORDINATES ON THE SS AFTER STACKING 
  J  , XGRID,RGRID            1   3.50251906E-02  0.178630427    
  J  , XGRID,RGRID            2   3.73210385E-02  0.179107562    
  J  , XGRID,RGRID            3   3.93862166E-02  0.179493010    
  J  , XGRID,RGRID            4   4.12438624E-02  0.179801062    
  J  , XGRID,RGRID            5   4.29146700E-02  0.180044338    
  J  , XGRID,RGRID            6   4.44182195E-02  0.180233434    
  J  , XGRID,RGRID            7   4.57726605E-02  0.180377066    
  J  , XGRID,RGRID            8   4.69881147E-02  0.180486932    
  J  , XGRID,RGRID            9   4.80787084E-02  0.180569604    
  J  , XGRID,RGRID           10   4.90571707E-02  0.180630565    
  J  , XGRID,RGRID           11   4.99349535E-02  0.180672511    
  J  , XGRID,RGRID           12   5.07223606E-02  0.180699691    
  J  , XGRID,RGRID           13   5.14286347E-02  0.180717185    
  J  , XGRID,RGRID           14   5.20621166E-02  0.180727482    
  J  , XGRID,RGRID           15   5.26302643E-02  0.180732489    
  J  , XGRID,RGRID           16   5.31397983E-02  0.180733621    
  J  , XGRID,RGRID           17   5.35967462E-02  0.180731997    
  J  , XGRID,RGRID           18   5.40065318E-02  0.180728465    
  J  , XGRID,RGRID           19   5.43739945E-02  0.180723667    
  J  , XGRID,RGRID           20   5.47035150E-02  0.180718049    
  J  , XGRID,RGRID           21   5.49990013E-02  0.180712000    
  J  , XGRID,RGRID           22   5.52940406E-02  0.180715442    
  J  , XGRID,RGRID           23   5.56025393E-02  0.180719092    
  J  , XGRID,RGRID           24   5.59257120E-02  0.180722937    
  J  , XGRID,RGRID           25   5.62648177E-02  0.180727020    
  J  , XGRID,RGRID           26   5.66210821E-02  0.180731341    
  J  , XGRID,RGRID           27   5.69957495E-02  0.180735946    
  J  , XGRID,RGRID           28   5.73900715E-02  0.180740863    
  J  , XGRID,RGRID           29   5.78052662E-02  0.180746049    
  J  , XGRID,RGRID           30   5.82425967E-02  0.180751637    
  J  , XGRID,RGRID           31   5.87032773E-02  0.180757552    
  J  , XGRID,RGRID           32   5.91885671E-02  0.180763856    
  J  , XGRID,RGRID           33   5.96996956E-02  0.180770606    
  J  , XGRID,RGRID           34   6.02378994E-02  0.180777818    
  J  , XGRID,RGRID           35   6.08044229E-02  0.180785462    
  J  , XGRID,RGRID           36   6.14002198E-02  0.180793628    
  J  , XGRID,RGRID           37   6.20254502E-02  0.180802375    
  J  , XGRID,RGRID           38   6.26815334E-02  0.180811584    
  J  , XGRID,RGRID           39   6.33701757E-02  0.180821508    
  J  , XGRID,RGRID           40   6.40930980E-02  0.180831969    
  J  , XGRID,RGRID           41   6.48523718E-02  0.180843160    
  J  , XGRID,RGRID           42   6.56501129E-02  0.180855080    
  J  , XGRID,RGRID           43   6.64882883E-02  0.180867821    
  J  , XGRID,RGRID           44   6.73684999E-02  0.180881396    
  J  , XGRID,RGRID           45   6.82936385E-02  0.180895805    
  J  , XGRID,RGRID           46   6.92670718E-02  0.180911273    
  J  , XGRID,RGRID           47   7.02924207E-02  0.180927753    
  J  , XGRID,RGRID           48   7.13737383E-02  0.180945411    
  J  , XGRID,RGRID           49   7.25153834E-02  0.180964306    
  J  , XGRID,RGRID           50   7.37311989E-02  0.180984721    
  J  , XGRID,RGRID           51   7.50387162E-02  0.181006998    
  J  , XGRID,RGRID           52   7.64393732E-02  0.181031242    
  J  , XGRID,RGRID           53   7.79320821E-02  0.181057319    
  J  , XGRID,RGRID           54   7.95132592E-02  0.181085408    
  J  , XGRID,RGRID           55   8.11767802E-02  0.181115285    
  J  , XGRID,RGRID           56   8.29140842E-02  0.181146964    
  J  , XGRID,RGRID           57   8.46969187E-02  0.181179628    
  J  , XGRID,RGRID           58   8.64968821E-02  0.181212991    
  J  , XGRID,RGRID           59   8.83042142E-02  0.181246623    
  J  , XGRID,RGRID           60   9.01109725E-02  0.181280360    
  J  , XGRID,RGRID           61   9.19111595E-02  0.181314200    
  J  , XGRID,RGRID           62   9.37003866E-02  0.181347802    
  J  , XGRID,RGRID           63   9.54761803E-02  0.181381181    
  J  , XGRID,RGRID           64   9.72505361E-02  0.181414515    
  J  , XGRID,RGRID           65   9.90314186E-02  0.181447729    
  J  , XGRID,RGRID           66  0.100817412      0.181480929    
  J  , XGRID,RGRID           67  0.102606185      0.181513965    
  J  , XGRID,RGRID           68  0.104394518      0.181546733    
  J  , XGRID,RGRID           69  0.106178217      0.181578994    
  J  , XGRID,RGRID           70  0.107952334      0.181610703    
  J  , XGRID,RGRID           71  0.109701030      0.181641534    
  J  , XGRID,RGRID           72  0.111414447      0.181671262    
  J  , XGRID,RGRID           73  0.113087960      0.181699827    
  J  , XGRID,RGRID           74  0.114717789      0.181727111    
  J  , XGRID,RGRID           75  0.116301067      0.181753099    
  J  , XGRID,RGRID           76  0.117835753      0.181777745    
  J  , XGRID,RGRID           77  0.119320840      0.181801051    
  J  , XGRID,RGRID           78  0.120761745      0.181823090    
  J  , XGRID,RGRID           79  0.122159921      0.181844041    
  J  , XGRID,RGRID           80  0.123515293      0.181863740    
  J  , XGRID,RGRID           81  0.124827959      0.181882337    
  J  , XGRID,RGRID           82  0.126097858      0.181899846    
  J  , XGRID,RGRID           83  0.127324983      0.181916207    
  J  , XGRID,RGRID           84  0.128509387      0.181931615    
  J  , XGRID,RGRID           85  0.129651040      0.181945965    
  J  , XGRID,RGRID           86  0.130749911      0.181959346    
  J  , XGRID,RGRID           87  0.131806046      0.181971803    
  J  , XGRID,RGRID           88  0.132819414      0.181983352    
  J  , XGRID,RGRID           89  0.133790016      0.181994036    
  J  , XGRID,RGRID           90  0.134717882      0.182003915    
  J  , XGRID,RGRID           91  0.135602981      0.182013005    
  J  , XGRID,RGRID           92  0.136488155      0.182016045    
  J  , XGRID,RGRID           93  0.137443751      0.182019114    
  J  , XGRID,RGRID           94  0.138475373      0.182022169    
  J  , XGRID,RGRID           95  0.139589041      0.182025149    
  J  , XGRID,RGRID           96  0.140791312      0.182028085    
  J  , XGRID,RGRID           97  0.142089248      0.182030842    
  J  , XGRID,RGRID           98  0.143490434      0.182033390    
  J  , XGRID,RGRID           99  0.145003080      0.182035625    
  J  , XGRID,RGRID          100  0.146636039      0.182037443    
  J  , XGRID,RGRID          101  0.148398936      0.182038754    
  J  , XGRID,RGRID          102  0.150302067      0.182039380    
  J  , XGRID,RGRID          103  0.152356610      0.182039231    
  J  , XGRID,RGRID          104  0.154574588      0.182038039    
  J  , XGRID,RGRID          105  0.156969026      0.182035640    
  J  , XGRID,RGRID          106  0.159553945      0.182031751    
  J  , XGRID,RGRID          107  0.162344486      0.182026118    
  J  , XGRID,RGRID          108  0.165356994      0.182018384    
  J  , XGRID,RGRID          109  0.168609187      0.182008222    
  J  , XGRID,RGRID          110  0.172120109      0.181995243    
  J  , XGRID,RGRID          111  0.175910309      0.181978941    

  BLADE TRUE CHORD:AXIAL CHORD RATIO =    1.03039241    


    TKLE      TKTE      TKMAX     XTMAX     XMODLE     XMODTE    TK_TYP 
    0.0200    0.0100    0.0500    0.5000    0.0200    0.0100    2.0000


 FCHORD=    1.00000000      FPERP=    0.00000000     FTKSCALE=    1.00000000    


  CENTRELINE COORDINATES AND THICKNESS FOR INTYPE = 1

    XIN        YIN       TKIN 
   0.00000   0.00000   0.02061
   0.00006   0.00004   0.02062
   0.00025   0.00017   0.02064
   0.00056   0.00039   0.02068
   0.00100   0.00070   0.02074
   0.00156   0.00109   0.02082
   0.00224   0.00157   0.02091
   0.00305   0.00213   0.02102
   0.00398   0.00278   0.02114
   0.00504   0.00352   0.02128
   0.00622   0.00433   0.02144
   0.00752   0.00524   0.02161
   0.00895   0.00622   0.02179
   0.01049   0.00728   0.02200
   0.01216   0.00843   0.02222
   0.01395   0.00965   0.02245
   0.01587   0.01095   0.02270
   0.01790   0.01232   0.02296
   0.02005   0.01377   0.02324
   0.02232   0.01530   0.02353
   0.02472   0.01689   0.02383
   0.02723   0.01856   0.02415
   0.02985   0.02029   0.02448
   0.03260   0.02209   0.02482
   0.03546   0.02396   0.02518
   0.03844   0.02589   0.02554
   0.04153   0.02788   0.02592
   0.04474   0.02993   0.02631
   0.04806   0.03204   0.02671
   0.05149   0.03420   0.02712
   0.05504   0.03642   0.02754
   0.05869   0.03869   0.02797
   0.06246   0.04101   0.02841
   0.06633   0.04337   0.02886
   0.07031   0.04579   0.02931
   0.07440   0.04824   0.02978
   0.07860   0.05074   0.03025
   0.08290   0.05328   0.03072
   0.08730   0.05586   0.03120
   0.09181   0.05847   0.03169
   0.09642   0.06111   0.03218
   0.10113   0.06379   0.03268
   0.10594   0.06650   0.03318
   0.11085   0.06923   0.03368
   0.11585   0.07199   0.03419
   0.12095   0.07477   0.03470
   0.12615   0.07757   0.03521
   0.13144   0.08040   0.03572
   0.13682   0.08324   0.03623
   0.14229   0.08609   0.03675
   0.14784   0.08896   0.03726
   0.15349   0.09184   0.03777
   0.15923   0.09474   0.03828
   0.16504   0.09764   0.03879
   0.17095   0.10054   0.03929
   0.17693   0.10345   0.03979
   0.18299   0.10637   0.04029
   0.18914   0.10928   0.04078
   0.19536   0.11220   0.04127
   0.20166   0.11511   0.04175
   0.20803   0.11802   0.04223
   0.21447   0.12093   0.04270
   0.22099   0.12383   0.04316
   0.22757   0.12672   0.04362
   0.23422   0.12960   0.04407
   0.24094   0.13248   0.04451
   0.24772   0.13534   0.04494
   0.25457   0.13818   0.04536
   0.26148   0.14102   0.04577
   0.26845   0.14383   0.04617
   0.27547   0.14663   0.04656
   0.28255   0.14941   0.04694
   0.28968   0.15217   0.04731
   0.29687   0.15491   0.04766
   0.30411   0.15763   0.04800
   0.31140   0.16032   0.04833
   0.31873   0.16298   0.04865
   0.32611   0.16562   0.04895
   0.33353   0.16822   0.04924
   0.34099   0.17080   0.04951
   0.34850   0.17335   0.04977
   0.35604   0.17587   0.05001
   0.36362   0.17835   0.05024
   0.37123   0.18080   0.05045
   0.37887   0.18322   0.05065
   0.38654   0.18560   0.05083
   0.39424   0.18794   0.05100
   0.40197   0.19025   0.05114
   0.40972   0.19252   0.05127
   0.41750   0.19476   0.05139
   0.42529   0.19696   0.05148
   0.43311   0.19911   0.05156
   0.44094   0.20123   0.05162
   0.44878   0.20331   0.05167
   0.45664   0.20535   0.05170
   0.46451   0.20735   0.05170
   0.47239   0.20930   0.05169
   0.48027   0.21122   0.05167
   0.48816   0.21309   0.05162
   0.49605   0.21492   0.05156
   0.50395   0.21671   0.05148
   0.51184   0.21846   0.05138
   0.51973   0.22016   0.05126
   0.52761   0.22182   0.05113
   0.53549   0.22343   0.05097
   0.54336   0.22500   0.05080
   0.55122   0.22652   0.05061
   0.55906   0.22800   0.05041
   0.56689   0.22944   0.05018
   0.57471   0.23083   0.04994
   0.58250   0.23218   0.04969
   0.59028   0.23349   0.04941
   0.59803   0.23475   0.04912
   0.60576   0.23596   0.04882
   0.61346   0.23714   0.04849
   0.62113   0.23827   0.04815
   0.62877   0.23936   0.04780
   0.63638   0.24040   0.04743
   0.64396   0.24141   0.04705
   0.65150   0.24237   0.04665
   0.65901   0.24329   0.04623
   0.66647   0.24417   0.04581
   0.67389   0.24501   0.04537
   0.68127   0.24581   0.04491
   0.68860   0.24657   0.04444
   0.69589   0.24730   0.04397
   0.70313   0.24798   0.04347
   0.71031   0.24863   0.04297
   0.71745   0.24924   0.04246
   0.72453   0.24981   0.04193
   0.73155   0.25035   0.04140
   0.73852   0.25085   0.04085
   0.74543   0.25132   0.04030
   0.75228   0.25176   0.03974
   0.75906   0.25216   0.03917
   0.76578   0.25253   0.03859
   0.77243   0.25287   0.03801
   0.77901   0.25318   0.03741
   0.78553   0.25346   0.03682
   0.79197   0.25372   0.03621
   0.79834   0.25394   0.03561
   0.80464   0.25414   0.03499
   0.81086   0.25431   0.03438
   0.81701   0.25445   0.03376
   0.82307   0.25458   0.03313
   0.82905   0.25467   0.03251
   0.83496   0.25475   0.03188
   0.84077   0.25480   0.03126
   0.84651   0.25484   0.03063
   0.85216   0.25485   0.03000
   0.85771   0.25484   0.02937
   0.86318   0.25482   0.02875
   0.86856   0.25478   0.02813
   0.87385   0.25472   0.02751
   0.87905   0.25465   0.02689
   0.88415   0.25456   0.02627
   0.88915   0.25446   0.02566
   0.89406   0.25435   0.02506
   0.89887   0.25422   0.02446
   0.90358   0.25409   0.02387
   0.90819   0.25394   0.02328
   0.91270   0.25379   0.02270
   0.91710   0.25363   0.02213
   0.92140   0.25346   0.02156
   0.92560   0.25328   0.02101
   0.92969   0.25310   0.02046
   0.93367   0.25291   0.01992
   0.93754   0.25272   0.01939
   0.94131   0.25253   0.01888
   0.94496   0.25233   0.01837
   0.94851   0.25213   0.01788
   0.95194   0.25193   0.01740
   0.95526   0.25173   0.01693
   0.95847   0.25153   0.01647
   0.96156   0.25134   0.01603
   0.96454   0.25114   0.01560
   0.96740   0.25095   0.01519
   0.97015   0.25076   0.01479
   0.97277   0.25057   0.01441
   0.97528   0.25039   0.01404
   0.97768   0.25022   0.01368
   0.97995   0.25005   0.01335
   0.98210   0.24988   0.01302
   0.98413   0.24973   0.01272
   0.98605   0.24958   0.01243
   0.98784   0.24943   0.01216
   0.98951   0.24930   0.01191
   0.99105   0.24917   0.01167
   0.99248   0.24905   0.01146
   0.99378   0.24894   0.01126
   0.99496   0.24885   0.01108
   0.99602   0.24876   0.01092
   0.99695   0.24868   0.01077
   0.99776   0.24861   0.01065
   0.99844   0.24855   0.01054
   0.99900   0.24850   0.01046
   0.99944   0.24846   0.01039
   0.99975   0.24843   0.01034
   0.99994   0.24842   0.01031
   1.00000   0.24841   0.01030

  BLADE SURFACE COORDINATES GENERATED USING INTYPE = 1

  XUP          YUP       XLOW      YLOW 
   0.00001   0.01030  -0.00001  -0.01030
   0.00007   0.01035   0.00005  -0.01026
   0.00026   0.01050   0.00024  -0.01015
   0.00057   0.01073   0.00055  -0.00995
   0.00101   0.01107   0.00099  -0.00967
   0.00157   0.01150   0.00155  -0.00932
   0.00225   0.01202   0.00223  -0.00888
   0.00306   0.01264   0.00304  -0.00837
   0.00399   0.01335   0.00397  -0.00779
   0.00505   0.01416   0.00503  -0.00712
   0.00623   0.01505   0.00621  -0.00638
   0.00753   0.01604   0.00751  -0.00557
   0.00896   0.01712   0.00894  -0.00468
   0.01050   0.01828   0.01048  -0.00372
   0.01217   0.01953   0.01215  -0.00268
   0.01396   0.02087   0.01394  -0.00158
   0.01588   0.02229   0.01586  -0.00040
   0.01791   0.02380   0.01789   0.00084
   0.02006   0.02539   0.02004   0.00215
   0.02233   0.02706   0.02231   0.00353
   0.02473   0.02881   0.02471   0.00498
   0.02724   0.03063   0.02722   0.00648
   0.02986   0.03253   0.02984   0.00805
   0.03261   0.03450   0.03259   0.00968
   0.03547   0.03655   0.03545   0.01137
   0.03845   0.03866   0.03843   0.01311
   0.04154   0.04084   0.04152   0.01492
   0.04475   0.04308   0.04473   0.01677
   0.04807   0.04539   0.04805   0.01868
   0.05150   0.04776   0.05148   0.02064
   0.05505   0.05019   0.05503   0.02265
   0.05870   0.05267   0.05868   0.02470
   0.06247   0.05521   0.06245   0.02680
   0.06634   0.05780   0.06632   0.02894
   0.07032   0.06044   0.07030   0.03113
   0.07441   0.06313   0.07439   0.03336
   0.07861   0.06587   0.07859   0.03562
   0.08291   0.06864   0.08289   0.03792
   0.08731   0.07146   0.08729   0.04026
   0.09182   0.07431   0.09180   0.04262
   0.09643   0.07720   0.09641   0.04502
   0.10114   0.08013   0.10112   0.04745
   0.10595   0.08309   0.10593   0.04991
   0.11086   0.08607   0.11084   0.05239
   0.11586   0.08908   0.11584   0.05489
   0.12096   0.09212   0.12094   0.05742
   0.12616   0.09518   0.12614   0.05997
   0.13145   0.09826   0.13143   0.06254
   0.13683   0.10135   0.13681   0.06512
   0.14230   0.10447   0.14228   0.06772
   0.14785   0.10759   0.14783   0.07033
   0.15350   0.11073   0.15348   0.07296
   0.15924   0.11388   0.15922   0.07560
   0.16505   0.11703   0.16503   0.07824
   0.17096   0.12019   0.17094   0.08090
   0.17694   0.12335   0.17692   0.08356
   0.18300   0.12651   0.18298   0.08622
   0.18915   0.12968   0.18913   0.08889
   0.19537   0.13284   0.19535   0.09156
   0.20167   0.13599   0.20165   0.09424
   0.20804   0.13914   0.20802   0.09691
   0.21448   0.14228   0.21446   0.09958
   0.22100   0.14541   0.22098   0.10225
   0.22758   0.14853   0.22756   0.10491
   0.23423   0.15164   0.23421   0.10757
   0.24095   0.15473   0.24093   0.11022
   0.24773   0.15781   0.24771   0.11287
   0.25458   0.16086   0.25456   0.11550
   0.26149   0.16390   0.26147   0.11813
   0.26846   0.16692   0.26844   0.12075
   0.27548   0.16991   0.27546   0.12335
   0.28256   0.17288   0.28254   0.12594
   0.28969   0.17583   0.28967   0.12852
   0.29688   0.17874   0.29686   0.13108
   0.30412   0.18163   0.30410   0.13363
   0.31141   0.18448   0.31139   0.13615
   0.31874   0.18730   0.31872   0.13866
   0.32612   0.19009   0.32610   0.14114
   0.33354   0.19284   0.33352   0.14361
   0.34100   0.19556   0.34098   0.14605
   0.34851   0.19823   0.34849   0.14847
   0.35605   0.20087   0.35603   0.15086
   0.36363   0.20347   0.36361   0.15323
   0.37124   0.20603   0.37122   0.15557
   0.37888   0.20854   0.37886   0.15789
   0.38655   0.21101   0.38653   0.16018
   0.39425   0.21344   0.39423   0.16244
   0.40198   0.21582   0.40196   0.16468
   0.40973   0.21816   0.40971   0.16689
   0.41751   0.22045   0.41749   0.16907
   0.42530   0.22270   0.42528   0.17121
   0.43312   0.22489   0.43310   0.17333
   0.44095   0.22704   0.44093   0.17542
   0.44879   0.22914   0.44877   0.17748
   0.45665   0.23120   0.45663   0.17950
   0.46452   0.23320   0.46450   0.18149
   0.47240   0.23515   0.47238   0.18346
   0.48028   0.23705   0.48026   0.18538
   0.48817   0.23890   0.48815   0.18728
   0.49606   0.24070   0.49604   0.18914
   0.50396   0.24245   0.50394   0.19097
   0.51185   0.24414   0.51183   0.19277
   0.51974   0.24579   0.51972   0.19453
   0.52762   0.24738   0.52760   0.19625
   0.53550   0.24892   0.53548   0.19794
   0.54337   0.25040   0.54335   0.19960
   0.55123   0.25183   0.55121   0.20122
   0.55907   0.25321   0.55905   0.20280
   0.56690   0.25453   0.56688   0.20435
   0.57472   0.25581   0.57470   0.20586
   0.58251   0.25703   0.58249   0.20734
   0.59029   0.25819   0.59027   0.20878
   0.59804   0.25931   0.59802   0.21019
   0.60577   0.26037   0.60575   0.21156
   0.61347   0.26139   0.61345   0.21289
   0.62114   0.26235   0.62112   0.21419
   0.62878   0.26326   0.62876   0.21546
   0.63639   0.26412   0.63637   0.21669
   0.64397   0.26493   0.64395   0.21788
   0.65151   0.26569   0.65149   0.21905
   0.65902   0.26641   0.65900   0.22017
   0.66648   0.26707   0.66646   0.22127
   0.67390   0.26769   0.67388   0.22233
   0.68128   0.26827   0.68126   0.22336
   0.68861   0.26880   0.68859   0.22435
   0.69590   0.26928   0.69588   0.22531
   0.70314   0.26972   0.70312   0.22624
   0.71033   0.27011   0.71030   0.22714
   0.71746   0.27047   0.71744   0.22801
   0.72454   0.27078   0.72452   0.22884
   0.73156   0.27105   0.73154   0.22965
   0.73853   0.27128   0.73851   0.23042
   0.74544   0.27147   0.74542   0.23117
   0.75229   0.27163   0.75227   0.23189
   0.75907   0.27175   0.75905   0.23258
   0.76579   0.27183   0.76577   0.23324
   0.77244   0.27188   0.77242   0.23387
   0.77902   0.27189   0.77900   0.23448
   0.78554   0.27187   0.78552   0.23506
   0.79198   0.27182   0.79196   0.23561
   0.79835   0.27174   0.79833   0.23614
   0.80465   0.27163   0.80463   0.23664
   0.81087   0.27150   0.81085   0.23712
   0.81702   0.27133   0.81700   0.23758
   0.82308   0.27114   0.82306   0.23801
   0.82906   0.27093   0.82904   0.23842
   0.83497   0.27069   0.83495   0.23881
   0.84078   0.27043   0.84076   0.23918
   0.84652   0.27015   0.84650   0.23952
   0.85217   0.26985   0.85215   0.23985
   0.85772   0.26953   0.85770   0.24016
   0.86319   0.26920   0.86317   0.24045
   0.86857   0.26884   0.86855   0.24072
   0.87386   0.26848   0.87384   0.24097
   0.87906   0.26809   0.87904   0.24121
   0.88416   0.26770   0.88414   0.24143
   0.88916   0.26729   0.88914   0.24163
   0.89407   0.26688   0.89405   0.24182
   0.89888   0.26645   0.89886   0.24199
   0.90359   0.26602   0.90357   0.24216
   0.90820   0.26558   0.90818   0.24230
   0.91271   0.26514   0.91269   0.24244
   0.91711   0.26469   0.91709   0.24256
   0.92141   0.26424   0.92139   0.24268
   0.92561   0.26378   0.92559   0.24278
   0.92970   0.26333   0.92968   0.24287
   0.93368   0.26287   0.93366   0.24295
   0.93755   0.26242   0.93753   0.24302
   0.94132   0.26196   0.94130   0.24309
   0.94497   0.26152   0.94495   0.24314
   0.94852   0.26107   0.94850   0.24319
   0.95195   0.26063   0.95193   0.24323
   0.95527   0.26020   0.95525   0.24327
   0.95848   0.25977   0.95846   0.24330
   0.96157   0.25935   0.96155   0.24332
   0.96455   0.25894   0.96453   0.24334
   0.96741   0.25854   0.96739   0.24335
   0.97016   0.25815   0.97014   0.24337
   0.97278   0.25778   0.97276   0.24337
   0.97529   0.25741   0.97527   0.24338
   0.97769   0.25706   0.97767   0.24338
   0.97996   0.25672   0.97994   0.24337
   0.98211   0.25640   0.98209   0.24337
   0.98414   0.25609   0.98412   0.24337
   0.98606   0.25579   0.98604   0.24336
   0.98785   0.25551   0.98783   0.24335
   0.98952   0.25525   0.98950   0.24334
   0.99106   0.25501   0.99104   0.24333
   0.99249   0.25478   0.99247   0.24332
   0.99379   0.25457   0.99377   0.24331
   0.99497   0.25438   0.99495   0.24331
   0.99603   0.25421   0.99601   0.24330
   0.99696   0.25406   0.99694   0.24329
   0.99777   0.25393   0.99775   0.24328
   0.99845   0.25382   0.99843   0.24328
   0.99901   0.25373   0.99899   0.24327
   0.99945   0.25366   0.99943   0.24327
   0.99976   0.25361   0.99974   0.24326
   0.99995   0.25357   0.99993   0.24326
   1.00001   0.25356   0.99999   0.24326

XIN,   MODIFIED LEADING EDGE THICKNESS     0.00000     0.00000
XIN,   MODIFIED LEADING EDGE THICKNESS     0.00006     0.09652
XIN,   MODIFIED LEADING EDGE THICKNESS     0.00025     0.19214
XIN,   MODIFIED LEADING EDGE THICKNESS     0.00056     0.28594
XIN,   MODIFIED LEADING EDGE THICKNESS     0.00100     0.37704
XIN,   MODIFIED LEADING EDGE THICKNESS     0.00156     0.46457
XIN,   MODIFIED LEADING EDGE THICKNESS     0.00224     0.54766
XIN,   MODIFIED LEADING EDGE THICKNESS     0.00305     0.62551
XIN,   MODIFIED LEADING EDGE THICKNESS     0.00398     0.69735
XIN,   MODIFIED LEADING EDGE THICKNESS     0.00504     0.76246
XIN,   MODIFIED LEADING EDGE THICKNESS     0.00622     0.82022
XIN,   MODIFIED LEADING EDGE THICKNESS     0.00752     0.87008
XIN,   MODIFIED LEADING EDGE THICKNESS     0.00895     0.91166
XIN,   MODIFIED LEADING EDGE THICKNESS     0.01049     0.94477
XIN,   MODIFIED LEADING EDGE THICKNESS     0.01216     0.96944
XIN,   MODIFIED LEADING EDGE THICKNESS     0.01395     0.98609
XIN,   MODIFIED LEADING EDGE THICKNESS     0.01587     0.99557
XIN,   MODIFIED LEADING EDGE THICKNESS     0.01790     0.99942
 XIN,   MODIFIED TRAILING EDGE THICKNESS     0.99105     0.99442
 XIN,   MODIFIED TRAILING EDGE THICKNESS     0.99248     0.96876
 XIN,   MODIFIED TRAILING EDGE THICKNESS     0.99378     0.92571
 XIN,   MODIFIED TRAILING EDGE THICKNESS     0.99496     0.86823
 XIN,   MODIFIED TRAILING EDGE THICKNESS     0.99602     0.79867
 XIN,   MODIFIED TRAILING EDGE THICKNESS     0.99695     0.71900
 XIN,   MODIFIED TRAILING EDGE THICKNESS     0.99776     0.63090
 XIN,   MODIFIED TRAILING EDGE THICKNESS     0.99844     0.53585
 XIN,   MODIFIED TRAILING EDGE THICKNESS     0.99900     0.43519
 XIN,   MODIFIED TRAILING EDGE THICKNESS     0.99944     0.33013
 XIN,   MODIFIED TRAILING EDGE THICKNESS     0.99975     0.22186
 XIN,   MODIFIED TRAILING EDGE THICKNESS     0.99994     0.11144
 XIN,   MODIFIED TRAILING EDGE THICKNESS     1.00000     0.00000

  POINTS NEARLY PERPENDICULAR TO THE CENTRE LINE BEFORE THINNING 
        N        XUPP      YUPP        XLOW        YLOW 
         1    -0.00469     0.00669     0.00501    -0.00714
         2    -0.00463     0.00673     0.00507    -0.00709
         3    -0.00445     0.00687     0.00526    -0.00697
         4    -0.00415     0.00711     0.00558    -0.00677
         5    -0.00372     0.00744     0.00603    -0.00649
         6    -0.00318     0.00786     0.00661    -0.00613
         7    -0.00251     0.00837     0.00731    -0.00569
         8    -0.00172     0.00897     0.00814    -0.00517
         9    -0.00081     0.00967     0.00910    -0.00458
        10     0.00022     0.01046     0.01019    -0.00390
        11     0.00136     0.01134     0.01140    -0.00315
        12     0.00263     0.01231     0.01274    -0.00232
        13     0.00402     0.01337     0.01420    -0.00142
        14     0.00553     0.01452     0.01579    -0.00044
        15     0.00715     0.01575     0.01751     0.00061
        16     0.00890     0.01707     0.01934     0.00173
        17     0.01076     0.01847     0.02131     0.00292
        18     0.01274     0.01996     0.02339     0.00418
        19     0.01484     0.02152     0.02560     0.00551
        20     0.01706     0.02317     0.02793     0.00691
        21     0.01939     0.02489     0.03038     0.00837
        22     0.02184     0.02669     0.03296     0.00990
        23     0.02441     0.02857     0.03565     0.01148
        24     0.02709     0.03052     0.03846     0.01313
        25     0.02988     0.03254     0.04139     0.01483
        26     0.03279     0.03463     0.04444     0.01660
        27     0.03581     0.03679     0.04760     0.01842
        28     0.03895     0.03901     0.05088     0.02029
        29     0.04220     0.04130     0.05427     0.02221
        30     0.04556     0.04365     0.05778     0.02419
        31     0.04903     0.04605     0.06140     0.02621
        32     0.05261     0.04852     0.06513     0.02828
        33     0.05630     0.05104     0.06897     0.03039
        34     0.06010     0.05361     0.07292     0.03255
        35     0.06401     0.05624     0.07697     0.03474
        36     0.06802     0.05891     0.08114     0.03698
        37     0.07214     0.06163     0.08541     0.03925
        38     0.07637     0.06440     0.08978     0.04156
        39     0.08069     0.06721     0.09426     0.04390
        40     0.08513     0.07006     0.09884     0.04627
        41     0.08966     0.07294     0.10352     0.04867
        42     0.09430     0.07586     0.10830     0.05110
        43     0.09904     0.07882     0.11318     0.05356
        44     0.10388     0.08181     0.11816     0.05604
        45     0.10881     0.08482     0.12323     0.05854
        46     0.11385     0.08786     0.12839     0.06106
        47     0.11897     0.09093     0.13365     0.06360
        48     0.12420     0.09402     0.13899     0.06616
        49     0.12952     0.09713     0.14443     0.06873
        50     0.13493     0.10025     0.14996     0.07132
        51     0.14043     0.10340     0.15557     0.07392
        52     0.14602     0.10655     0.16126     0.07653
        53     0.15171     0.10972     0.16704     0.07914
        54     0.15748     0.11290     0.17290     0.08177
        55     0.16333     0.11609     0.17885     0.08440
        56     0.16927     0.11928     0.18487     0.08704
        57     0.17530     0.12247     0.19096     0.08968
        58     0.18140     0.12567     0.19714     0.09232
        59     0.18759     0.12886     0.20338     0.09497
        60     0.19386     0.13206     0.20970     0.09761
        61     0.20020     0.13525     0.21609     0.10025
        62     0.20663     0.13843     0.22255     0.10289
        63     0.21312     0.14160     0.22908     0.10552
        64     0.21969     0.14477     0.23567     0.10815
        65     0.22633     0.14793     0.24233     0.11077
        66     0.23304     0.15107     0.24905     0.11338
        67     0.23982     0.15419     0.25583     0.11598
        68     0.24667     0.15731     0.26267     0.11858
        69     0.25358     0.16040     0.26956     0.12116
        70     0.26056     0.16347     0.27651     0.12373
        71     0.26759     0.16652     0.28351     0.12629
        72     0.27469     0.16956     0.29057     0.12884
        73     0.28185     0.17256     0.29768     0.13137
        74     0.28906     0.17554     0.30483     0.13388
        75     0.29633     0.17850     0.31202     0.13637
        76     0.30366     0.18142     0.31926     0.13884
        77     0.31104     0.18431     0.32654     0.14129
        78     0.31846     0.18717     0.33387     0.14372
        79     0.32594     0.19000     0.34123     0.14613
        80     0.33346     0.19279     0.34863     0.14851
        81     0.34102     0.19556     0.35606     0.15087
        82     0.34863     0.19828     0.36353     0.15319
        83     0.35627     0.20095     0.37103     0.15550
        84     0.36396     0.20358     0.37856     0.15778
        85     0.37168     0.20617     0.38612     0.16004
        86     0.37943     0.20872     0.39371     0.16227
        87     0.38722     0.21122     0.40132     0.16448
        88     0.39504     0.21368     0.40895     0.16666
        89     0.40288     0.21609     0.41660     0.16880
        90     0.41075     0.21846     0.42428     0.17092
        91     0.41865     0.22078     0.43197     0.17301
        92     0.42656     0.22305     0.43967     0.17507
        93     0.43450     0.22527     0.44739     0.17710
        94     0.44245     0.22745     0.45513     0.17910
        95     0.45042     0.22957     0.46287     0.18107
        96     0.45841     0.23164     0.47062     0.18301
        97     0.46640     0.23366     0.47838     0.18491
        98     0.47441     0.23563     0.48614     0.18679
        99     0.48242     0.23755     0.49390     0.18863
       100     0.49044     0.23942     0.50167     0.19044
       101     0.49846     0.24123     0.50943     0.19221
       102     0.50648     0.24299     0.51719     0.19396
       103     0.51450     0.24469     0.52494     0.19566
       104     0.52252     0.24635     0.53269     0.19734
       105     0.53053     0.24794     0.54043     0.19898
       106     0.53854     0.24948     0.54816     0.20058
       107     0.54654     0.25097     0.55588     0.20215
       108     0.55452     0.25240     0.56359     0.20369
       109     0.56249     0.25378     0.57128     0.20519
       110     0.57044     0.25511     0.57895     0.20666
       111     0.57838     0.25637     0.58661     0.20810
       112     0.58629     0.25759     0.59424     0.20950
       113     0.59419     0.25875     0.60185     0.21086
       114     0.60205     0.25986     0.60944     0.21219
       115     0.60989     0.26091     0.61700     0.21349
       116     0.61771     0.26191     0.62454     0.21476
       117     0.62549     0.26286     0.63204     0.21599
       118     0.63323     0.26375     0.63952     0.21718
       119     0.64094     0.26460     0.64696     0.21835
       120     0.64862     0.26539     0.65437     0.21948
       121     0.65626     0.26614     0.66174     0.22057
       122     0.66385     0.26683     0.66907     0.22164
       123     0.67140     0.26748     0.67637     0.22267
       124     0.67891     0.26807     0.68362     0.22367
       125     0.68637     0.26862     0.69083     0.22464
       126     0.69378     0.26913     0.69799     0.22558
       127     0.70113     0.26958     0.70511     0.22649
       128     0.70844     0.27000     0.71218     0.22737
       129     0.71569     0.27037     0.71920     0.22821
       130     0.72288     0.27069     0.72617     0.22903
       131     0.73002     0.27098     0.73308     0.22982
       132     0.73709     0.27122     0.73994     0.23058
       133     0.74411     0.27142     0.74675     0.23131
       134     0.75105     0.27159     0.75349     0.23201
       135     0.75794     0.27171     0.76018     0.23269
       136     0.76475     0.27180     0.76680     0.23333
       137     0.77150     0.27186     0.77336     0.23396
       138     0.77817     0.27188     0.77985     0.23455
       139     0.78477     0.27186     0.78628     0.23512
       140     0.79130     0.27182     0.79264     0.23567
       141     0.79775     0.27174     0.79894     0.23619
       142     0.80413     0.27163     0.80516     0.23668
       143     0.81042     0.27149     0.81130     0.23715
       144     0.81664     0.27133     0.81737     0.23760
       145     0.82277     0.27114     0.82337     0.23803
       146     0.82882     0.27093     0.82929     0.23844
       147     0.83478     0.27069     0.83513     0.23882
       148     0.84066     0.27043     0.84089     0.23918
       149     0.84645     0.27014     0.84657     0.23953
       150     0.85215     0.26984     0.85216     0.23985
       151     0.85775     0.26953     0.85767     0.24015
       152     0.86327     0.26919     0.86310     0.24043
       153     0.86869     0.26883     0.86843     0.24070
       154     0.87402     0.26846     0.87368     0.24096
       155     0.87926     0.26808     0.87884     0.24119
       156     0.88439     0.26768     0.88390     0.24141
       157     0.88943     0.26727     0.88887     0.24161
       158     0.89437     0.26685     0.89375     0.24180
       159     0.89920     0.26642     0.89853     0.24198
       160     0.90394     0.26599     0.90322     0.24214
       161     0.90857     0.26555     0.90780     0.24229
       162     0.91310     0.26510     0.91229     0.24242
       163     0.91752     0.26465     0.91668     0.24255
       164     0.92184     0.26419     0.92096     0.24266
       165     0.92605     0.26373     0.92514     0.24276
       166     0.93015     0.26327     0.92922     0.24286
       167     0.93415     0.26282     0.93319     0.24294
       168     0.93803     0.26236     0.93705     0.24301
       169     0.94180     0.26191     0.94081     0.24308
       170     0.94546     0.26145     0.94446     0.24313
       171     0.94901     0.26101     0.94800     0.24318
       172     0.95245     0.26057     0.95143     0.24322
       173     0.95577     0.26013     0.95475     0.24326
       174     0.95898     0.25970     0.95795     0.24329
       175     0.96208     0.25928     0.96104     0.24332
       176     0.96505     0.25887     0.96402     0.24334
       177     0.96791     0.25847     0.96688     0.24335
       178     0.97066     0.25808     0.96963     0.24336
       179     0.97328     0.25770     0.97226     0.24337
       180     0.97579     0.25734     0.97477     0.24337
       181     0.97818     0.25699     0.97717     0.24338
       182     0.98045     0.25665     0.97944     0.24337
       183     0.98260     0.25632     0.98160     0.24337
       184     0.98462     0.25601     0.98364     0.24337
       185     0.98653     0.25572     0.98555     0.24336
       186     0.98832     0.25544     0.98735     0.24335
       187     0.98999     0.25518     0.98902     0.24334
       188     0.99153     0.25493     0.99058     0.24334
       189     0.99295     0.25471     0.99200     0.24333
       190     0.99425     0.25450     0.99331     0.24332
       191     0.99542     0.25431     0.99449     0.24331
       192     0.99648     0.25414     0.99555     0.24330
       193     0.99741     0.25399     0.99649     0.24329
       194     0.99821     0.25386     0.99730     0.24329
       195     0.99889     0.25375     0.99799     0.24328
       196     0.99945     0.25366     0.99855     0.24327
       197     0.99989     0.25358     0.99899     0.24327
       198     1.00020     0.25353     0.99930     0.24327
       199     1.00038     0.25350     0.99949     0.24327
       200     1.00044     0.25349     0.99955     0.24326
  COORDINATES GOING ROUND THE BLADE AFTER ANY ROTATION
     N        XSURF        YSURF 
         1    -0.00008     0.00011
         2    -0.00025     0.00049
         3    -0.00053     0.00128
         4    -0.00067     0.00215
         5    -0.00068     0.00310
         6    -0.00056     0.00411
         7    -0.00029     0.00519
         8     0.00013     0.00633
         9     0.00069     0.00752
        10     0.00140     0.00876
        11     0.00227     0.01004
        12     0.00329     0.01136
        13     0.00447     0.01272
        14     0.00581     0.01411
        15     0.00731     0.01552
        16     0.00897     0.01696
        17     0.01078     0.01844
        18     0.01275     0.01995
        19     0.01484     0.02152
        20     0.01706     0.02317
        21     0.01939     0.02489
        22     0.02184     0.02669
        23     0.02441     0.02857
        24     0.02709     0.03052
        25     0.02988     0.03254
        26     0.03279     0.03463
        27     0.03581     0.03679
        28     0.03895     0.03901
        29     0.04220     0.04130
        30     0.04556     0.04365
        31     0.04903     0.04605
        32     0.05261     0.04852
        33     0.05630     0.05104
        34     0.06010     0.05361
        35     0.06401     0.05624
        36     0.06802     0.05891
        37     0.07214     0.06163
        38     0.07637     0.06440
        39     0.08069     0.06721
        40     0.08513     0.07006
        41     0.08966     0.07294
        42     0.09430     0.07586
        43     0.09904     0.07882
        44     0.10388     0.08181
        45     0.10881     0.08482
        46     0.11385     0.08786
        47     0.11897     0.09093
        48     0.12420     0.09402
        49     0.12952     0.09713
        50     0.13493     0.10025
        51     0.14043     0.10340
        52     0.14602     0.10655
        53     0.15171     0.10972
        54     0.15748     0.11290
        55     0.16333     0.11609
        56     0.16927     0.11928
        57     0.17530     0.12247
        58     0.18140     0.12567
        59     0.18759     0.12886
        60     0.19386     0.13206
        61     0.20020     0.13525
        62     0.20663     0.13843
        63     0.21312     0.14160
        64     0.21969     0.14477
        65     0.22633     0.14793
        66     0.23304     0.15107
        67     0.23982     0.15419
        68     0.24667     0.15731
        69     0.25358     0.16040
        70     0.26056     0.16347
        71     0.26759     0.16652
        72     0.27469     0.16956
        73     0.28185     0.17256
        74     0.28906     0.17554
        75     0.29633     0.17850
        76     0.30366     0.18142
        77     0.31104     0.18431
        78     0.31846     0.18717
        79     0.32594     0.19000
        80     0.33346     0.19279
        81     0.34102     0.19556
        82     0.34863     0.19828
        83     0.35627     0.20095
        84     0.36396     0.20358
        85     0.37168     0.20617
        86     0.37943     0.20872
        87     0.38722     0.21122
        88     0.39504     0.21368
        89     0.40288     0.21609
        90     0.41075     0.21846
        91     0.41865     0.22078
        92     0.42656     0.22305
        93     0.43450     0.22527
        94     0.44245     0.22745
        95     0.45042     0.22957
        96     0.45841     0.23164
        97     0.46640     0.23366
        98     0.47441     0.23563
        99     0.48242     0.23755
       100     0.49044     0.23942
       101     0.49846     0.24123
       102     0.50648     0.24299
       103     0.51450     0.24469
       104     0.52252     0.24635
       105     0.53053     0.24794
       106     0.53854     0.24948
       107     0.54654     0.25097
       108     0.55452     0.25240
       109     0.56249     0.25378
       110     0.57044     0.25511
       111     0.57838     0.25637
       112     0.58629     0.25759
       113     0.59419     0.25875
       114     0.60205     0.25986
       115     0.60989     0.26091
       116     0.61771     0.26191
       117     0.62549     0.26286
       118     0.63323     0.26375
       119     0.64094     0.26460
       120     0.64862     0.26539
       121     0.65626     0.26614
       122     0.66385     0.26683
       123     0.67140     0.26748
       124     0.67891     0.26807
       125     0.68637     0.26862
       126     0.69378     0.26913
       127     0.70113     0.26958
       128     0.70844     0.27000
       129     0.71569     0.27037
       130     0.72288     0.27069
       131     0.73002     0.27098
       132     0.73709     0.27122
       133     0.74411     0.27142
       134     0.75105     0.27159
       135     0.75794     0.27171
       136     0.76475     0.27180
       137     0.77150     0.27186
       138     0.77817     0.27188
       139     0.78477     0.27186
       140     0.79130     0.27182
       141     0.79775     0.27174
       142     0.80413     0.27163
       143     0.81042     0.27149
       144     0.81664     0.27133
       145     0.82277     0.27114
       146     0.82882     0.27093
       147     0.83478     0.27069
       148     0.84066     0.27043
       149     0.84645     0.27014
       150     0.85215     0.26984
       151     0.85775     0.26953
       152     0.86327     0.26919
       153     0.86869     0.26883
       154     0.87402     0.26846
       155     0.87926     0.26808
       156     0.88439     0.26768
       157     0.88943     0.26727
       158     0.89437     0.26685
       159     0.89920     0.26642
       160     0.90394     0.26599
       161     0.90857     0.26555
       162     0.91310     0.26510
       163     0.91752     0.26465
       164     0.92184     0.26419
       165     0.92605     0.26373
       166     0.93015     0.26327
       167     0.93415     0.26282
       168     0.93803     0.26236
       169     0.94180     0.26191
       170     0.94546     0.26145
       171     0.94901     0.26101
       172     0.95245     0.26057
       173     0.95577     0.26013
       174     0.95898     0.25970
       175     0.96208     0.25928
       176     0.96505     0.25887
       177     0.96791     0.25847
       178     0.97066     0.25808
       179     0.97328     0.25770
       180     0.97579     0.25734
       181     0.97818     0.25699
       182     0.98045     0.25665
       183     0.98260     0.25632
       184     0.98462     0.25601
       185     0.98653     0.25572
       186     0.98832     0.25544
       187     0.98999     0.25518
       188     0.99153     0.25490
       189     0.99293     0.25453
       190     0.99421     0.25409
       191     0.99536     0.25359
       192     0.99638     0.25305
       193     0.99728     0.25249
       194     0.99804     0.25191
       195     0.99868     0.25132
       196     0.99920     0.25072
       197     0.99958     0.25013
       198     0.99985     0.24954
       199     0.99998     0.24895
       200     1.00002     0.24866
       201     0.99997     0.24809
       202     0.99988     0.24781
       203     0.99965     0.24726
       204     0.99929     0.24672
       205     0.99880     0.24621
       206     0.99820     0.24571
       207     0.99747     0.24524
       208     0.99662     0.24480
       209     0.99565     0.24439
       210     0.99456     0.24403
       211     0.99335     0.24373
       212     0.99202     0.24350
       213     0.99058     0.24337
       214     0.98902     0.24334
       215     0.98735     0.24335
       216     0.98555     0.24336
       217     0.98364     0.24337
       218     0.98160     0.24337
       219     0.97944     0.24337
       220     0.97717     0.24338
       221     0.97477     0.24337
       222     0.97226     0.24337
       223     0.96963     0.24336
       224     0.96688     0.24335
       225     0.96402     0.24334
       226     0.96104     0.24332
       227     0.95795     0.24329
       228     0.95475     0.24326
       229     0.95143     0.24322
       230     0.94800     0.24318
       231     0.94446     0.24313
       232     0.94081     0.24308
       233     0.93705     0.24301
       234     0.93319     0.24294
       235     0.92922     0.24286
       236     0.92514     0.24276
       237     0.92096     0.24266
       238     0.91668     0.24255
       239     0.91229     0.24242
       240     0.90780     0.24229
       241     0.90322     0.24214
       242     0.89853     0.24198
       243     0.89375     0.24180
       244     0.88887     0.24161
       245     0.88390     0.24141
       246     0.87884     0.24119
       247     0.87368     0.24096
       248     0.86843     0.24070
       249     0.86310     0.24043
       250     0.85767     0.24015
       251     0.85216     0.23985
       252     0.84657     0.23953
       253     0.84089     0.23918
       254     0.83513     0.23882
       255     0.82929     0.23844
       256     0.82337     0.23803
       257     0.81737     0.23760
       258     0.81130     0.23715
       259     0.80516     0.23668
       260     0.79894     0.23619
       261     0.79264     0.23567
       262     0.78628     0.23512
       263     0.77985     0.23455
       264     0.77336     0.23396
       265     0.76680     0.23333
       266     0.76018     0.23269
       267     0.75349     0.23201
       268     0.74675     0.23131
       269     0.73994     0.23058
       270     0.73308     0.22982
       271     0.72617     0.22903
       272     0.71920     0.22821
       273     0.71218     0.22737
       274     0.70511     0.22649
       275     0.69799     0.22558
       276     0.69083     0.22464
       277     0.68362     0.22367
       278     0.67637     0.22267
       279     0.66907     0.22164
       280     0.66174     0.22057
       281     0.65437     0.21948
       282     0.64696     0.21835
       283     0.63952     0.21718
       284     0.63204     0.21599
       285     0.62454     0.21476
       286     0.61700     0.21349
       287     0.60944     0.21219
       288     0.60185     0.21086
       289     0.59424     0.20950
       290     0.58661     0.20810
       291     0.57895     0.20666
       292     0.57128     0.20519
       293     0.56359     0.20369
       294     0.55588     0.20215
       295     0.54816     0.20058
       296     0.54043     0.19898
       297     0.53269     0.19734
       298     0.52494     0.19566
       299     0.51719     0.19396
       300     0.50943     0.19221
       301     0.50167     0.19044
       302     0.49390     0.18863
       303     0.48614     0.18679
       304     0.47838     0.18491
       305     0.47062     0.18301
       306     0.46287     0.18107
       307     0.45513     0.17910
       308     0.44739     0.17710
       309     0.43967     0.17507
       310     0.43197     0.17301
       311     0.42428     0.17092
       312     0.41660     0.16880
       313     0.40895     0.16666
       314     0.40132     0.16448
       315     0.39371     0.16227
       316     0.38612     0.16004
       317     0.37856     0.15778
       318     0.37103     0.15550
       319     0.36353     0.15319
       320     0.35606     0.15087
       321     0.34863     0.14851
       322     0.34123     0.14613
       323     0.33387     0.14372
       324     0.32654     0.14129
       325     0.31926     0.13884
       326     0.31202     0.13637
       327     0.30483     0.13388
       328     0.29768     0.13137
       329     0.29057     0.12884
       330     0.28351     0.12629
       331     0.27651     0.12373
       332     0.26956     0.12116
       333     0.26267     0.11858
       334     0.25583     0.11598
       335     0.24905     0.11338
       336     0.24233     0.11077
       337     0.23567     0.10815
       338     0.22908     0.10552
       339     0.22255     0.10289
       340     0.21609     0.10025
       341     0.20970     0.09761
       342     0.20338     0.09497
       343     0.19714     0.09232
       344     0.19096     0.08968
       345     0.18487     0.08704
       346     0.17885     0.08440
       347     0.17290     0.08177
       348     0.16704     0.07914
       349     0.16126     0.07653
       350     0.15557     0.07392
       351     0.14996     0.07132
       352     0.14443     0.06873
       353     0.13899     0.06616
       354     0.13365     0.06360
       355     0.12839     0.06106
       356     0.12323     0.05854
       357     0.11816     0.05604
       358     0.11318     0.05356
       359     0.10830     0.05110
       360     0.10352     0.04867
       361     0.09884     0.04627
       362     0.09426     0.04390
       363     0.08978     0.04156
       364     0.08541     0.03925
       365     0.08114     0.03698
       366     0.07697     0.03474
       367     0.07292     0.03255
       368     0.06897     0.03039
       369     0.06513     0.02828
       370     0.06140     0.02621
       371     0.05778     0.02419
       372     0.05427     0.02221
       373     0.05088     0.02029
       374     0.04760     0.01842
       375     0.04444     0.01660
       376     0.04139     0.01483
       377     0.03846     0.01313
       378     0.03565     0.01148
       379     0.03296     0.00990
       380     0.03038     0.00837
       381     0.02793     0.00691
       382     0.02560     0.00551
       383     0.02339     0.00419
       384     0.02128     0.00296
       385     0.01927     0.00184
       386     0.01735     0.00084
       387     0.01551    -0.00003
       388     0.01375    -0.00076
       389     0.01208    -0.00137
       390     0.01050    -0.00185
       391     0.00900    -0.00220
       392     0.00760    -0.00242
       393     0.00630    -0.00252
       394     0.00509    -0.00251
       395     0.00399    -0.00239
       396     0.00299    -0.00215
       397     0.00211    -0.00182
       398     0.00134    -0.00138
       399     0.00069    -0.00085
       400     0.00039    -0.00056
  LEADING EDGE POINT =            5  TE POINT =         200

  NO OF SUCT S POINTS         196  NO PRESS S POINTS         206
  XMIN,XMAX, XCHORD    -6.83321443E-04   1.00002205       1.00070536    

   SUCTION SURFACE POINTS FROM LE TO TE.
         1    -0.00068     0.00310
         2    -0.00056     0.00411
         3    -0.00029     0.00519
         4     0.00013     0.00633
         5     0.00069     0.00752
         6     0.00140     0.00876
         7     0.00227     0.01004
         8     0.00329     0.01136
         9     0.00447     0.01272
        10     0.00581     0.01411
        11     0.00731     0.01552
        12     0.00897     0.01696
        13     0.01078     0.01844
        14     0.01275     0.01995
        15     0.01484     0.02152
        16     0.01706     0.02317
        17     0.01939     0.02489
        18     0.02184     0.02669
        19     0.02441     0.02857
        20     0.02709     0.03052
        21     0.02988     0.03254
        22     0.03279     0.03463
        23     0.03581     0.03679
        24     0.03895     0.03901
        25     0.04220     0.04130
        26     0.04556     0.04365
        27     0.04903     0.04605
        28     0.05261     0.04852
        29     0.05630     0.05104
        30     0.06010     0.05361
        31     0.06401     0.05624
        32     0.06802     0.05891
        33     0.07214     0.06163
        34     0.07637     0.06440
        35     0.08069     0.06721
        36     0.08513     0.07006
        37     0.08966     0.07294
        38     0.09430     0.07586
        39     0.09904     0.07882
        40     0.10388     0.08181
        41     0.10881     0.08482
        42     0.11385     0.08786
        43     0.11897     0.09093
        44     0.12420     0.09402
        45     0.12952     0.09713
        46     0.13493     0.10025
        47     0.14043     0.10340
        48     0.14602     0.10655
        49     0.15171     0.10972
        50     0.15748     0.11290
        51     0.16333     0.11609
        52     0.16927     0.11928
        53     0.17530     0.12247
        54     0.18140     0.12567
        55     0.18759     0.12886
        56     0.19386     0.13206
        57     0.20020     0.13525
        58     0.20663     0.13843
        59     0.21312     0.14160
        60     0.21969     0.14477
        61     0.22633     0.14793
        62     0.23304     0.15107
        63     0.23982     0.15419
        64     0.24667     0.15731
        65     0.25358     0.16040
        66     0.26056     0.16347
        67     0.26759     0.16652
        68     0.27469     0.16956
        69     0.28185     0.17256
        70     0.28906     0.17554
        71     0.29633     0.17850
        72     0.30366     0.18142
        73     0.31104     0.18431
        74     0.31846     0.18717
        75     0.32594     0.19000
        76     0.33346     0.19279
        77     0.34102     0.19556
        78     0.34863     0.19828
        79     0.35627     0.20095
        80     0.36396     0.20358
        81     0.37168     0.20617
        82     0.37943     0.20872
        83     0.38722     0.21122
        84     0.39504     0.21368
        85     0.40288     0.21609
        86     0.41075     0.21846
        87     0.41865     0.22078
        88     0.42656     0.22305
        89     0.43450     0.22527
        90     0.44245     0.22745
        91     0.45042     0.22957
        92     0.45841     0.23164
        93     0.46640     0.23366
        94     0.47441     0.23563
        95     0.48242     0.23755
        96     0.49044     0.23942
        97     0.49846     0.24123
        98     0.50648     0.24299
        99     0.51450     0.24469
       100     0.52252     0.24635
       101     0.53053     0.24794
       102     0.53854     0.24948
       103     0.54654     0.25097
       104     0.55452     0.25240
       105     0.56249     0.25378
       106     0.57044     0.25511
       107     0.57838     0.25637
       108     0.58629     0.25759
       109     0.59419     0.25875
       110     0.60205     0.25986
       111     0.60989     0.26091
       112     0.61771     0.26191
       113     0.62549     0.26286
       114     0.63323     0.26375
       115     0.64094     0.26460
       116     0.64862     0.26539
       117     0.65626     0.26614
       118     0.66385     0.26683
       119     0.67140     0.26748
       120     0.67891     0.26807
       121     0.68637     0.26862
       122     0.69378     0.26913
       123     0.70113     0.26958
       124     0.70844     0.27000
       125     0.71569     0.27037
       126     0.72288     0.27069
       127     0.73002     0.27098
       128     0.73709     0.27122
       129     0.74411     0.27142
       130     0.75105     0.27159
       131     0.75794     0.27171
       132     0.76475     0.27180
       133     0.77150     0.27186
       134     0.77817     0.27188
       135     0.78477     0.27186
       136     0.79130     0.27182
       137     0.79775     0.27174
       138     0.80413     0.27163
       139     0.81042     0.27149
       140     0.81664     0.27133
       141     0.82277     0.27114
       142     0.82882     0.27093
       143     0.83478     0.27069
       144     0.84066     0.27043
       145     0.84645     0.27014
       146     0.85215     0.26984
       147     0.85775     0.26953
       148     0.86327     0.26919
       149     0.86869     0.26883
       150     0.87402     0.26846
       151     0.87926     0.26808
       152     0.88439     0.26768
       153     0.88943     0.26727
       154     0.89437     0.26685
       155     0.89920     0.26642
       156     0.90394     0.26599
       157     0.90857     0.26555
       158     0.91310     0.26510
       159     0.91752     0.26465
       160     0.92184     0.26419
       161     0.92605     0.26373
       162     0.93015     0.26327
       163     0.93415     0.26282
       164     0.93803     0.26236
       165     0.94180     0.26191
       166     0.94546     0.26145
       167     0.94901     0.26101
       168     0.95245     0.26057
       169     0.95577     0.26013
       170     0.95898     0.25970
       171     0.96208     0.25928
       172     0.96505     0.25887
       173     0.96791     0.25847
       174     0.97066     0.25808
       175     0.97328     0.25770
       176     0.97579     0.25734
       177     0.97818     0.25699
       178     0.98045     0.25665
       179     0.98260     0.25632
       180     0.98462     0.25601
       181     0.98653     0.25572
       182     0.98832     0.25544
       183     0.98999     0.25518
       184     0.99153     0.25490
       185     0.99293     0.25453
       186     0.99421     0.25409
       187     0.99536     0.25359
       188     0.99638     0.25305
       189     0.99728     0.25249
       190     0.99804     0.25191
       191     0.99868     0.25132
       192     0.99920     0.25072
       193     0.99958     0.25013
       194     0.99985     0.24954
       195     0.99998     0.24895
       196     1.00002     0.24866

   PRESSURE SURFACE POINTS FROM LE TO TE.
         1    -0.00068     0.00310
         2    -0.00067     0.00215
         3    -0.00053     0.00128
         4    -0.00025     0.00049
         5    -0.00008     0.00011
         6     0.00039    -0.00056
         7     0.00069    -0.00085
         8     0.00134    -0.00138
         9     0.00211    -0.00182
        10     0.00299    -0.00215
        11     0.00399    -0.00239
        12     0.00509    -0.00251
        13     0.00630    -0.00252
        14     0.00760    -0.00242
        15     0.00900    -0.00220
        16     0.01050    -0.00185
        17     0.01208    -0.00137
        18     0.01375    -0.00076
        19     0.01551    -0.00003
        20     0.01735     0.00084
        21     0.01927     0.00184
        22     0.02128     0.00296
        23     0.02339     0.00419
        24     0.02560     0.00551
        25     0.02793     0.00691
        26     0.03038     0.00837
        27     0.03296     0.00990
        28     0.03565     0.01148
        29     0.03846     0.01313
        30     0.04139     0.01483
        31     0.04444     0.01660
        32     0.04760     0.01842
        33     0.05088     0.02029
        34     0.05427     0.02221
        35     0.05778     0.02419
        36     0.06140     0.02621
        37     0.06513     0.02828
        38     0.06897     0.03039
        39     0.07292     0.03255
        40     0.07697     0.03474
        41     0.08114     0.03698
        42     0.08541     0.03925
        43     0.08978     0.04156
        44     0.09426     0.04390
        45     0.09884     0.04627
        46     0.10352     0.04867
        47     0.10830     0.05110
        48     0.11318     0.05356
        49     0.11816     0.05604
        50     0.12323     0.05854
        51     0.12839     0.06106
        52     0.13365     0.06360
        53     0.13899     0.06616
        54     0.14443     0.06873
        55     0.14996     0.07132
        56     0.15557     0.07392
        57     0.16126     0.07653
        58     0.16704     0.07914
        59     0.17290     0.08177
        60     0.17885     0.08440
        61     0.18487     0.08704
        62     0.19096     0.08968
        63     0.19714     0.09232
        64     0.20338     0.09497
        65     0.20970     0.09761
        66     0.21609     0.10025
        67     0.22255     0.10289
        68     0.22908     0.10552
        69     0.23567     0.10815
        70     0.24233     0.11077
        71     0.24905     0.11338
        72     0.25583     0.11598
        73     0.26267     0.11858
        74     0.26956     0.12116
        75     0.27651     0.12373
        76     0.28351     0.12629
        77     0.29057     0.12884
        78     0.29768     0.13137
        79     0.30483     0.13388
        80     0.31202     0.13637
        81     0.31926     0.13884
        82     0.32654     0.14129
        83     0.33387     0.14372
        84     0.34123     0.14613
        85     0.34863     0.14851
        86     0.35606     0.15087
        87     0.36353     0.15319
        88     0.37103     0.15550
        89     0.37856     0.15778
        90     0.38612     0.16004
        91     0.39371     0.16227
        92     0.40132     0.16448
        93     0.40895     0.16666
        94     0.41660     0.16880
        95     0.42428     0.17092
        96     0.43197     0.17301
        97     0.43967     0.17507
        98     0.44739     0.17710
        99     0.45513     0.17910
       100     0.46287     0.18107
       101     0.47062     0.18301
       102     0.47838     0.18491
       103     0.48614     0.18679
       104     0.49390     0.18863
       105     0.50167     0.19044
       106     0.50943     0.19221
       107     0.51719     0.19396
       108     0.52494     0.19566
       109     0.53269     0.19734
       110     0.54043     0.19898
       111     0.54816     0.20058
       112     0.55588     0.20215
       113     0.56359     0.20369
       114     0.57128     0.20519
       115     0.57895     0.20666
       116     0.58661     0.20810
       117     0.59424     0.20950
       118     0.60185     0.21086
       119     0.60944     0.21219
       120     0.61700     0.21349
       121     0.62454     0.21476
       122     0.63204     0.21599
       123     0.63952     0.21718
       124     0.64696     0.21835
       125     0.65437     0.21948
       126     0.66174     0.22057
       127     0.66907     0.22164
       128     0.67637     0.22267
       129     0.68362     0.22367
       130     0.69083     0.22464
       131     0.69799     0.22558
       132     0.70511     0.22649
       133     0.71218     0.22737
       134     0.71920     0.22821
       135     0.72617     0.22903
       136     0.73308     0.22982
       137     0.73994     0.23058
       138     0.74675     0.23131
       139     0.75349     0.23201
       140     0.76018     0.23269
       141     0.76680     0.23333
       142     0.77336     0.23396
       143     0.77985     0.23455
       144     0.78628     0.23512
       145     0.79264     0.23567
       146     0.79894     0.23619
       147     0.80516     0.23668
       148     0.81130     0.23715
       149     0.81737     0.23760
       150     0.82337     0.23803
       151     0.82929     0.23844
       152     0.83513     0.23882
       153     0.84089     0.23918
       154     0.84657     0.23953
       155     0.85216     0.23985
       156     0.85767     0.24015
       157     0.86310     0.24043
       158     0.86843     0.24070
       159     0.87368     0.24096
       160     0.87884     0.24119
       161     0.88390     0.24141
       162     0.88887     0.24161
       163     0.89375     0.24180
       164     0.89853     0.24198
       165     0.90322     0.24214
       166     0.90780     0.24229
       167     0.91229     0.24242
       168     0.91668     0.24255
       169     0.92096     0.24266
       170     0.92514     0.24276
       171     0.92922     0.24286
       172     0.93319     0.24294
       173     0.93705     0.24301
       174     0.94081     0.24308
       175     0.94446     0.24313
       176     0.94800     0.24318
       177     0.95143     0.24322
       178     0.95475     0.24326
       179     0.95795     0.24329
       180     0.96104     0.24332
       181     0.96402     0.24334
       182     0.96688     0.24335
       183     0.96963     0.24336
       184     0.97226     0.24337
       185     0.97477     0.24337
       186     0.97717     0.24338
       187     0.97944     0.24337
       188     0.98160     0.24337
       189     0.98364     0.24337
       190     0.98555     0.24336
       191     0.98735     0.24335
       192     0.98902     0.24334
       193     0.99058     0.24337
       194     0.99202     0.24350
       195     0.99335     0.24373
       196     0.99456     0.24403
       197     0.99565     0.24439
       198     0.99662     0.24480
       199     0.99747     0.24524
       200     0.99820     0.24571
       201     0.99880     0.24621
       202     0.99929     0.24672
       203     0.99965     0.24726
       204     0.99988     0.24781
       205     0.99997     0.24809
       206     1.00002     0.24866
  POINTS ON THE BLADE TO BE USED FOR PLOTTING 
  AND FINAL INTERPOLATION 
  N           X          YUP        YLOW        THICK 
    1      0.0000      0.0031      0.0031      0.0000
    2      0.0001      0.0036      0.0018      0.0017
    3      0.0002      0.0046      0.0010      0.0036
    4      0.0006      0.0056      0.0002      0.0054
    5      0.0010      0.0067     -0.0004      0.0072
    6      0.0016      0.0078     -0.0010      0.0088
    7      0.0022      0.0090     -0.0015      0.0105
    8      0.0030      0.0102     -0.0019      0.0121
    9      0.0040      0.0114     -0.0022      0.0136
   10      0.0050      0.0126     -0.0024      0.0150
   11      0.0062      0.0138     -0.0025      0.0163
   12      0.0075      0.0151     -0.0025      0.0175
   13      0.0089      0.0163     -0.0023      0.0187
   14      0.0105      0.0176     -0.0020      0.0196
   15      0.0122      0.0190     -0.0015      0.0205
   16      0.0140      0.0203     -0.0009      0.0213
   17      0.0159      0.0218     -0.0002      0.0219
   18      0.0179      0.0233      0.0008      0.0225
   19      0.0201      0.0249      0.0019      0.0230
   20      0.0223      0.0265      0.0032      0.0234
   21      0.0247      0.0283      0.0046      0.0237
   22      0.0272      0.0301      0.0061      0.0240
   23      0.0299      0.0320      0.0077      0.0244
   24      0.0326      0.0340      0.0093      0.0247
   25      0.0355      0.0360      0.0110      0.0251
   26      0.0384      0.0382      0.0127      0.0254
   27      0.0415      0.0403      0.0145      0.0258
   28      0.0447      0.0426      0.0164      0.0262
   29      0.0481      0.0449      0.0183      0.0266
   30      0.0515      0.0473      0.0203      0.0270
   31      0.0550      0.0497      0.0223      0.0274
   32      0.0587      0.0522      0.0243      0.0279
   33      0.0625      0.0547      0.0264      0.0283
   34      0.0663      0.0573      0.0286      0.0288
   35      0.0703      0.0600      0.0308      0.0292
   36      0.0744      0.0627      0.0330      0.0297
   37      0.0786      0.0654      0.0353      0.0301
   38      0.0829      0.0682      0.0376      0.0306
   39      0.0873      0.0710      0.0399      0.0311
   40      0.0918      0.0739      0.0423      0.0316
   41      0.0964      0.0767      0.0447      0.0321
   42      0.1011      0.0797      0.0471      0.0326
   43      0.1059      0.0826      0.0496      0.0331
   44      0.1108      0.0856      0.0520      0.0336
   45      0.1159      0.0886      0.0546      0.0341
   46      0.1210      0.0917      0.0571      0.0346
   47      0.1261      0.0947      0.0596      0.0351
   48      0.1314      0.0978      0.0622      0.0356
   49      0.1368      0.1009      0.0648      0.0361
   50      0.1423      0.1040      0.0674      0.0366
   51      0.1478      0.1072      0.0700      0.0372
   52      0.1535      0.1103      0.0726      0.0377
   53      0.1592      0.1135      0.0753      0.0382
   54      0.1650      0.1166      0.0779      0.0387
   55      0.1709      0.1198      0.0806      0.0392
   56      0.1769      0.1229      0.0832      0.0397
   57      0.1830      0.1261      0.0859      0.0402
   58      0.1891      0.1293      0.0886      0.0407
   59      0.1954      0.1324      0.0913      0.0412
   60      0.2017      0.1356      0.0939      0.0417
   61      0.2080      0.1388      0.0966      0.0421
   62      0.2145      0.1419      0.0993      0.0426
   63      0.2210      0.1450      0.1020      0.0431
   64      0.2276      0.1482      0.1046      0.0435
   65      0.2342      0.1513      0.1073      0.0440
   66      0.2409      0.1544      0.1099      0.0444
   67      0.2477      0.1574      0.1126      0.0449
   68      0.2546      0.1605      0.1152      0.0453
   69      0.2615      0.1635      0.1179      0.0457
   70      0.2684      0.1666      0.1205      0.0461
   71      0.2755      0.1696      0.1231      0.0465
   72      0.2826      0.1725      0.1257      0.0469
   73      0.2897      0.1755      0.1283      0.0472
   74      0.2969      0.1784      0.1308      0.0476
   75      0.3041      0.1813      0.1334      0.0479
   76      0.3114      0.1841      0.1359      0.0482
   77      0.3187      0.1870      0.1384      0.0486
   78      0.3261      0.1898      0.1409      0.0489
   79      0.3335      0.1925      0.1434      0.0492
   80      0.3410      0.1953      0.1458      0.0495
   81      0.3485      0.1979      0.1482      0.0497
   82      0.3560      0.2006      0.1506      0.0500
   83      0.3636      0.2032      0.1530      0.0502
   84      0.3712      0.2057      0.1553      0.0504
   85      0.3789      0.2083      0.1576      0.0506
   86      0.3865      0.2107      0.1599      0.0508
   87      0.3942      0.2132      0.1622      0.0510
   88      0.4020      0.2155      0.1644      0.0511
   89      0.4097      0.2179      0.1666      0.0512
   90      0.4175      0.2202      0.1688      0.0513
   91      0.4253      0.2224      0.1710      0.0514
   92      0.4331      0.2246      0.1731      0.0515
   93      0.4409      0.2268      0.1752      0.0516
   94      0.4488      0.2289      0.1772      0.0516
   95      0.4566      0.2309      0.1793      0.0517
   96      0.4645      0.2329      0.1813      0.0517
   97      0.4724      0.2349      0.1832      0.0517
   98      0.4803      0.2368      0.1852      0.0516
   99      0.4882      0.2386      0.1871      0.0516
  100      0.4961      0.2404      0.1889      0.0515
  101      0.5039      0.2422      0.1907      0.0514
  102      0.5118      0.2439      0.1925      0.0513
  103      0.5197      0.2455      0.1943      0.0512
  104      0.5276      0.2471      0.1960      0.0511
  105      0.5355      0.2487      0.1977      0.0509
  106      0.5434      0.2501      0.1994      0.0508
  107      0.5512      0.2516      0.2010      0.0506
  108      0.5591      0.2530      0.2026      0.0504
  109      0.5669      0.2543      0.2041      0.0501
  110      0.5747      0.2556      0.2057      0.0499
  111      0.5825      0.2568      0.2071      0.0497
  112      0.5903      0.2580      0.2086      0.0494
  113      0.5980      0.2591      0.2100      0.0491
  114      0.6058      0.2601      0.2114      0.0488
  115      0.6135      0.2611      0.2127      0.0485
  116      0.6211      0.2621      0.2140      0.0481
  117      0.6288      0.2630      0.2153      0.0478
  118      0.6364      0.2639      0.2165      0.0474
  119      0.6440      0.2647      0.2177      0.0470
  120      0.6515      0.2655      0.2189      0.0466
  121      0.6590      0.2662      0.2200      0.0462
  122      0.6665      0.2668      0.2211      0.0458
  123      0.6739      0.2675      0.2221      0.0453
  124      0.6813      0.2680      0.2232      0.0449
  125      0.6886      0.2686      0.2242      0.0444
  126      0.6959      0.2691      0.2251      0.0439
  127      0.7031      0.2695      0.2261      0.0434
  128      0.7103      0.2699      0.2270      0.0429
  129      0.7174      0.2702      0.2278      0.0424
  130      0.7245      0.2706      0.2287      0.0419
  131      0.7316      0.2708      0.2295      0.0414
  132      0.7385      0.2711      0.2302      0.0408
  133      0.7454      0.2713      0.2310      0.0403
  134      0.7523      0.2714      0.2317      0.0397
  135      0.7591      0.2715      0.2324      0.0391
  136      0.7658      0.2716      0.2331      0.0386
  137      0.7724      0.2717      0.2337      0.0380
  138      0.7790      0.2717      0.2343      0.0374
  139      0.7855      0.2717      0.2349      0.0368
  140      0.7920      0.2716      0.2354      0.0362
  141      0.7983      0.2715      0.2360      0.0356
  142      0.8046      0.2714      0.2365      0.0350
  143      0.8109      0.2713      0.2369      0.0343
  144      0.8170      0.2711      0.2374      0.0337
  145      0.8231      0.2709      0.2378      0.0331
  146      0.8291      0.2707      0.2382      0.0325
  147      0.8350      0.2705      0.2386      0.0319
  148      0.8408      0.2702      0.2390      0.0312
  149      0.8465      0.2700      0.2393      0.0306
  150      0.8522      0.2697      0.2397      0.0300
  151      0.8577      0.2693      0.2400      0.0294
  152      0.8632      0.2690      0.2403      0.0287
  153      0.8686      0.2687      0.2405      0.0281
  154      0.8739      0.2683      0.2408      0.0275
  155      0.8790      0.2679      0.2410      0.0269
  156      0.8841      0.2675      0.2412      0.0263
  157      0.8892      0.2671      0.2415      0.0257
  158      0.8941      0.2667      0.2416      0.0251
  159      0.8989      0.2663      0.2418      0.0245
  160      0.9036      0.2658      0.2420      0.0239
  161      0.9082      0.2654      0.2421      0.0233
  162      0.9127      0.2650      0.2423      0.0227
  163      0.9171      0.2645      0.2424      0.0221
  164      0.9214      0.2641      0.2425      0.0216
  165      0.9256      0.2636      0.2426      0.0210
  166      0.9297      0.2631      0.2427      0.0205
  167      0.9337      0.2627      0.2428      0.0199
  168      0.9375      0.2622      0.2428      0.0194
  169      0.9413      0.2618      0.2429      0.0189
  170      0.9450      0.2613      0.2430      0.0184
  171      0.9485      0.2609      0.2430      0.0179
  172      0.9519      0.2604      0.2431      0.0174
  173      0.9553      0.2600      0.2431      0.0169
  174      0.9585      0.2596      0.2431      0.0165
  175      0.9616      0.2592      0.2431      0.0160
  176      0.9645      0.2588      0.2432      0.0156
  177      0.9674      0.2584      0.2432      0.0152
  178      0.9701      0.2580      0.2432      0.0148
  179      0.9728      0.2576      0.2432      0.0144
  180      0.9753      0.2572      0.2432      0.0140
  181      0.9777      0.2569      0.2432      0.0137
  182      0.9799      0.2565      0.2432      0.0133
  183      0.9821      0.2562      0.2432      0.0130
  184      0.9841      0.2559      0.2432      0.0127
  185      0.9860      0.2556      0.2432      0.0124
  186      0.9878      0.2553      0.2432      0.0122
  187      0.9895      0.2551      0.2432      0.0119
  188      0.9911      0.2548      0.2432      0.0116
  189      0.9925      0.2545      0.2434      0.0111
  190      0.9938      0.2541      0.2437      0.0104
  191      0.9950      0.2536      0.2440      0.0096
  192      0.9960      0.2531      0.2444      0.0087
  193      0.9970      0.2525      0.2448      0.0077
  194      0.9978      0.2519      0.2453      0.0067
  195      0.9984      0.2513      0.2458      0.0056
  196      0.9990      0.2507      0.2463      0.0045
  197      0.9994      0.2501      0.2468      0.0033
  198      0.9998      0.2495      0.2474      0.0022
  199      0.9999      0.2489      0.2479      0.0010
  200      1.0000      0.2485      0.2485      0.0000
 GRID EXPANSION RATIO UP=    1.11538 DOWN =    1.07955
  AXIAL,TANGENTIAL AND RADIAL COORDINATES ON THE STREAM
  SURFACE BEFORE TRANSFORMING TO R-THETA COORDINATES 
 J, XGRID,YGRID,RGRID            1   3.48479599E-02  -1.39385751E-02  0.233700022    
 J, XGRID,YGRID,RGRID            2   3.71969640E-02  -1.22897252E-02  0.233700037    
 J, XGRID,YGRID,RGRID            3   3.93029787E-02  -1.08114379E-02  0.233699992    
 J, XGRID,YGRID,RGRID            4   4.11911346E-02  -9.48606990E-03  0.233700037    
 J, XGRID,YGRID,RGRID            5   4.28839847E-02  -8.29780381E-03  0.233700022    
 J, XGRID,YGRID,RGRID            6   4.44017015E-02  -7.23245507E-03  0.233699992    
 J, XGRID,YGRID,RGRID            7   4.57624346E-02  -6.27731020E-03  0.233699992    
 J, XGRID,YGRID,RGRID            8   4.69824038E-02  -5.42096933E-03  0.233700007    
 J, XGRID,YGRID,RGRID            9   4.80761752E-02  -4.65321075E-03  0.233699992    
 J, XGRID,YGRID,RGRID           10   4.90568094E-02  -3.96487257E-03  0.233700022    
 J, XGRID,YGRID,RGRID           11   4.99359965E-02  -3.34773865E-03  0.233700007    
 J, XGRID,YGRID,RGRID           12   5.07242382E-02  -2.79444316E-03  0.233700037    
 J, XGRID,YGRID,RGRID           13   5.14309406E-02  -2.29838258E-03  0.233700007    
 J, XGRID,YGRID,RGRID           14   5.20645343E-02  -1.85363635E-03  0.233699977    
 J, XGRID,YGRID,RGRID           15   5.26325926E-02  -1.45489629E-03  0.233700007    
 J, XGRID,YGRID,RGRID           16   5.31418882E-02  -1.09740335E-03  0.233699992    
 J, XGRID,YGRID,RGRID           17   5.35985045E-02  -7.76890724E-04  0.233700037    
 J, XGRID,YGRID,RGRID           18   5.40078804E-02  -4.89533180E-04  0.233700022    
 J, XGRID,YGRID,RGRID           19   5.43749109E-02  -2.31900878E-04  0.233700022    
 J, XGRID,YGRID,RGRID           20   5.47039695E-02  -9.19042691E-07  0.233699992    
 J, XGRID,YGRID,RGRID           21   5.49990013E-02   2.06169207E-04  0.233700007    
 J, XGRID,YGRID,RGRID           22   5.52940257E-02   8.84290494E-04  0.233699977    
 J, XGRID,YGRID,RGRID           23   5.56025021E-02   1.21213216E-03  0.233700022    
 J, XGRID,YGRID,RGRID           24   5.59256487E-02   1.48685928E-03  0.233699977    
 J, XGRID,YGRID,RGRID           25   5.62647320E-02   1.74504868E-03  0.233699992    
 J, XGRID,YGRID,RGRID           26   5.66209815E-02   2.00882810E-03  0.233699992    
 J, XGRID,YGRID,RGRID           27   5.69956414E-02   2.28342344E-03  0.233700022    
 J, XGRID,YGRID,RGRID           28   5.73899299E-02   2.56975251E-03  0.233700007    
 J, XGRID,YGRID,RGRID           29   5.78051209E-02   2.86785513E-03  0.233700007    
 J, XGRID,YGRID,RGRID           30   5.82424141E-02   3.17813130E-03  0.233700022    
 J, XGRID,YGRID,RGRID           31   5.87030686E-02   3.50107090E-03  0.233699992    
 J, XGRID,YGRID,RGRID           32   5.91883287E-02   3.83696612E-03  0.233699977    
 J, XGRID,YGRID,RGRID           33   5.96994385E-02   4.18605283E-03  0.233700007    
 J, XGRID,YGRID,RGRID           34   6.02376238E-02   4.54850541E-03  0.233699992    
 J, XGRID,YGRID,RGRID           35   6.08041175E-02   4.92443005E-03  0.233700007    
 J, XGRID,YGRID,RGRID           36   6.13999069E-02   5.31368284E-03  0.233700037    
 J, XGRID,YGRID,RGRID           37   6.20251000E-02   5.71554992E-03  0.233700022    
 J, XGRID,YGRID,RGRID           38   6.26811758E-02   6.13011373E-03  0.233699992    
 J, XGRID,YGRID,RGRID           39   6.33697584E-02   6.55748788E-03  0.233699962    
 J, XGRID,YGRID,RGRID           40   6.40926883E-02   6.99780276E-03  0.233700052    
 J, XGRID,YGRID,RGRID           41   6.48519173E-02   7.45119853E-03  0.233700007    
 J, XGRID,YGRID,RGRID           42   6.56496584E-02   7.91780557E-03  0.233700067    
 J, XGRID,YGRID,RGRID           43   6.64877966E-02   8.39749165E-03  0.233700007    
 J, XGRID,YGRID,RGRID           44   6.73679858E-02   8.88982974E-03  0.233700067    
 J, XGRID,YGRID,RGRID           45   6.82931170E-02   9.39501636E-03  0.233700022    
 J, XGRID,YGRID,RGRID           46   6.92665279E-02   9.91326477E-03  0.233699992    
 J, XGRID,YGRID,RGRID           47   7.02918619E-02   1.04447696E-02  0.233699962    
 J, XGRID,YGRID,RGRID           48   7.13731796E-02   1.09896762E-02  0.233700067    
 J, XGRID,YGRID,RGRID           49   7.25148022E-02   1.15480302E-02  0.233699992    
 J, XGRID,YGRID,RGRID           50   7.37306103E-02   1.21239927E-02  0.233699962    
 J, XGRID,YGRID,RGRID           51   7.50381276E-02   1.27224540E-02  0.233699992    
 J, XGRID,YGRID,RGRID           52   7.64388144E-02   1.33400857E-02  0.233700082    
 J, XGRID,YGRID,RGRID           53   7.79315159E-02   1.39722731E-02  0.233700022    
 J, XGRID,YGRID,RGRID           54   7.95126930E-02   1.46129457E-02  0.233699962    
 J, XGRID,YGRID,RGRID           55   8.11762661E-02   1.52545813E-02  0.233700052    
 J, XGRID,YGRID,RGRID           56   8.29135552E-02   1.58920605E-02  0.233700022    
 J, XGRID,YGRID,RGRID           57   8.46964493E-02   1.65078714E-02  0.233700052    
 J, XGRID,YGRID,RGRID           58   8.64963830E-02   1.70932394E-02  0.233699873    
 J, XGRID,YGRID,RGRID           59   8.83037448E-02   1.76449399E-02  0.233699992    
 J, XGRID,YGRID,RGRID           60   9.01105851E-02   1.81610174E-02  0.233699918    
 J, XGRID,YGRID,RGRID           61   9.19108316E-02   1.86405368E-02  0.233700082    
 J, XGRID,YGRID,RGRID           62   9.37001035E-02   1.90833956E-02  0.233700022    
 J, XGRID,YGRID,RGRID           63   9.54759121E-02   1.94901060E-02  0.233699918    
 J, XGRID,YGRID,RGRID           64   9.72503275E-02   1.98638998E-02  0.233700067    
 J, XGRID,YGRID,RGRID           65   9.90312397E-02   2.02063639E-02  0.233699992    
 J, XGRID,YGRID,RGRID           66  0.100817308       2.05172282E-02  0.233700052    
 J, XGRID,YGRID,RGRID           67  0.102606103       2.07961928E-02  0.233700022    
 J, XGRID,YGRID,RGRID           68  0.104394458       2.10430007E-02  0.233699977    
 J, XGRID,YGRID,RGRID           69  0.106178239       2.12575179E-02  0.233699992    
 J, XGRID,YGRID,RGRID           70  0.107952379       2.14397889E-02  0.233700007    
 J, XGRID,YGRID,RGRID           71  0.109701104       2.15893555E-02  0.233699977    
 J, XGRID,YGRID,RGRID           72  0.111414574       2.17071548E-02  0.233699992    
 J, XGRID,YGRID,RGRID           73  0.113088116       2.17949282E-02  0.233700037    
 J, XGRID,YGRID,RGRID           74  0.114717960       2.18546651E-02  0.233699992    
 J, XGRID,YGRID,RGRID           75  0.116301231       2.18885187E-02  0.233699992    
 J, XGRID,YGRID,RGRID           76  0.117835961       2.18987186E-02  0.233699992    
 J, XGRID,YGRID,RGRID           77  0.119321048       2.18874905E-02  0.233699992    
 J, XGRID,YGRID,RGRID           78  0.120761968       2.18568482E-02  0.233699992    
 J, XGRID,YGRID,RGRID           79  0.122160137       2.18085963E-02  0.233700007    
 J, XGRID,YGRID,RGRID           80  0.123515531       2.17443928E-02  0.233700022    
 J, XGRID,YGRID,RGRID           81  0.124828175       2.16669478E-02  0.233700007    
 J, XGRID,YGRID,RGRID           82  0.126098081       2.15758793E-02  0.233700052    
 J, XGRID,YGRID,RGRID           83  0.127325192       2.14737486E-02  0.233700022    
 J, XGRID,YGRID,RGRID           84  0.128509566       2.13620383E-02  0.233700007    
 J, XGRID,YGRID,RGRID           85  0.129651189       2.12421529E-02  0.233700022    
 J, XGRID,YGRID,RGRID           86  0.130750060       2.11154651E-02  0.233700022    
 J, XGRID,YGRID,RGRID           87  0.131806150       2.09832769E-02  0.233700022    
 J, XGRID,YGRID,RGRID           88  0.132819489       2.08468344E-02  0.233700007    
 J, XGRID,YGRID,RGRID           89  0.133790076       2.07073372E-02  0.233700007    
 J, XGRID,YGRID,RGRID           90  0.134717926       2.05660556E-02  0.233700037    
 J, XGRID,YGRID,RGRID           91  0.135602981       2.00292747E-02  0.233699992    
 J, XGRID,YGRID,RGRID           92  0.136488035       1.99516993E-02  0.233699992    
 J, XGRID,YGRID,RGRID           93  0.137443528       1.98681056E-02  0.233699992    
 J, XGRID,YGRID,RGRID           94  0.138475031       1.97778624E-02  0.233700007    
 J, XGRID,YGRID,RGRID           95  0.139588594       1.96804386E-02  0.233700022    
 J, XGRID,YGRID,RGRID           96  0.140790716       1.95752662E-02  0.233700022    
 J, XGRID,YGRID,RGRID           97  0.142088473       1.94617268E-02  0.233700022    
 J, XGRID,YGRID,RGRID           98  0.143489465       1.93391554E-02  0.233700007    
 J, XGRID,YGRID,RGRID           99  0.145001933       1.92068331E-02  0.233700007    
 J, XGRID,YGRID,RGRID          100  0.146634713       1.90639831E-02  0.233700007    
 J, XGRID,YGRID,RGRID          101  0.148397371       1.89097691E-02  0.233700022    
 J, XGRID,YGRID,RGRID          102  0.150300264       1.87432878E-02  0.233700007    
 J, XGRID,YGRID,RGRID          103  0.152354538       1.85635630E-02  0.233700037    
 J, XGRID,YGRID,RGRID          104  0.154572204       1.83695406E-02  0.233699977    
 J, XGRID,YGRID,RGRID          105  0.156966314       1.81600843E-02  0.233700007    
 J, XGRID,YGRID,RGRID          106  0.159550861       1.79339629E-02  0.233699992    
 J, XGRID,YGRID,RGRID          107  0.162341043       1.76898558E-02  0.233700007    
 J, XGRID,YGRID,RGRID          108  0.165353179       1.74263287E-02  0.233699992    
 J, XGRID,YGRID,RGRID          109  0.168604955       1.71418358E-02  0.233700022    
 J, XGRID,YGRID,RGRID          110  0.172115356       1.68347135E-02  0.233699992    
 J, XGRID,YGRID,RGRID          111  0.175905079       1.65031571E-02  0.233700022    

  THE BLADE CENTROID ON THE X-Y SURFACE IS AT X, Y=    0.09360   0.01518


  THE J VALUE OF THE CENTROID IS J =           62

  THE CENTROID ON THE STREAM SURFACE IS AT   9.35966969E-02   0.00000000    
  THE HUB SECTION CENTROID IS AT   9.36021432E-02   0.00000000    

  AXIAL & RADIAL COORDINATES ON THE SS AFTER STACKING 
  J  , XGRID,RGRID            1   3.48534063E-02  0.233700022    
  J  , XGRID,RGRID            2   3.72024104E-02  0.233700037    
  J  , XGRID,RGRID            3   3.93084250E-02  0.233699992    
  J  , XGRID,RGRID            4   4.11965810E-02  0.233700037    
  J  , XGRID,RGRID            5   4.28894311E-02  0.233700022    
  J  , XGRID,RGRID            6   4.44071479E-02  0.233699992    
  J  , XGRID,RGRID            7   4.57678810E-02  0.233699992    
  J  , XGRID,RGRID            8   4.69878502E-02  0.233700007    
  J  , XGRID,RGRID            9   4.80816215E-02  0.233699992    
  J  , XGRID,RGRID           10   4.90622558E-02  0.233700022    
  J  , XGRID,RGRID           11   4.99414429E-02  0.233700007    
  J  , XGRID,RGRID           12   5.07296845E-02  0.233700037    
  J  , XGRID,RGRID           13   5.14363870E-02  0.233700007    
  J  , XGRID,RGRID           14   5.20699807E-02  0.233699977    
  J  , XGRID,RGRID           15   5.26380390E-02  0.233700007    
  J  , XGRID,RGRID           16   5.31473346E-02  0.233699992    
  J  , XGRID,RGRID           17   5.36039509E-02  0.233700037    
  J  , XGRID,RGRID           18   5.40133268E-02  0.233700022    
  J  , XGRID,RGRID           19   5.43803573E-02  0.233700022    
  J  , XGRID,RGRID           20   5.47094159E-02  0.233699992    
  J  , XGRID,RGRID           21   5.50044477E-02  0.233700007    
  J  , XGRID,RGRID           22   5.52994721E-02  0.233699977    
  J  , XGRID,RGRID           23   5.56079485E-02  0.233700022    
  J  , XGRID,RGRID           24   5.59310950E-02  0.233699977    
  J  , XGRID,RGRID           25   5.62701784E-02  0.233699992    
  J  , XGRID,RGRID           26   5.66264279E-02  0.233699992    
  J  , XGRID,RGRID           27   5.70010878E-02  0.233700022    
  J  , XGRID,RGRID           28   5.73953763E-02  0.233700007    
  J  , XGRID,RGRID           29   5.78105673E-02  0.233700007    
  J  , XGRID,RGRID           30   5.82478605E-02  0.233700022    
  J  , XGRID,RGRID           31   5.87085150E-02  0.233699992    
  J  , XGRID,RGRID           32   5.91937751E-02  0.233699977    
  J  , XGRID,RGRID           33   5.97048849E-02  0.233700007    
  J  , XGRID,RGRID           34   6.02430701E-02  0.233699992    
  J  , XGRID,RGRID           35   6.08095638E-02  0.233700007    
  J  , XGRID,RGRID           36   6.14053532E-02  0.233700037    
  J  , XGRID,RGRID           37   6.20305464E-02  0.233700022    
  J  , XGRID,RGRID           38   6.26866221E-02  0.233699992    
  J  , XGRID,RGRID           39   6.33752048E-02  0.233699962    
  J  , XGRID,RGRID           40   6.40981346E-02  0.233700052    
  J  , XGRID,RGRID           41   6.48573637E-02  0.233700007    
  J  , XGRID,RGRID           42   6.56551048E-02  0.233700067    
  J  , XGRID,RGRID           43   6.64932430E-02  0.233700007    
  J  , XGRID,RGRID           44   6.73734322E-02  0.233700067    
  J  , XGRID,RGRID           45   6.82985634E-02  0.233700022    
  J  , XGRID,RGRID           46   6.92719743E-02  0.233699992    
  J  , XGRID,RGRID           47   7.02973083E-02  0.233699962    
  J  , XGRID,RGRID           48   7.13786259E-02  0.233700067    
  J  , XGRID,RGRID           49   7.25202486E-02  0.233699992    
  J  , XGRID,RGRID           50   7.37360567E-02  0.233699962    
  J  , XGRID,RGRID           51   7.50435740E-02  0.233699992    
  J  , XGRID,RGRID           52   7.64442608E-02  0.233700082    
  J  , XGRID,RGRID           53   7.79369622E-02  0.233700022    
  J  , XGRID,RGRID           54   7.95181394E-02  0.233699962    
  J  , XGRID,RGRID           55   8.11817124E-02  0.233700052    
  J  , XGRID,RGRID           56   8.29190016E-02  0.233700022    
  J  , XGRID,RGRID           57   8.47018957E-02  0.233700052    
  J  , XGRID,RGRID           58   8.65018293E-02  0.233699873    
  J  , XGRID,RGRID           59   8.83091912E-02  0.233699992    
  J  , XGRID,RGRID           60   9.01160315E-02  0.233699918    
  J  , XGRID,RGRID           61   9.19162780E-02  0.233700082    
  J  , XGRID,RGRID           62   9.37055498E-02  0.233700022    
  J  , XGRID,RGRID           63   9.54813585E-02  0.233699918    
  J  , XGRID,RGRID           64   9.72557738E-02  0.233700067    
  J  , XGRID,RGRID           65   9.90366861E-02  0.233699992    
  J  , XGRID,RGRID           66  0.100822754      0.233700052    
  J  , XGRID,RGRID           67  0.102611549      0.233700022    
  J  , XGRID,RGRID           68  0.104399905      0.233699977    
  J  , XGRID,RGRID           69  0.106183685      0.233699992    
  J  , XGRID,RGRID           70  0.107957825      0.233700007    
  J  , XGRID,RGRID           71  0.109706551      0.233699977    
  J  , XGRID,RGRID           72  0.111420020      0.233699992    
  J  , XGRID,RGRID           73  0.113093562      0.233700037    
  J  , XGRID,RGRID           74  0.114723407      0.233699992    
  J  , XGRID,RGRID           75  0.116306677      0.233699992    
  J  , XGRID,RGRID           76  0.117841408      0.233699992    
  J  , XGRID,RGRID           77  0.119326495      0.233699992    
  J  , XGRID,RGRID           78  0.120767415      0.233699992    
  J  , XGRID,RGRID           79  0.122165583      0.233700007    
  J  , XGRID,RGRID           80  0.123520978      0.233700022    
  J  , XGRID,RGRID           81  0.124833621      0.233700007    
  J  , XGRID,RGRID           82  0.126103520      0.233700052    
  J  , XGRID,RGRID           83  0.127330631      0.233700022    
  J  , XGRID,RGRID           84  0.128515005      0.233700007    
  J  , XGRID,RGRID           85  0.129656643      0.233700022    
  J  , XGRID,RGRID           86  0.130755514      0.233700022    
  J  , XGRID,RGRID           87  0.131811589      0.233700022    
  J  , XGRID,RGRID           88  0.132824928      0.233700007    
  J  , XGRID,RGRID           89  0.133795530      0.233700007    
  J  , XGRID,RGRID           90  0.134723365      0.233700037    
  J  , XGRID,RGRID           91  0.135608435      0.233699992    
  J  , XGRID,RGRID           92  0.136493474      0.233699992    
  J  , XGRID,RGRID           93  0.137448967      0.233699992    
  J  , XGRID,RGRID           94  0.138480484      0.233700007    
  J  , XGRID,RGRID           95  0.139594048      0.233700022    
  J  , XGRID,RGRID           96  0.140796155      0.233700022    
  J  , XGRID,RGRID           97  0.142093927      0.233700022    
  J  , XGRID,RGRID           98  0.143494904      0.233700007    
  J  , XGRID,RGRID           99  0.145007372      0.233700007    
  J  , XGRID,RGRID          100  0.146640152      0.233700007    
  J  , XGRID,RGRID          101  0.148402810      0.233700022    
  J  , XGRID,RGRID          102  0.150305718      0.233700007    
  J  , XGRID,RGRID          103  0.152359992      0.233700037    
  J  , XGRID,RGRID          104  0.154577643      0.233699977    
  J  , XGRID,RGRID          105  0.156971753      0.233700007    
  J  , XGRID,RGRID          106  0.159556299      0.233699992    
  J  , XGRID,RGRID          107  0.162346482      0.233700007    
  J  , XGRID,RGRID          108  0.165358633      0.233699992    
  J  , XGRID,RGRID          109  0.168610394      0.233700022    
  J  , XGRID,RGRID          110  0.172120810      0.233699992    
  J  , XGRID,RGRID          111  0.175910532      0.233700022    

  BLADE TRUE CHORD:AXIAL CHORD RATIO =    1.02024233    


    TKLE      TKTE      TKMAX     XTMAX     XMODLE     XMODTE    TK_TYP 
    0.0200    0.0100    0.0500    0.5000    0.0200    0.0100    2.0000


 FCHORD=    1.00000000      FPERP=    0.00000000     FTKSCALE=    1.00000000    


  CENTRELINE COORDINATES AND THICKNESS FOR INTYPE = 1

    XIN        YIN       TKIN 
   0.00000   0.00000   0.02040
   0.00006   0.00004   0.02041
   0.00025   0.00014   0.02044
   0.00056   0.00032   0.02048
   0.00100   0.00057   0.02054
   0.00156   0.00089   0.02061
   0.00224   0.00128   0.02070
   0.00305   0.00174   0.02081
   0.00398   0.00227   0.02093
   0.00504   0.00287   0.02107
   0.00622   0.00353   0.02122
   0.00752   0.00427   0.02139
   0.00895   0.00507   0.02158
   0.01049   0.00593   0.02178
   0.01216   0.00687   0.02200
   0.01395   0.00786   0.02223
   0.01587   0.00892   0.02247
   0.01790   0.01004   0.02273
   0.02005   0.01122   0.02301
   0.02232   0.01247   0.02329
   0.02472   0.01377   0.02360
   0.02723   0.01512   0.02391
   0.02985   0.01654   0.02424
   0.03260   0.01800   0.02458
   0.03546   0.01953   0.02493
   0.03844   0.02110   0.02529
   0.04153   0.02272   0.02567
   0.04474   0.02439   0.02605
   0.04806   0.02611   0.02645
   0.05149   0.02787   0.02686
   0.05504   0.02968   0.02727
   0.05869   0.03153   0.02770
   0.06246   0.03342   0.02813
   0.06633   0.03535   0.02857
   0.07031   0.03732   0.02902
   0.07440   0.03932   0.02948
   0.07860   0.04135   0.02995
   0.08290   0.04342   0.03042
   0.08730   0.04552   0.03090
   0.09181   0.04765   0.03138
   0.09642   0.04981   0.03187
   0.10113   0.05199   0.03236
   0.10594   0.05419   0.03285
   0.11085   0.05642   0.03335
   0.11585   0.05867   0.03385
   0.12095   0.06093   0.03436
   0.12615   0.06322   0.03486
   0.13144   0.06552   0.03537
   0.13682   0.06783   0.03588
   0.14229   0.07016   0.03638
   0.14784   0.07250   0.03689
   0.15349   0.07485   0.03740
   0.15923   0.07720   0.03790
   0.16504   0.07957   0.03840
   0.17095   0.08193   0.03890
   0.17693   0.08431   0.03940
   0.18299   0.08668   0.03989
   0.18914   0.08906   0.04038
   0.19536   0.09143   0.04086
   0.20166   0.09381   0.04134
   0.20803   0.09618   0.04181
   0.21447   0.09855   0.04228
   0.22099   0.10091   0.04274
   0.22757   0.10326   0.04319
   0.23422   0.10561   0.04363
   0.24094   0.10795   0.04407
   0.24772   0.11028   0.04450
   0.25457   0.11260   0.04491
   0.26148   0.11491   0.04532
   0.26845   0.11720   0.04572
   0.27547   0.11948   0.04610
   0.28255   0.12175   0.04648
   0.28968   0.12400   0.04684
   0.29687   0.12623   0.04719
   0.30411   0.12844   0.04753
   0.31140   0.13063   0.04786
   0.31873   0.13280   0.04817
   0.32611   0.13495   0.04847
   0.33353   0.13707   0.04875
   0.34099   0.13917   0.04902
   0.34850   0.14125   0.04928
   0.35604   0.14330   0.04952
   0.36362   0.14532   0.04975
   0.37123   0.14731   0.04996
   0.37887   0.14928   0.05015
   0.38654   0.15122   0.05033
   0.39424   0.15313   0.05049
   0.40197   0.15501   0.05064
   0.40972   0.15686   0.05077
   0.41750   0.15868   0.05088
   0.42529   0.16047   0.05098
   0.43311   0.16223   0.05106
   0.44094   0.16395   0.05112
   0.44878   0.16564   0.05116
   0.45664   0.16730   0.05119
   0.46451   0.16893   0.05119
   0.47239   0.17052   0.05118
   0.48027   0.17208   0.05116
   0.48816   0.17361   0.05111
   0.49605   0.17510   0.05105
   0.50395   0.17655   0.05097
   0.51184   0.17797   0.05087
   0.51973   0.17936   0.05076
   0.52761   0.18071   0.05062
   0.53549   0.18202   0.05047
   0.54336   0.18330   0.05030
   0.55122   0.18454   0.05011
   0.55906   0.18574   0.04991
   0.56689   0.18691   0.04969
   0.57471   0.18804   0.04945
   0.58250   0.18914   0.04920
   0.59028   0.19020   0.04893
   0.59803   0.19123   0.04864
   0.60576   0.19222   0.04834
   0.61346   0.19317   0.04802
   0.62113   0.19409   0.04768
   0.62877   0.19498   0.04733
   0.63638   0.19583   0.04696
   0.64396   0.19664   0.04658
   0.65150   0.19742   0.04619
   0.65901   0.19817   0.04578
   0.66647   0.19889   0.04536
   0.67389   0.19957   0.04492
   0.68127   0.20022   0.04447
   0.68860   0.20084   0.04401
   0.69589   0.20143   0.04353
   0.70313   0.20198   0.04305
   0.71031   0.20251   0.04255
   0.71745   0.20300   0.04204
   0.72453   0.20347   0.04152
   0.73155   0.20390   0.04099
   0.73852   0.20431   0.04045
   0.74543   0.20469   0.03990
   0.75228   0.20504   0.03935
   0.75906   0.20537   0.03878
   0.76578   0.20567   0.03821
   0.77243   0.20595   0.03763
   0.77901   0.20620   0.03705
   0.78553   0.20642   0.03645
   0.79197   0.20663   0.03586
   0.79834   0.20681   0.03525
   0.80464   0.20697   0.03465
   0.81086   0.20710   0.03404
   0.81701   0.20722   0.03342
   0.82307   0.20732   0.03281
   0.82905   0.20739   0.03219
   0.83496   0.20745   0.03157
   0.84077   0.20750   0.03095
   0.84651   0.20752   0.03033
   0.85216   0.20753   0.02971
   0.85771   0.20752   0.02909
   0.86318   0.20750   0.02847
   0.86856   0.20746   0.02785
   0.87385   0.20742   0.02723
   0.87905   0.20736   0.02662
   0.88415   0.20728   0.02601
   0.88915   0.20720   0.02541
   0.89406   0.20710   0.02481
   0.89887   0.20700   0.02422
   0.90358   0.20689   0.02363
   0.90819   0.20677   0.02305
   0.91270   0.20664   0.02247
   0.91710   0.20651   0.02191
   0.92140   0.20637   0.02135
   0.92560   0.20622   0.02080
   0.92969   0.20607   0.02026
   0.93367   0.20592   0.01973
   0.93754   0.20576   0.01920
   0.94131   0.20560   0.01869
   0.94496   0.20544   0.01819
   0.94851   0.20528   0.01770
   0.95194   0.20511   0.01723
   0.95526   0.20495   0.01676
   0.95847   0.20479   0.01631
   0.96156   0.20462   0.01587
   0.96454   0.20446   0.01545
   0.96740   0.20430   0.01504
   0.97015   0.20415   0.01464
   0.97277   0.20400   0.01426
   0.97528   0.20385   0.01390
   0.97768   0.20370   0.01355
   0.97995   0.20356   0.01321
   0.98210   0.20343   0.01290
   0.98413   0.20330   0.01259
   0.98605   0.20318   0.01231
   0.98784   0.20306   0.01204
   0.98951   0.20295   0.01179
   0.99105   0.20285   0.01156
   0.99248   0.20275   0.01135
   0.99378   0.20266   0.01115
   0.99496   0.20258   0.01097
   0.99602   0.20251   0.01081
   0.99695   0.20244   0.01067
   0.99776   0.20238   0.01054
   0.99844   0.20233   0.01044
   0.99900   0.20229   0.01035
   0.99944   0.20226   0.01029
   0.99975   0.20224   0.01024
   0.99994   0.20223   0.01021
   1.00000   0.20222   0.01020

  BLADE SURFACE COORDINATES GENERATED USING INTYPE = 1

  XUP          YUP       XLOW      YLOW 
   0.00001   0.01020  -0.00001  -0.01020
   0.00007   0.01024   0.00005  -0.01017
   0.00026   0.01036   0.00024  -0.01008
   0.00057   0.01056   0.00055  -0.00992
   0.00101   0.01084   0.00099  -0.00970
   0.00157   0.01119   0.00155  -0.00942
   0.00225   0.01163   0.00223  -0.00907
   0.00306   0.01214   0.00304  -0.00866
   0.00399   0.01273   0.00397  -0.00820
   0.00505   0.01340   0.00503  -0.00767
   0.00623   0.01415   0.00621  -0.00708
   0.00753   0.01496   0.00751  -0.00643
   0.00896   0.01586   0.00894  -0.00572
   0.01050   0.01683   0.01048  -0.00496
   0.01217   0.01787   0.01215  -0.00413
   0.01396   0.01898   0.01394  -0.00325
   0.01588   0.02016   0.01586  -0.00231
   0.01791   0.02141   0.01789  -0.00132
   0.02006   0.02273   0.02004  -0.00028
   0.02233   0.02411   0.02231   0.00082
   0.02473   0.02556   0.02471   0.00197
   0.02724   0.02708   0.02722   0.00317
   0.02986   0.02866   0.02984   0.00442
   0.03261   0.03029   0.03259   0.00572
   0.03547   0.03199   0.03545   0.00706
   0.03845   0.03374   0.03843   0.00845
   0.04154   0.03555   0.04152   0.00989
   0.04475   0.03742   0.04473   0.01136
   0.04807   0.03933   0.04805   0.01288
   0.05150   0.04130   0.05148   0.01444
   0.05505   0.04332   0.05503   0.01604
   0.05870   0.04538   0.05868   0.01768
   0.06247   0.04749   0.06245   0.01935
   0.06634   0.04964   0.06632   0.02106
   0.07032   0.05183   0.07030   0.02280
   0.07441   0.05406   0.07439   0.02458
   0.07861   0.05633   0.07859   0.02638
   0.08291   0.05863   0.08289   0.02821
   0.08731   0.06097   0.08729   0.03007
   0.09182   0.06334   0.09180   0.03196
   0.09643   0.06574   0.09641   0.03387
   0.10114   0.06817   0.10112   0.03581
   0.10595   0.07062   0.10593   0.03777
   0.11086   0.07310   0.11084   0.03974
   0.11586   0.07559   0.11584   0.04174
   0.12096   0.07811   0.12094   0.04376
   0.12616   0.08065   0.12614   0.04579
   0.13145   0.08320   0.13143   0.04783
   0.13683   0.08577   0.13681   0.04989
   0.14230   0.08835   0.14228   0.05197
   0.14785   0.09094   0.14783   0.05405
   0.15350   0.09355   0.15348   0.05615
   0.15924   0.09615   0.15922   0.05825
   0.16505   0.09877   0.16503   0.06036
   0.17096   0.10139   0.17094   0.06248
   0.17694   0.10401   0.17692   0.06461
   0.18300   0.10663   0.18298   0.06673
   0.18915   0.10925   0.18913   0.06887
   0.19537   0.11186   0.19535   0.07100
   0.20167   0.11448   0.20165   0.07314
   0.20804   0.11709   0.20802   0.07527
   0.21448   0.11969   0.21446   0.07741
   0.22100   0.12228   0.22098   0.07954
   0.22758   0.12486   0.22756   0.08167
   0.23423   0.12743   0.23421   0.08380
   0.24095   0.12999   0.24093   0.08592
   0.24773   0.13253   0.24771   0.08803
   0.25458   0.13506   0.25456   0.09015
   0.26149   0.13757   0.26147   0.09225
   0.26846   0.14006   0.26844   0.09434
   0.27548   0.14253   0.27546   0.09643
   0.28256   0.14499   0.28254   0.09851
   0.28969   0.14742   0.28967   0.10058
   0.29688   0.14982   0.29686   0.10263
   0.30412   0.15221   0.30410   0.10468
   0.31141   0.15456   0.31139   0.10670
   0.31874   0.15689   0.31872   0.10872
   0.32612   0.15918   0.32610   0.11072
   0.33354   0.16145   0.33352   0.11270
   0.34100   0.16368   0.34098   0.11466
   0.34851   0.16589   0.34849   0.11661
   0.35605   0.16806   0.35603   0.11854
   0.36363   0.17019   0.36361   0.12045
   0.37124   0.17229   0.37122   0.12234
   0.37888   0.17436   0.37886   0.12421
   0.38655   0.17639   0.38653   0.12606
   0.39425   0.17838   0.39423   0.12788
   0.40198   0.18033   0.40196   0.12969
   0.40973   0.18225   0.40971   0.13148
   0.41751   0.18412   0.41749   0.13324
   0.42530   0.18596   0.42528   0.13498
   0.43312   0.18776   0.43310   0.13670
   0.44095   0.18951   0.44093   0.13839
   0.44879   0.19122   0.44877   0.14006
   0.45665   0.19290   0.45663   0.14171
   0.46452   0.19453   0.46450   0.14333
   0.47240   0.19612   0.47238   0.14493
   0.48028   0.19766   0.48026   0.14650
   0.48817   0.19916   0.48815   0.14805
   0.49606   0.20062   0.49604   0.14957
   0.50396   0.20204   0.50394   0.15107
   0.51185   0.20341   0.51183   0.15254
   0.51974   0.20474   0.51972   0.15398
   0.52762   0.20602   0.52760   0.15540
   0.53550   0.20726   0.53548   0.15679
   0.54337   0.20845   0.54335   0.15815
   0.55123   0.20960   0.55121   0.15948
   0.55907   0.21070   0.55905   0.16079
   0.56690   0.21176   0.56688   0.16207
   0.57472   0.21277   0.57470   0.16332
   0.58251   0.21374   0.58249   0.16454
   0.59029   0.21467   0.59027   0.16574
   0.59804   0.21555   0.59802   0.16691
   0.60577   0.21639   0.60575   0.16805
   0.61347   0.21718   0.61345   0.16916
   0.62114   0.21793   0.62112   0.17025
   0.62878   0.21864   0.62876   0.17131
   0.63639   0.21931   0.63637   0.17235
   0.64397   0.21993   0.64395   0.17335
   0.65151   0.22052   0.65149   0.17433
   0.65902   0.22106   0.65900   0.17528
   0.66648   0.22157   0.66646   0.17621
   0.67390   0.22203   0.67388   0.17711
   0.68128   0.22246   0.68126   0.17799
   0.68861   0.22284   0.68859   0.17884
   0.69590   0.22319   0.69588   0.17966
   0.70314   0.22350   0.70312   0.18046
   0.71033   0.22378   0.71030   0.18123
   0.71746   0.22402   0.71744   0.18198
   0.72454   0.22423   0.72452   0.18271
   0.73156   0.22440   0.73154   0.18341
   0.73853   0.22454   0.73851   0.18408
   0.74544   0.22464   0.74542   0.18474
   0.75229   0.22472   0.75227   0.18537
   0.75907   0.22476   0.75905   0.18598
   0.76579   0.22478   0.76577   0.18656
   0.77244   0.22476   0.77242   0.18713
   0.77902   0.22472   0.77900   0.18767
   0.78554   0.22465   0.78552   0.18820
   0.79198   0.22455   0.79196   0.18870
   0.79835   0.22443   0.79833   0.18918
   0.80465   0.22429   0.80463   0.18964
   0.81087   0.22412   0.81085   0.19008
   0.81702   0.22393   0.81700   0.19051
   0.82308   0.22372   0.82306   0.19091
   0.82906   0.22349   0.82904   0.19130
   0.83497   0.22324   0.83495   0.19167
   0.84078   0.22297   0.84076   0.19202
   0.84652   0.22268   0.84650   0.19236
   0.85217   0.22238   0.85215   0.19268
   0.85772   0.22206   0.85770   0.19298
   0.86319   0.22173   0.86317   0.19327
   0.86857   0.22139   0.86855   0.19354
   0.87386   0.22103   0.87384   0.19380
   0.87906   0.22067   0.87904   0.19404
   0.88416   0.22029   0.88414   0.19427
   0.88916   0.21990   0.88914   0.19449
   0.89407   0.21951   0.89405   0.19470
   0.89888   0.21911   0.89886   0.19489
   0.90359   0.21870   0.90357   0.19507
   0.90820   0.21829   0.90818   0.19524
   0.91271   0.21788   0.91269   0.19540
   0.91711   0.21746   0.91709   0.19555
   0.92141   0.21704   0.92139   0.19569
   0.92561   0.21662   0.92559   0.19582
   0.92970   0.21620   0.92968   0.19594
   0.93368   0.21578   0.93366   0.19605
   0.93755   0.21536   0.93753   0.19616
   0.94132   0.21495   0.94130   0.19625
   0.94497   0.21453   0.94495   0.19634
   0.94852   0.21413   0.94850   0.19642
   0.95195   0.21373   0.95193   0.19650
   0.95527   0.21333   0.95525   0.19657
   0.95848   0.21294   0.95846   0.19663
   0.96157   0.21256   0.96155   0.19669
   0.96455   0.21219   0.96453   0.19674
   0.96741   0.21182   0.96739   0.19678
   0.97016   0.21147   0.97014   0.19683
   0.97278   0.21113   0.97276   0.19687
   0.97529   0.21080   0.97527   0.19690
   0.97769   0.21048   0.97767   0.19693
   0.97996   0.21017   0.97994   0.19696
   0.98211   0.20988   0.98209   0.19698
   0.98414   0.20960   0.98412   0.19700
   0.98606   0.20933   0.98604   0.19702
   0.98785   0.20908   0.98783   0.19704
   0.98952   0.20885   0.98950   0.19705
   0.99106   0.20863   0.99104   0.19707
   0.99249   0.20842   0.99247   0.19708
   0.99379   0.20823   0.99377   0.19709
   0.99497   0.20806   0.99495   0.19709
   0.99603   0.20791   0.99601   0.19710
   0.99696   0.20777   0.99694   0.19711
   0.99777   0.20766   0.99775   0.19711
   0.99845   0.20755   0.99843   0.19711
   0.99901   0.20747   0.99899   0.19712
   0.99945   0.20741   0.99943   0.19712
   0.99976   0.20736   0.99974   0.19712
   0.99995   0.20733   0.99993   0.19712
   1.00001   0.20732   0.99999   0.19712

XIN,   MODIFIED LEADING EDGE THICKNESS     0.00000     0.00000
XIN,   MODIFIED LEADING EDGE THICKNESS     0.00006     0.09652
XIN,   MODIFIED LEADING EDGE THICKNESS     0.00025     0.19214
XIN,   MODIFIED LEADING EDGE THICKNESS     0.00056     0.28594
XIN,   MODIFIED LEADING EDGE THICKNESS     0.00100     0.37704
XIN,   MODIFIED LEADING EDGE THICKNESS     0.00156     0.46457
XIN,   MODIFIED LEADING EDGE THICKNESS     0.00224     0.54766
XIN,   MODIFIED LEADING EDGE THICKNESS     0.00305     0.62551
XIN,   MODIFIED LEADING EDGE THICKNESS     0.00398     0.69735
XIN,   MODIFIED LEADING EDGE THICKNESS     0.00504     0.76246
XIN,   MODIFIED LEADING EDGE THICKNESS     0.00622     0.82022
XIN,   MODIFIED LEADING EDGE THICKNESS     0.00752     0.87008
XIN,   MODIFIED LEADING EDGE THICKNESS     0.00895     0.91166
XIN,   MODIFIED LEADING EDGE THICKNESS     0.01049     0.94477
XIN,   MODIFIED LEADING EDGE THICKNESS     0.01216     0.96944
XIN,   MODIFIED LEADING EDGE THICKNESS     0.01395     0.98609
XIN,   MODIFIED LEADING EDGE THICKNESS     0.01587     0.99557
XIN,   MODIFIED LEADING EDGE THICKNESS     0.01790     0.99942
 XIN,   MODIFIED TRAILING EDGE THICKNESS     0.99105     0.99442
 XIN,   MODIFIED TRAILING EDGE THICKNESS     0.99248     0.96876
 XIN,   MODIFIED TRAILING EDGE THICKNESS     0.99378     0.92571
 XIN,   MODIFIED TRAILING EDGE THICKNESS     0.99496     0.86823
 XIN,   MODIFIED TRAILING EDGE THICKNESS     0.99602     0.79867
 XIN,   MODIFIED TRAILING EDGE THICKNESS     0.99695     0.71900
 XIN,   MODIFIED TRAILING EDGE THICKNESS     0.99776     0.63090
 XIN,   MODIFIED TRAILING EDGE THICKNESS     0.99844     0.53585
 XIN,   MODIFIED TRAILING EDGE THICKNESS     0.99900     0.43519
 XIN,   MODIFIED TRAILING EDGE THICKNESS     0.99944     0.33013
 XIN,   MODIFIED TRAILING EDGE THICKNESS     0.99975     0.22186
 XIN,   MODIFIED TRAILING EDGE THICKNESS     0.99994     0.11144
 XIN,   MODIFIED TRAILING EDGE THICKNESS     1.00000     0.00000

  POINTS NEARLY PERPENDICULAR TO THE CENTRE LINE BEFORE THINNING 
        N        XUPP      YUPP        XLOW        YLOW 
         1    -0.00427     0.00747     0.00453    -0.00792
         2    -0.00421     0.00751     0.00459    -0.00789
         3    -0.00403     0.00762     0.00478    -0.00779
         4    -0.00372     0.00782     0.00510    -0.00763
         5    -0.00330     0.00809     0.00555    -0.00741
         6    -0.00275     0.00844     0.00612    -0.00712
         7    -0.00208     0.00887     0.00682    -0.00677
         8    -0.00129     0.00937     0.00765    -0.00636
         9    -0.00038     0.00996     0.00861    -0.00589
        10     0.00065     0.01061     0.00969    -0.00535
        11     0.00181     0.01135     0.01089    -0.00475
        12     0.00308     0.01216     0.01223    -0.00410
        13     0.00447     0.01304     0.01368    -0.00338
        14     0.00599     0.01399     0.01527    -0.00260
        15     0.00762     0.01502     0.01697    -0.00177
        16     0.00937     0.01612     0.01880    -0.00088
        17     0.01124     0.01729     0.02076     0.00007
        18     0.01323     0.01852     0.02284     0.00107
        19     0.01534     0.01983     0.02504     0.00213
        20     0.01757     0.02120     0.02736     0.00323
        21     0.01991     0.02263     0.02980     0.00439
        22     0.02237     0.02413     0.03236     0.00560
        23     0.02494     0.02570     0.03504     0.00686
        24     0.02764     0.02732     0.03784     0.00817
        25     0.03044     0.02900     0.04076     0.00953
        26     0.03336     0.03074     0.04379     0.01093
        27     0.03640     0.03254     0.04694     0.01237
        28     0.03955     0.03439     0.05020     0.01386
        29     0.04281     0.03629     0.05358     0.01539
        30     0.04618     0.03824     0.05708     0.01696
        31     0.04967     0.04025     0.06068     0.01857
        32     0.05326     0.04230     0.06439     0.02021
        33     0.05697     0.04440     0.06822     0.02189
        34     0.06078     0.04654     0.07215     0.02360
        35     0.06470     0.04872     0.07620     0.02535
        36     0.06873     0.05095     0.08035     0.02713
        37     0.07287     0.05321     0.08460     0.02893
        38     0.07711     0.05551     0.08896     0.03077
        39     0.08146     0.05785     0.09342     0.03263
        40     0.08590     0.06022     0.09798     0.03452
        41     0.09046     0.06262     0.10265     0.03643
        42     0.09511     0.06505     0.10741     0.03836
        43     0.09987     0.06750     0.11227     0.04031
        44     0.10472     0.06998     0.11723     0.04229
        45     0.10967     0.07249     0.12228     0.04428
        46     0.11472     0.07502     0.12743     0.04629
        47     0.11987     0.07756     0.13267     0.04831
        48     0.12511     0.08013     0.13800     0.05035
        49     0.13045     0.08271     0.14342     0.05240
        50     0.13587     0.08531     0.14893     0.05446
        51     0.14139     0.08792     0.15452     0.05653
        52     0.14700     0.09054     0.16020     0.05861
        53     0.15270     0.09316     0.16597     0.06070
        54     0.15849     0.09580     0.17181     0.06279
        55     0.16436     0.09844     0.17774     0.06489
        56     0.17031     0.10109     0.18375     0.06700
        57     0.17635     0.10374     0.18983     0.06911
        58     0.18247     0.10638     0.19599     0.07122
        59     0.18867     0.10903     0.20223     0.07333
        60     0.19496     0.11168     0.20854     0.07544
        61     0.20131     0.11432     0.21491     0.07755
        62     0.20775     0.11695     0.22136     0.07966
        63     0.21425     0.11958     0.22788     0.08177
        64     0.22084     0.12220     0.23446     0.08387
        65     0.22749     0.12480     0.24111     0.08597
        66     0.23421     0.12740     0.24782     0.08807
        67     0.24100     0.13000     0.25459     0.09015
        68     0.24785     0.13257     0.26142     0.09222
        69     0.25477     0.13513     0.26831     0.09429
        70     0.26176     0.13766     0.27526     0.09636
        71     0.26880     0.14018     0.28226     0.09841
        72     0.27590     0.14268     0.28931     0.10046
        73     0.28306     0.14516     0.29641     0.10249
        74     0.29028     0.14761     0.30356     0.10451
        75     0.29756     0.15005     0.31075     0.10652
        76     0.30489     0.15245     0.31799     0.10851
        77     0.31227     0.15483     0.32528     0.11048
        78     0.31969     0.15718     0.33260     0.11244
        79     0.32717     0.15950     0.33997     0.11438
        80     0.33469     0.16179     0.34737     0.11631
        81     0.34225     0.16405     0.35481     0.11821
        82     0.34985     0.16627     0.36228     0.12010
        83     0.35749     0.16846     0.36979     0.12197
        84     0.36517     0.17062     0.37733     0.12382
        85     0.37289     0.17274     0.38489     0.12565
        86     0.38063     0.17482     0.39249     0.12746
        87     0.38841     0.17687     0.40011     0.12925
        88     0.39622     0.17887     0.40775     0.13102
        89     0.40405     0.18084     0.41542     0.13276
        90     0.41192     0.18277     0.42310     0.13449
        91     0.41980     0.18466     0.43081     0.13619
        92     0.42770     0.18651     0.43853     0.13787
        93     0.43563     0.18832     0.44626     0.13952
        94     0.44357     0.19008     0.45401     0.14116
        95     0.45152     0.19180     0.46177     0.14276
        96     0.45949     0.19348     0.46953     0.14435
        97     0.46747     0.19512     0.47731     0.14591
        98     0.47546     0.19671     0.48509     0.14744
        99     0.48345     0.19826     0.49287     0.14896
       100     0.49145     0.19976     0.50065     0.15044
       101     0.49945     0.20123     0.50844     0.15190
       102     0.50745     0.20264     0.51622     0.15334
       103     0.51546     0.20401     0.52399     0.15474
       104     0.52345     0.20534     0.53176     0.15613
       105     0.53144     0.20661     0.53953     0.15748
       106     0.53943     0.20785     0.54728     0.15881
       107     0.54740     0.20903     0.55502     0.16011
       108     0.55536     0.21017     0.56275     0.16139
       109     0.56331     0.21127     0.57046     0.16264
       110     0.57124     0.21231     0.57816     0.16386
       111     0.57915     0.21332     0.58584     0.16506
       112     0.58704     0.21427     0.59350     0.16622
       113     0.59491     0.21518     0.60113     0.16737
       114     0.60275     0.21605     0.60875     0.16848
       115     0.61057     0.21687     0.61633     0.16957
       116     0.61836     0.21765     0.62389     0.17063
       117     0.62611     0.21839     0.63142     0.17167
       118     0.63383     0.21908     0.63892     0.17268
       119     0.64152     0.21972     0.64639     0.17367
       120     0.64917     0.22033     0.65382     0.17463
       121     0.65678     0.22089     0.66122     0.17556
       122     0.66435     0.22141     0.66857     0.17647
       123     0.67188     0.22189     0.67589     0.17735
       124     0.67936     0.22234     0.68317     0.17821
       125     0.68680     0.22274     0.69040     0.17904
       126     0.69419     0.22310     0.69759     0.17985
       127     0.70152     0.22342     0.70473     0.18063
       128     0.70880     0.22371     0.71182     0.18139
       129     0.71603     0.22396     0.71886     0.18213
       130     0.72321     0.22418     0.72585     0.18284
       131     0.73032     0.22436     0.73278     0.18353
       132     0.73737     0.22450     0.73966     0.18419
       133     0.74437     0.22462     0.74649     0.18484
       134     0.75130     0.22470     0.75325     0.18546
       135     0.75816     0.22474     0.75996     0.18606
       136     0.76496     0.22476     0.76660     0.18664
       137     0.77168     0.22475     0.77317     0.18719
       138     0.77834     0.22471     0.77969     0.18773
       139     0.78493     0.22465     0.78613     0.18824
       140     0.79144     0.22455     0.79251     0.18874
       141     0.79787     0.22443     0.79882     0.18921
       142     0.80423     0.22429     0.80505     0.18967
       143     0.81051     0.22412     0.81121     0.19011
       144     0.81671     0.22393     0.81730     0.19053
       145     0.82283     0.22372     0.82331     0.19093
       146     0.82887     0.22349     0.82924     0.19131
       147     0.83482     0.22323     0.83509     0.19168
       148     0.84069     0.22296     0.84086     0.19203
       149     0.84646     0.22268     0.84655     0.19236
       150     0.85215     0.22237     0.85216     0.19268
       151     0.85775     0.22206     0.85768     0.19297
       152     0.86326     0.22173     0.86311     0.19326
       153     0.86867     0.22138     0.86845     0.19353
       154     0.87400     0.22102     0.87371     0.19379
       155     0.87922     0.22065     0.87887     0.19403
       156     0.88435     0.22028     0.88395     0.19426
       157     0.88938     0.21989     0.88892     0.19448
       158     0.89431     0.21949     0.89381     0.19468
       159     0.89914     0.21909     0.89859     0.19488
       160     0.90387     0.21868     0.90328     0.19506
       161     0.90850     0.21826     0.90787     0.19523
       162     0.91303     0.21785     0.91236     0.19539
       163     0.91745     0.21743     0.91675     0.19554
       164     0.92176     0.21701     0.92104     0.19568
       165     0.92597     0.21658     0.92523     0.19581
       166     0.93007     0.21616     0.92930     0.19593
       167     0.93406     0.21574     0.93328     0.19604
       168     0.93794     0.21532     0.93714     0.19615
       169     0.94171     0.21490     0.94090     0.19624
       170     0.94537     0.21449     0.94455     0.19633
       171     0.94892     0.21408     0.94809     0.19641
       172     0.95236     0.21368     0.95152     0.19649
       173     0.95568     0.21328     0.95484     0.19656
       174     0.95889     0.21289     0.95805     0.19662
       175     0.96198     0.21251     0.96114     0.19668
       176     0.96496     0.21214     0.96412     0.19673
       177     0.96782     0.21177     0.96698     0.19678
       178     0.97056     0.21142     0.96973     0.19682
       179     0.97319     0.21108     0.97236     0.19686
       180     0.97570     0.21074     0.97487     0.19689
       181     0.97808     0.21042     0.97726     0.19692
       182     0.98035     0.21012     0.97954     0.19695
       183     0.98250     0.20982     0.98169     0.19698
       184     0.98453     0.20954     0.98373     0.19700
       185     0.98644     0.20928     0.98565     0.19702
       186     0.98823     0.20903     0.98744     0.19703
       187     0.98990     0.20879     0.98911     0.19705
       188     0.99144     0.20857     0.99066     0.19706
       189     0.99286     0.20837     0.99209     0.19707
       190     0.99416     0.20818     0.99340     0.19708
       191     0.99534     0.20801     0.99458     0.19709
       192     0.99639     0.20786     0.99564     0.19710
       193     0.99732     0.20772     0.99658     0.19710
       194     0.99813     0.20760     0.99739     0.19711
       195     0.99881     0.20750     0.99807     0.19711
       196     0.99937     0.20742     0.99863     0.19712
       197     0.99980     0.20736     0.99907     0.19712
       198     1.00011     0.20731     0.99938     0.19712
       199     1.00030     0.20728     0.99957     0.19712
       200     1.00036     0.20727     0.99963     0.19712
  COORDINATES GOING ROUND THE BLADE AFTER ANY ROTATION
     N        XSURF        YSURF 
         1    -0.00008     0.00015
         2    -0.00023     0.00055
         3    -0.00047     0.00140
         4    -0.00057     0.00230
         5    -0.00054     0.00326
         6    -0.00037     0.00427
         7    -0.00007     0.00533
         8     0.00039     0.00643
         9     0.00098     0.00756
        10     0.00173     0.00872
        11     0.00262     0.00990
        12     0.00367     0.01110
        13     0.00488     0.01231
        14     0.00624     0.01353
        15     0.00776     0.01476
        16     0.00944     0.01600
        17     0.01126     0.01725
        18     0.01324     0.01852
        19     0.01534     0.01983
        20     0.01757     0.02120
        21     0.01991     0.02263
        22     0.02237     0.02413
        23     0.02494     0.02570
        24     0.02764     0.02732
        25     0.03044     0.02900
        26     0.03336     0.03074
        27     0.03640     0.03254
        28     0.03955     0.03439
        29     0.04281     0.03629
        30     0.04618     0.03824
        31     0.04967     0.04025
        32     0.05326     0.04230
        33     0.05697     0.04440
        34     0.06078     0.04654
        35     0.06470     0.04872
        36     0.06873     0.05095
        37     0.07287     0.05321
        38     0.07711     0.05551
        39     0.08146     0.05785
        40     0.08590     0.06022
        41     0.09046     0.06262
        42     0.09511     0.06505
        43     0.09987     0.06750
        44     0.10472     0.06998
        45     0.10967     0.07249
        46     0.11472     0.07502
        47     0.11987     0.07756
        48     0.12511     0.08013
        49     0.13045     0.08271
        50     0.13587     0.08531
        51     0.14139     0.08792
        52     0.14700     0.09054
        53     0.15270     0.09316
        54     0.15849     0.09580
        55     0.16436     0.09844
        56     0.17031     0.10109
        57     0.17635     0.10374
        58     0.18247     0.10638
        59     0.18867     0.10903
        60     0.19496     0.11168
        61     0.20131     0.11432
        62     0.20775     0.11695
        63     0.21425     0.11958
        64     0.22084     0.12220
        65     0.22749     0.12480
        66     0.23421     0.12740
        67     0.24100     0.13000
        68     0.24785     0.13257
        69     0.25477     0.13513
        70     0.26176     0.13766
        71     0.26880     0.14018
        72     0.27590     0.14268
        73     0.28306     0.14516
        74     0.29028     0.14761
        75     0.29756     0.15005
        76     0.30489     0.15245
        77     0.31227     0.15483
        78     0.31969     0.15718
        79     0.32717     0.15950
        80     0.33469     0.16179
        81     0.34225     0.16405
        82     0.34985     0.16627
        83     0.35749     0.16846
        84     0.36517     0.17062
        85     0.37289     0.17274
        86     0.38063     0.17482
        87     0.38841     0.17687
        88     0.39622     0.17887
        89     0.40405     0.18084
        90     0.41192     0.18277
        91     0.41980     0.18466
        92     0.42770     0.18651
        93     0.43563     0.18832
        94     0.44357     0.19008
        95     0.45152     0.19180
        96     0.45949     0.19348
        97     0.46747     0.19512
        98     0.47546     0.19671
        99     0.48345     0.19826
       100     0.49145     0.19976
       101     0.49945     0.20123
       102     0.50745     0.20264
       103     0.51546     0.20401
       104     0.52345     0.20534
       105     0.53144     0.20661
       106     0.53943     0.20785
       107     0.54740     0.20903
       108     0.55536     0.21017
       109     0.56331     0.21127
       110     0.57124     0.21231
       111     0.57915     0.21332
       112     0.58704     0.21427
       113     0.59491     0.21518
       114     0.60275     0.21605
       115     0.61057     0.21687
       116     0.61836     0.21765
       117     0.62611     0.21839
       118     0.63383     0.21908
       119     0.64152     0.21972
       120     0.64917     0.22033
       121     0.65678     0.22089
       122     0.66435     0.22141
       123     0.67188     0.22189
       124     0.67936     0.22234
       125     0.68680     0.22274
       126     0.69419     0.22310
       127     0.70152     0.22342
       128     0.70880     0.22371
       129     0.71603     0.22396
       130     0.72321     0.22418
       131     0.73032     0.22436
       132     0.73737     0.22450
       133     0.74437     0.22462
       134     0.75130     0.22470
       135     0.75816     0.22474
       136     0.76496     0.22476
       137     0.77168     0.22475
       138     0.77834     0.22471
       139     0.78493     0.22465
       140     0.79144     0.22455
       141     0.79787     0.22443
       142     0.80423     0.22429
       143     0.81051     0.22412
       144     0.81671     0.22393
       145     0.82283     0.22372
       146     0.82887     0.22349
       147     0.83482     0.22323
       148     0.84069     0.22296
       149     0.84646     0.22268
       150     0.85215     0.22237
       151     0.85775     0.22206
       152     0.86326     0.22173
       153     0.86867     0.22138
       154     0.87400     0.22102
       155     0.87922     0.22065
       156     0.88435     0.22028
       157     0.88938     0.21989
       158     0.89431     0.21949
       159     0.89914     0.21909
       160     0.90387     0.21868
       161     0.90850     0.21826
       162     0.91303     0.21785
       163     0.91744     0.21743
       164     0.92176     0.21701
       165     0.92597     0.21658
       166     0.93007     0.21616
       167     0.93406     0.21574
       168     0.93794     0.21532
       169     0.94171     0.21490
       170     0.94537     0.21449
       171     0.94892     0.21408
       172     0.95236     0.21368
       173     0.95568     0.21328
       174     0.95889     0.21289
       175     0.96198     0.21251
       176     0.96496     0.21214
       177     0.96782     0.21177
       178     0.97056     0.21142
       179     0.97319     0.21108
       180     0.97570     0.21074
       181     0.97808     0.21042
       182     0.98035     0.21012
       183     0.98250     0.20982
       184     0.98453     0.20954
       185     0.98644     0.20928
       186     0.98823     0.20903
       187     0.98990     0.20879
       188     0.99144     0.20854
       189     0.99285     0.20819
       190     0.99413     0.20777
       191     0.99529     0.20729
       192     0.99632     0.20677
       193     0.99722     0.20623
       194     0.99799     0.20567
       195     0.99864     0.20509
       196     0.99916     0.20451
       197     0.99956     0.20393
       198     0.99983     0.20334
       199     0.99998     0.20277
       200     1.00002     0.20248
       201     0.99998     0.20191
       202     0.99990     0.20163
       203     0.99967     0.20108
       204     0.99932     0.20055
       205     0.99884     0.20003
       206     0.99824     0.19952
       207     0.99752     0.19905
       208     0.99668     0.19860
       209     0.99572     0.19818
       210     0.99463     0.19781
       211     0.99343     0.19750
       212     0.99211     0.19725
       213     0.99067     0.19709
       214     0.98911     0.19705
       215     0.98744     0.19703
       216     0.98565     0.19702
       217     0.98373     0.19700
       218     0.98169     0.19698
       219     0.97954     0.19695
       220     0.97726     0.19692
       221     0.97487     0.19689
       222     0.97236     0.19686
       223     0.96973     0.19682
       224     0.96698     0.19678
       225     0.96412     0.19673
       226     0.96114     0.19668
       227     0.95805     0.19662
       228     0.95484     0.19656
       229     0.95152     0.19649
       230     0.94809     0.19641
       231     0.94455     0.19633
       232     0.94090     0.19624
       233     0.93714     0.19615
       234     0.93328     0.19604
       235     0.92930     0.19593
       236     0.92523     0.19581
       237     0.92104     0.19568
       238     0.91675     0.19554
       239     0.91236     0.19539
       240     0.90787     0.19523
       241     0.90328     0.19506
       242     0.89859     0.19488
       243     0.89381     0.19468
       244     0.88892     0.19448
       245     0.88395     0.19426
       246     0.87887     0.19403
       247     0.87371     0.19379
       248     0.86845     0.19353
       249     0.86311     0.19326
       250     0.85768     0.19297
       251     0.85216     0.19268
       252     0.84655     0.19236
       253     0.84086     0.19203
       254     0.83509     0.19168
       255     0.82924     0.19131
       256     0.82331     0.19093
       257     0.81730     0.19053
       258     0.81121     0.19011
       259     0.80505     0.18967
       260     0.79882     0.18921
       261     0.79251     0.18874
       262     0.78613     0.18824
       263     0.77969     0.18773
       264     0.77317     0.18719
       265     0.76660     0.18664
       266     0.75996     0.18606
       267     0.75325     0.18546
       268     0.74649     0.18484
       269     0.73966     0.18419
       270     0.73278     0.18353
       271     0.72585     0.18284
       272     0.71886     0.18213
       273     0.71182     0.18139
       274     0.70473     0.18063
       275     0.69759     0.17985
       276     0.69040     0.17904
       277     0.68317     0.17821
       278     0.67589     0.17735
       279     0.66857     0.17647
       280     0.66122     0.17556
       281     0.65382     0.17463
       282     0.64639     0.17367
       283     0.63892     0.17268
       284     0.63142     0.17167
       285     0.62389     0.17063
       286     0.61633     0.16957
       287     0.60875     0.16848
       288     0.60113     0.16737
       289     0.59350     0.16622
       290     0.58584     0.16506
       291     0.57816     0.16386
       292     0.57046     0.16264
       293     0.56275     0.16139
       294     0.55502     0.16011
       295     0.54728     0.15881
       296     0.53953     0.15748
       297     0.53176     0.15613
       298     0.52399     0.15474
       299     0.51622     0.15334
       300     0.50844     0.15190
       301     0.50065     0.15044
       302     0.49287     0.14896
       303     0.48509     0.14744
       304     0.47731     0.14591
       305     0.46953     0.14435
       306     0.46177     0.14276
       307     0.45401     0.14116
       308     0.44626     0.13952
       309     0.43853     0.13787
       310     0.43081     0.13619
       311     0.42310     0.13449
       312     0.41542     0.13276
       313     0.40775     0.13102
       314     0.40011     0.12925
       315     0.39249     0.12746
       316     0.38489     0.12565
       317     0.37733     0.12382
       318     0.36979     0.12197
       319     0.36228     0.12010
       320     0.35481     0.11821
       321     0.34737     0.11631
       322     0.33997     0.11438
       323     0.33260     0.11244
       324     0.32528     0.11048
       325     0.31799     0.10851
       326     0.31075     0.10652
       327     0.30356     0.10451
       328     0.29641     0.10249
       329     0.28931     0.10046
       330     0.28226     0.09841
       331     0.27526     0.09636
       332     0.26831     0.09429
       333     0.26142     0.09222
       334     0.25459     0.09015
       335     0.24782     0.08807
       336     0.24111     0.08597
       337     0.23446     0.08387
       338     0.22788     0.08177
       339     0.22136     0.07966
       340     0.21491     0.07755
       341     0.20854     0.07544
       342     0.20223     0.07333
       343     0.19599     0.07122
       344     0.18983     0.06911
       345     0.18375     0.06700
       346     0.17774     0.06489
       347     0.17181     0.06279
       348     0.16597     0.06070
       349     0.16020     0.05861
       350     0.15452     0.05653
       351     0.14893     0.05446
       352     0.14342     0.05240
       353     0.13800     0.05035
       354     0.13267     0.04831
       355     0.12743     0.04629
       356     0.12228     0.04428
       357     0.11723     0.04229
       358     0.11227     0.04031
       359     0.10741     0.03836
       360     0.10265     0.03643
       361     0.09798     0.03452
       362     0.09342     0.03263
       363     0.08896     0.03077
       364     0.08460     0.02893
       365     0.08035     0.02713
       366     0.07620     0.02535
       367     0.07215     0.02360
       368     0.06822     0.02189
       369     0.06439     0.02021
       370     0.06068     0.01857
       371     0.05708     0.01696
       372     0.05358     0.01539
       373     0.05020     0.01386
       374     0.04694     0.01237
       375     0.04379     0.01093
       376     0.04076     0.00953
       377     0.03784     0.00817
       378     0.03504     0.00686
       379     0.03236     0.00560
       380     0.02980     0.00439
       381     0.02736     0.00323
       382     0.02504     0.00213
       383     0.02283     0.00107
       384     0.02074     0.00011
       385     0.01874    -0.00076
       386     0.01683    -0.00151
       387     0.01501    -0.00215
       388     0.01328    -0.00265
       389     0.01163    -0.00304
       390     0.01008    -0.00331
       391     0.00861    -0.00345
       392     0.00725    -0.00349
       393     0.00598    -0.00341
       394     0.00481    -0.00323
       395     0.00375    -0.00296
       396     0.00279    -0.00258
       397     0.00195    -0.00211
       398     0.00122    -0.00156
       399     0.00062    -0.00093
       400     0.00034    -0.00060
  LEADING EDGE POINT =            4  TE POINT =         200

  NO OF SUCT S POINTS         197  NO PRESS S POINTS         205
  XMIN,XMAX, XCHORD    -5.72250923E-04   1.00001836       1.00059056    

   SUCTION SURFACE POINTS FROM LE TO TE.
         1    -0.00057     0.00230
         2    -0.00054     0.00326
         3    -0.00037     0.00427
         4    -0.00007     0.00533
         5     0.00039     0.00643
         6     0.00098     0.00756
         7     0.00173     0.00872
         8     0.00262     0.00990
         9     0.00367     0.01110
        10     0.00488     0.01231
        11     0.00624     0.01353
        12     0.00776     0.01476
        13     0.00944     0.01600
        14     0.01126     0.01725
        15     0.01324     0.01852
        16     0.01534     0.01983
        17     0.01757     0.02120
        18     0.01991     0.02263
        19     0.02237     0.02413
        20     0.02494     0.02570
        21     0.02764     0.02732
        22     0.03044     0.02900
        23     0.03336     0.03074
        24     0.03640     0.03254
        25     0.03955     0.03439
        26     0.04281     0.03629
        27     0.04618     0.03824
        28     0.04967     0.04025
        29     0.05326     0.04230
        30     0.05697     0.04440
        31     0.06078     0.04654
        32     0.06470     0.04872
        33     0.06873     0.05095
        34     0.07287     0.05321
        35     0.07711     0.05551
        36     0.08146     0.05785
        37     0.08590     0.06022
        38     0.09046     0.06262
        39     0.09511     0.06505
        40     0.09987     0.06750
        41     0.10472     0.06998
        42     0.10967     0.07249
        43     0.11472     0.07502
        44     0.11987     0.07756
        45     0.12511     0.08013
        46     0.13045     0.08271
        47     0.13587     0.08531
        48     0.14139     0.08792
        49     0.14700     0.09054
        50     0.15270     0.09316
        51     0.15849     0.09580
        52     0.16436     0.09844
        53     0.17031     0.10109
        54     0.17635     0.10374
        55     0.18247     0.10638
        56     0.18867     0.10903
        57     0.19496     0.11168
        58     0.20131     0.11432
        59     0.20775     0.11695
        60     0.21425     0.11958
        61     0.22084     0.12220
        62     0.22749     0.12480
        63     0.23421     0.12740
        64     0.24100     0.13000
        65     0.24785     0.13257
        66     0.25477     0.13513
        67     0.26176     0.13766
        68     0.26880     0.14018
        69     0.27590     0.14268
        70     0.28306     0.14516
        71     0.29028     0.14761
        72     0.29756     0.15005
        73     0.30489     0.15245
        74     0.31227     0.15483
        75     0.31969     0.15718
        76     0.32717     0.15950
        77     0.33469     0.16179
        78     0.34225     0.16405
        79     0.34985     0.16627
        80     0.35749     0.16846
        81     0.36517     0.17062
        82     0.37289     0.17274
        83     0.38063     0.17482
        84     0.38841     0.17687
        85     0.39622     0.17887
        86     0.40405     0.18084
        87     0.41192     0.18277
        88     0.41980     0.18466
        89     0.42770     0.18651
        90     0.43563     0.18832
        91     0.44357     0.19008
        92     0.45152     0.19180
        93     0.45949     0.19348
        94     0.46747     0.19512
        95     0.47546     0.19671
        96     0.48345     0.19826
        97     0.49145     0.19976
        98     0.49945     0.20123
        99     0.50745     0.20264
       100     0.51546     0.20401
       101     0.52345     0.20534
       102     0.53144     0.20661
       103     0.53943     0.20785
       104     0.54740     0.20903
       105     0.55536     0.21017
       106     0.56331     0.21127
       107     0.57124     0.21231
       108     0.57915     0.21332
       109     0.58704     0.21427
       110     0.59491     0.21518
       111     0.60275     0.21605
       112     0.61057     0.21687
       113     0.61836     0.21765
       114     0.62611     0.21839
       115     0.63383     0.21908
       116     0.64152     0.21972
       117     0.64917     0.22033
       118     0.65678     0.22089
       119     0.66435     0.22141
       120     0.67188     0.22189
       121     0.67936     0.22234
       122     0.68680     0.22274
       123     0.69419     0.22310
       124     0.70152     0.22342
       125     0.70880     0.22371
       126     0.71603     0.22396
       127     0.72321     0.22418
       128     0.73032     0.22436
       129     0.73737     0.22450
       130     0.74437     0.22462
       131     0.75130     0.22470
       132     0.75816     0.22474
       133     0.76496     0.22476
       134     0.77168     0.22475
       135     0.77834     0.22471
       136     0.78493     0.22465
       137     0.79144     0.22455
       138     0.79787     0.22443
       139     0.80423     0.22429
       140     0.81051     0.22412
       141     0.81671     0.22393
       142     0.82283     0.22372
       143     0.82887     0.22349
       144     0.83482     0.22323
       145     0.84069     0.22296
       146     0.84646     0.22268
       147     0.85215     0.22237
       148     0.85775     0.22206
       149     0.86326     0.22173
       150     0.86867     0.22138
       151     0.87400     0.22102
       152     0.87922     0.22065
       153     0.88435     0.22028
       154     0.88938     0.21989
       155     0.89431     0.21949
       156     0.89914     0.21909
       157     0.90387     0.21868
       158     0.90850     0.21826
       159     0.91303     0.21785
       160     0.91744     0.21743
       161     0.92176     0.21701
       162     0.92597     0.21658
       163     0.93007     0.21616
       164     0.93406     0.21574
       165     0.93794     0.21532
       166     0.94171     0.21490
       167     0.94537     0.21449
       168     0.94892     0.21408
       169     0.95236     0.21368
       170     0.95568     0.21328
       171     0.95889     0.21289
       172     0.96198     0.21251
       173     0.96496     0.21214
       174     0.96782     0.21177
       175     0.97056     0.21142
       176     0.97319     0.21108
       177     0.97570     0.21074
       178     0.97808     0.21042
       179     0.98035     0.21012
       180     0.98250     0.20982
       181     0.98453     0.20954
       182     0.98644     0.20928
       183     0.98823     0.20903
       184     0.98990     0.20879
       185     0.99144     0.20854
       186     0.99285     0.20819
       187     0.99413     0.20777
       188     0.99529     0.20729
       189     0.99632     0.20677
       190     0.99722     0.20623
       191     0.99799     0.20567
       192     0.99864     0.20509
       193     0.99916     0.20451
       194     0.99956     0.20393
       195     0.99983     0.20334
       196     0.99998     0.20277
       197     1.00002     0.20248

   PRESSURE SURFACE POINTS FROM LE TO TE.
         1    -0.00057     0.00230
         2    -0.00047     0.00140
         3    -0.00023     0.00055
         4    -0.00008     0.00015
         5     0.00034    -0.00060
         6     0.00062    -0.00093
         7     0.00122    -0.00156
         8     0.00195    -0.00211
         9     0.00279    -0.00258
        10     0.00375    -0.00296
        11     0.00481    -0.00323
        12     0.00598    -0.00341
        13     0.00725    -0.00349
        14     0.00861    -0.00345
        15     0.01008    -0.00331
        16     0.01163    -0.00304
        17     0.01328    -0.00265
        18     0.01501    -0.00215
        19     0.01683    -0.00151
        20     0.01874    -0.00076
        21     0.02074     0.00011
        22     0.02283     0.00107
        23     0.02504     0.00213
        24     0.02736     0.00323
        25     0.02980     0.00439
        26     0.03236     0.00560
        27     0.03504     0.00686
        28     0.03784     0.00817
        29     0.04076     0.00953
        30     0.04379     0.01093
        31     0.04694     0.01237
        32     0.05020     0.01386
        33     0.05358     0.01539
        34     0.05708     0.01696
        35     0.06068     0.01857
        36     0.06439     0.02021
        37     0.06822     0.02189
        38     0.07215     0.02360
        39     0.07620     0.02535
        40     0.08035     0.02713
        41     0.08460     0.02893
        42     0.08896     0.03077
        43     0.09342     0.03263
        44     0.09798     0.03452
        45     0.10265     0.03643
        46     0.10741     0.03836
        47     0.11227     0.04031
        48     0.11723     0.04229
        49     0.12228     0.04428
        50     0.12743     0.04629
        51     0.13267     0.04831
        52     0.13800     0.05035
        53     0.14342     0.05240
        54     0.14893     0.05446
        55     0.15452     0.05653
        56     0.16020     0.05861
        57     0.16597     0.06070
        58     0.17181     0.06279
        59     0.17774     0.06489
        60     0.18375     0.06700
        61     0.18983     0.06911
        62     0.19599     0.07122
        63     0.20223     0.07333
        64     0.20854     0.07544
        65     0.21491     0.07755
        66     0.22136     0.07966
        67     0.22788     0.08177
        68     0.23446     0.08387
        69     0.24111     0.08597
        70     0.24782     0.08807
        71     0.25459     0.09015
        72     0.26142     0.09222
        73     0.26831     0.09429
        74     0.27526     0.09636
        75     0.28226     0.09841
        76     0.28931     0.10046
        77     0.29641     0.10249
        78     0.30356     0.10451
        79     0.31075     0.10652
        80     0.31799     0.10851
        81     0.32528     0.11048
        82     0.33260     0.11244
        83     0.33997     0.11438
        84     0.34737     0.11631
        85     0.35481     0.11821
        86     0.36228     0.12010
        87     0.36979     0.12197
        88     0.37733     0.12382
        89     0.38489     0.12565
        90     0.39249     0.12746
        91     0.40011     0.12925
        92     0.40775     0.13102
        93     0.41542     0.13276
        94     0.42310     0.13449
        95     0.43081     0.13619
        96     0.43853     0.13787
        97     0.44626     0.13952
        98     0.45401     0.14116
        99     0.46177     0.14276
       100     0.46953     0.14435
       101     0.47731     0.14591
       102     0.48509     0.14744
       103     0.49287     0.14896
       104     0.50065     0.15044
       105     0.50844     0.15190
       106     0.51622     0.15334
       107     0.52399     0.15474
       108     0.53176     0.15613
       109     0.53953     0.15748
       110     0.54728     0.15881
       111     0.55502     0.16011
       112     0.56275     0.16139
       113     0.57046     0.16264
       114     0.57816     0.16386
       115     0.58584     0.16506
       116     0.59350     0.16622
       117     0.60113     0.16737
       118     0.60875     0.16848
       119     0.61633     0.16957
       120     0.62389     0.17063
       121     0.63142     0.17167
       122     0.63892     0.17268
       123     0.64639     0.17367
       124     0.65382     0.17463
       125     0.66122     0.17556
       126     0.66857     0.17647
       127     0.67589     0.17735
       128     0.68317     0.17821
       129     0.69040     0.17904
       130     0.69759     0.17985
       131     0.70473     0.18063
       132     0.71182     0.18139
       133     0.71886     0.18213
       134     0.72585     0.18284
       135     0.73278     0.18353
       136     0.73966     0.18419
       137     0.74649     0.18484
       138     0.75325     0.18546
       139     0.75996     0.18606
       140     0.76660     0.18664
       141     0.77317     0.18719
       142     0.77969     0.18773
       143     0.78613     0.18824
       144     0.79251     0.18874
       145     0.79882     0.18921
       146     0.80505     0.18967
       147     0.81121     0.19011
       148     0.81730     0.19053
       149     0.82331     0.19093
       150     0.82924     0.19131
       151     0.83509     0.19168
       152     0.84086     0.19203
       153     0.84655     0.19236
       154     0.85216     0.19268
       155     0.85768     0.19297
       156     0.86311     0.19326
       157     0.86845     0.19353
       158     0.87371     0.19379
       159     0.87887     0.19403
       160     0.88395     0.19426
       161     0.88892     0.19448
       162     0.89381     0.19468
       163     0.89859     0.19488
       164     0.90328     0.19506
       165     0.90787     0.19523
       166     0.91236     0.19539
       167     0.91675     0.19554
       168     0.92104     0.19568
       169     0.92523     0.19581
       170     0.92930     0.19593
       171     0.93328     0.19604
       172     0.93714     0.19615
       173     0.94090     0.19624
       174     0.94455     0.19633
       175     0.94809     0.19641
       176     0.95152     0.19649
       177     0.95484     0.19656
       178     0.95805     0.19662
       179     0.96114     0.19668
       180     0.96412     0.19673
       181     0.96698     0.19678
       182     0.96973     0.19682
       183     0.97236     0.19686
       184     0.97487     0.19689
       185     0.97726     0.19692
       186     0.97954     0.19695
       187     0.98169     0.19698
       188     0.98373     0.19700
       189     0.98565     0.19702
       190     0.98744     0.19703
       191     0.98911     0.19705
       192     0.99067     0.19709
       193     0.99211     0.19725
       194     0.99343     0.19750
       195     0.99463     0.19781
       196     0.99572     0.19818
       197     0.99668     0.19860
       198     0.99752     0.19905
       199     0.99824     0.19952
       200     0.99884     0.20003
       201     0.99932     0.20055
       202     0.99967     0.20108
       203     0.99990     0.20163
       204     0.99998     0.20191
       205     1.00002     0.20248
  POINTS ON THE BLADE TO BE USED FOR PLOTTING 
  AND FINAL INTERPOLATION 
  N           X          YUP        YLOW        THICK 
    1      0.0000      0.0023      0.0023      0.0000
    2      0.0001      0.0035      0.0018      0.0017
    3      0.0002      0.0044      0.0009      0.0036
    4      0.0006      0.0055      0.0000      0.0054
    5      0.0010      0.0065     -0.0007      0.0072
    6      0.0016      0.0076     -0.0013      0.0089
    7      0.0022      0.0086     -0.0019      0.0105
    8      0.0030      0.0097     -0.0024      0.0121
    9      0.0040      0.0108     -0.0028      0.0136
   10      0.0050      0.0119     -0.0031      0.0150
   11      0.0062      0.0130     -0.0034      0.0164
   12      0.0075      0.0141     -0.0035      0.0176
   13      0.0089      0.0152     -0.0035      0.0187
   14      0.0105      0.0163     -0.0033      0.0196
   15      0.0122      0.0175     -0.0030      0.0205
   16      0.0140      0.0186     -0.0026      0.0212
   17      0.0159      0.0198     -0.0020      0.0218
   18      0.0179      0.0210     -0.0013      0.0224
   19      0.0201      0.0224     -0.0004      0.0228
   20      0.0223      0.0238      0.0006      0.0232
   21      0.0247      0.0252      0.0017      0.0235
   22      0.0272      0.0267      0.0029      0.0238
   23      0.0299      0.0283      0.0042      0.0241
   24      0.0326      0.0299      0.0055      0.0245
   25      0.0355      0.0316      0.0068      0.0248
   26      0.0384      0.0334      0.0082      0.0252
   27      0.0415      0.0352      0.0096      0.0256
   28      0.0447      0.0371      0.0111      0.0260
   29      0.0481      0.0390      0.0126      0.0264
   30      0.0515      0.0410      0.0142      0.0268
   31      0.0550      0.0430      0.0158      0.0272
   32      0.0587      0.0450      0.0174      0.0276
   33      0.0625      0.0471      0.0191      0.0280
   34      0.0663      0.0493      0.0208      0.0285
   35      0.0703      0.0515      0.0226      0.0289
   36      0.0744      0.0537      0.0243      0.0294
   37      0.0786      0.0560      0.0261      0.0299
   38      0.0829      0.0583      0.0280      0.0303
   39      0.0873      0.0606      0.0298      0.0308
   40      0.0918      0.0630      0.0317      0.0313
   41      0.0964      0.0654      0.0336      0.0318
   42      0.1011      0.0678      0.0356      0.0323
   43      0.1059      0.0703      0.0375      0.0328
   44      0.1108      0.0728      0.0395      0.0333
   45      0.1159      0.0753      0.0415      0.0338
   46      0.1210      0.0778      0.0435      0.0343
   47      0.1261      0.0803      0.0456      0.0348
   48      0.1314      0.0829      0.0476      0.0353
   49      0.1368      0.0855      0.0497      0.0358
   50      0.1423      0.0881      0.0518      0.0363
   51      0.1478      0.0906      0.0538      0.0368
   52      0.1535      0.0933      0.0559      0.0373
   53      0.1592      0.0959      0.0580      0.0378
   54      0.1650      0.0985      0.0602      0.0383
   55      0.1709      0.1011      0.0623      0.0388
   56      0.1769      0.1037      0.0644      0.0393
   57      0.1830      0.1063      0.0665      0.0398
   58      0.1891      0.1090      0.0687      0.0403
   59      0.1954      0.1116      0.0708      0.0408
   60      0.2017      0.1142      0.0729      0.0413
   61      0.2080      0.1168      0.0751      0.0417
   62      0.2145      0.1194      0.0772      0.0422
   63      0.2210      0.1220      0.0793      0.0427
   64      0.2276      0.1246      0.0815      0.0431
   65      0.2342      0.1272      0.0836      0.0436
   66      0.2409      0.1297      0.0857      0.0440
   67      0.2477      0.1323      0.0879      0.0444
   68      0.2546      0.1348      0.0900      0.0449
   69      0.2615      0.1373      0.0921      0.0453
   70      0.2684      0.1398      0.0942      0.0457
   71      0.2755      0.1423      0.0962      0.0461
   72      0.2826      0.1448      0.0983      0.0464
   73      0.2897      0.1472      0.1004      0.0468
   74      0.2969      0.1496      0.1024      0.0471
   75      0.3041      0.1520      0.1045      0.0475
   76      0.3114      0.1543      0.1065      0.0478
   77      0.3187      0.1567      0.1085      0.0481
   78      0.3261      0.1590      0.1105      0.0484
   79      0.3335      0.1612      0.1125      0.0487
   80      0.3410      0.1635      0.1145      0.0490
   81      0.3485      0.1657      0.1164      0.0492
   82      0.3560      0.1678      0.1184      0.0495
   83      0.3636      0.1700      0.1203      0.0497
   84      0.3712      0.1721      0.1222      0.0499
   85      0.3789      0.1742      0.1240      0.0501
   86      0.3865      0.1762      0.1259      0.0503
   87      0.3942      0.1782      0.1277      0.0505
   88      0.4020      0.1801      0.1295      0.0506
   89      0.4097      0.1820      0.1313      0.0507
   90      0.4175      0.1839      0.1331      0.0508
   91      0.4253      0.1858      0.1348      0.0509
   92      0.4331      0.1876      0.1365      0.0510
   93      0.4409      0.1893      0.1382      0.0511
   94      0.4488      0.1910      0.1399      0.0511
   95      0.4566      0.1927      0.1416      0.0511
   96      0.4645      0.1943      0.1432      0.0512
   97      0.4724      0.1959      0.1448      0.0511
   98      0.4803      0.1975      0.1464      0.0511
   99      0.4882      0.1990      0.1479      0.0511
  100      0.4961      0.2004      0.1494      0.0510
  101      0.5039      0.2019      0.1509      0.0509
  102      0.5118      0.2032      0.1524      0.0508
  103      0.5197      0.2046      0.1538      0.0507
  104      0.5276      0.2058      0.1553      0.0506
  105      0.5355      0.2071      0.1566      0.0504
  106      0.5434      0.2083      0.1580      0.0503
  107      0.5512      0.2094      0.1593      0.0501
  108      0.5591      0.2105      0.1606      0.0499
  109      0.5669      0.2116      0.1619      0.0497
  110      0.5747      0.2126      0.1632      0.0494
  111      0.5825      0.2136      0.1644      0.0492
  112      0.5903      0.2145      0.1656      0.0489
  113      0.5980      0.2154      0.1668      0.0486
  114      0.6058      0.2162      0.1679      0.0483
  115      0.6135      0.2170      0.1690      0.0480
  116      0.6211      0.2178      0.1701      0.0476
  117      0.6288      0.2185      0.1712      0.0473
  118      0.6364      0.2191      0.1722      0.0469
  119      0.6440      0.2198      0.1732      0.0466
  120      0.6515      0.2204      0.1742      0.0462
  121      0.6590      0.2209      0.1752      0.0457
  122      0.6665      0.2214      0.1761      0.0453
  123      0.6739      0.2219      0.1770      0.0449
  124      0.6813      0.2223      0.1779      0.0444
  125      0.6886      0.2227      0.1787      0.0440
  126      0.6959      0.2230      0.1795      0.0435
  127      0.7031      0.2233      0.1803      0.0430
  128      0.7103      0.2236      0.1811      0.0425
  129      0.7174      0.2239      0.1819      0.0420
  130      0.7245      0.2241      0.1826      0.0415
  131      0.7316      0.2242      0.1833      0.0410
  132      0.7385      0.2244      0.1840      0.0404
  133      0.7454      0.2245      0.1846      0.0399
  134      0.7523      0.2246      0.1852      0.0393
  135      0.7591      0.2246      0.1859      0.0388
  136      0.7658      0.2246      0.1864      0.0382
  137      0.7724      0.2246      0.1870      0.0376
  138      0.7790      0.2246      0.1876      0.0370
  139      0.7855      0.2245      0.1881      0.0364
  140      0.7920      0.2244      0.1886      0.0358
  141      0.7983      0.2243      0.1891      0.0352
  142      0.8046      0.2241      0.1895      0.0346
  143      0.8109      0.2240      0.1900      0.0340
  144      0.8170      0.2238      0.1904      0.0334
  145      0.8231      0.2236      0.1908      0.0328
  146      0.8291      0.2233      0.1912      0.0322
  147      0.8350      0.2231      0.1916      0.0315
  148      0.8408      0.2228      0.1919      0.0309
  149      0.8465      0.2225      0.1922      0.0303
  150      0.8522      0.2222      0.1926      0.0297
  151      0.8577      0.2219      0.1929      0.0291
  152      0.8632      0.2216      0.1931      0.0285
  153      0.8686      0.2213      0.1934      0.0278
  154      0.8739      0.2209      0.1937      0.0272
  155      0.8790      0.2205      0.1939      0.0266
  156      0.8841      0.2202      0.1942      0.0260
  157      0.8892      0.2198      0.1944      0.0254
  158      0.8941      0.2194      0.1946      0.0248
  159      0.8989      0.2190      0.1948      0.0242
  160      0.9036      0.2186      0.1950      0.0236
  161      0.9082      0.2182      0.1951      0.0230
  162      0.9127      0.2178      0.1953      0.0225
  163      0.9171      0.2173      0.1954      0.0219
  164      0.9214      0.2169      0.1956      0.0213
  165      0.9256      0.2165      0.1957      0.0208
  166      0.9297      0.2161      0.1958      0.0203
  167      0.9337      0.2157      0.1959      0.0197
  168      0.9375      0.2152      0.1960      0.0192
  169      0.9413      0.2148      0.1961      0.0187
  170      0.9450      0.2144      0.1962      0.0182
  171      0.9485      0.2140      0.1963      0.0177
  172      0.9519      0.2136      0.1964      0.0172
  173      0.9553      0.2132      0.1964      0.0168
  174      0.9585      0.2128      0.1965      0.0163
  175      0.9616      0.2124      0.1966      0.0159
  176      0.9645      0.2121      0.1966      0.0154
  177      0.9674      0.2117      0.1967      0.0150
  178      0.9701      0.2113      0.1967      0.0146
  179      0.9728      0.2110      0.1967      0.0143
  180      0.9753      0.2107      0.1968      0.0139
  181      0.9777      0.2104      0.1968      0.0135
  182      0.9799      0.2100      0.1968      0.0132
  183      0.9821      0.2098      0.1969      0.0129
  184      0.9841      0.2095      0.1969      0.0126
  185      0.9860      0.2092      0.1969      0.0123
  186      0.9878      0.2090      0.1969      0.0120
  187      0.9895      0.2087      0.1969      0.0118
  188      0.9911      0.2085      0.1970      0.0115
  189      0.9925      0.2082      0.1972      0.0110
  190      0.9938      0.2078      0.1975      0.0103
  191      0.9950      0.2073      0.1978      0.0095
  192      0.9960      0.2068      0.1982      0.0086
  193      0.9970      0.2063      0.1986      0.0076
  194      0.9978      0.2057      0.1991      0.0066
  195      0.9984      0.2051      0.1996      0.0055
  196      0.9990      0.2045      0.2001      0.0044
  197      0.9994      0.2040      0.2006      0.0033
  198      0.9998      0.2034      0.2012      0.0021
  199      0.9999      0.2027      0.2017      0.0010
  200      1.0000      0.2024      0.2024      0.0000
 GRID EXPANSION RATIO UP=    1.11538 DOWN =    1.07955
  AXIAL,TANGENTIAL AND RADIAL COORDINATES ON THE STREAM
  SURFACE BEFORE TRANSFORMING TO R-THETA COORDINATES 
 J, XGRID,YGRID,RGRID            1   3.50251906E-02  -1.13334106E-02  0.288769513    
 J, XGRID,YGRID,RGRID            2   3.73210385E-02  -9.98937991E-03  0.288292527    
 J, XGRID,YGRID,RGRID            3   3.93862166E-02  -8.78437981E-03  0.287906945    
 J, XGRID,YGRID,RGRID            4   4.12438624E-02  -7.70403026E-03  0.287598908    
 J, XGRID,YGRID,RGRID            5   4.29146700E-02  -6.73543569E-03  0.287355661    
 J, XGRID,YGRID,RGRID            6   4.44182195E-02  -5.86703606E-03  0.287166566    
 J, XGRID,YGRID,RGRID            7   4.57726605E-02  -5.08846715E-03  0.287022948    
 J, XGRID,YGRID,RGRID            8   4.69881147E-02  -4.39043576E-03  0.286913097    
 J, XGRID,YGRID,RGRID            9   4.80787084E-02  -3.76461190E-03  0.286830425    
 J, XGRID,YGRID,RGRID           10   4.90571707E-02  -3.20352521E-03  0.286769420    
 J, XGRID,YGRID,RGRID           11   4.99349535E-02  -2.70047947E-03  0.286727488    
 J, XGRID,YGRID,RGRID           12   5.07223606E-02  -2.24947045E-03  0.286700279    
 J, XGRID,YGRID,RGRID           13   5.14286347E-02  -1.84511556E-03  0.286682785    
 J, XGRID,YGRID,RGRID           14   5.20621166E-02  -1.48258859E-03  0.286672533    
 J, XGRID,YGRID,RGRID           15   5.26302643E-02  -1.15756283E-03  0.286667556    
 J, XGRID,YGRID,RGRID           16   5.31397983E-02  -8.66158865E-04  0.286666423    
 J, XGRID,YGRID,RGRID           17   5.35967462E-02  -6.04898785E-04  0.286668003    
 J, XGRID,YGRID,RGRID           18   5.40065318E-02  -3.70664435E-04  0.286671519    
 J, XGRID,YGRID,RGRID           19   5.43739945E-02  -1.60660100E-04  0.286676317    
 J, XGRID,YGRID,RGRID           20   5.47035150E-02   2.76206156E-05  0.286681920    
 J, XGRID,YGRID,RGRID           21   5.49990013E-02   1.96424895E-04  0.286688000    
 J, XGRID,YGRID,RGRID           22   5.52940406E-02   8.41080910E-04  0.286684543    
 J, XGRID,YGRID,RGRID           23   5.56025393E-02   1.13449176E-03  0.286680937    
 J, XGRID,YGRID,RGRID           24   5.59257120E-02   1.37126062E-03  0.286677092    
 J, XGRID,YGRID,RGRID           25   5.62648177E-02   1.58736354E-03  0.286673009    
 J, XGRID,YGRID,RGRID           26   5.66210821E-02   1.80627406E-03  0.286668658    
 J, XGRID,YGRID,RGRID           27   5.69957495E-02   2.03452492E-03  0.286664009    
 J, XGRID,YGRID,RGRID           28   5.73900715E-02   2.27201846E-03  0.286659181    
 J, XGRID,YGRID,RGRID           29   5.78052662E-02   2.51938030E-03  0.286653906    
 J, XGRID,YGRID,RGRID           30   5.82425967E-02   2.77694990E-03  0.286648363    
 J, XGRID,YGRID,RGRID           31   5.87032773E-02   3.04502109E-03  0.286642462    
 J, XGRID,YGRID,RGRID           32   5.91885671E-02   3.32383788E-03  0.286636144    
 J, XGRID,YGRID,RGRID           33   5.96996956E-02   3.61359445E-03  0.286629409    
 J, XGRID,YGRID,RGRID           34   6.02378994E-02   3.91443260E-03  0.286622196    
 J, XGRID,YGRID,RGRID           35   6.08044229E-02   4.22643637E-03  0.286614507    
 J, XGRID,YGRID,RGRID           36   6.14002198E-02   4.54948330E-03  0.286606342    
 J, XGRID,YGRID,RGRID           37   6.20254502E-02   4.88297548E-03  0.286597699    
 J, XGRID,YGRID,RGRID           38   6.26815334E-02   5.22697764E-03  0.286588371    
 J, XGRID,YGRID,RGRID           39   6.33701757E-02   5.58157545E-03  0.286578596    
 J, XGRID,YGRID,RGRID           40   6.40930980E-02   5.94687182E-03  0.286568016    
 J, XGRID,YGRID,RGRID           41   6.48523718E-02   6.32297294E-03  0.286556840    
 J, XGRID,YGRID,RGRID           42   6.56501129E-02   6.70997752E-03  0.286544919    
 J, XGRID,YGRID,RGRID           43   6.64882883E-02   7.10776588E-03  0.286532223    
 J, XGRID,YGRID,RGRID           44   6.73684999E-02   7.51596689E-03  0.286518723    
 J, XGRID,YGRID,RGRID           45   6.82936385E-02   7.93472771E-03  0.286504209    
 J, XGRID,YGRID,RGRID           46   6.92670718E-02   8.36420618E-03  0.286488831    
 J, XGRID,YGRID,RGRID           47   7.02924207E-02   8.80454294E-03  0.286472321    
 J, XGRID,YGRID,RGRID           48   7.13737383E-02   9.25577246E-03  0.286454678    
 J, XGRID,YGRID,RGRID           49   7.25153834E-02   9.71795712E-03  0.286435753    
 J, XGRID,YGRID,RGRID           50   7.37311989E-02   1.01944162E-02  0.286415249    
 J, XGRID,YGRID,RGRID           51   7.50387162E-02   1.06909517E-02  0.286393017    
 J, XGRID,YGRID,RGRID           52   7.64393732E-02   1.12013938E-02  0.286368847    
 J, XGRID,YGRID,RGRID           53   7.79320821E-02   1.17234755E-02  0.286342591    
 J, XGRID,YGRID,RGRID           54   7.95132592E-02   1.22521445E-02  0.286314487    
 J, XGRID,YGRID,RGRID           55   8.11767802E-02   1.27811255E-02  0.286284566    
 J, XGRID,YGRID,RGRID           56   8.29140842E-02   1.33042848E-02  0.286253184    
 J, XGRID,YGRID,RGRID           57   8.46969187E-02   1.38107073E-02  0.286220342    
 J, XGRID,YGRID,RGRID           58   8.64968821E-02   1.42912976E-02  0.286187112    
 J, XGRID,YGRID,RGRID           59   8.83042142E-02   1.47434250E-02  0.286153436    
 J, XGRID,YGRID,RGRID           60   9.01109725E-02   1.51654799E-02  0.286119461    
 J, XGRID,YGRID,RGRID           61   9.19111595E-02   1.55567033E-02  0.286085784    
 J, XGRID,YGRID,RGRID           62   9.37003866E-02   1.59170218E-02  0.286052048    
 J, XGRID,YGRID,RGRID           63   9.54761803E-02   1.62468702E-02  0.286018729    
 J, XGRID,YGRID,RGRID           64   9.72505361E-02   1.65488981E-02  0.285985559    
 J, XGRID,YGRID,RGRID           65   9.90314186E-02   1.68243721E-02  0.285952210    
 J, XGRID,YGRID,RGRID           66  0.100817412       1.70730613E-02  0.285918981    
 J, XGRID,YGRID,RGRID           67  0.102606185       1.72947273E-02  0.285885990    
 J, XGRID,YGRID,RGRID           68  0.104394518       1.74891707E-02  0.285853356    
 J, XGRID,YGRID,RGRID           69  0.106178217       1.76563002E-02  0.285820961    
 J, XGRID,YGRID,RGRID           70  0.107952334       1.77961774E-02  0.285789251    
 J, XGRID,YGRID,RGRID           71  0.109701030       1.79085471E-02  0.285758466    
 J, XGRID,YGRID,RGRID           72  0.111414447       1.79942697E-02  0.285728663    
 J, XGRID,YGRID,RGRID           73  0.113087960       1.80548597E-02  0.285700142    
 J, XGRID,YGRID,RGRID           74  0.114717789       1.80920251E-02  0.285672933    
 J, XGRID,YGRID,RGRID           75  0.116301067       1.81076210E-02  0.285646945    
 J, XGRID,YGRID,RGRID           76  0.117835753       1.81035381E-02  0.285622299    
 J, XGRID,YGRID,RGRID           77  0.119320840       1.80816837E-02  0.285598963    
 J, XGRID,YGRID,RGRID           78  0.120761745       1.80437099E-02  0.285576850    
 J, XGRID,YGRID,RGRID           79  0.122159921       1.79911405E-02  0.285556018    
 J, XGRID,YGRID,RGRID           80  0.123515293       1.79253761E-02  0.285536289    
 J, XGRID,YGRID,RGRID           81  0.124827959       1.78487338E-02  0.285517633    
 J, XGRID,YGRID,RGRID           82  0.126097858       1.77608673E-02  0.285500169    
 J, XGRID,YGRID,RGRID           83  0.127324983       1.76639557E-02  0.285483748    
 J, XGRID,YGRID,RGRID           84  0.128509387       1.75592583E-02  0.285468400    
 J, XGRID,YGRID,RGRID           85  0.129651040       1.74479708E-02  0.285454065    
 J, XGRID,YGRID,RGRID           86  0.130749911       1.73312556E-02  0.285440654    
 J, XGRID,YGRID,RGRID           87  0.131806046       1.72102153E-02  0.285428226    
 J, XGRID,YGRID,RGRID           88  0.132819414       1.70859173E-02  0.285416692    
 J, XGRID,YGRID,RGRID           89  0.133790016       1.69593710E-02  0.285405964    
 J, XGRID,YGRID,RGRID           90  0.134717882       1.68316923E-02  0.285396099    
 J, XGRID,YGRID,RGRID           91  0.135602981       1.63131785E-02  0.285386980    
 J, XGRID,YGRID,RGRID           92  0.136488155       1.62495486E-02  0.285383999    
 J, XGRID,YGRID,RGRID           93  0.137443751       1.61810126E-02  0.285380930    
 J, XGRID,YGRID,RGRID           94  0.138475373       1.61070228E-02  0.285377830    
 J, XGRID,YGRID,RGRID           95  0.139589041       1.60271470E-02  0.285374850    
 J, XGRID,YGRID,RGRID           96  0.140791312       1.59409177E-02  0.285371929    
 J, XGRID,YGRID,RGRID           97  0.142089248       1.58478264E-02  0.285369158    
 J, XGRID,YGRID,RGRID           98  0.143490434       1.57473311E-02  0.285366625    
 J, XGRID,YGRID,RGRID           99  0.145003080       1.56388413E-02  0.285364389    
 J, XGRID,YGRID,RGRID          100  0.146636039       1.55217228E-02  0.285362571    
 J, XGRID,YGRID,RGRID          101  0.148398936       1.53952856E-02  0.285361290    
 J, XGRID,YGRID,RGRID          102  0.150302067       1.52587900E-02  0.285360634    
 J, XGRID,YGRID,RGRID          103  0.152356610       1.51114361E-02  0.285360783    
 J, XGRID,YGRID,RGRID          104  0.154574588       1.49523607E-02  0.285361975    
 J, XGRID,YGRID,RGRID          105  0.156969026       1.47806294E-02  0.285364419    
 J, XGRID,YGRID,RGRID          106  0.159553945       1.45952376E-02  0.285368294    
 J, XGRID,YGRID,RGRID          107  0.162344486       1.43950973E-02  0.285373926    
 J, XGRID,YGRID,RGRID          108  0.165356994       1.41790360E-02  0.285381615    
 J, XGRID,YGRID,RGRID          109  0.168609187       1.39457854E-02  0.285391778    
 J, XGRID,YGRID,RGRID          110  0.172120109       1.36939790E-02  0.285404772    
 J, XGRID,YGRID,RGRID          111  0.175910309       1.34221427E-02  0.285421044    

  THE BLADE CENTROID ON THE X-Y SURFACE IS AT X, Y=    0.09359   0.01237


  THE J VALUE OF THE CENTROID IS J =           62

  THE CENTROID ON THE STREAM SURFACE IS AT   9.35911164E-02   0.00000000    
  THE HUB SECTION CENTROID IS AT   9.36021432E-02   0.00000000    

  AXIAL & RADIAL COORDINATES ON THE SS AFTER STACKING 
  J  , XGRID,RGRID            1   3.50362174E-02  0.288769513    
  J  , XGRID,RGRID            2   3.73320654E-02  0.288292527    
  J  , XGRID,RGRID            3   3.93972434E-02  0.287906945    
  J  , XGRID,RGRID            4   4.12548892E-02  0.287598908    
  J  , XGRID,RGRID            5   4.29256968E-02  0.287355661    
  J  , XGRID,RGRID            6   4.44292463E-02  0.287166566    
  J  , XGRID,RGRID            7   4.57836874E-02  0.287022948    
  J  , XGRID,RGRID            8   4.69991416E-02  0.286913097    
  J  , XGRID,RGRID            9   4.80897352E-02  0.286830425    
  J  , XGRID,RGRID           10   4.90681976E-02  0.286769420    
  J  , XGRID,RGRID           11   4.99459803E-02  0.286727488    
  J  , XGRID,RGRID           12   5.07333875E-02  0.286700279    
  J  , XGRID,RGRID           13   5.14396615E-02  0.286682785    
  J  , XGRID,RGRID           14   5.20731434E-02  0.286672533    
  J  , XGRID,RGRID           15   5.26412912E-02  0.286667556    
  J  , XGRID,RGRID           16   5.31508252E-02  0.286666423    
  J  , XGRID,RGRID           17   5.36077730E-02  0.286668003    
  J  , XGRID,RGRID           18   5.40175587E-02  0.286671519    
  J  , XGRID,RGRID           19   5.43850213E-02  0.286676317    
  J  , XGRID,RGRID           20   5.47145419E-02  0.286681920    
  J  , XGRID,RGRID           21   5.50100282E-02  0.286688000    
  J  , XGRID,RGRID           22   5.53050674E-02  0.286684543    
  J  , XGRID,RGRID           23   5.56135662E-02  0.286680937    
  J  , XGRID,RGRID           24   5.59367388E-02  0.286677092    
  J  , XGRID,RGRID           25   5.62758446E-02  0.286673009    
  J  , XGRID,RGRID           26   5.66321090E-02  0.286668658    
  J  , XGRID,RGRID           27   5.70067763E-02  0.286664009    
  J  , XGRID,RGRID           28   5.74010983E-02  0.286659181    
  J  , XGRID,RGRID           29   5.78162931E-02  0.286653906    
  J  , XGRID,RGRID           30   5.82536235E-02  0.286648363    
  J  , XGRID,RGRID           31   5.87143041E-02  0.286642462    
  J  , XGRID,RGRID           32   5.91995940E-02  0.286636144    
  J  , XGRID,RGRID           33   5.97107224E-02  0.286629409    
  J  , XGRID,RGRID           34   6.02489263E-02  0.286622196    
  J  , XGRID,RGRID           35   6.08154498E-02  0.286614507    
  J  , XGRID,RGRID           36   6.14112467E-02  0.286606342    
  J  , XGRID,RGRID           37   6.20364770E-02  0.286597699    
  J  , XGRID,RGRID           38   6.26925603E-02  0.286588371    
  J  , XGRID,RGRID           39   6.33812025E-02  0.286578596    
  J  , XGRID,RGRID           40   6.41041249E-02  0.286568016    
  J  , XGRID,RGRID           41   6.48633987E-02  0.286556840    
  J  , XGRID,RGRID           42   6.56611398E-02  0.286544919    
  J  , XGRID,RGRID           43   6.64993152E-02  0.286532223    
  J  , XGRID,RGRID           44   6.73795268E-02  0.286518723    
  J  , XGRID,RGRID           45   6.83046654E-02  0.286504209    
  J  , XGRID,RGRID           46   6.92780986E-02  0.286488831    
  J  , XGRID,RGRID           47   7.03034475E-02  0.286472321    
  J  , XGRID,RGRID           48   7.13847652E-02  0.286454678    
  J  , XGRID,RGRID           49   7.25264102E-02  0.286435753    
  J  , XGRID,RGRID           50   7.37422258E-02  0.286415249    
  J  , XGRID,RGRID           51   7.50497431E-02  0.286393017    
  J  , XGRID,RGRID           52   7.64504001E-02  0.286368847    
  J  , XGRID,RGRID           53   7.79431090E-02  0.286342591    
  J  , XGRID,RGRID           54   7.95242861E-02  0.286314487    
  J  , XGRID,RGRID           55   8.11878070E-02  0.286284566    
  J  , XGRID,RGRID           56   8.29251111E-02  0.286253184    
  J  , XGRID,RGRID           57   8.47079456E-02  0.286220342    
  J  , XGRID,RGRID           58   8.65079090E-02  0.286187112    
  J  , XGRID,RGRID           59   8.83152410E-02  0.286153436    
  J  , XGRID,RGRID           60   9.01219994E-02  0.286119461    
  J  , XGRID,RGRID           61   9.19221863E-02  0.286085784    
  J  , XGRID,RGRID           62   9.37114134E-02  0.286052048    
  J  , XGRID,RGRID           63   9.54872072E-02  0.286018729    
  J  , XGRID,RGRID           64   9.72615629E-02  0.285985559    
  J  , XGRID,RGRID           65   9.90424454E-02  0.285952210    
  J  , XGRID,RGRID           66  0.100828439      0.285918981    
  J  , XGRID,RGRID           67  0.102617212      0.285885990    
  J  , XGRID,RGRID           68  0.104405545      0.285853356    
  J  , XGRID,RGRID           69  0.106189243      0.285820961    
  J  , XGRID,RGRID           70  0.107963361      0.285789251    
  J  , XGRID,RGRID           71  0.109712057      0.285758466    
  J  , XGRID,RGRID           72  0.111425474      0.285728663    
  J  , XGRID,RGRID           73  0.113098986      0.285700142    
  J  , XGRID,RGRID           74  0.114728816      0.285672933    
  J  , XGRID,RGRID           75  0.116312094      0.285646945    
  J  , XGRID,RGRID           76  0.117846780      0.285622299    
  J  , XGRID,RGRID           77  0.119331867      0.285598963    
  J  , XGRID,RGRID           78  0.120772772      0.285576850    
  J  , XGRID,RGRID           79  0.122170947      0.285556018    
  J  , XGRID,RGRID           80  0.123526320      0.285536289    
  J  , XGRID,RGRID           81  0.124838986      0.285517633    
  J  , XGRID,RGRID           82  0.126108885      0.285500169    
  J  , XGRID,RGRID           83  0.127336010      0.285483748    
  J  , XGRID,RGRID           84  0.128520414      0.285468400    
  J  , XGRID,RGRID           85  0.129662067      0.285454065    
  J  , XGRID,RGRID           86  0.130760938      0.285440654    
  J  , XGRID,RGRID           87  0.131817073      0.285428226    
  J  , XGRID,RGRID           88  0.132830441      0.285416692    
  J  , XGRID,RGRID           89  0.133801043      0.285405964    
  J  , XGRID,RGRID           90  0.134728909      0.285396099    
  J  , XGRID,RGRID           91  0.135614008      0.285386980    
  J  , XGRID,RGRID           92  0.136499181      0.285383999    
  J  , XGRID,RGRID           93  0.137454778      0.285380930    
  J  , XGRID,RGRID           94  0.138486400      0.285377830    
  J  , XGRID,RGRID           95  0.139600068      0.285374850    
  J  , XGRID,RGRID           96  0.140802339      0.285371929    
  J  , XGRID,RGRID           97  0.142100275      0.285369158    
  J  , XGRID,RGRID           98  0.143501461      0.285366625    
  J  , XGRID,RGRID           99  0.145014107      0.285364389    
  J  , XGRID,RGRID          100  0.146647066      0.285362571    
  J  , XGRID,RGRID          101  0.148409963      0.285361290    
  J  , XGRID,RGRID          102  0.150313094      0.285360634    
  J  , XGRID,RGRID          103  0.152367637      0.285360783    
  J  , XGRID,RGRID          104  0.154585615      0.285361975    
  J  , XGRID,RGRID          105  0.156980053      0.285364419    
  J  , XGRID,RGRID          106  0.159564972      0.285368294    
  J  , XGRID,RGRID          107  0.162355512      0.285373926    
  J  , XGRID,RGRID          108  0.165368021      0.285381615    
  J  , XGRID,RGRID          109  0.168620214      0.285391778    
  J  , XGRID,RGRID          110  0.172131136      0.285404772    
  J  , XGRID,RGRID          111  0.175921336      0.285421044    
