 DATA SET FOR "multall" . GENERATED BY "stagen" .                       
    CP   and   GAMMA 
 1005.0250    1.4000
       ITIMST 
         3
     CFL,    DAMP,    MACHLIM,    F_PDOWN 
  0.400000 10.000000  2.000000  0.000000
  IF_RESTART 
         0
  NSTEPS_MAX, CONLIM 
      9000  0.001000
   SFX,      SFT,      FAC_4TH,     NCHANGE 
  0.005000  0.005000  0.800000      1000
       NUMBER OF BLADE ROWS 
        22
        IM        KM 
        37        37
  FP(I),I=1,IMM1 
  1.000000  1.250000  1.562500  1.953125  2.441406  3.051758  3.814697  4.768372
  5.960464  7.450581  9.313226 11.641532 14.551915 18.189894 20.000000 20.000000
 20.000000 20.000000 20.000000 20.000000 20.000000 20.000000 18.189894 14.551915
 11.641532  9.313226  7.450581  5.960464  4.768372  3.814697  3.051758  2.441406
  1.953125  1.562500  1.250000  1.000000
  FR(K),K=1,KMM1 
  1.000000  1.250000  1.562500  1.953125  2.441406  3.051758  3.814697  4.768372
  5.960464  7.450581  9.313226 11.641532 14.551915 18.189894 20.000000 20.000000
 20.000000 20.000000 20.000000 20.000000 20.000000 20.000000 18.189894 14.551915
 11.641532  9.313226  7.450581  5.960464  4.768372  3.814697  3.051758  2.441406
  1.953125  1.562500  1.250000  1.000000
        IR        JR        KR        IRBB      JRBB      KRBB 
         3         3         3         9         9         9
   FBLK1,     FBLK2,     FBLK3  
  0.400000  0.200000  0.100000
       IFMIX 
         1
   RFMIX,    FEXTRAP,   FSMTHB,    FANGLE 
  0.025000  0.800000  1.000000  0.800000
      IFCOOL    IFBLEED    IF_ROUGH 
         0         0         0
       NSECS_IN 
         3
       IN_PRESS  IN_VTAN   IN_VR    IN_FLOW  IF_REPEAT  RFIN 
         0         0         1         0         0   0.50000
  IPOUT  SFEXIT  NSFEXIT 
    1  0.000000    0
  PLATE_LOSS  THROTTLE_EXIT 
  0.000000  0.000000
        ILOS      NLOS      IBOUND 
        10         5         0
   REYNO,     RF_VIS,   FTRANS, TURBVIS_LIM, PRANDTL, YPLUSWALL
  800000.0     0.500     0.000  3000.000       1.0     0.000
   YPLAM      YPTURB 
  5.000000 25.000000
      ISHIFT    NEXTRAP_LE  NEXTRAP_TE 
         2        10        10
  (NSTG(N),N=1,NROWS) 
         1         1         2         2         3         3         4         4
         5         5         6         6         7         7         8         8
         9         9        10        10        11        11
  5  TIME STEPS FOR PRINTOUT 
      9000      9000      9000      9000      9000
  MARKER FOR VARIABLES TO BE SENT TO THE OUTPUT FILE.
 0 0 0 0 0 0 0 0 0 0 0 0 0 0 0 0 0 0 0 0
  STREAM SURFACES ON WHICH RESULTS ARE TO BE SENT TO   THE OUTPUT FILE 
 0 0 0 0 0 0 0 0 0 0 0 0 0 0 0 0 0 0 0 0 0 0 0 0 0 0 0 0 0 0 0 0 0 0 0 0 0
 ***************************************************************
 ************STARTING THE INPUT FOR EACH BLADE ROW**************
  BLADE ROW NUMBER =        1                                           
    NUMBER OF BLADES IN ROW 
       141
        JM        JLE       JTE 
        40         9        34
      KTIPSTART  KTIPEND 
         0         0
       BOUNDARY LAYER TRANSITION POINTS 
         0         0         0         0
  SET NEWGRID= 1 TO GENERATE A NEW GRID WITH DIFFERENT "J" POINTS AND SPACINGS.
         0
   RPMROW,    RPMHUB 
   13250.3   13250.3
       JROTHS    JROTHE    JROTTS    JROTTE 
         1         1         1         1
   PUPROW    PLEROW   PTEROW    PDROW 
   43622.4   43622.4   57057.3   57057.3
      NSECS_ROW   INSURF  
         3         0
  IF_CUSP_OUT   IFANGLES 
         1         0
         0         3         0
 ***************************************************************
  ROW NUMBER           1  SECTION NUMBER            1
           0           0           0  IF_DESIGN etc 
   1.00000   0.00000    0
 -0.017345 -0.012557 -0.008896 -0.006333 -0.004596 -0.003431 -0.002653 -0.002134
 -0.001787 -0.001498 -0.001182 -0.000835 -0.000454 -0.000042  0.000397  0.000853
  0.001320  0.001785  0.002238  0.002670  0.003062  0.003380  0.003613  0.003807
  0.004019  0.004304  0.004706  0.005238  0.005894  0.006664  0.007529  0.008458
  0.009417  0.010369  0.011415  0.012543  0.013668  0.014775  0.015846  0.016858
  1.000000  0.000000
 -0.120650 -0.096584 -0.081810 -0.072484 -0.066472 -0.062543 -0.059953 -0.058235
 -0.057092 -0.054332 -0.052582 -0.050682 -0.048572 -0.046207 -0.043549 -0.040563
 -0.037180 -0.033313 -0.028820 -0.023381 -0.016650 -0.008625  0.000000  0.008971
  0.018355  0.028169  0.038097  0.047583  0.056349  0.064357  0.071568  0.077947
  0.083488  0.087237  0.092422  0.098328  0.105179  0.113155  0.122481  0.133425
  1.000000
  0.000000  0.000000  0.000000  0.000000  0.000000  0.000000  0.000000  0.000000
  0.000000  0.003534  0.005114  0.006479  0.007581  0.008585  0.009585  0.010563
  0.011512  0.012410  0.013228  0.013943  0.014476  0.014698  0.014558  0.014089
  0.013328  0.012293  0.011027  0.009637  0.008194  0.006739  0.005307  0.003929
  0.002636  0.000000  0.000000  0.000000  0.000000  0.000000  0.000000  0.000000
  1.000000  0.000000
  0.048906  0.046757  0.045759  0.045332  0.045169  0.045117  0.045111  0.045119
  0.045130  0.045212  0.045326  0.045484  0.045701  0.045997  0.046396  0.046925
  0.047622  0.048534  0.049722  0.051305  0.053406  0.056002  0.058792  0.061603
  0.064382  0.067066  0.069518  0.071584  0.073229  0.074485  0.075388  0.075983
  0.076320  0.076454  0.076456  0.076554  0.076855  0.077402  0.078255  0.079474
 ***************************************************************
  ROW NUMBER           1  SECTION NUMBER            2
           0           0           0  IF_DESIGN etc 
   1.00000   0.00000    0
 -0.008115 -0.006022 -0.004620 -0.003682 -0.003054 -0.002633 -0.002352 -0.002163
 -0.002037 -0.001911 -0.001767 -0.001600 -0.001407 -0.001183 -0.000923 -0.000625
 -0.000282  0.000114  0.000573  0.001122  0.001785  0.002542  0.003315  0.004079
  0.004841  0.005606  0.006355  0.007057  0.007700  0.008289  0.008826  0.009309
  0.009740  0.010119  0.010497  0.010920  0.011391  0.011917  0.012504  0.013159
  1.000000  0.000000
  0.018976  0.015157  0.012601  0.010889  0.009744  0.008976  0.008463  0.008119
  0.007889  0.007917  0.007779  0.007562  0.007291  0.006974  0.006606  0.006184
  0.005700  0.005148  0.004516  0.003771  0.002891  0.001910  0.000935  0.000000
 -0.000906 -0.001787 -0.002624 -0.003384 -0.004061 -0.004663 -0.005197 -0.005668
 -0.006078 -0.006502 -0.006774 -0.007077 -0.007416 -0.007793 -0.008215 -0.008685
  1.000000
  0.000000  0.000000  0.000000  0.000000  0.000000  0.000000  0.000000  0.000000
  0.000000  0.000522  0.000710  0.000851  0.000980  0.001109  0.001237  0.001362
  0.001483  0.001598  0.001703  0.001795  0.001863  0.001891  0.001873  0.001812
  0.001714  0.001581  0.001419  0.001240  0.001054  0.000867  0.000683  0.000506
  0.000340  0.000000  0.000000  0.000000  0.000000  0.000000  0.000000  0.000000
  1.000000  0.000000
  0.246300  0.246300  0.246300  0.246300  0.246300  0.246300  0.246300  0.246300
  0.246300  0.246300  0.246300  0.246300  0.246300  0.246300  0.246300  0.246300
  0.246300  0.246300  0.246300  0.246300  0.246300  0.246300  0.246300  0.246300
  0.246300  0.246300  0.246300  0.246300  0.246300  0.246300  0.246300  0.246300
  0.246300  0.246300  0.246300  0.246300  0.246300  0.246300  0.246300  0.246300
 ***************************************************************
  ROW NUMBER           1  SECTION NUMBER            3
           0           0           0  IF_DESIGN etc 
   1.00000   0.00000    0
 -0.017345 -0.012557 -0.008896 -0.006333 -0.004596 -0.003431 -0.002653 -0.002134
 -0.001787 -0.001498 -0.001182 -0.000835 -0.000454 -0.000042  0.000397  0.000853
  0.001320  0.001785  0.002238  0.002670  0.003062  0.003380  0.003613  0.003807
  0.004019  0.004304  0.004706  0.005238  0.005894  0.006664  0.007529  0.008458
  0.009417  0.010369  0.011415  0.012543  0.013668  0.014775  0.015846  0.016858
  1.000000  0.000000
  0.120796  0.097130  0.081134  0.070363  0.063129  0.058276  0.055024  0.052845
  0.051385  0.051581  0.050737  0.049411  0.047630  0.045503  0.042994  0.040066
  0.036650  0.032673  0.028018  0.022420  0.015644  0.007895  0.000000 -0.007767
 -0.015474 -0.023166 -0.030667 -0.037662 -0.044059 -0.049913 -0.055253 -0.060083
 -0.064405 -0.068571 -0.071886 -0.075567 -0.079639 -0.084137 -0.089099 -0.094564
  1.000000
  0.000000  0.000000  0.000000  0.000000  0.000000  0.000000  0.000000  0.000000
  0.000000  0.003352  0.004631  0.005654  0.006513  0.007366  0.008216  0.009050
  0.009855  0.010619  0.011317  0.011925  0.012376  0.012564  0.012442  0.012042
  0.011390  0.010502  0.009421  0.008231  0.006999  0.005755  0.004530  0.003354
  0.002248  0.000000  0.000000  0.000000  0.000000  0.000000  0.000000  0.000000
  1.000000  0.000000
  0.443695  0.445843  0.446841  0.447268  0.447431  0.447483  0.447489  0.447481
  0.447470  0.447388  0.447274  0.447116  0.446899  0.446603  0.446204  0.445675
  0.444978  0.444066  0.442878  0.441295  0.439194  0.436598  0.433808  0.430997
  0.428218  0.425534  0.423083  0.421016  0.419371  0.418115  0.417212  0.416617
  0.416280  0.416146  0.416144  0.416044  0.415743  0.415194  0.414340  0.413120
 ***************************************************************
 ************STARTING THE INPUT FOR EACH BLADE ROW**************
  BLADE ROW NUMBER =        2                                           
    NUMBER OF BLADES IN ROW 
       130
        JM        JLE       JTE 
        40         9        34
      KTIPSTART  KTIPEND 
         0         0
       BOUNDARY LAYER TRANSITION POINTS 
         0         0         0         0
  SET NEWGRID= 1 TO GENERATE A NEW GRID WITH DIFFERENT "J" POINTS AND SPACINGS.
         0
   RPMROW,    RPMHUB 
       0.0       0.0
       JROTHS    JROTHE    JROTTS    JROTTE 
         1         1         1         1
   PUPROW    PLEROW   PTEROW    PDROW 
   57057.3   57057.3   72895.1   72895.1
      NSECS_ROW   INSURF  
         3         0
  IF_CUSP_OUT   IFANGLES 
         1         0
         0         3         0
 ***************************************************************
  ROW NUMBER           2  SECTION NUMBER            1
           0           0           0  IF_DESIGN etc 
   1.00000   0.00000    0
  0.006609  0.007652  0.008624  0.009482  0.010210  0.010820  0.011294  0.011658
  0.011937  0.012204  0.012501  0.012834  0.013207  0.013622  0.014080  0.014577
  0.015114  0.015685  0.016291  0.016941  0.017628  0.018301  0.018887  0.019388
  0.019835  0.020252  0.020653  0.021039  0.021419  0.021801  0.022185  0.022568
  0.022944  0.023304  0.023566  0.023988  0.024637  0.025634  0.026935  0.028294
  1.000000  0.000000
 -0.089107 -0.079843 -0.072377 -0.066454 -0.061805 -0.058170 -0.055380 -0.053243
 -0.051606 -0.048904 -0.046899 -0.044637 -0.042075 -0.039180 -0.035932 -0.032324
 -0.028319 -0.023888 -0.018959 -0.013339 -0.006916  0.000000  0.006632  0.012791
  0.018558  0.023960  0.028884  0.033149  0.036753  0.039789  0.042326  0.044418
  0.046122  0.046753  0.048691  0.050773  0.052976  0.055230  0.057593  0.060307
  1.000000
  0.000000  0.000000  0.000000  0.000000  0.000000  0.000000  0.000000  0.000000
  0.000000  0.002000  0.002623  0.003062  0.003532  0.004056  0.004634  0.005261
  0.005933  0.006638  0.007372  0.008124  0.008843  0.009428  0.009753  0.009809
  0.009604  0.009129  0.008409  0.007503  0.006477  0.005373  0.004233  0.003090
  0.001983  0.000000  0.000000  0.000000  0.000000  0.000000  0.000000  0.000000
  1.000000  0.000000
  0.074411  0.075486  0.076059  0.076335  0.076443  0.076448  0.076453  0.076464
  0.076477  0.076505  0.076547  0.076611  0.076704  0.076838  0.077025  0.077283
  0.077632  0.078102  0.078733  0.079597  0.080784  0.082310  0.084024  0.085841
  0.087744  0.089713  0.091672  0.093506  0.095164  0.096647  0.097956  0.099094
  0.100067  0.100885  0.101881  0.102793  0.103536  0.103943  0.104100  0.104405
 ***************************************************************
  ROW NUMBER           2  SECTION NUMBER            2
           0           0           0  IF_DESIGN etc 
   1.00000   0.00000    0
  0.009578  0.010329  0.010905  0.011347  0.011687  0.011948  0.012148  0.012302
  0.012420  0.012538  0.012672  0.012828  0.013009  0.013218  0.013461  0.013740
  0.014061  0.014431  0.014860  0.015374  0.015993  0.016701  0.017424  0.018139
  0.018851  0.019566  0.020267  0.020924  0.021525  0.022076  0.022577  0.023030
  0.023433  0.023787  0.024141  0.024536  0.024976  0.025468  0.026017  0.026629
  1.000000  0.000000
 -0.014304 -0.012935 -0.011883 -0.011076 -0.010457 -0.009981 -0.009616 -0.009336
 -0.009120 -0.008725 -0.008450 -0.008137 -0.007781 -0.007377 -0.006920 -0.006410
 -0.005840 -0.005205 -0.004498 -0.003691 -0.002770 -0.001785 -0.000852  0.000000
  0.000783  0.001503  0.002146  0.002693  0.003147  0.003524  0.003835  0.004090
  0.004297  0.004356  0.004611  0.004894  0.005211  0.005564  0.005958  0.006398
  1.000000
  0.000000  0.000000  0.000000  0.000000  0.000000  0.000000  0.000000  0.000000
  0.000000  0.000355  0.000469  0.000549  0.000634  0.000728  0.000832  0.000944
  0.001065  0.001192  0.001323  0.001458  0.001588  0.001693  0.001752  0.001763
  0.001726  0.001642  0.001513  0.001351  0.001167  0.000969  0.000765  0.000560
  0.000362  0.000000  0.000000  0.000000  0.000000  0.000000  0.000000  0.000000
  1.000000  0.000000
  0.246300  0.246300  0.246300  0.246300  0.246300  0.246300  0.246300  0.246300
  0.246300  0.246300  0.246300  0.246300  0.246300  0.246300  0.246300  0.246300
  0.246300  0.246300  0.246300  0.246300  0.246300  0.246300  0.246300  0.246300
  0.246300  0.246300  0.246300  0.246300  0.246300  0.246300  0.246300  0.246300
  0.246300  0.246300  0.246300  0.246300  0.246300  0.246300  0.246300  0.246300
 ***************************************************************
  ROW NUMBER           2  SECTION NUMBER            3
           0           0           0  IF_DESIGN etc 
   1.00000   0.00000    0
  0.006609  0.007653  0.008625  0.009483  0.010211  0.010821  0.011295  0.011659
  0.011938  0.012205  0.012502  0.012834  0.013207  0.013623  0.014081  0.014578
  0.015114  0.015686  0.016292  0.016941  0.017628  0.018301  0.018886  0.019388
  0.019835  0.020252  0.020652  0.021039  0.021419  0.021800  0.022184  0.022568
  0.022944  0.023304  0.023566  0.023988  0.024637  0.025634  0.026935  0.028294
  1.000000  0.000000
 -0.018130 -0.016167 -0.014673 -0.013533 -0.012662 -0.011995 -0.011483 -0.011090
 -0.010788 -0.010154 -0.009750 -0.009293 -0.008771 -0.008178 -0.007507 -0.006758
 -0.005921 -0.004990 -0.003952 -0.002771 -0.001427  0.000000  0.001342  0.002556
  0.003659  0.004659  0.005537  0.006270  0.006867  0.007352  0.007743  0.008056
  0.008303  0.008307  0.008664  0.009065  0.009519  0.010035  0.010618  0.011264
  1.000000
  0.000000  0.000000  0.000000  0.000000  0.000000  0.000000  0.000000  0.000000
  0.000000  0.000673  0.000885  0.001033  0.001191  0.001368  0.001563  0.001774
  0.002001  0.002239  0.002486  0.002740  0.002984  0.003180  0.003291  0.003311
  0.003242  0.003083  0.002841  0.002537  0.002192  0.001821  0.001437  0.001053
  0.000681  0.000000  0.000000  0.000000  0.000000  0.000000  0.000000  0.000000
  1.000000  0.000000
  0.418188  0.417113  0.416541  0.416265  0.416157  0.416152  0.416147  0.416135
  0.416122  0.416094  0.416051  0.415987  0.415893  0.415759  0.415571  0.415313
  0.414964  0.414493  0.413862  0.412997  0.411809  0.410284  0.408570  0.406754
  0.404852  0.402882  0.400924  0.399092  0.397434  0.395952  0.394643  0.393505
  0.392533  0.391715  0.390719  0.389808  0.389065  0.388657  0.388500  0.388196
 ***************************************************************
 ************STARTING THE INPUT FOR EACH BLADE ROW**************
  BLADE ROW NUMBER =        3                                           
    NUMBER OF BLADES IN ROW 
       131
        JM        JLE       JTE 
        40         9        34
      KTIPSTART  KTIPEND 
         0         0
       BOUNDARY LAYER TRANSITION POINTS 
         0         0         0         0
  SET NEWGRID= 1 TO GENERATE A NEW GRID WITH DIFFERENT "J" POINTS AND SPACINGS.
         0
   RPMROW,    RPMHUB 
   13250.3   13250.3
       JROTHS    JROTHE    JROTTS    JROTTE 
         1         1         1         1
   PUPROW    PLEROW   PTEROW    PDROW 
   72895.1   72895.1   91627.6   91627.6
      NSECS_ROW   INSURF  
         3         0
  IF_CUSP_OUT   IFANGLES 
         1         0
         0         3         0
 ***************************************************************
  ROW NUMBER           3  SECTION NUMBER            1
           0           0           0  IF_DESIGN etc 
   1.00000   0.00000    0
  0.023423  0.024049  0.024780  0.025531  0.026192  0.026704  0.027092  0.027390
  0.027618  0.027829  0.028063  0.028324  0.028616  0.028939  0.029293  0.029676
  0.030086  0.030521  0.030981  0.031473  0.031999  0.032528  0.033017  0.033475
  0.033934  0.034424  0.034958  0.035529  0.036130  0.036761  0.037412  0.038070
  0.038719  0.039341  0.040026  0.040789  0.041619  0.042469  0.043344  0.044237
  1.000000  0.000000
 -0.014969 -0.014374 -0.013856 -0.013417 -0.013062 -0.012788 -0.012579 -0.012418
 -0.012294 -0.011643 -0.011341 -0.011012 -0.010640 -0.010212 -0.009714 -0.009135
 -0.008452 -0.007642 -0.006667 -0.005452 -0.003910 -0.002037  0.000000  0.002136
  0.004390  0.006776  0.009228  0.011620  0.013887  0.016019  0.018002  0.019819
  0.021458  0.022655  0.024269  0.026074  0.028099  0.030389  0.032982  0.035923
  1.000000
  0.000000  0.000000  0.000000  0.000000  0.000000  0.000000  0.000000  0.000000
  0.000000  0.001110  0.001525  0.001854  0.002135  0.002415  0.002694  0.002967
  0.003232  0.003483  0.003712  0.003912  0.004060  0.004121  0.004082  0.003951
  0.003736  0.003446  0.003091  0.002702  0.002298  0.001890  0.001488  0.001103
  0.000740  0.000000  0.000000  0.000000  0.000000  0.000000  0.000000  0.000000
  1.000000  0.000000
  0.101405  0.102888  0.103640  0.103927  0.104013  0.104070  0.104120  0.104157
  0.104185  0.104241  0.104317  0.104418  0.104553  0.104733  0.104972  0.105285
  0.105693  0.106221  0.106906  0.107812  0.109013  0.110495  0.112091  0.113707
  0.115316  0.116888  0.118345  0.119601  0.120631  0.121452  0.122080  0.122537
  0.122849  0.123041  0.123136  0.123249  0.123415  0.123718  0.124176  0.124821
 ***************************************************************
  ROW NUMBER           3  SECTION NUMBER            2
           0           0           0  IF_DESIGN etc 
   1.00000   0.00000    0
  0.024611  0.025385  0.025979  0.026435  0.026786  0.027054  0.027261  0.027419
  0.027541  0.027663  0.027802  0.027962  0.028149  0.028365  0.028615  0.028903
  0.029234  0.029615  0.030058  0.030588  0.031226  0.031956  0.032702  0.033439
  0.034174  0.034911  0.035634  0.036311  0.036931  0.037499  0.038016  0.038482
  0.038898  0.039263  0.039628  0.040035  0.040490  0.040997  0.041563  0.042195
  1.000000  0.000000
  0.012953  0.011541  0.010457  0.009624  0.008985  0.008495  0.008118  0.007829
  0.007607  0.007635  0.007501  0.007292  0.007031  0.006725  0.006370  0.005963
  0.005497  0.004965  0.004355  0.003636  0.002787  0.001841  0.000902  0.000000
 -0.000873 -0.001723 -0.002531 -0.003263 -0.003916 -0.004496 -0.005012 -0.005465
 -0.005861 -0.006270 -0.006532 -0.006825 -0.007151 -0.007515 -0.007922 -0.008375
  1.000000
  0.000000  0.000000  0.000000  0.000000  0.000000  0.000000  0.000000  0.000000
  0.000000  0.000503  0.000684  0.000821  0.000945  0.001069  0.001192  0.001313
  0.001430  0.001541  0.001643  0.001731  0.001796  0.001824  0.001806  0.001748
  0.001653  0.001524  0.001368  0.001196  0.001017  0.000836  0.000659  0.000488
  0.000328  0.000000  0.000000  0.000000  0.000000  0.000000  0.000000  0.000000
  1.000000  0.000000
  0.246300  0.246300  0.246300  0.246300  0.246300  0.246300  0.246300  0.246300
  0.246300  0.246300  0.246300  0.246300  0.246300  0.246300  0.246300  0.246300
  0.246300  0.246300  0.246300  0.246300  0.246300  0.246300  0.246300  0.246300
  0.246300  0.246300  0.246300  0.246300  0.246300  0.246300  0.246300  0.246300
  0.246300  0.246300  0.246300  0.246300  0.246300  0.246300  0.246300  0.246300
 ***************************************************************
  ROW NUMBER           3  SECTION NUMBER            3
           0           0           0  IF_DESIGN etc 
   1.00000   0.00000    0
  0.023423  0.024050  0.024781  0.025532  0.026193  0.026705  0.027093  0.027391
  0.027619  0.027830  0.028064  0.028325  0.028617  0.028940  0.029294  0.029677
  0.030087  0.030522  0.030981  0.031474  0.031999  0.032529  0.033018  0.033476
  0.033935  0.034424  0.034958  0.035529  0.036130  0.036761  0.037412  0.038070
  0.038719  0.039341  0.040026  0.040789  0.041619  0.042469  0.043344  0.044237
  1.000000  0.000000
  0.047977  0.042646  0.038606  0.035538  0.033196  0.031399  0.030019  0.028960
  0.028147  0.028257  0.027787  0.027048  0.026062  0.024889  0.023507  0.021897
  0.020022  0.017842  0.015296  0.012236  0.008536  0.004308  0.000000 -0.004239
 -0.008446 -0.012646 -0.016738 -0.020551 -0.024032 -0.027210 -0.030100 -0.032704
 -0.035026 -0.037261 -0.039022 -0.040986 -0.043172 -0.045595 -0.048282 -0.051259
  1.000000
  0.000000  0.000000  0.000000  0.000000  0.000000  0.000000  0.000000  0.000000
  0.000000  0.001866  0.002572  0.003134  0.003609  0.004082  0.004553  0.005015
  0.005462  0.005885  0.006271  0.006608  0.006857  0.006962  0.006895  0.006673
  0.006311  0.005819  0.005220  0.004562  0.003878  0.003189  0.002511  0.001859
  0.001246  0.000000  0.000000  0.000000  0.000000  0.000000  0.000000  0.000000
  1.000000  0.000000
  0.391194  0.389712  0.388960  0.388673  0.388587  0.388529  0.388480  0.388443
  0.388415  0.388359  0.388283  0.388182  0.388047  0.387867  0.387628  0.387315
  0.386907  0.386379  0.385694  0.384787  0.383587  0.382105  0.380509  0.378893
  0.377284  0.375712  0.374254  0.372998  0.371969  0.371148  0.370520  0.370063
  0.369751  0.369559  0.369464  0.369351  0.369185  0.368882  0.368424  0.367779
 ***************************************************************
 ************STARTING THE INPUT FOR EACH BLADE ROW**************
  BLADE ROW NUMBER =        4                                           
    NUMBER OF BLADES IN ROW 
       131
        JM        JLE       JTE 
        40         9        34
      KTIPSTART  KTIPEND 
         0         0
       BOUNDARY LAYER TRANSITION POINTS 
         0         0         0         0
  SET NEWGRID= 1 TO GENERATE A NEW GRID WITH DIFFERENT "J" POINTS AND SPACINGS.
         0
   RPMROW,    RPMHUB 
       0.0       0.0
       JROTHS    JROTHE    JROTTS    JROTTE 
         1         1         1         1
   PUPROW    PLEROW   PTEROW    PDROW 
   91627.6   91627.6  113192.7  113192.7
      NSECS_ROW   INSURF  
         3         0
  IF_CUSP_OUT   IFANGLES 
         1         0
         0         3         0
 ***************************************************************
  ROW NUMBER           4  SECTION NUMBER            1
           0           0           0  IF_DESIGN etc 
   1.00000   0.00000    0
  0.037125  0.038027  0.038819  0.039497  0.040056  0.040484  0.040813  0.041065
  0.041258  0.041442  0.041650  0.041884  0.042150  0.042452  0.042790  0.043165
  0.043580  0.044038  0.044543  0.045113  0.045755  0.046439  0.047091  0.047700
  0.048283  0.048854  0.049410  0.049935  0.050429  0.050895  0.051337  0.051753
  0.052138  0.052491  0.052811  0.053212  0.053720  0.054368  0.055238  0.056259
  1.000000  0.000000
 -0.042907 -0.038585 -0.035204 -0.032571 -0.030533 -0.028967 -0.027765 -0.026842
 -0.026134 -0.024928 -0.024047 -0.023049 -0.021915 -0.020629 -0.019180 -0.017563
 -0.015762 -0.013762 -0.011533 -0.008988 -0.006082 -0.002967  0.000000  0.002729
  0.005258  0.007604  0.009720  0.011536  0.013061  0.014340  0.015406  0.016285
  0.017004  0.017241  0.018065  0.018977  0.019983  0.021088  0.022280  0.023598
  1.000000
  0.000000  0.000000  0.000000  0.000000  0.000000  0.000000  0.000000  0.000000
  0.000000  0.000950  0.001253  0.001466  0.001691  0.001942  0.002219  0.002519
  0.002840  0.003179  0.003530  0.003890  0.004235  0.004515  0.004673  0.004700
  0.004601  0.004375  0.004031  0.003598  0.003107  0.002580  0.002034  0.001487
  0.000958  0.000000  0.000000  0.000000  0.000000  0.000000  0.000000  0.000000
  1.000000  0.000000
  0.121827  0.122512  0.122886  0.123062  0.123140  0.123203  0.123252  0.123292
  0.123323  0.123367  0.123423  0.123496  0.123589  0.123711  0.123868  0.124069
  0.124328  0.124660  0.125088  0.125656  0.126413  0.127363  0.128411  0.129507
  0.130646  0.131819  0.132981  0.134067  0.135051  0.135933  0.136715  0.137398
  0.137985  0.138482  0.139062  0.139628  0.140146  0.140569  0.140759  0.140882
 ***************************************************************
  ROW NUMBER           4  SECTION NUMBER            2
           0           0           0  IF_DESIGN etc 
   1.00000   0.00000    0
  0.038683  0.039424  0.039994  0.040431  0.040767  0.041025  0.041222  0.041374
  0.041491  0.041607  0.041741  0.041894  0.042073  0.042280  0.042520  0.042796
  0.043113  0.043478  0.043903  0.044411  0.045023  0.045722  0.046437  0.047143
  0.047847  0.048553  0.049246  0.049895  0.050489  0.051033  0.051529  0.051976
  0.052374  0.052724  0.053074  0.053464  0.053900  0.054386  0.054928  0.055533
  1.000000  0.000000
 -0.014135 -0.012782 -0.011743 -0.010946 -0.010334 -0.009864 -0.009503 -0.009226
 -0.009013 -0.008622 -0.008350 -0.008041 -0.007690 -0.007290 -0.006838 -0.006334
 -0.005771 -0.005144 -0.004445 -0.003647 -0.002737 -0.001764 -0.000842  0.000000
  0.000774  0.001486  0.002121  0.002661  0.003109  0.003482  0.003790  0.004042
  0.004246  0.004305  0.004556  0.004837  0.005149  0.005498  0.005888  0.006323
  1.000000
  0.000000  0.000000  0.000000  0.000000  0.000000  0.000000  0.000000  0.000000
  0.000000  0.000350  0.000464  0.000543  0.000626  0.000719  0.000822  0.000933
  0.001052  0.001178  0.001308  0.001441  0.001570  0.001673  0.001732  0.001742
  0.001706  0.001622  0.001495  0.001335  0.001153  0.000958  0.000756  0.000553
  0.000357  0.000000  0.000000  0.000000  0.000000  0.000000  0.000000  0.000000
  1.000000  0.000000
  0.246300  0.246300  0.246300  0.246300  0.246300  0.246300  0.246300  0.246300
  0.246300  0.246300  0.246300  0.246300  0.246300  0.246300  0.246300  0.246300
  0.246300  0.246300  0.246300  0.246300  0.246300  0.246300  0.246300  0.246300
  0.246300  0.246300  0.246300  0.246300  0.246300  0.246300  0.246300  0.246300
  0.246300  0.246300  0.246300  0.246300  0.246300  0.246300  0.246300  0.246300
 ***************************************************************
  ROW NUMBER           4  SECTION NUMBER            3
           0           0           0  IF_DESIGN etc 
   1.00000   0.00000    0
  0.037125  0.038027  0.038819  0.039497  0.040056  0.040484  0.040813  0.041065
  0.041258  0.041442  0.041650  0.041884  0.042151  0.042452  0.042790  0.043165
  0.043580  0.044038  0.044543  0.045113  0.045756  0.046440  0.047092  0.047701
  0.048284  0.048855  0.049411  0.049936  0.050430  0.050896  0.051338  0.051754
  0.052140  0.052492  0.052812  0.053213  0.053720  0.054369  0.055239  0.056260
  1.000000  0.000000
 -0.015256 -0.013715 -0.012539 -0.011640 -0.010952 -0.010424 -0.010019 -0.009708
 -0.009469 -0.008987 -0.008672 -0.008314 -0.007907 -0.007443 -0.006920 -0.006335
 -0.005682 -0.004956 -0.004146 -0.003223 -0.002173 -0.001054  0.000000  0.000957
  0.001830  0.002625  0.003328  0.003918  0.004402  0.004798  0.005120  0.005380
  0.005587  0.005613  0.005897  0.006215  0.006571  0.006971  0.007422  0.007927
  1.000000
  0.000000  0.000000  0.000000  0.000000  0.000000  0.000000  0.000000  0.000000
  0.000000  0.000489  0.000645  0.000754  0.000870  0.000999  0.001141  0.001295
  0.001461  0.001635  0.001816  0.002001  0.002179  0.002323  0.002404  0.002418
  0.002368  0.002252  0.002075  0.001853  0.001601  0.001330  0.001049  0.000769
  0.000497  0.000000  0.000000  0.000000  0.000000  0.000000  0.000000  0.000000
  1.000000  0.000000
  0.370773  0.370088  0.369714  0.369538  0.369460  0.369397  0.369348  0.369308
  0.369277  0.369233  0.369177  0.369104  0.369011  0.368889  0.368732  0.368531
  0.368272  0.367940  0.367512  0.366944  0.366187  0.365238  0.364190  0.363093
  0.361954  0.360782  0.359619  0.358533  0.357549  0.356667  0.355885  0.355202
  0.354615  0.354118  0.353537  0.352972  0.352453  0.352031  0.351841  0.351718
 ***************************************************************
 ************STARTING THE INPUT FOR EACH BLADE ROW**************
  BLADE ROW NUMBER =        5                                           
    NUMBER OF BLADES IN ROW 
       132
        JM        JLE       JTE 
        40         9        34
      KTIPSTART  KTIPEND 
         0         0
       BOUNDARY LAYER TRANSITION POINTS 
         0         0         0         0
  SET NEWGRID= 1 TO GENERATE A NEW GRID WITH DIFFERENT "J" POINTS AND SPACINGS.
         0
   RPMROW,    RPMHUB 
   13250.3   13250.3
       JROTHS    JROTHE    JROTTS    JROTTE 
         1         1         1         1
   PUPROW    PLEROW   PTEROW    PDROW 
  113192.7  113192.7  138141.5  138141.5
      NSECS_ROW   INSURF  
         3         0
  IF_CUSP_OUT   IFANGLES 
         1         0
         0         3         0
 ***************************************************************
  ROW NUMBER           5  SECTION NUMBER            1
           0           0           0  IF_DESIGN etc 
   1.00000   0.00000    0
  0.053583  0.054442  0.055251  0.055899  0.056390  0.056764  0.057050  0.057270
  0.057438  0.057595  0.057771  0.057971  0.058197  0.058454  0.058743  0.059064
  0.059421  0.059816  0.060256  0.060757  0.061332  0.061960  0.062579  0.063181
  0.063783  0.064400  0.065028  0.065648  0.066249  0.066834  0.067401  0.067942
  0.068452  0.068922  0.069427  0.069992  0.070623  0.071316  0.072047  0.072825
  1.000000  0.000000
 -0.002301 -0.002577 -0.002783 -0.002941 -0.003063 -0.003156 -0.003228 -0.003283
 -0.003325 -0.003070 -0.003003 -0.002971 -0.002937 -0.002894 -0.002839 -0.002764
 -0.002663 -0.002526 -0.002340 -0.002079 -0.001713 -0.001222 -0.000645  0.000000
  0.000716  0.001508  0.002352  0.003204  0.004034  0.004836  0.005598  0.006313
  0.006969  0.007438  0.008116  0.008873  0.009719  0.010664  0.011726  0.012919
  1.000000
  0.000000  0.000000  0.000000  0.000000  0.000000  0.000000  0.000000  0.000000
  0.000000  0.000560  0.000744  0.000881  0.001016  0.001150  0.001285  0.001415
  0.001542  0.001663  0.001772  0.001868  0.001939  0.001970  0.001951  0.001888
  0.001787  0.001648  0.001479  0.001292  0.001099  0.000904  0.000712  0.000528
  0.000354  0.000000  0.000000  0.000000  0.000000  0.000000  0.000000  0.000000
  1.000000  0.000000
  0.140026  0.140603  0.140760  0.140832  0.140903  0.140965  0.141015  0.141055
  0.141086  0.141138  0.141202  0.141284  0.141389  0.141523  0.141693  0.141908
  0.142181  0.142525  0.142962  0.143530  0.144269  0.145172  0.146135  0.147106
  0.148073  0.149019  0.149902  0.150671  0.151312  0.151834  0.152246  0.152561
  0.152791  0.152950  0.153044  0.153145  0.153256  0.153399  0.153645  0.153995
 ***************************************************************
  ROW NUMBER           5  SECTION NUMBER            2
           0           0           0  IF_DESIGN etc 
   1.00000   0.00000    0
  0.054530  0.055288  0.055871  0.056318  0.056661  0.056924  0.057127  0.057282
  0.057401  0.057520  0.057656  0.057814  0.057996  0.058208  0.058453  0.058735
  0.059059  0.059433  0.059867  0.060386  0.061012  0.061727  0.062457  0.063179
  0.063899  0.064621  0.065330  0.065993  0.066600  0.067157  0.067663  0.068120
  0.068527  0.068885  0.069243  0.069642  0.070087  0.070584  0.071138  0.071757
  1.000000  0.000000
  0.012690  0.011306  0.010244  0.009429  0.008803  0.008322  0.007954  0.007670
  0.007453  0.007480  0.007349  0.007144  0.006888  0.006589  0.006241  0.005842
  0.005385  0.004864  0.004266  0.003563  0.002731  0.001804  0.000884  0.000000
 -0.000856 -0.001688 -0.002479 -0.003197 -0.003836 -0.004405 -0.004910 -0.005355
 -0.005742 -0.006143 -0.006399 -0.006686 -0.007006 -0.007363 -0.007761 -0.008205
  1.000000
  0.000000  0.000000  0.000000  0.000000  0.000000  0.000000  0.000000  0.000000
  0.000000  0.000493  0.000670  0.000804  0.000926  0.001047  0.001168  0.001287
  0.001401  0.001510  0.001609  0.001696  0.001760  0.001787  0.001769  0.001712
  0.001620  0.001493  0.001340  0.001171  0.000996  0.000819  0.000646  0.000478
  0.000321  0.000000  0.000000  0.000000  0.000000  0.000000  0.000000  0.000000
  1.000000  0.000000
  0.246300  0.246300  0.246300  0.246300  0.246300  0.246300  0.246300  0.246300
  0.246300  0.246300  0.246300  0.246300  0.246300  0.246300  0.246300  0.246300
  0.246300  0.246300  0.246300  0.246300  0.246300  0.246300  0.246300  0.246300
  0.246300  0.246300  0.246300  0.246300  0.246300  0.246300  0.246300  0.246300
  0.246300  0.246300  0.246300  0.246300  0.246300  0.246300  0.246300  0.246300
 ***************************************************************
  ROW NUMBER           5  SECTION NUMBER            3
           0           0           0  IF_DESIGN etc 
   1.00000   0.00000    0
  0.053583  0.054442  0.055251  0.055899  0.056390  0.056764  0.057050  0.057270
  0.057438  0.057595  0.057771  0.057971  0.058197  0.058454  0.058743  0.059064
  0.059421  0.059816  0.060256  0.060757  0.061332  0.061960  0.062580  0.063181
  0.063783  0.064400  0.065028  0.065648  0.066249  0.066834  0.067401  0.067942
  0.068452  0.068922  0.069427  0.069992  0.070623  0.071316  0.072047  0.072825
  1.000000  0.000000
  0.033823  0.030390  0.027782  0.025784  0.024250  0.023071  0.022167  0.021472
  0.020939  0.021010  0.020699  0.020212  0.019567  0.018802  0.017901  0.016855
  0.015638  0.014226  0.012579  0.010603  0.008217  0.005495  0.002724  0.000000
 -0.002702 -0.005395 -0.008017 -0.010457 -0.012679 -0.014704 -0.016540 -0.018190
 -0.019657 -0.021070 -0.022170 -0.023398 -0.024768 -0.026295 -0.027991 -0.029876
  1.000000
  0.000000  0.000000  0.000000  0.000000  0.000000  0.000000  0.000000  0.000000
  0.000000  0.001221  0.001680  0.002043  0.002351  0.002660  0.002966  0.003267
  0.003559  0.003834  0.004086  0.004306  0.004468  0.004536  0.004492  0.004347
  0.004112  0.003791  0.003401  0.002972  0.002527  0.002078  0.001636  0.001211
  0.000812  0.000000  0.000000  0.000000  0.000000  0.000000  0.000000  0.000000
  1.000000  0.000000
  0.352574  0.351997  0.351840  0.351768  0.351697  0.351635  0.351585  0.351545
  0.351514  0.351462  0.351398  0.351316  0.351211  0.351077  0.350907  0.350692
  0.350419  0.350075  0.349638  0.349070  0.348331  0.347428  0.346465  0.345494
  0.344527  0.343581  0.342698  0.341929  0.341288  0.340767  0.340354  0.340039
  0.339809  0.339650  0.339556  0.339455  0.339344  0.339201  0.338955  0.338605
 ***************************************************************
 ************STARTING THE INPUT FOR EACH BLADE ROW**************
  BLADE ROW NUMBER =        6                                           
    NUMBER OF BLADES IN ROW 
       133
        JM        JLE       JTE 
        40         9        34
      KTIPSTART  KTIPEND 
         0         0
       BOUNDARY LAYER TRANSITION POINTS 
         0         0         0         0
  SET NEWGRID= 1 TO GENERATE A NEW GRID WITH DIFFERENT "J" POINTS AND SPACINGS.
         0
   RPMROW,    RPMHUB 
       0.0       0.0
       JROTHS    JROTHE    JROTTS    JROTTE 
         1         1         1         1
   PUPROW    PLEROW   PTEROW    PDROW 
  138141.5  138141.5  166357.2  166357.2
      NSECS_ROW   INSURF  
         3         0
  IF_CUSP_OUT   IFANGLES 
         1         0
         0         3         0
 ***************************************************************
  ROW NUMBER           6  SECTION NUMBER            1
           0           0           0  IF_DESIGN etc 
   1.00000   0.00000    0
  0.067577  0.068416  0.069120  0.069690  0.070129  0.070466  0.070724  0.070923
  0.071075  0.071222  0.071388  0.071577  0.071794  0.072043  0.072325  0.072644
  0.073003  0.073408  0.073865  0.074396  0.075016  0.075700  0.076377  0.077029
  0.077667  0.078300  0.078917  0.079496  0.080031  0.080526  0.080984  0.081405
  0.081786  0.082126  0.082449  0.082828  0.083278  0.083816  0.084483  0.085282
  1.000000  0.000000
 -0.029383 -0.026570 -0.024387 -0.022700 -0.021404 -0.020409 -0.019644 -0.019057
 -0.018606 -0.017825 -0.017260 -0.016620 -0.015892 -0.015065 -0.014132 -0.013090
 -0.011928 -0.010637 -0.009196 -0.007552 -0.005674 -0.003665 -0.001754  0.000000
  0.001619  0.003117  0.004462  0.005613  0.006576  0.007382  0.008053  0.008606
  0.009057  0.009205  0.009730  0.010314  0.010963  0.011684  0.012478  0.013355
  1.000000
  0.000000  0.000000  0.000000  0.000000  0.000000  0.000000  0.000000  0.000000
  0.000000  0.000636  0.000841  0.000984  0.001135  0.001303  0.001489  0.001691
  0.001907  0.002134  0.002370  0.002612  0.002844  0.003031  0.003137  0.003156
  0.003090  0.002939  0.002708  0.002417  0.002087  0.001733  0.001367  0.001000
  0.000645  0.000000  0.000000  0.000000  0.000000  0.000000  0.000000  0.000000
  1.000000  0.000000
  0.152357  0.152777  0.152987  0.153091  0.153169  0.153228  0.153273  0.153308
  0.153335  0.153373  0.153420  0.153478  0.153551  0.153644  0.153760  0.153906
  0.154089  0.154319  0.154612  0.154993  0.155496  0.156119  0.156800  0.157510
  0.158244  0.158999  0.159748  0.160449  0.161085  0.161658  0.162168  0.162616
  0.163004  0.163334  0.163716  0.164097  0.164462  0.164784  0.164986  0.165082
 ***************************************************************
  ROW NUMBER           6  SECTION NUMBER            2
           0           0           0  IF_DESIGN etc 
   1.00000   0.00000    0
  0.068431  0.069161  0.069722  0.070152  0.070482  0.070735  0.070930  0.071080
  0.071194  0.071309  0.071440  0.071591  0.071767  0.071971  0.072207  0.072478
  0.072790  0.073150  0.073567  0.074067  0.074669  0.075357  0.076060  0.076754
  0.077447  0.078142  0.078824  0.079462  0.080047  0.080582  0.081069  0.081509
  0.081901  0.082245  0.082589  0.082973  0.083402  0.083880  0.084414  0.085009
  1.000000  0.000000
 -0.013906 -0.012575 -0.011553 -0.010769 -0.010166 -0.009704 -0.009349 -0.009076
 -0.008867 -0.008483 -0.008215 -0.007911 -0.007565 -0.007172 -0.006728 -0.006231
 -0.005677 -0.005061 -0.004373 -0.003588 -0.002693 -0.001736 -0.000829  0.000000
  0.000762  0.001462  0.002087  0.002618  0.003059  0.003426  0.003729  0.003977
  0.004178  0.004235  0.004482  0.004758  0.005066  0.005409  0.005793  0.006220
  1.000000
  0.000000  0.000000  0.000000  0.000000  0.000000  0.000000  0.000000  0.000000
  0.000000  0.000345  0.000456  0.000534  0.000616  0.000708  0.000809  0.000918
  0.001035  0.001159  0.001287  0.001418  0.001544  0.001646  0.001704  0.001714
  0.001678  0.001596  0.001471  0.001313  0.001134  0.000942  0.000743  0.000544
  0.000352  0.000000  0.000000  0.000000  0.000000  0.000000  0.000000  0.000000
  1.000000  0.000000
  0.246300  0.246300  0.246300  0.246300  0.246300  0.246300  0.246300  0.246300
  0.246300  0.246300  0.246300  0.246300  0.246300  0.246300  0.246300  0.246300
  0.246300  0.246300  0.246300  0.246300  0.246300  0.246300  0.246300  0.246300
  0.246300  0.246300  0.246300  0.246300  0.246300  0.246300  0.246300  0.246300
  0.246300  0.246300  0.246300  0.246300  0.246300  0.246300  0.246300  0.246300
 ***************************************************************
  ROW NUMBER           6  SECTION NUMBER            3
           0           0           0  IF_DESIGN etc 
   1.00000   0.00000    0
  0.067577  0.068416  0.069120  0.069690  0.070129  0.070466  0.070724  0.070923
  0.071075  0.071222  0.071388  0.071577  0.071794  0.072043  0.072325  0.072644
  0.073003  0.073408  0.073865  0.074396  0.075016  0.075700  0.076377  0.077029
  0.077667  0.078300  0.078917  0.079496  0.080031  0.080526  0.080984  0.081405
  0.081786  0.082126  0.082449  0.082828  0.083278  0.083816  0.084483  0.085282
  1.000000  0.000000
 -0.013861 -0.012542 -0.011535 -0.010764 -0.010172 -0.009718 -0.009370 -0.009102
 -0.008897 -0.008492 -0.008223 -0.007918 -0.007571 -0.007176 -0.006730 -0.006231
 -0.005674 -0.005055 -0.004364 -0.003576 -0.002679 -0.001724 -0.000821  0.000000
  0.000751  0.001437  0.002044  0.002556  0.002978  0.003325  0.003608  0.003838
  0.004021  0.004044  0.004289  0.004562  0.004867  0.005208  0.005592  0.006021
  1.000000
  0.000000  0.000000  0.000000  0.000000  0.000000  0.000000  0.000000  0.000000
  0.000000  0.000399  0.000526  0.000615  0.000710  0.000815  0.000932  0.001057
  0.001193  0.001335  0.001482  0.001633  0.001779  0.001896  0.001962  0.001974
  0.001933  0.001839  0.001694  0.001513  0.001307  0.001086  0.000857  0.000628
  0.000406  0.000000  0.000000  0.000000  0.000000  0.000000  0.000000  0.000000
  1.000000  0.000000
  0.340243  0.339823  0.339613  0.339509  0.339431  0.339372  0.339327  0.339292
  0.339265  0.339227  0.339180  0.339122  0.339049  0.338956  0.338840  0.338694
  0.338511  0.338280  0.337988  0.337607  0.337104  0.336481  0.335800  0.335090
  0.334356  0.333601  0.332852  0.332151  0.331515  0.330942  0.330432  0.329984
  0.329596  0.329266  0.328885  0.328503  0.328138  0.327816  0.327614  0.327518
 ***************************************************************
 ************STARTING THE INPUT FOR EACH BLADE ROW**************
  BLADE ROW NUMBER =        7                                           
    NUMBER OF BLADES IN ROW 
       133
        JM        JLE       JTE 
        40         9        34
      KTIPSTART  KTIPEND 
         0         0
       BOUNDARY LAYER TRANSITION POINTS 
         0         0         0         0
  SET NEWGRID= 1 TO GENERATE A NEW GRID WITH DIFFERENT "J" POINTS AND SPACINGS.
         0
   RPMROW,    RPMHUB 
   13250.3   13250.3
       JROTHS    JROTHE    JROTTS    JROTTE 
         1         1         1         1
   PUPROW    PLEROW   PTEROW    PDROW 
  166357.2  166357.2  198451.3  198451.3
      NSECS_ROW   INSURF  
         3         0
  IF_CUSP_OUT   IFANGLES 
         1         0
         0         3         0
 ***************************************************************
  ROW NUMBER           7  SECTION NUMBER            1
           0           0           0  IF_DESIGN etc 
   1.00000   0.00000    0
  0.083905  0.084768  0.085468  0.086003  0.086409  0.086720  0.086958  0.087141
  0.087281  0.087415  0.087566  0.087739  0.087937  0.088165  0.088424  0.088717
  0.089049  0.089424  0.089850  0.090350  0.090938  0.091598  0.092262  0.092913
  0.093563  0.094222  0.094879  0.095508  0.096100  0.096658  0.097181  0.097667
  0.098113  0.098514  0.098935  0.099406  0.099931  0.100519  0.101165  0.101862
  1.000000  0.000000
  0.002762  0.002162  0.001700  0.001346  0.001074  0.000865  0.000704  0.000581
  0.000486  0.000598  0.000581  0.000522  0.000450  0.000369  0.000282  0.000191
  0.000098  0.000008 -0.000075 -0.000145 -0.000188 -0.000182 -0.000119  0.000000
  0.000172  0.000399  0.000673  0.000975  0.001289  0.001609  0.001925  0.002232
  0.002521  0.002708  0.003038  0.003406  0.003817  0.004275  0.004788  0.005362
  1.000000
  0.000000  0.000000  0.000000  0.000000  0.000000  0.000000  0.000000  0.000000
  0.000000  0.000392  0.000526  0.000625  0.000720  0.000815  0.000909  0.001001
  0.001091  0.001176  0.001253  0.001321  0.001370  0.001392  0.001378  0.001334
  0.001262  0.001164  0.001044  0.000912  0.000776  0.000639  0.000503  0.000373
  0.000251  0.000000  0.000000  0.000000  0.000000  0.000000  0.000000  0.000000
  1.000000  0.000000
  0.164827  0.165028  0.165098  0.165160  0.165221  0.165271  0.165310  0.165341
  0.165366  0.165406  0.165455  0.165516  0.165592  0.165688  0.165808  0.165957
  0.166144  0.166377  0.166669  0.167045  0.167532  0.168121  0.168747  0.169377
  0.170003  0.170618  0.171193  0.171698  0.172123  0.172473  0.172754  0.172974
  0.173140  0.173260  0.173334  0.173412  0.173496  0.173588  0.173712  0.173915
 ***************************************************************
  ROW NUMBER           7  SECTION NUMBER            2
           0           0           0  IF_DESIGN etc 
   1.00000   0.00000    0
  0.084454  0.085196  0.085766  0.086203  0.086539  0.086796  0.086994  0.087146
  0.087263  0.087379  0.087512  0.087666  0.087845  0.088052  0.088292  0.088567
  0.088885  0.089250  0.089675  0.090182  0.090794  0.091494  0.092208  0.092914
  0.093618  0.094325  0.095018  0.095666  0.096261  0.096805  0.097300  0.097747
  0.098146  0.098496  0.098845  0.099236  0.099671  0.100157  0.100700  0.101305
  1.000000  0.000000
  0.012412  0.011059  0.010020  0.009223  0.008611  0.008141  0.007780  0.007503
  0.007290  0.007316  0.007188  0.006988  0.006738  0.006445  0.006104  0.005714
  0.005267  0.004757  0.004173  0.003485  0.002671  0.001765  0.000864  0.000000
 -0.000837 -0.001652 -0.002425 -0.003127 -0.003752 -0.004309 -0.004803 -0.005237
 -0.005616 -0.006008 -0.006260 -0.006540 -0.006853 -0.007202 -0.007591 -0.008026
  1.000000
  0.000000  0.000000  0.000000  0.000000  0.000000  0.000000  0.000000  0.000000
  0.000000  0.000482  0.000656  0.000787  0.000906  0.001025  0.001143  0.001259
  0.001371  0.001477  0.001574  0.001659  0.001721  0.001748  0.001731  0.001675
  0.001584  0.001461  0.001311  0.001146  0.000974  0.000801  0.000631  0.000468
  0.000314  0.000000  0.000000  0.000000  0.000000  0.000000  0.000000  0.000000
  1.000000  0.000000
  0.246300  0.246300  0.246300  0.246300  0.246300  0.246300  0.246300  0.246300
  0.246300  0.246300  0.246300  0.246300  0.246300  0.246300  0.246300  0.246300
  0.246300  0.246300  0.246300  0.246300  0.246300  0.246300  0.246300  0.246300
  0.246300  0.246300  0.246300  0.246300  0.246300  0.246300  0.246300  0.246300
  0.246300  0.246300  0.246300  0.246300  0.246300  0.246300  0.246300  0.246300
 ***************************************************************
  ROW NUMBER           7  SECTION NUMBER            3
           0           0           0  IF_DESIGN etc 
   1.00000   0.00000    0
  0.083906  0.084770  0.085469  0.086004  0.086410  0.086721  0.086959  0.087142
  0.087282  0.087416  0.087567  0.087740  0.087938  0.088165  0.088425  0.088718
  0.089050  0.089425  0.089851  0.090350  0.090939  0.091598  0.092262  0.092913
  0.093564  0.094223  0.094879  0.095508  0.096100  0.096658  0.097181  0.097667
  0.098113  0.098514  0.098935  0.099405  0.099931  0.100518  0.101165  0.101862
  1.000000  0.000000
  0.025287  0.022718  0.020752  0.019242  0.018083  0.017193  0.016509  0.015985
  0.015582  0.015635  0.015399  0.015029  0.014544  0.013969  0.013293  0.012509
  0.011599  0.010545  0.009318  0.007848  0.006078  0.004061  0.002011  0.000000
 -0.001992 -0.003975 -0.005902 -0.007692 -0.009320 -0.010801 -0.012141 -0.013344
 -0.014411 -0.015439 -0.016232 -0.017117 -0.018105 -0.019207 -0.020434 -0.021799
  1.000000
  0.000000  0.000000  0.000000  0.000000  0.000000  0.000000  0.000000  0.000000
  0.000000  0.000922  0.001266  0.001535  0.001767  0.001999  0.002229  0.002455
  0.002674  0.002882  0.003071  0.003236  0.003358  0.003409  0.003376  0.003267
  0.003090  0.002849  0.002556  0.002234  0.001899  0.001562  0.001230  0.000910
  0.000610  0.000000  0.000000  0.000000  0.000000  0.000000  0.000000  0.000000
  1.000000  0.000000
  0.327772  0.327572  0.327502  0.327440  0.327379  0.327329  0.327290  0.327259
  0.327234  0.327194  0.327145  0.327084  0.327008  0.326912  0.326792  0.326643
  0.326456  0.326223  0.325931  0.325555  0.325069  0.324479  0.323853  0.323223
  0.322597  0.321982  0.321407  0.320902  0.320477  0.320127  0.319846  0.319626
  0.319460  0.319340  0.319266  0.319188  0.319104  0.319012  0.318888  0.318685
 ***************************************************************
 ************STARTING THE INPUT FOR EACH BLADE ROW**************
  BLADE ROW NUMBER =        8                                           
    NUMBER OF BLADES IN ROW 
       133
        JM        JLE       JTE 
        40         9        34
      KTIPSTART  KTIPEND 
         0         0
       BOUNDARY LAYER TRANSITION POINTS 
         0         0         0         0
  SET NEWGRID= 1 TO GENERATE A NEW GRID WITH DIFFERENT "J" POINTS AND SPACINGS.
         0
   RPMROW,    RPMHUB 
       0.0       0.0
       JROTHS    JROTHE    JROTTS    JROTTE 
         1         1         1         1
   PUPROW    PLEROW   PTEROW    PDROW 
  198451.3  198451.3  234250.6  234250.6
      NSECS_ROW   INSURF  
         3         0
  IF_CUSP_OUT   IFANGLES 
         1         0
         0         3         0
 ***************************************************************
  ROW NUMBER           8  SECTION NUMBER            1
           0           0           0  IF_DESIGN etc 
   1.00000   0.00000    0
  0.097725  0.098519  0.099165  0.099662  0.100045  0.100338  0.100563  0.100736
  0.100869  0.100998  0.101145  0.101314  0.101509  0.101733  0.101990  0.102283
  0.102616  0.102995  0.103429  0.103941  0.104547  0.105229  0.105914  0.106582
  0.107241  0.107898  0.108540  0.109141  0.109692  0.110199  0.110663  0.111085
  0.111463  0.111797  0.112120  0.112489  0.112915  0.113409  0.113994  0.114684
  1.000000  0.000000
 -0.022727 -0.020544 -0.018856 -0.017559 -0.016563 -0.015798 -0.015210 -0.014759
 -0.014412 -0.013805 -0.013369 -0.012874 -0.012311 -0.011672 -0.010950 -0.010144
 -0.009244 -0.008243 -0.007126 -0.005851 -0.004395 -0.002837 -0.001357  0.000000
  0.001252  0.002408  0.003445  0.004331  0.005071  0.005691  0.006205  0.006629
  0.006975  0.007094  0.007500  0.007952  0.008456  0.009017  0.009638  0.010326
  1.000000
  0.000000  0.000000  0.000000  0.000000  0.000000  0.000000  0.000000  0.000000
  0.000000  0.000505  0.000668  0.000782  0.000902  0.001037  0.001184  0.001345
  0.001516  0.001697  0.001885  0.002077  0.002262  0.002411  0.002495  0.002510
  0.002458  0.002337  0.002153  0.001922  0.001661  0.001379  0.001087  0.000796
  0.000514  0.000000  0.000000  0.000000  0.000000  0.000000  0.000000  0.000000
  1.000000  0.000000
  0.172997  0.173261  0.173373  0.173454  0.173514  0.173560  0.173595  0.173621
  0.173642  0.173671  0.173707  0.173751  0.173806  0.173873  0.173958  0.174063
  0.174193  0.174356  0.174561  0.174826  0.175172  0.175600  0.176067  0.176552
  0.177053  0.177570  0.178083  0.178565  0.179004  0.179402  0.179758  0.180072
  0.180346  0.180580  0.180852  0.181128  0.181396  0.181641  0.181815  0.181900
 ***************************************************************
  ROW NUMBER           8  SECTION NUMBER            2
           0           0           0  IF_DESIGN etc 
   1.00000   0.00000    0
  0.098203  0.098925  0.099479  0.099904  0.100231  0.100481  0.100674  0.100821
  0.100935  0.101048  0.101178  0.101328  0.101501  0.101703  0.101936  0.102204
  0.102513  0.102869  0.103281  0.103775  0.104371  0.105051  0.105746  0.106433
  0.107118  0.107806  0.108480  0.109111  0.109689  0.110218  0.110700  0.111135
  0.111523  0.111863  0.112203  0.112583  0.113007  0.113479  0.114007  0.114596
  1.000000  0.000000
 -0.013752 -0.012435 -0.011425 -0.010649 -0.010053 -0.009596 -0.009245 -0.008975
 -0.008768 -0.008388 -0.008123 -0.007823 -0.007481 -0.007092 -0.006653 -0.006162
 -0.005614 -0.005004 -0.004324 -0.003548 -0.002663 -0.001716 -0.000820  0.000000
  0.000753  0.001445  0.002063  0.002589  0.003025  0.003388  0.003687  0.003932
  0.004131  0.004188  0.004433  0.004705  0.005010  0.005349  0.005728  0.006151
  1.000000
  0.000000  0.000000  0.000000  0.000000  0.000000  0.000000  0.000000  0.000000
  0.000000  0.000341  0.000451  0.000528  0.000609  0.000700  0.000800  0.000908
  0.001024  0.001146  0.001272  0.001402  0.001527  0.001628  0.001685  0.001695
  0.001660  0.001578  0.001454  0.001298  0.001122  0.000932  0.000735  0.000538
  0.000348  0.000000  0.000000  0.000000  0.000000  0.000000  0.000000  0.000000
  1.000000  0.000000
  0.246300  0.246300  0.246300  0.246300  0.246300  0.246300  0.246300  0.246300
  0.246300  0.246300  0.246300  0.246300  0.246300  0.246300  0.246300  0.246300
  0.246300  0.246300  0.246300  0.246300  0.246300  0.246300  0.246300  0.246300
  0.246300  0.246300  0.246300  0.246300  0.246300  0.246300  0.246300  0.246300
  0.246300  0.246300  0.246300  0.246300  0.246300  0.246300  0.246300  0.246300
 ***************************************************************
  ROW NUMBER           8  SECTION NUMBER            3
           0           0           0  IF_DESIGN etc 
   1.00000   0.00000    0
  0.097725  0.098519  0.099165  0.099662  0.100045  0.100338  0.100563  0.100736
  0.100869  0.100998  0.101145  0.101314  0.101509  0.101733  0.101990  0.102283
  0.102616  0.102995  0.103429  0.103941  0.104547  0.105229  0.105914  0.106582
  0.107241  0.107898  0.108540  0.109141  0.109692  0.110199  0.110663  0.111085
  0.111463  0.111797  0.112120  0.112489  0.112915  0.113409  0.113994  0.114684
  1.000000  0.000000
 -0.012746 -0.011533 -0.010605 -0.009894 -0.009348 -0.008928 -0.008607 -0.008360
 -0.008170 -0.007802 -0.007555 -0.007275 -0.006956 -0.006593 -0.006184 -0.005726
 -0.005214 -0.004646 -0.004012 -0.003288 -0.002465 -0.001586 -0.000756  0.000000
  0.000692  0.001325  0.001888  0.002362  0.002754  0.003076  0.003341  0.003555
  0.003728  0.003756  0.003981  0.004232  0.004513  0.004827  0.005178  0.005572
  1.000000
  0.000000  0.000000  0.000000  0.000000  0.000000  0.000000  0.000000  0.000000
  0.000000  0.000355  0.000469  0.000549  0.000633  0.000727  0.000831  0.000943
  0.001063  0.001190  0.001322  0.001456  0.001586  0.001691  0.001750  0.001760
  0.001723  0.001639  0.001511  0.001349  0.001165  0.000968  0.000764  0.000560
  0.000362  0.000000  0.000000  0.000000  0.000000  0.000000  0.000000  0.000000
  1.000000  0.000000
  0.319603  0.319339  0.319227  0.319146  0.319086  0.319040  0.319005  0.318979
  0.318958  0.318929  0.318893  0.318849  0.318794  0.318727  0.318642  0.318537
  0.318407  0.318244  0.318039  0.317774  0.317428  0.317000  0.316533  0.316048
  0.315547  0.315030  0.314517  0.314035  0.313596  0.313198  0.312842  0.312528
  0.312254  0.312020  0.311748  0.311472  0.311204  0.310959  0.310785  0.310700
 ***************************************************************
 ************STARTING THE INPUT FOR EACH BLADE ROW**************
  BLADE ROW NUMBER =        9                                           
    NUMBER OF BLADES IN ROW 
       134
        JM        JLE       JTE 
        40         9        34
      KTIPSTART  KTIPEND 
         0         0
       BOUNDARY LAYER TRANSITION POINTS 
         0         0         0         0
  SET NEWGRID= 1 TO GENERATE A NEW GRID WITH DIFFERENT "J" POINTS AND SPACINGS.
         0
   RPMROW,    RPMHUB 
   13250.3   13250.3
       JROTHS    JROTHE    JROTTS    JROTTE 
         1         1         1         1
   PUPROW    PLEROW   PTEROW    PDROW 
  234250.6  234250.6  274428.1  274428.1
      NSECS_ROW   INSURF  
         3         0
  IF_CUSP_OUT   IFANGLES 
         1         0
         0         3         0
 ***************************************************************
  ROW NUMBER           9  SECTION NUMBER            1
           0           0           0  IF_DESIGN etc 
   1.00000   0.00000    0
  0.114006  0.114816  0.115447  0.115925  0.116292  0.116572  0.116788  0.116953
  0.117080  0.117203  0.117343  0.117504  0.117689  0.117903  0.118148  0.118428
  0.118747  0.119112  0.119531  0.120026  0.120617  0.121286  0.121965  0.122633
  0.123300  0.123972  0.124637  0.125266  0.125850  0.126393  0.126894  0.127354
  0.127769  0.128139  0.128520  0.128945  0.129420  0.129951  0.130542  0.131191
  1.000000  0.000000
  0.005099  0.004343  0.003762  0.003316  0.002974  0.002711  0.002509  0.002354
  0.002235  0.002296  0.002243  0.002145  0.002028  0.001894  0.001743  0.001577
  0.001397  0.001202  0.000995  0.000771  0.000536  0.000312  0.000132  0.000000
 -0.000087 -0.000129 -0.000128 -0.000090 -0.000023  0.000065  0.000166  0.000275
  0.000386  0.000422  0.000587  0.000771  0.000977  0.001207  0.001463  0.001750
  1.000000
  0.000000  0.000000  0.000000  0.000000  0.000000  0.000000  0.000000  0.000000
  0.000000  0.000351  0.000473  0.000562  0.000647  0.000732  0.000817  0.000900
  0.000981  0.001057  0.001126  0.001187  0.001232  0.001251  0.001238  0.001199
  0.001134  0.001046  0.000939  0.000820  0.000698  0.000574  0.000453  0.000335
  0.000225  0.000000  0.000000  0.000000  0.000000  0.000000  0.000000  0.000000
  1.000000  0.000000
  0.181825  0.181921  0.181954  0.182011  0.182057  0.182094  0.182124  0.182147
  0.182166  0.182198  0.182237  0.182285  0.182345  0.182419  0.182510  0.182622
  0.182760  0.182929  0.183137  0.183400  0.183733  0.184131  0.184548  0.184966
  0.185381  0.185791  0.186180  0.186527  0.186825  0.187076  0.187283  0.187449
  0.187576  0.187671  0.187726  0.187784  0.187846  0.187912  0.187987  0.188116
 ***************************************************************
  ROW NUMBER           9  SECTION NUMBER            2
           0           0           0  IF_DESIGN etc 
   1.00000   0.00000    0
  0.114307  0.115037  0.115598  0.116028  0.116358  0.116612  0.116807  0.116956
  0.117071  0.117186  0.117317  0.117469  0.117644  0.117848  0.118085  0.118356
  0.118668  0.119028  0.119446  0.119946  0.120548  0.121237  0.121940  0.122635
  0.123329  0.124024  0.124706  0.125345  0.125930  0.126466  0.126954  0.127394
  0.127786  0.128130  0.128475  0.128859  0.129288  0.129766  0.130300  0.130896
  1.000000  0.000000
  0.012220  0.010888  0.009865  0.009080  0.008477  0.008014  0.007659  0.007386
  0.007177  0.007203  0.007077  0.006880  0.006633  0.006345  0.006010  0.005626
  0.005186  0.004684  0.004108  0.003431  0.002630  0.001737  0.000851  0.000000
 -0.000824 -0.001626 -0.002387 -0.003079 -0.003694 -0.004242 -0.004728 -0.005156
 -0.005529 -0.005915 -0.006163 -0.006439 -0.006746 -0.007090 -0.007474 -0.007901
  1.000000
  0.000000  0.000000  0.000000  0.000000  0.000000  0.000000  0.000000  0.000000
  0.000000  0.000475  0.000646  0.000775  0.000892  0.001009  0.001125  0.001239
  0.001350  0.001454  0.001550  0.001633  0.001695  0.001721  0.001704  0.001649
  0.001560  0.001438  0.001291  0.001128  0.000959  0.000789  0.000622  0.000461
  0.000309  0.000000  0.000000  0.000000  0.000000  0.000000  0.000000  0.000000
  1.000000  0.000000
  0.246300  0.246300  0.246300  0.246300  0.246300  0.246300  0.246300  0.246300
  0.246300  0.246300  0.246300  0.246300  0.246300  0.246300  0.246300  0.246300
  0.246300  0.246300  0.246300  0.246300  0.246300  0.246300  0.246300  0.246300
  0.246300  0.246300  0.246300  0.246300  0.246300  0.246300  0.246300  0.246300
  0.246300  0.246300  0.246300  0.246300  0.246300  0.246300  0.246300  0.246300
 ***************************************************************
  ROW NUMBER           9  SECTION NUMBER            3
           0           0           0  IF_DESIGN etc 
   1.00000   0.00000    0
  0.114008  0.114817  0.115449  0.115926  0.116293  0.116574  0.116789  0.116955
  0.117081  0.117204  0.117344  0.117505  0.117690  0.117904  0.118150  0.118429
  0.118749  0.119113  0.119532  0.120027  0.120618  0.121287  0.121966  0.122634
  0.123301  0.123974  0.124638  0.125267  0.125851  0.126394  0.126896  0.127355
  0.127770  0.128140  0.128521  0.128946  0.129421  0.129952  0.130544  0.131192
  1.000000  0.000000
  0.020958  0.018815  0.017172  0.015910  0.014941  0.014197  0.013626  0.013187
  0.012851  0.012895  0.012697  0.012386  0.011982  0.011503  0.010942  0.010291
  0.009537  0.008665  0.007651  0.006440  0.004983  0.003326  0.001646  0.000000
 -0.001627 -0.003244 -0.004813 -0.006268 -0.007588 -0.008787 -0.009871 -0.010842
 -0.011701 -0.012531 -0.013165 -0.013872 -0.014661 -0.015541 -0.016523 -0.017616
  1.000000
  0.000000  0.000000  0.000000  0.000000  0.000000  0.000000  0.000000  0.000000
  0.000000  0.000769  0.001055  0.001277  0.001470  0.001663  0.001855  0.002043
  0.002225  0.002398  0.002555  0.002692  0.002794  0.002837  0.002809  0.002718
  0.002571  0.002371  0.002127  0.001859  0.001580  0.001299  0.001023  0.000758
  0.000508  0.000000  0.000000  0.000000  0.000000  0.000000  0.000000  0.000000
  1.000000  0.000000
  0.310775  0.310679  0.310645  0.310589  0.310543  0.310505  0.310476  0.310452
  0.310434  0.310401  0.310362  0.310314  0.310255  0.310181  0.310089  0.309977
  0.309840  0.309671  0.309463  0.309200  0.308866  0.308468  0.308051  0.307634
  0.307218  0.306808  0.306419  0.306072  0.305774  0.305523  0.305316  0.305151
  0.305023  0.304929  0.304874  0.304816  0.304754  0.304687  0.304613  0.304483
 ***************************************************************
 ************STARTING THE INPUT FOR EACH BLADE ROW**************
  BLADE ROW NUMBER =       10                                           
    NUMBER OF BLADES IN ROW 
       134
        JM        JLE       JTE 
        40         9        34
      KTIPSTART  KTIPEND 
         0         0
       BOUNDARY LAYER TRANSITION POINTS 
         0         0         0         0
  SET NEWGRID= 1 TO GENERATE A NEW GRID WITH DIFFERENT "J" POINTS AND SPACINGS.
         0
   RPMROW,    RPMHUB 
       0.0       0.0
       JROTHS    JROTHE    JROTTS    JROTTE 
         1         1         1         1
   PUPROW    PLEROW   PTEROW    PDROW 
  274428.1  274428.1  318752.7  318752.7
      NSECS_ROW   INSURF  
         3         0
  IF_CUSP_OUT   IFANGLES 
         1         0
         0         3         0
 ***************************************************************
  ROW NUMBER          10  SECTION NUMBER            1
           0           0           0  IF_DESIGN etc 
   1.00000   0.00000    0
  0.127681  0.128449  0.129050  0.129511  0.129866  0.130138  0.130347  0.130508
  0.130631  0.130752  0.130890  0.131050  0.131234  0.131446  0.131691  0.131971
  0.132291  0.132658  0.133081  0.133583  0.134182  0.134861  0.135548  0.136222
  0.136891  0.137558  0.138211  0.138821  0.139380  0.139892  0.140359  0.140781
  0.141158  0.141490  0.141813  0.142180  0.142596  0.143072  0.143622  0.144260
  1.000000  0.000000
 -0.019489 -0.017615 -0.016171 -0.015062 -0.014211 -0.013557 -0.013055 -0.012669
 -0.012373 -0.011849 -0.011475 -0.011051 -0.010569 -0.010020 -0.009400 -0.008708
 -0.007935 -0.007076 -0.006117 -0.005022 -0.003772 -0.002434 -0.001164  0.000000
  0.001073  0.002062  0.002949  0.003706  0.004339  0.004867  0.005305  0.005666
  0.005961  0.006057  0.006405  0.006793  0.007226  0.007708  0.008243  0.008837
  1.000000
  0.000000  0.000000  0.000000  0.000000  0.000000  0.000000  0.000000  0.000000
  0.000000  0.000442  0.000585  0.000685  0.000790  0.000907  0.001037  0.001177
  0.001327  0.001486  0.001650  0.001818  0.001980  0.002110  0.002184  0.002197
  0.002151  0.002046  0.001885  0.001683  0.001454  0.001207  0.000952  0.000697
  0.000450  0.000000  0.000000  0.000000  0.000000  0.000000  0.000000  0.000000
  1.000000  0.000000
  0.187551  0.187716  0.187798  0.187857  0.187902  0.187936  0.187962  0.187982
  0.187998  0.188021  0.188049  0.188084  0.188126  0.188179  0.188245  0.188325
  0.188425  0.188548  0.188701  0.188898  0.189152  0.189462  0.189797  0.190141
  0.190496  0.190860  0.191221  0.191561  0.191873  0.192157  0.192413  0.192641
  0.192841  0.193014  0.193211  0.193417  0.193624  0.193821  0.193972  0.194047
 ***************************************************************
  ROW NUMBER          10  SECTION NUMBER            2
           0           0           0  IF_DESIGN etc 
   1.00000   0.00000    0
  0.127956  0.128673  0.129224  0.129646  0.129971  0.130220  0.130411  0.130558
  0.130671  0.130783  0.130912  0.131061  0.131233  0.131434  0.131666  0.131932
  0.132239  0.132592  0.133002  0.133493  0.134085  0.134761  0.135452  0.136134
  0.136815  0.137498  0.138168  0.138795  0.139369  0.139895  0.140374  0.140806
  0.141192  0.141530  0.141868  0.142245  0.142666  0.143136  0.143660  0.144245
  1.000000  0.000000
 -0.013665 -0.012357 -0.011352 -0.010581 -0.009990 -0.009535 -0.009186 -0.008918
 -0.008713 -0.008335 -0.008072 -0.007774 -0.007434 -0.007047 -0.006611 -0.006123
 -0.005579 -0.004973 -0.004297 -0.003526 -0.002646 -0.001706 -0.000814  0.000000
  0.000748  0.001436  0.002050  0.002572  0.003006  0.003366  0.003664  0.003908
  0.004105  0.004162  0.004405  0.004676  0.004978  0.005315  0.005692  0.006112
  1.000000
  0.000000  0.000000  0.000000  0.000000  0.000000  0.000000  0.000000  0.000000
  0.000000  0.000339  0.000448  0.000525  0.000605  0.000695  0.000795  0.000902
  0.001017  0.001139  0.001264  0.001393  0.001517  0.001618  0.001674  0.001684
  0.001649  0.001568  0.001445  0.001290  0.001115  0.000926  0.000730  0.000535
  0.000345  0.000000  0.000000  0.000000  0.000000  0.000000  0.000000  0.000000
  1.000000  0.000000
  0.246300  0.246300  0.246300  0.246300  0.246300  0.246300  0.246300  0.246300
  0.246300  0.246300  0.246300  0.246300  0.246300  0.246300  0.246300  0.246300
  0.246300  0.246300  0.246300  0.246300  0.246300  0.246300  0.246300  0.246300
  0.246300  0.246300  0.246300  0.246300  0.246300  0.246300  0.246300  0.246300
  0.246300  0.246300  0.246300  0.246300  0.246300  0.246300  0.246300  0.246300
 ***************************************************************
  ROW NUMBER          10  SECTION NUMBER            3
           0           0           0  IF_DESIGN etc 
   1.00000   0.00000    0
  0.127680  0.128448  0.129049  0.129511  0.129866  0.130138  0.130347  0.130507
  0.130630  0.130752  0.130890  0.131049  0.131233  0.131446  0.131690  0.131970
  0.132291  0.132657  0.133080  0.133582  0.134181  0.134860  0.135548  0.136222
  0.136890  0.137558  0.138210  0.138820  0.139379  0.139891  0.140358  0.140780
  0.141157  0.141489  0.141813  0.142179  0.142596  0.143071  0.143622  0.144260
  1.000000  0.000000
 -0.012295 -0.011124 -0.010228 -0.009540 -0.009011 -0.008606 -0.008295 -0.008056
 -0.007872 -0.007521 -0.007283 -0.007013 -0.006705 -0.006356 -0.005961 -0.005520
 -0.005027 -0.004480 -0.003869 -0.003172 -0.002378 -0.001531 -0.000730  0.000000
  0.000669  0.001281  0.001826  0.002286  0.002666  0.002980  0.003238  0.003447
  0.003615  0.003647  0.003864  0.004107  0.004378  0.004680  0.005019  0.005398
  1.000000
  0.000000  0.000000  0.000000  0.000000  0.000000  0.000000  0.000000  0.000000
  0.000000  0.000335  0.000442  0.000518  0.000597  0.000686  0.000784  0.000890
  0.001003  0.001123  0.001247  0.001374  0.001496  0.001595  0.001651  0.001661
  0.001626  0.001546  0.001425  0.001273  0.001099  0.000913  0.000721  0.000528
  0.000341  0.000000  0.000000  0.000000  0.000000  0.000000  0.000000  0.000000
  1.000000  0.000000
  0.305049  0.304884  0.304802  0.304743  0.304698  0.304664  0.304638  0.304618
  0.304602  0.304579  0.304551  0.304516  0.304474  0.304421  0.304356  0.304275
  0.304176  0.304052  0.303899  0.303702  0.303448  0.303138  0.302804  0.302459
  0.302104  0.301741  0.301379  0.301039  0.300727  0.300444  0.300188  0.299960
  0.299759  0.299586  0.299389  0.299184  0.298977  0.298779  0.298628  0.298553
 ***************************************************************
 ************STARTING THE INPUT FOR EACH BLADE ROW**************
  BLADE ROW NUMBER =       11                                           
    NUMBER OF BLADES IN ROW 
       134
        JM        JLE       JTE 
        40         9        34
      KTIPSTART  KTIPEND 
         0         0
       BOUNDARY LAYER TRANSITION POINTS 
         0         0         0         0
  SET NEWGRID= 1 TO GENERATE A NEW GRID WITH DIFFERENT "J" POINTS AND SPACINGS.
         0
   RPMROW,    RPMHUB 
   13250.3   13250.3
       JROTHS    JROTHE    JROTTS    JROTTE 
         1         1         1         1
   PUPROW    PLEROW   PTEROW    PDROW 
  318752.7  318752.7  367959.5  367959.5
      NSECS_ROW   INSURF  
         3         0
  IF_CUSP_OUT   IFANGLES 
         1         0
         0         3         0
 ***************************************************************
  ROW NUMBER          11  SECTION NUMBER            1
           0           0           0  IF_DESIGN etc 
   1.00000   0.00000    0
  0.143931  0.144701  0.145295  0.145747  0.146093  0.146359  0.146563  0.146720
  0.146840  0.146958  0.147092  0.147247  0.147426  0.147634  0.147872  0.148145
  0.148458  0.148817  0.149231  0.149724  0.150314  0.150986  0.151670  0.152344
  0.153016  0.153693  0.154360  0.154987  0.155566  0.156100  0.156591  0.157037
  0.157437  0.157792  0.158153  0.158555  0.159005  0.159507  0.160067  0.160689
  1.000000  0.000000
  0.006471  0.005618  0.004963  0.004460  0.004074  0.003778  0.003550  0.003375
  0.003241  0.003283  0.003212  0.003093  0.002950  0.002785  0.002599  0.002390
  0.002158  0.001904  0.001623  0.001310  0.000961  0.000603  0.000279  0.000000
 -0.000239 -0.000440 -0.000598 -0.000714 -0.000791 -0.000839 -0.000864 -0.000870
 -0.000863 -0.000910 -0.000839 -0.000759 -0.000670 -0.000570 -0.000459 -0.000335
  1.000000
  0.000000  0.000000  0.000000  0.000000  0.000000  0.000000  0.000000  0.000000
  0.000000  0.000347  0.000468  0.000558  0.000642  0.000726  0.000810  0.000893
  0.000972  0.001048  0.001117  0.001177  0.001222  0.001240  0.001228  0.001189
  0.001125  0.001037  0.000931  0.000813  0.000692  0.000570  0.000449  0.000333
  0.000224  0.000000  0.000000  0.000000  0.000000  0.000000  0.000000  0.000000
  1.000000  0.000000
  0.194016  0.194073  0.194105  0.194148  0.194182  0.194210  0.194231  0.194249
  0.194262  0.194285  0.194314  0.194348  0.194391  0.194444  0.194510  0.194590
  0.194689  0.194810  0.194960  0.195150  0.195392  0.195682  0.195988  0.196293
  0.196597  0.196897  0.197180  0.197431  0.197646  0.197825  0.197973  0.198091
  0.198183  0.198251  0.198291  0.198334  0.198380  0.198429  0.198484  0.198563
 ***************************************************************
  ROW NUMBER          11  SECTION NUMBER            2
           0           0           0  IF_DESIGN etc 
   1.00000   0.00000    0
  0.144098  0.144821  0.145376  0.145803  0.146130  0.146381  0.146574  0.146722
  0.146836  0.146949  0.147079  0.147229  0.147403  0.147606  0.147839  0.148108
  0.148417  0.148774  0.149187  0.149682  0.150279  0.150961  0.151658  0.152346
  0.153033  0.153722  0.154397  0.155029  0.155609  0.156139  0.156623  0.157058
  0.157447  0.157788  0.158129  0.158509  0.158934  0.159408  0.159937  0.160527
  1.000000  0.000000
  0.012102  0.010783  0.009770  0.008992  0.008395  0.007937  0.007585  0.007315
  0.007108  0.007133  0.007008  0.006813  0.006569  0.006283  0.005952  0.005571
  0.005136  0.004638  0.004068  0.003398  0.002604  0.001720  0.000843  0.000000
 -0.000816 -0.001610 -0.002364 -0.003049 -0.003658 -0.004201 -0.004683 -0.005106
 -0.005476 -0.005858 -0.006103 -0.006376 -0.006681 -0.007021 -0.007401 -0.007825
  1.000000
  0.000000  0.000000  0.000000  0.000000  0.000000  0.000000  0.000000  0.000000
  0.000000  0.000470  0.000639  0.000767  0.000883  0.000999  0.001114  0.001227
  0.001337  0.001440  0.001535  0.001617  0.001678  0.001704  0.001687  0.001633
  0.001545  0.001424  0.001278  0.001117  0.000950  0.000781  0.000616  0.000456
  0.000306  0.000000  0.000000  0.000000  0.000000  0.000000  0.000000  0.000000
  1.000000  0.000000
  0.246300  0.246300  0.246300  0.246300  0.246300  0.246300  0.246300  0.246300
  0.246300  0.246300  0.246300  0.246300  0.246300  0.246300  0.246300  0.246300
  0.246300  0.246300  0.246300  0.246300  0.246300  0.246300  0.246300  0.246300
  0.246300  0.246300  0.246300  0.246300  0.246300  0.246300  0.246300  0.246300
  0.246300  0.246300  0.246300  0.246300  0.246300  0.246300  0.246300  0.246300
 ***************************************************************
  ROW NUMBER          11  SECTION NUMBER            3
           0           0           0  IF_DESIGN etc 
   1.00000   0.00000    0
  0.143933  0.144703  0.145296  0.145748  0.146095  0.146361  0.146565  0.146721
  0.146841  0.146959  0.147094  0.147249  0.147428  0.147635  0.147874  0.148147
  0.148460  0.148818  0.149233  0.149725  0.150316  0.150988  0.151671  0.152345
  0.153018  0.153695  0.154361  0.154988  0.155567  0.156102  0.156592  0.157038
  0.157439  0.157793  0.158154  0.158557  0.159006  0.159508  0.160069  0.160690
  1.000000  0.000000
  0.018532  0.016624  0.015160  0.014036  0.013173  0.012510  0.012002  0.011611
  0.011311  0.011350  0.011173  0.010895  0.010536  0.010112  0.009614  0.009038
  0.008371  0.007602  0.006708  0.005642  0.004361  0.002908  0.001438  0.000000
 -0.001419 -0.002827 -0.004190 -0.005452 -0.006596 -0.007633 -0.008568 -0.009405
 -0.010145 -0.010875 -0.011416 -0.012019 -0.012692 -0.013444 -0.014282 -0.015217
  1.000000
  0.000000  0.000000  0.000000  0.000000  0.000000  0.000000  0.000000  0.000000
  0.000000  0.000684  0.000937  0.001133  0.001305  0.001476  0.001646  0.001813
  0.001974  0.002127  0.002267  0.002389  0.002479  0.002517  0.002492  0.002412
  0.002281  0.002104  0.001888  0.001649  0.001402  0.001153  0.000908  0.000672
  0.000451  0.000000  0.000000  0.000000  0.000000  0.000000  0.000000  0.000000
  1.000000  0.000000
  0.298584  0.298527  0.298495  0.298452  0.298418  0.298390  0.298368  0.298351
  0.298338  0.298314  0.298286  0.298251  0.298208  0.298155  0.298090  0.298010
  0.297911  0.297790  0.297640  0.297449  0.297207  0.296917  0.296612  0.296306
  0.296002  0.295702  0.295419  0.295168  0.294954  0.294774  0.294626  0.294508
  0.294417  0.294349  0.294309  0.294266  0.294220  0.294170  0.294116  0.294037
 ***************************************************************
 ************STARTING THE INPUT FOR EACH BLADE ROW**************
  BLADE ROW NUMBER =       12                                           
    NUMBER OF BLADES IN ROW 
       135
        JM        JLE       JTE 
        40         9        34
      KTIPSTART  KTIPEND 
         0         0
       BOUNDARY LAYER TRANSITION POINTS 
         0         0         0         0
  SET NEWGRID= 1 TO GENERATE A NEW GRID WITH DIFFERENT "J" POINTS AND SPACINGS.
         0
   RPMROW,    RPMHUB 
       0.0       0.0
       JROTHS    JROTHE    JROTTS    JROTTE 
         1         1         1         1
   PUPROW    PLEROW   PTEROW    PDROW 
  367959.5  367959.5  421759.1  421759.1
      NSECS_ROW   INSURF  
         3         0
  IF_CUSP_OUT   IFANGLES 
         1         0
         0         3         0
 ***************************************************************
  ROW NUMBER          12  SECTION NUMBER            1
           0           0           0  IF_DESIGN etc 
   1.00000   0.00000    0
  0.157525  0.158272  0.158850  0.159294  0.159634  0.159896  0.160097  0.160251
  0.160369  0.160486  0.160620  0.160774  0.160953  0.161160  0.161398  0.161672
  0.161986  0.162346  0.162763  0.163260  0.163855  0.164532  0.165220  0.165897
  0.166569  0.167242  0.167899  0.168514  0.169077  0.169592  0.170061  0.170484
  0.170861  0.171193  0.171518  0.171884  0.172297  0.172765  0.173300  0.173913
  1.000000  0.000000
 -0.017726 -0.016021 -0.014710 -0.013703 -0.012930 -0.012337 -0.011881 -0.011531
 -0.011262 -0.010784 -0.010444 -0.010058 -0.009619 -0.009119 -0.008556 -0.007926
 -0.007222 -0.006440 -0.005567 -0.004570 -0.003431 -0.002214 -0.001058  0.000000
  0.000975  0.001874  0.002679  0.003366  0.003939  0.004417  0.004814  0.005141
  0.005406  0.005490  0.005806  0.006159  0.006553  0.006992  0.007480  0.008022
  1.000000
  0.000000  0.000000  0.000000  0.000000  0.000000  0.000000  0.000000  0.000000
  0.000000  0.000408  0.000540  0.000632  0.000730  0.000838  0.000958  0.001087
  0.001226  0.001372  0.001524  0.001679  0.001829  0.001949  0.002017  0.002029
  0.001987  0.001890  0.001741  0.001555  0.001343  0.001115  0.000880  0.000644
  0.000416  0.000000  0.000000  0.000000  0.000000  0.000000  0.000000  0.000000
  1.000000  0.000000
  0.198201  0.198304  0.198364  0.198409  0.198442  0.198467  0.198487  0.198502
  0.198514  0.198531  0.198552  0.198577  0.198608  0.198646  0.198693  0.198751
  0.198822  0.198911  0.199021  0.199164  0.199348  0.199574  0.199820  0.200074
  0.200338  0.200610  0.200883  0.201140  0.201378  0.201595  0.201792  0.201969
  0.202125  0.202260  0.202419  0.202583  0.202747  0.202903  0.203022  0.203083
 ***************************************************************
  ROW NUMBER          12  SECTION NUMBER            2
           0           0           0  IF_DESIGN etc 
   1.00000   0.00000    0
  0.157689  0.158403  0.158952  0.159373  0.159697  0.159945  0.160136  0.160282
  0.160395  0.160507  0.160635  0.160783  0.160956  0.161155  0.161386  0.161652
  0.161957  0.162310  0.162719  0.163208  0.163798  0.164472  0.165160  0.165840
  0.166519  0.167200  0.167868  0.168492  0.169065  0.169589  0.170067  0.170498
  0.170881  0.171219  0.171556  0.171932  0.172351  0.172820  0.173342  0.173925
  1.000000  0.000000
 -0.013621 -0.012317 -0.011316 -0.010547 -0.009957 -0.009504 -0.009157 -0.008890
 -0.008685 -0.008308 -0.008046 -0.007749 -0.007410 -0.007024 -0.006589 -0.006103
 -0.005561 -0.004957 -0.004283 -0.003514 -0.002637 -0.001700 -0.000812  0.000000
  0.000746  0.001432  0.002044  0.002564  0.002996  0.003356  0.003652  0.003895
  0.004092  0.004148  0.004390  0.004661  0.004962  0.005298  0.005674  0.006092
  1.000000
  0.000000  0.000000  0.000000  0.000000  0.000000  0.000000  0.000000  0.000000
  0.000000  0.000338  0.000447  0.000523  0.000603  0.000693  0.000792  0.000899
  0.001014  0.001135  0.001260  0.001389  0.001513  0.001613  0.001669  0.001679
  0.001644  0.001563  0.001440  0.001286  0.001111  0.000923  0.000728  0.000533
  0.000344  0.000000  0.000000  0.000000  0.000000  0.000000  0.000000  0.000000
  1.000000  0.000000
  0.246300  0.246300  0.246300  0.246300  0.246300  0.246300  0.246300  0.246300
  0.246300  0.246300  0.246300  0.246300  0.246300  0.246300  0.246300  0.246300
  0.246300  0.246300  0.246300  0.246300  0.246300  0.246300  0.246300  0.246300
  0.246300  0.246300  0.246300  0.246300  0.246300  0.246300  0.246300  0.246300
  0.246300  0.246300  0.246300  0.246300  0.246300  0.246300  0.246300  0.246300
 ***************************************************************
  ROW NUMBER          12  SECTION NUMBER            3
           0           0           0  IF_DESIGN etc 
   1.00000   0.00000    0
  0.157525  0.158272  0.158849  0.159293  0.159634  0.159895  0.160096  0.160250
  0.160368  0.160486  0.160619  0.160774  0.160952  0.161159  0.161398  0.161671
  0.161985  0.162346  0.162763  0.163259  0.163855  0.164532  0.165219  0.165896
  0.166568  0.167241  0.167899  0.168514  0.169077  0.169592  0.170061  0.170484
  0.170861  0.171192  0.171517  0.171884  0.172297  0.172765  0.173300  0.173913
  1.000000  0.000000
 -0.012167 -0.011009 -0.010120 -0.009438 -0.008914 -0.008512 -0.008204 -0.007967
 -0.007785 -0.007439 -0.007204 -0.006937 -0.006633 -0.006287 -0.005897 -0.005461
 -0.004974 -0.004432 -0.003828 -0.003139 -0.002354 -0.001516 -0.000723  0.000000
  0.000663  0.001270  0.001810  0.002267  0.002646  0.002958  0.003215  0.003424
  0.003592  0.003627  0.003842  0.004082  0.004350  0.004650  0.004985  0.005359
  1.000000
  0.000000  0.000000  0.000000  0.000000  0.000000  0.000000  0.000000  0.000000
  0.000000  0.000326  0.000431  0.000504  0.000581  0.000668  0.000763  0.000866
  0.000977  0.001093  0.001214  0.001338  0.001457  0.001553  0.001607  0.001617
  0.001583  0.001506  0.001387  0.001239  0.001070  0.000889  0.000701  0.000514
  0.000332  0.000000  0.000000  0.000000  0.000000  0.000000  0.000000  0.000000
  1.000000  0.000000
  0.294399  0.294296  0.294236  0.294192  0.294158  0.294133  0.294113  0.294098
  0.294086  0.294069  0.294048  0.294023  0.293992  0.293954  0.293907  0.293849
  0.293778  0.293689  0.293579  0.293437  0.293252  0.293026  0.292781  0.292526
  0.292262  0.291990  0.291718  0.291460  0.291222  0.291005  0.290808  0.290631
  0.290476  0.290340  0.290182  0.290018  0.289853  0.289697  0.289578  0.289517
 ***************************************************************
 ************STARTING THE INPUT FOR EACH BLADE ROW**************
  BLADE ROW NUMBER =       13                                           
    NUMBER OF BLADES IN ROW 
       135
        JM        JLE       JTE 
        40         9        34
      KTIPSTART  KTIPEND 
         0         0
       BOUNDARY LAYER TRANSITION POINTS 
         0         0         0         0
  SET NEWGRID= 1 TO GENERATE A NEW GRID WITH DIFFERENT "J" POINTS AND SPACINGS.
         0
   RPMROW,    RPMHUB 
   13250.3   13250.3
       JROTHS    JROTHE    JROTTS    JROTTE 
         1         1         1         1
   PUPROW    PLEROW   PTEROW    PDROW 
  421759.1  421759.1  480949.1  480949.1
      NSECS_ROW   INSURF  
         3         0
  IF_CUSP_OUT   IFANGLES 
         1         0
         0         3         0
 ***************************************************************
  ROW NUMBER          13  SECTION NUMBER            1
           0           0           0  IF_DESIGN etc 
   1.00000   0.00000    0
  0.173753  0.174500  0.175074  0.175512  0.175849  0.176107  0.176305  0.176457
  0.176574  0.176689  0.176821  0.176973  0.177149  0.177353  0.177588  0.177857
  0.178167  0.178523  0.178935  0.179425  0.180015  0.180688  0.181373  0.182050
  0.182725  0.183403  0.184070  0.184696  0.185272  0.185801  0.186286  0.186725
  0.187118  0.187465  0.187815  0.188206  0.188643  0.189130  0.189674  0.190279
  1.000000  0.000000
  0.007415  0.006491  0.005782  0.005237  0.004819  0.004498  0.004252  0.004063
  0.003917  0.003951  0.003868  0.003736  0.003576  0.003391  0.003179  0.002941
  0.002675  0.002379  0.002050  0.001674  0.001249  0.000799  0.000378  0.000000
 -0.000342 -0.000648 -0.000914 -0.001132 -0.001306 -0.001444 -0.001552 -0.001635
 -0.001697 -0.001810 -0.001799 -0.001786 -0.001773 -0.001757 -0.001740 -0.001721
  1.000000
  0.000000  0.000000  0.000000  0.000000  0.000000  0.000000  0.000000  0.000000
  0.000000  0.000355  0.000479  0.000571  0.000657  0.000744  0.000830  0.000914
  0.000995  0.001072  0.001143  0.001205  0.001250  0.001269  0.001257  0.001217
  0.001151  0.001062  0.000953  0.000832  0.000708  0.000583  0.000459  0.000341
  0.000229  0.000000  0.000000  0.000000  0.000000  0.000000  0.000000  0.000000
  1.000000  0.000000
  0.203071  0.203110  0.203138  0.203171  0.203197  0.203217  0.203234  0.203246
  0.203256  0.203274  0.203295  0.203320  0.203352  0.203392  0.203440  0.203500
  0.203573  0.203664  0.203775  0.203917  0.204099  0.204316  0.204545  0.204775
  0.205003  0.205228  0.205440  0.205628  0.205787  0.205921  0.206031  0.206118
  0.206186  0.206237  0.206267  0.206299  0.206334  0.206371  0.206412  0.206465
 ***************************************************************
  ROW NUMBER          13  SECTION NUMBER            2
           0           0           0  IF_DESIGN etc 
   1.00000   0.00000    0
  0.173849  0.174569  0.175121  0.175545  0.175870  0.176120  0.176312  0.176459
  0.176572  0.176685  0.176814  0.176963  0.177136  0.177337  0.177570  0.177837
  0.178145  0.178499  0.178911  0.179403  0.179996  0.180674  0.181367  0.182052
  0.182734  0.183420  0.184091  0.184720  0.185296  0.185824  0.186304  0.186738
  0.187124  0.187463  0.187802  0.188181  0.188603  0.189074  0.189600  0.190187
  1.000000  0.000000
  0.012035  0.010723  0.009715  0.008942  0.008348  0.007893  0.007543  0.007274
  0.007068  0.007093  0.006969  0.006775  0.006533  0.006248  0.005918  0.005540
  0.005107  0.004613  0.004046  0.003379  0.002590  0.001711  0.000838  0.000000
 -0.000812 -0.001601 -0.002351 -0.003032 -0.003638 -0.004178 -0.004656 -0.005078
 -0.005445 -0.005825 -0.006069 -0.006341 -0.006644 -0.006982 -0.007360 -0.007781
  1.000000
  0.000000  0.000000  0.000000  0.000000  0.000000  0.000000  0.000000  0.000000
  0.000000  0.000467  0.000636  0.000763  0.000878  0.000993  0.001108  0.001220
  0.001329  0.001432  0.001526  0.001608  0.001669  0.001695  0.001678  0.001624
  0.001536  0.001416  0.001271  0.001111  0.000945  0.000777  0.000612  0.000454
  0.000305  0.000000  0.000000  0.000000  0.000000  0.000000  0.000000  0.000000
  1.000000  0.000000
  0.246300  0.246300  0.246300  0.246300  0.246300  0.246300  0.246300  0.246300
  0.246300  0.246300  0.246300  0.246300  0.246300  0.246300  0.246300  0.246300
  0.246300  0.246300  0.246300  0.246300  0.246300  0.246300  0.246300  0.246300
  0.246300  0.246300  0.246300  0.246300  0.246300  0.246300  0.246300  0.246300
  0.246300  0.246300  0.246300  0.246300  0.246300  0.246300  0.246300  0.246300
 ***************************************************************
  ROW NUMBER          13  SECTION NUMBER            3
           0           0           0  IF_DESIGN etc 
   1.00000   0.00000    0
  0.173754  0.174501  0.175075  0.175514  0.175850  0.176108  0.176306  0.176459
  0.176575  0.176691  0.176822  0.176974  0.177150  0.177354  0.177589  0.177859
  0.178168  0.178524  0.178936  0.179427  0.180017  0.180689  0.181375  0.182051
  0.182726  0.183404  0.184071  0.184697  0.185273  0.185803  0.186287  0.186726
  0.187120  0.187466  0.187817  0.188208  0.188644  0.189131  0.189675  0.190280
  1.000000  0.000000
  0.017044  0.015278  0.013923  0.012882  0.012084  0.011470  0.011000  0.010638
  0.010361  0.010396  0.010232  0.009974  0.009643  0.009251  0.008792  0.008262
  0.007649  0.006942  0.006122  0.005146  0.003975  0.002648  0.001308  0.000000
 -0.001289 -0.002565 -0.003799 -0.004940 -0.005971 -0.006905 -0.007747 -0.008498
 -0.009162 -0.009818 -0.010299 -0.010837 -0.011436 -0.012105 -0.012851 -0.013683
  1.000000
  0.000000  0.000000  0.000000  0.000000  0.000000  0.000000  0.000000  0.000000
  0.000000  0.000633  0.000866  0.001046  0.001204  0.001362  0.001519  0.001673
  0.001822  0.001963  0.002092  0.002204  0.002287  0.002322  0.002300  0.002225
  0.002105  0.001941  0.001742  0.001522  0.001294  0.001064  0.000838  0.000620
  0.000416  0.000000  0.000000  0.000000  0.000000  0.000000  0.000000  0.000000
  1.000000  0.000000
  0.289529  0.289490  0.289462  0.289429  0.289403  0.289382  0.289366  0.289354
  0.289344  0.289326  0.289305  0.289279  0.289248  0.289208  0.289159  0.289100
  0.289026  0.288936  0.288824  0.288682  0.288501  0.288284  0.288054  0.287825
  0.287596  0.287372  0.287160  0.286972  0.286812  0.286679  0.286569  0.286482
  0.286414  0.286363  0.286333  0.286301  0.286266  0.286229  0.286188  0.286135
 ***************************************************************
 ************STARTING THE INPUT FOR EACH BLADE ROW**************
  BLADE ROW NUMBER =       14                                           
    NUMBER OF BLADES IN ROW 
       135
        JM        JLE       JTE 
        40         9        34
      KTIPSTART  KTIPEND 
         0         0
       BOUNDARY LAYER TRANSITION POINTS 
         0         0         0         0
  SET NEWGRID= 1 TO GENERATE A NEW GRID WITH DIFFERENT "J" POINTS AND SPACINGS.
         0
   RPMROW,    RPMHUB 
       0.0       0.0
       JROTHS    JROTHE    JROTTS    JROTTE 
         1         1         1         1
   PUPROW    PLEROW   PTEROW    PDROW 
  480949.1  480949.1  545180.1  545180.1
      NSECS_ROW   INSURF  
         3         0
  IF_CUSP_OUT   IFANGLES 
         1         0
         0         3         0
 ***************************************************************
  ROW NUMBER          14  SECTION NUMBER            1
           0           0           0  IF_DESIGN etc 
   1.00000   0.00000    0
  0.187306  0.188040  0.188605  0.189039  0.189372  0.189628  0.189825  0.189975
  0.190091  0.190206  0.190338  0.190489  0.190665  0.190869  0.191104  0.191374
  0.191685  0.192042  0.192455  0.192949  0.193542  0.194217  0.194905  0.195583
  0.196257  0.196933  0.197593  0.198211  0.198776  0.199293  0.199764  0.200188
  0.200566  0.200898  0.201225  0.201592  0.202005  0.202470  0.202998  0.203597
  1.000000  0.000000
 -0.016673 -0.015070 -0.013838 -0.012893 -0.012167 -0.011609 -0.011181 -0.010852
 -0.010600 -0.010149 -0.009829 -0.009466 -0.009052 -0.008582 -0.008052 -0.007459
 -0.006796 -0.006060 -0.005238 -0.004300 -0.003228 -0.002082 -0.000995  0.000000
  0.000917  0.001761  0.002517  0.003162  0.003700  0.004148  0.004520  0.004826
  0.005074  0.005150  0.005447  0.005779  0.006150  0.006563  0.007022  0.007533
  1.000000
  0.000000  0.000000  0.000000  0.000000  0.000000  0.000000  0.000000  0.000000
  0.000000  0.000388  0.000514  0.000602  0.000694  0.000798  0.000911  0.001035
  0.001167  0.001306  0.001450  0.001598  0.001741  0.001856  0.001920  0.001931
  0.001891  0.001799  0.001657  0.001480  0.001278  0.001062  0.000838  0.000613
  0.000396  0.000000  0.000000  0.000000  0.000000  0.000000  0.000000  0.000000
  1.000000  0.000000
  0.206215  0.206286  0.206331  0.206364  0.206389  0.206409  0.206423  0.206435
  0.206444  0.206457  0.206472  0.206491  0.206514  0.206542  0.206577  0.206620
  0.206673  0.206739  0.206821  0.206927  0.207064  0.207234  0.207419  0.207612
  0.207813  0.208022  0.208232  0.208432  0.208617  0.208788  0.208943  0.209083
  0.209207  0.209316  0.209446  0.209580  0.209714  0.209841  0.209936  0.209986
 ***************************************************************
  ROW NUMBER          14  SECTION NUMBER            2
           0           0           0  IF_DESIGN etc 
   1.00000   0.00000    0
  0.187406  0.188120  0.188668  0.189089  0.189412  0.189660  0.189850  0.189996
  0.190108  0.190220  0.190349  0.190497  0.190668  0.190868  0.191098  0.191363
  0.191669  0.192020  0.192429  0.192917  0.193506  0.194179  0.194866  0.195546
  0.196223  0.196903  0.197569  0.198193  0.198765  0.199289  0.199765  0.200195
  0.200579  0.200915  0.201252  0.201627  0.202046  0.202514  0.203036  0.203618
  1.000000  0.000000
 -0.013599 -0.012298 -0.011298 -0.010531 -0.009942 -0.009489 -0.009142 -0.008876
 -0.008671 -0.008295 -0.008033 -0.007736 -0.007398 -0.007013 -0.006579 -0.006094
 -0.005552 -0.004949 -0.004277 -0.003509 -0.002633 -0.001697 -0.000810  0.000000
  0.000745  0.001429  0.002041  0.002560  0.002992  0.003350  0.003646  0.003889
  0.004085  0.004142  0.004384  0.004653  0.004954  0.005290  0.005665  0.006083
  1.000000
  0.000000  0.000000  0.000000  0.000000  0.000000  0.000000  0.000000  0.000000
  0.000000  0.000337  0.000446  0.000522  0.000603  0.000692  0.000791  0.000898
  0.001013  0.001133  0.001258  0.001387  0.001510  0.001610  0.001666  0.001676
  0.001641  0.001561  0.001438  0.001284  0.001109  0.000922  0.000727  0.000532
  0.000344  0.000000  0.000000  0.000000  0.000000  0.000000  0.000000  0.000000
  1.000000  0.000000
  0.246300  0.246300  0.246300  0.246300  0.246300  0.246300  0.246300  0.246300
  0.246300  0.246300  0.246300  0.246300  0.246300  0.246300  0.246300  0.246300
  0.246300  0.246300  0.246300  0.246300  0.246300  0.246300  0.246300  0.246300
  0.246300  0.246300  0.246300  0.246300  0.246300  0.246300  0.246300  0.246300
  0.246300  0.246300  0.246300  0.246300  0.246300  0.246300  0.246300  0.246300
 ***************************************************************
  ROW NUMBER          14  SECTION NUMBER            3
           0           0           0  IF_DESIGN etc 
   1.00000   0.00000    0
  0.187305  0.188040  0.188605  0.189039  0.189372  0.189628  0.189824  0.189975
  0.190091  0.190206  0.190337  0.190489  0.190665  0.190868  0.191104  0.191374
  0.191684  0.192041  0.192455  0.192948  0.193541  0.194217  0.194905  0.195583
  0.196257  0.196932  0.197593  0.198211  0.198776  0.199293  0.199763  0.200188
  0.200566  0.200898  0.201224  0.201592  0.202004  0.202470  0.202997  0.203597
  1.000000  0.000000
 -0.012189 -0.011027 -0.010136 -0.009452 -0.008926 -0.008523 -0.008214 -0.007976
 -0.007794 -0.007449 -0.007214 -0.006946 -0.006642 -0.006296 -0.005905 -0.005469
 -0.004981 -0.004439 -0.003834 -0.003145 -0.002358 -0.001519 -0.000725  0.000000
  0.000664  0.001274  0.001816  0.002275  0.002655  0.002970  0.003228  0.003439
  0.003609  0.003646  0.003862  0.004102  0.004371  0.004671  0.005007  0.005382
  1.000000
  0.000000  0.000000  0.000000  0.000000  0.000000  0.000000  0.000000  0.000000
  0.000000  0.000322  0.000426  0.000499  0.000575  0.000661  0.000755  0.000857
  0.000966  0.001082  0.001201  0.001323  0.001441  0.001537  0.001590  0.001600
  0.001566  0.001490  0.001373  0.001226  0.001059  0.000880  0.000694  0.000508
  0.000328  0.000000  0.000000  0.000000  0.000000  0.000000  0.000000  0.000000
  1.000000  0.000000
  0.286385  0.286314  0.286269  0.286236  0.286211  0.286191  0.286177  0.286165
  0.286156  0.286143  0.286128  0.286109  0.286086  0.286058  0.286023  0.285980
  0.285927  0.285861  0.285779  0.285673  0.285536  0.285366  0.285181  0.284988
  0.284787  0.284579  0.284369  0.284169  0.283983  0.283813  0.283657  0.283517
  0.283393  0.283284  0.283154  0.283020  0.282886  0.282759  0.282664  0.282614
 ***************************************************************
 ************STARTING THE INPUT FOR EACH BLADE ROW**************
  BLADE ROW NUMBER =       15                                           
    NUMBER OF BLADES IN ROW 
       135
        JM        JLE       JTE 
        40         9        34
      KTIPSTART  KTIPEND 
         0         0
       BOUNDARY LAYER TRANSITION POINTS 
         0         0         0         0
  SET NEWGRID= 1 TO GENERATE A NEW GRID WITH DIFFERENT "J" POINTS AND SPACINGS.
         0
   RPMROW,    RPMHUB 
   13250.3   13250.3
       JROTHS    JROTHE    JROTTS    JROTTE 
         1         1         1         1
   PUPROW    PLEROW   PTEROW    PDROW 
  545180.1  545180.1  615313.2  615313.2
      NSECS_ROW   INSURF  
         3         0
  IF_CUSP_OUT   IFANGLES 
         1         0
         0         3         0
 ***************************************************************
  ROW NUMBER          15  SECTION NUMBER            1
           0           0           0  IF_DESIGN etc 
   1.00000   0.00000    0
  0.203521  0.204255  0.204818  0.205250  0.205580  0.205834  0.206029  0.206179
  0.206294  0.206408  0.206538  0.206689  0.206863  0.207065  0.207298  0.207566
  0.207874  0.208228  0.208638  0.209128  0.209717  0.210390  0.211076  0.211754
  0.212430  0.213109  0.213775  0.214400  0.214975  0.215502  0.215983  0.216418
  0.216807  0.217150  0.217495  0.217879  0.218309  0.218788  0.219323  0.219919
  1.000000  0.000000
  0.008120  0.007141  0.006389  0.005812  0.005370  0.005029  0.004768  0.004568
  0.004414  0.004443  0.004353  0.004211  0.004038  0.003838  0.003608  0.003349
  0.003057  0.002730  0.002363  0.001943  0.001461  0.000944  0.000452  0.000000
 -0.000416 -0.000800 -0.001144 -0.001437 -0.001681 -0.001884 -0.002052 -0.002191
 -0.002303 -0.002455 -0.002487 -0.002523 -0.002563 -0.002607 -0.002657 -0.002712
  1.000000
  0.000000  0.000000  0.000000  0.000000  0.000000  0.000000  0.000000  0.000000
  0.000000  0.000365  0.000493  0.000588  0.000678  0.000767  0.000855  0.000942
  0.001026  0.001106  0.001179  0.001242  0.001289  0.001309  0.001296  0.001254
  0.001187  0.001094  0.000982  0.000858  0.000730  0.000601  0.000474  0.000351
  0.000236  0.000000  0.000000  0.000000  0.000000  0.000000  0.000000  0.000000
  1.000000  0.000000
  0.209981  0.210011  0.210034  0.210059  0.210079  0.210094  0.210106  0.210116
  0.210123  0.210136  0.210153  0.210172  0.210197  0.210227  0.210264  0.210309
  0.210365  0.210434  0.210520  0.210629  0.210768  0.210935  0.211111  0.211288
  0.211463  0.211636  0.211799  0.211942  0.212064  0.212167  0.212250  0.212317
  0.212368  0.212407  0.212430  0.212454  0.212480  0.212508  0.212540  0.212579
 ***************************************************************
  ROW NUMBER          15  SECTION NUMBER            2
           0           0           0  IF_DESIGN etc 
   1.00000   0.00000    0
  0.203579  0.204296  0.204846  0.205269  0.205593  0.205842  0.206034  0.206180
  0.206293  0.206406  0.206534  0.206683  0.206856  0.207056  0.207288  0.207554
  0.207861  0.208214  0.208624  0.209115  0.209706  0.210382  0.211073  0.211755
  0.212436  0.213119  0.213788  0.214415  0.214989  0.215515  0.215994  0.216426
  0.216811  0.217149  0.217487  0.217864  0.218285  0.218755  0.219279  0.219864
  1.000000  0.000000
  0.011996  0.010688  0.009684  0.008913  0.008322  0.007867  0.007519  0.007251
  0.007045  0.007071  0.006947  0.006753  0.006512  0.006228  0.005899  0.005522
  0.005091  0.004598  0.004033  0.003368  0.002581  0.001705  0.000835  0.000000
 -0.000809 -0.001596 -0.002344 -0.003022 -0.003626 -0.004164 -0.004641 -0.005062
 -0.005428 -0.005807 -0.006049 -0.006320 -0.006623 -0.006960 -0.007336 -0.007756
  1.000000
  0.000000  0.000000  0.000000  0.000000  0.000000  0.000000  0.000000  0.000000
  0.000000  0.000466  0.000634  0.000760  0.000875  0.000990  0.001104  0.001216
  0.001325  0.001427  0.001521  0.001603  0.001664  0.001689  0.001673  0.001619
  0.001531  0.001412  0.001267  0.001107  0.000942  0.000774  0.000610  0.000452
  0.000304  0.000000  0.000000  0.000000  0.000000  0.000000  0.000000  0.000000
  1.000000  0.000000
  0.246300  0.246300  0.246300  0.246300  0.246300  0.246300  0.246300  0.246300
  0.246300  0.246300  0.246300  0.246300  0.246300  0.246300  0.246300  0.246300
  0.246300  0.246300  0.246300  0.246300  0.246300  0.246300  0.246300  0.246300
  0.246300  0.246300  0.246300  0.246300  0.246300  0.246300  0.246300  0.246300
  0.246300  0.246300  0.246300  0.246300  0.246300  0.246300  0.246300  0.246300
 ***************************************************************
  ROW NUMBER          15  SECTION NUMBER            3
           0           0           0  IF_DESIGN etc 
   1.00000   0.00000    0
  0.203522  0.204256  0.204820  0.205251  0.205582  0.205836  0.206031  0.206180
  0.206295  0.206409  0.206539  0.206690  0.206864  0.207066  0.207299  0.207567
  0.207875  0.208229  0.208639  0.209129  0.209718  0.210391  0.211077  0.211755
  0.212431  0.213110  0.213776  0.214401  0.214976  0.215503  0.215984  0.216420
  0.216809  0.217151  0.217496  0.217881  0.218310  0.218789  0.219324  0.219920
  1.000000  0.000000
  0.016054  0.014382  0.013099  0.012113  0.011356  0.010775  0.010329  0.009987
  0.009724  0.009758  0.009602  0.009357  0.009044  0.008673  0.008241  0.007740
  0.007163  0.006498  0.005728  0.004811  0.003713  0.002472  0.001220  0.000000
 -0.001200 -0.002387 -0.003533 -0.004590 -0.005545 -0.006408 -0.007185 -0.007878
 -0.008489 -0.009094 -0.009534 -0.010025 -0.010573 -0.011185 -0.011867 -0.012628
  1.000000
  0.000000  0.000000  0.000000  0.000000  0.000000  0.000000  0.000000  0.000000
  0.000000  0.000599  0.000819  0.000988  0.001137  0.001286  0.001435  0.001580
  0.001721  0.001854  0.001976  0.002082  0.002161  0.002194  0.002172  0.002102
  0.001988  0.001834  0.001645  0.001438  0.001222  0.001005  0.000792  0.000586
  0.000393  0.000000  0.000000  0.000000  0.000000  0.000000  0.000000  0.000000
  1.000000  0.000000
  0.282619  0.282589  0.282566  0.282541  0.282521  0.282506  0.282494  0.282484
  0.282477  0.282463  0.282447  0.282428  0.282403  0.282373  0.282336  0.282291
  0.282234  0.282165  0.282080  0.281971  0.281832  0.281665  0.281489  0.281312
  0.281136  0.280964  0.280801  0.280657  0.280535  0.280433  0.280350  0.280283
  0.280232  0.280193  0.280170  0.280146  0.280120  0.280091  0.280060  0.280021
 ***************************************************************
 ************STARTING THE INPUT FOR EACH BLADE ROW**************
  BLADE ROW NUMBER =       16                                           
    NUMBER OF BLADES IN ROW 
       135
        JM        JLE       JTE 
        40         9        34
      KTIPSTART  KTIPEND 
         0         0
       BOUNDARY LAYER TRANSITION POINTS 
         0         0         0         0
  SET NEWGRID= 1 TO GENERATE A NEW GRID WITH DIFFERENT "J" POINTS AND SPACINGS.
         0
   RPMROW,    RPMHUB 
       0.0       0.0
       JROTHS    JROTHE    JROTTS    JROTTE 
         1         1         1         1
   PUPROW    PLEROW   PTEROW    PDROW 
  615313.2  615313.2  690939.0  690939.0
      NSECS_ROW   INSURF  
         3         0
  IF_CUSP_OUT   IFANGLES 
         1         0
         0         3         0
 ***************************************************************
  ROW NUMBER          16  SECTION NUMBER            1
           0           0           0  IF_DESIGN etc 
   1.00000   0.00000    0
  0.217051  0.217777  0.218335  0.218764  0.219093  0.219346  0.219540  0.219689
  0.219803  0.219917  0.220047  0.220197  0.220372  0.220574  0.220807  0.221076
  0.221384  0.221739  0.222151  0.222643  0.223234  0.223909  0.224597  0.225276
  0.225951  0.226628  0.227290  0.227910  0.228477  0.228995  0.229467  0.229893
  0.230271  0.230604  0.230933  0.231301  0.231714  0.232179  0.232703  0.233295
  1.000000  0.000000
 -0.015998 -0.014461 -0.013280 -0.012373 -0.011677 -0.011143 -0.010733 -0.010418
 -0.010176 -0.009741 -0.009434 -0.009086 -0.008689 -0.008238 -0.007728 -0.007159
 -0.006523 -0.005816 -0.005027 -0.004126 -0.003098 -0.001998 -0.000955  0.000000
  0.000879  0.001689  0.002414  0.003031  0.003546  0.003975  0.004331  0.004623
  0.004860  0.004930  0.005216  0.005534  0.005890  0.006286  0.006727  0.007218
  1.000000
  0.000000  0.000000  0.000000  0.000000  0.000000  0.000000  0.000000  0.000000
  0.000000  0.000376  0.000498  0.000583  0.000673  0.000772  0.000883  0.001002
  0.001130  0.001265  0.001405  0.001548  0.001686  0.001797  0.001859  0.001871
  0.001831  0.001742  0.001605  0.001433  0.001238  0.001028  0.000811  0.000594
  0.000383  0.000000  0.000000  0.000000  0.000000  0.000000  0.000000  0.000000
  1.000000  0.000000
  0.212396  0.212448  0.212482  0.212507  0.212526  0.212541  0.212553  0.212562
  0.212569  0.212579  0.212591  0.212605  0.212622  0.212644  0.212670  0.212703
  0.212743  0.212793  0.212855  0.212936  0.213041  0.213171  0.213313  0.213462
  0.213618  0.213782  0.213947  0.214105  0.214252  0.214389  0.214514  0.214628
  0.214729  0.214818  0.214927  0.215038  0.215150  0.215255  0.215333  0.215374
 ***************************************************************
  ROW NUMBER          16  SECTION NUMBER            2
           0           0           0  IF_DESIGN etc 
   1.00000   0.00000    0
  0.217115  0.217828  0.218376  0.218796  0.219119  0.219367  0.219557  0.219703
  0.219815  0.219927  0.220055  0.220203  0.220375  0.220574  0.220805  0.221070
  0.221375  0.221726  0.222134  0.222622  0.223211  0.223884  0.224571  0.225249
  0.225926  0.226606  0.227272  0.227896  0.228467  0.228990  0.229467  0.229897
  0.230280  0.230616  0.230952  0.231328  0.231747  0.232214  0.232735  0.233317
  1.000000  0.000000
 -0.013592 -0.012291 -0.011292 -0.010525 -0.009936 -0.009484 -0.009137 -0.008871
 -0.008666 -0.008291 -0.008029 -0.007732 -0.007394 -0.007009 -0.006575 -0.006090
 -0.005549 -0.004946 -0.004274 -0.003507 -0.002632 -0.001696 -0.000810  0.000000
  0.000744  0.001429  0.002039  0.002558  0.002990  0.003348  0.003644  0.003887
  0.004083  0.004140  0.004381  0.004651  0.004951  0.005287  0.005661  0.006079
  1.000000
  0.000000  0.000000  0.000000  0.000000  0.000000  0.000000  0.000000  0.000000
  0.000000  0.000337  0.000446  0.000522  0.000602  0.000692  0.000790  0.000897
  0.001012  0.001133  0.001258  0.001386  0.001509  0.001609  0.001665  0.001675
  0.001640  0.001560  0.001437  0.001283  0.001109  0.000921  0.000726  0.000532
  0.000344  0.000000  0.000000  0.000000  0.000000  0.000000  0.000000  0.000000
  1.000000  0.000000
  0.246300  0.246300  0.246300  0.246300  0.246300  0.246300  0.246300  0.246300
  0.246300  0.246300  0.246300  0.246300  0.246300  0.246300  0.246300  0.246300
  0.246300  0.246300  0.246300  0.246300  0.246300  0.246300  0.246300  0.246300
  0.246300  0.246300  0.246300  0.246300  0.246300  0.246300  0.246300  0.246300
  0.246300  0.246300  0.246300  0.246300  0.246300  0.246300  0.246300  0.246300
 ***************************************************************
  ROW NUMBER          16  SECTION NUMBER            3
           0           0           0  IF_DESIGN etc 
   1.00000   0.00000    0
  0.217050  0.217777  0.218335  0.218764  0.219093  0.219345  0.219539  0.219688
  0.219803  0.219917  0.220047  0.220197  0.220371  0.220573  0.220807  0.221075
  0.221384  0.221739  0.222151  0.222642  0.223234  0.223909  0.224597  0.225275
  0.225951  0.226628  0.227290  0.227909  0.228476  0.228995  0.229467  0.229892
  0.230271  0.230604  0.230932  0.231301  0.231714  0.232178  0.232703  0.233295
  1.000000  0.000000
 -0.012275 -0.011104 -0.010206 -0.009516 -0.008987 -0.008580 -0.008268 -0.008029
 -0.007845 -0.007499 -0.007262 -0.006993 -0.006687 -0.006338 -0.005945 -0.005506
 -0.005015 -0.004469 -0.003861 -0.003167 -0.002375 -0.001530 -0.000730  0.000000
  0.000670  0.001284  0.001831  0.002294  0.002678  0.002996  0.003257  0.003470
  0.003642  0.003682  0.003899  0.004142  0.004412  0.004714  0.005052  0.005430
  1.000000
  0.000000  0.000000  0.000000  0.000000  0.000000  0.000000  0.000000  0.000000
  0.000000  0.000321  0.000425  0.000497  0.000574  0.000659  0.000753  0.000855
  0.000964  0.001079  0.001198  0.001320  0.001438  0.001533  0.001586  0.001596
  0.001562  0.001486  0.001369  0.001223  0.001056  0.000877  0.000692  0.000507
  0.000328  0.000000  0.000000  0.000000  0.000000  0.000000  0.000000  0.000000
  1.000000  0.000000
  0.280204  0.280152  0.280118  0.280093  0.280074  0.280059  0.280047  0.280038
  0.280031  0.280021  0.280010  0.279995  0.279978  0.279956  0.279930  0.279897
  0.279857  0.279807  0.279745  0.279664  0.279559  0.279429  0.279287  0.279138
  0.278982  0.278819  0.278653  0.278495  0.278348  0.278211  0.278086  0.277972
  0.277871  0.277782  0.277673  0.277562  0.277450  0.277345  0.277267  0.277226
 ***************************************************************
 ************STARTING THE INPUT FOR EACH BLADE ROW**************
  BLADE ROW NUMBER =       17                                           
    NUMBER OF BLADES IN ROW 
       136
        JM        JLE       JTE 
        40         9        34
      KTIPSTART  KTIPEND 
         0         0
       BOUNDARY LAYER TRANSITION POINTS 
         0         0         0         0
  SET NEWGRID= 1 TO GENERATE A NEW GRID WITH DIFFERENT "J" POINTS AND SPACINGS.
         0
   RPMROW,    RPMHUB 
   13250.3   13250.3
       JROTHS    JROTHE    JROTTS    JROTTE 
         1         1         1         1
   PUPROW    PLEROW   PTEROW    PDROW 
  690939.0  690939.0  772982.1  772982.1
      NSECS_ROW   INSURF  
         3         0
  IF_CUSP_OUT   IFANGLES 
         1         0
         0         3         0
 ***************************************************************
  ROW NUMBER          17  SECTION NUMBER            1
           0           0           0  IF_DESIGN etc 
   1.00000   0.00000    0
  0.233261  0.233987  0.234544  0.234971  0.235299  0.235551  0.235744  0.235892
  0.236006  0.236119  0.236249  0.236398  0.236571  0.236772  0.237004  0.237271
  0.237578  0.237931  0.238340  0.238830  0.239419  0.240091  0.240778  0.241456
  0.242132  0.242812  0.243478  0.244103  0.244676  0.245201  0.245681  0.246114
  0.246501  0.246841  0.247182  0.247564  0.247989  0.248464  0.248993  0.249584
  1.000000  0.000000
  0.008670  0.007647  0.006861  0.006258  0.005795  0.005439  0.005166  0.004957
  0.004796  0.004823  0.004728  0.004578  0.004395  0.004183  0.003939  0.003663
  0.003351  0.003000  0.002605  0.002149  0.001623  0.001054  0.000507  0.000000
 -0.000474 -0.000917 -0.001320 -0.001670 -0.001967 -0.002220 -0.002434 -0.002614
 -0.002765 -0.002954 -0.003018 -0.003089 -0.003169 -0.003258 -0.003358 -0.003469
  1.000000
  0.000000  0.000000  0.000000  0.000000  0.000000  0.000000  0.000000  0.000000
  0.000000  0.000376  0.000508  0.000606  0.000698  0.000790  0.000881  0.000970
  0.001057  0.001139  0.001214  0.001279  0.001328  0.001348  0.001335  0.001292
  0.001222  0.001127  0.001012  0.000884  0.000752  0.000619  0.000488  0.000362
  0.000243  0.000000  0.000000  0.000000  0.000000  0.000000  0.000000  0.000000
  1.000000  0.000000
  0.215372  0.215396  0.215415  0.215435  0.215450  0.215462  0.215471  0.215478
  0.215484  0.215494  0.215507  0.215522  0.215541  0.215565  0.215594  0.215629
  0.215673  0.215727  0.215794  0.215879  0.215988  0.216119  0.216257  0.216395
  0.216533  0.216668  0.216795  0.216907  0.217002  0.217082  0.217147  0.217199
  0.217239  0.217269  0.217286  0.217305  0.217325  0.217347  0.217372  0.217401
 ***************************************************************
  ROW NUMBER          17  SECTION NUMBER            2
           0           0           0  IF_DESIGN etc 
   1.00000   0.00000    0
  0.233297  0.234013  0.234562  0.234984  0.235308  0.235556  0.235747  0.235894
  0.236006  0.236119  0.236247  0.236395  0.236568  0.236768  0.236999  0.237264
  0.237570  0.237923  0.238333  0.238822  0.239413  0.240087  0.240777  0.241458
  0.242137  0.242818  0.243487  0.244112  0.244685  0.245210  0.245688  0.246119
  0.246504  0.246841  0.247178  0.247555  0.247975  0.248444  0.248967  0.249551
  1.000000  0.000000
  0.011973  0.010667  0.009665  0.008896  0.008305  0.007852  0.007504  0.007237
  0.007032  0.007057  0.006933  0.006740  0.006499  0.006216  0.005888  0.005512
  0.005081  0.004589  0.004025  0.003361  0.002576  0.001702  0.000834  0.000000
 -0.000807 -0.001593 -0.002339 -0.003017 -0.003619 -0.004156 -0.004632 -0.005052
 -0.005417 -0.005795 -0.006038 -0.006308 -0.006610 -0.006946 -0.007322 -0.007741
  1.000000
  0.000000  0.000000  0.000000  0.000000  0.000000  0.000000  0.000000  0.000000
  0.000000  0.000465  0.000633  0.000759  0.000874  0.000988  0.001102  0.001214
  0.001322  0.001425  0.001518  0.001600  0.001660  0.001686  0.001669  0.001616
  0.001528  0.001409  0.001264  0.001105  0.000940  0.000773  0.000609  0.000451
  0.000303  0.000000  0.000000  0.000000  0.000000  0.000000  0.000000  0.000000
  1.000000  0.000000
  0.246300  0.246300  0.246300  0.246300  0.246300  0.246300  0.246300  0.246300
  0.246300  0.246300  0.246300  0.246300  0.246300  0.246300  0.246300  0.246300
  0.246300  0.246300  0.246300  0.246300  0.246300  0.246300  0.246300  0.246300
  0.246300  0.246300  0.246300  0.246300  0.246300  0.246300  0.246300  0.246300
  0.246300  0.246300  0.246300  0.246300  0.246300  0.246300  0.246300  0.246300
 ***************************************************************
  ROW NUMBER          17  SECTION NUMBER            3
           0           0           0  IF_DESIGN etc 
   1.00000   0.00000    0
  0.233262  0.233989  0.234546  0.234973  0.235301  0.235552  0.235745  0.235894
  0.236007  0.236121  0.236250  0.236400  0.236573  0.236774  0.237006  0.237273
  0.237579  0.237932  0.238342  0.238831  0.239420  0.240093  0.240779  0.241457
  0.242134  0.242813  0.243479  0.244104  0.244677  0.245203  0.245682  0.246116
  0.246502  0.246842  0.247184  0.247565  0.247990  0.248465  0.248995  0.249585
  1.000000  0.000000
  0.015352  0.013746  0.012512  0.011565  0.010838  0.010280  0.009851  0.009522
  0.009270  0.009302  0.009152  0.008916  0.008615  0.008260  0.007846  0.007367
  0.006815  0.006180  0.005444  0.004571  0.003526  0.002345  0.001157  0.000000
 -0.001136 -0.002258 -0.003340 -0.004336 -0.005235 -0.006047 -0.006776 -0.007426
 -0.007999 -0.008566 -0.008976 -0.009433 -0.009943 -0.010512 -0.011147 -0.011855
  1.000000
  0.000000  0.000000  0.000000  0.000000  0.000000  0.000000  0.000000  0.000000
  0.000000  0.000575  0.000785  0.000947  0.001090  0.001233  0.001375  0.001515
  0.001650  0.001778  0.001895  0.001996  0.002072  0.002103  0.002083  0.002016
  0.001907  0.001759  0.001578  0.001378  0.001172  0.000964  0.000759  0.000562
  0.000377  0.000000  0.000000  0.000000  0.000000  0.000000  0.000000  0.000000
  1.000000  0.000000
  0.277228  0.277204  0.277185  0.277165  0.277150  0.277138  0.277129  0.277121
  0.277116  0.277105  0.277093  0.277077  0.277058  0.277035  0.277006  0.276970
  0.276927  0.276873  0.276806  0.276721  0.276612  0.276481  0.276343  0.276205
  0.276067  0.275932  0.275805  0.275692  0.275597  0.275518  0.275453  0.275401
  0.275361  0.275331  0.275313  0.275295  0.275275  0.275253  0.275228  0.275199
 ***************************************************************
 ************STARTING THE INPUT FOR EACH BLADE ROW**************
  BLADE ROW NUMBER =       18                                           
    NUMBER OF BLADES IN ROW 
       136
        JM        JLE       JTE 
        40         9        34
      KTIPSTART  KTIPEND 
         0         0
       BOUNDARY LAYER TRANSITION POINTS 
         0         0         0         0
  SET NEWGRID= 1 TO GENERATE A NEW GRID WITH DIFFERENT "J" POINTS AND SPACINGS.
         0
   RPMROW,    RPMHUB 
       0.0       0.0
       JROTHS    JROTHE    JROTTS    JROTTE 
         1         1         1         1
   PUPROW    PLEROW   PTEROW    PDROW 
  772982.1  772982.1  860972.1  860972.1
      NSECS_ROW   INSURF  
         3         0
  IF_CUSP_OUT   IFANGLES 
         1         0
         0         3         0
 ***************************************************************
  ROW NUMBER          18  SECTION NUMBER            1
           0           0           0  IF_DESIGN etc 
   1.00000   0.00000    0
  0.246778  0.247500  0.248054  0.248480  0.248806  0.249057  0.249250  0.249398
  0.249511  0.249624  0.249754  0.249903  0.250076  0.250278  0.250510  0.250777
  0.251084  0.251438  0.251849  0.252339  0.252930  0.253604  0.254292  0.254971
  0.255647  0.256325  0.256988  0.257609  0.258177  0.258696  0.259169  0.259595
  0.259975  0.260308  0.260638  0.261008  0.261422  0.261886  0.262409  0.262997
  1.000000  0.000000
 -0.015534 -0.014042 -0.012896 -0.012017 -0.011341 -0.010823 -0.010425 -0.010119
 -0.009884 -0.009461 -0.009163 -0.008825 -0.008439 -0.008001 -0.007506 -0.006953
 -0.006336 -0.005648 -0.004882 -0.004007 -0.003008 -0.001940 -0.000927  0.000000
  0.000853  0.001639  0.002342  0.002941  0.003440  0.003855  0.004200  0.004483
  0.004713  0.004779  0.005056  0.005365  0.005710  0.006095  0.006523  0.007000
  1.000000
  0.000000  0.000000  0.000000  0.000000  0.000000  0.000000  0.000000  0.000000
  0.000000  0.000368  0.000487  0.000570  0.000658  0.000756  0.000863  0.000980
  0.001105  0.001238  0.001374  0.001514  0.001649  0.001758  0.001819  0.001830
  0.001791  0.001704  0.001570  0.001402  0.001211  0.001006  0.000793  0.000581
  0.000375  0.000000  0.000000  0.000000  0.000000  0.000000  0.000000  0.000000
  1.000000  0.000000
  0.217264  0.217302  0.217328  0.217348  0.217363  0.217375  0.217384  0.217391
  0.217396  0.217404  0.217413  0.217424  0.217437  0.217454  0.217474  0.217499
  0.217530  0.217569  0.217617  0.217679  0.217761  0.217862  0.217974  0.218091
  0.218215  0.218345  0.218477  0.218604  0.218724  0.218835  0.218938  0.219031
  0.219115  0.219189  0.219281  0.219375  0.219469  0.219558  0.219623  0.219658
 ***************************************************************
  ROW NUMBER          18  SECTION NUMBER            2
           0           0           0  IF_DESIGN etc 
   1.00000   0.00000    0
  0.246820  0.247533  0.248081  0.248501  0.248824  0.249071  0.249262  0.249408
  0.249520  0.249632  0.249760  0.249908  0.250079  0.250278  0.250509  0.250774
  0.251079  0.251430  0.251838  0.252326  0.252914  0.253587  0.254273  0.254952
  0.255629  0.256308  0.256974  0.257597  0.258169  0.258692  0.259168  0.259597
  0.259980  0.260317  0.260653  0.261028  0.261447  0.261914  0.262435  0.263017
  1.000000  0.000000
 -0.013587 -0.012286 -0.011288 -0.010521 -0.009932 -0.009481 -0.009134 -0.008868
 -0.008663 -0.008288 -0.008026 -0.007729 -0.007391 -0.007007 -0.006573 -0.006088
 -0.005547 -0.004944 -0.004273 -0.003506 -0.002631 -0.001696 -0.000810  0.000000
  0.000744  0.001428  0.002039  0.002557  0.002989  0.003347  0.003643  0.003885
  0.004082  0.004138  0.004379  0.004649  0.004950  0.005285  0.005659  0.006077
  1.000000
  0.000000  0.000000  0.000000  0.000000  0.000000  0.000000  0.000000  0.000000
  0.000000  0.000337  0.000446  0.000522  0.000602  0.000691  0.000790  0.000897
  0.001012  0.001132  0.001257  0.001385  0.001509  0.001608  0.001665  0.001675
  0.001640  0.001559  0.001437  0.001283  0.001108  0.000921  0.000726  0.000532
  0.000343  0.000000  0.000000  0.000000  0.000000  0.000000  0.000000  0.000000
  1.000000  0.000000
  0.246300  0.246300  0.246300  0.246300  0.246300  0.246300  0.246300  0.246300
  0.246300  0.246300  0.246300  0.246300  0.246300  0.246300  0.246300  0.246300
  0.246300  0.246300  0.246300  0.246300  0.246300  0.246300  0.246300  0.246300
  0.246300  0.246300  0.246300  0.246300  0.246300  0.246300  0.246300  0.246300
  0.246300  0.246300  0.246300  0.246300  0.246300  0.246300  0.246300  0.246300
 ***************************************************************
  ROW NUMBER          18  SECTION NUMBER            3
           0           0           0  IF_DESIGN etc 
   1.00000   0.00000    0
  0.246778  0.247499  0.248054  0.248479  0.248806  0.249057  0.249249  0.249397
  0.249511  0.249624  0.249753  0.249903  0.250076  0.250277  0.250510  0.250777
  0.251084  0.251438  0.251849  0.252339  0.252930  0.253604  0.254292  0.254971
  0.255647  0.256324  0.256988  0.257608  0.258176  0.258696  0.259169  0.259595
  0.259975  0.260308  0.260638  0.261008  0.261422  0.261886  0.262408  0.262996
  1.000000  0.000000
 -0.012380 -0.011198 -0.010292 -0.009596 -0.009062 -0.008651 -0.008337 -0.008095
 -0.007909 -0.007561 -0.007322 -0.007051 -0.006742 -0.006391 -0.005995 -0.005552
 -0.005057 -0.004507 -0.003893 -0.003194 -0.002396 -0.001543 -0.000736  0.000000
  0.000676  0.001296  0.001848  0.002316  0.002704  0.003025  0.003290  0.003506
  0.003680  0.003722  0.003941  0.004185  0.004458  0.004763  0.005104  0.005484
  1.000000
  0.000000  0.000000  0.000000  0.000000  0.000000  0.000000  0.000000  0.000000
  0.000000  0.000322  0.000425  0.000498  0.000574  0.000660  0.000754  0.000856
  0.000965  0.001080  0.001199  0.001321  0.001439  0.001534  0.001588  0.001597
  0.001564  0.001487  0.001370  0.001224  0.001057  0.000878  0.000693  0.000508
  0.000328  0.000000  0.000000  0.000000  0.000000  0.000000  0.000000  0.000000
  1.000000  0.000000
  0.275336  0.275298  0.275272  0.275252  0.275237  0.275225  0.275216  0.275209
  0.275204  0.275196  0.275187  0.275176  0.275163  0.275146  0.275126  0.275101
  0.275070  0.275031  0.274983  0.274921  0.274839  0.274738  0.274626  0.274509
  0.274385  0.274255  0.274123  0.273996  0.273876  0.273765  0.273662  0.273569
  0.273485  0.273411  0.273319  0.273225  0.273131  0.273042  0.272977  0.272942
 ***************************************************************
 ************STARTING THE INPUT FOR EACH BLADE ROW**************
  BLADE ROW NUMBER =       19                                           
    NUMBER OF BLADES IN ROW 
       136
        JM        JLE       JTE 
        40         9        34
      KTIPSTART  KTIPEND 
         0         0
       BOUNDARY LAYER TRANSITION POINTS 
         0         0         0         0
  SET NEWGRID= 1 TO GENERATE A NEW GRID WITH DIFFERENT "J" POINTS AND SPACINGS.
         0
   RPMROW,    RPMHUB 
   13250.3   13250.3
       JROTHS    JROTHE    JROTTS    JROTTE 
         1         1         1         1
   PUPROW    PLEROW   PTEROW    PDROW 
  860972.1  860972.1  955897.8  955897.8
      NSECS_ROW   INSURF  
         3         0
  IF_CUSP_OUT   IFANGLES 
         1         0
         0         3         0
 ***************************************************************
  ROW NUMBER          19  SECTION NUMBER            1
           0           0           0  IF_DESIGN etc 
   1.00000   0.00000    0
  0.262983  0.263705  0.264258  0.264683  0.265009  0.265259  0.265451  0.265599
  0.265712  0.265825  0.265954  0.266103  0.266275  0.266476  0.266707  0.266973
  0.267279  0.267632  0.268041  0.268530  0.269119  0.269791  0.270478  0.271156
  0.271833  0.272513  0.273179  0.273803  0.274376  0.274900  0.275379  0.275811
  0.276196  0.276535  0.276875  0.277254  0.277677  0.278149  0.278675  0.279263
  1.000000  0.000000
  0.009111  0.008052  0.007238  0.006613  0.006134  0.005766  0.005483  0.005266
  0.005100  0.005125  0.005026  0.004870  0.004679  0.004457  0.004202  0.003913
  0.003585  0.003215  0.002797  0.002314  0.001753  0.001142  0.000552  0.000000
 -0.000519 -0.001009 -0.001459 -0.001854 -0.002193 -0.002485 -0.002735 -0.002948
 -0.003128 -0.003342 -0.003431 -0.003531 -0.003642 -0.003766 -0.003904 -0.004059
  1.000000
  0.000000  0.000000  0.000000  0.000000  0.000000  0.000000  0.000000  0.000000
  0.000000  0.000385  0.000521  0.000623  0.000717  0.000811  0.000905  0.000996
  0.001085  0.001169  0.001246  0.001313  0.001363  0.001384  0.001371  0.001327
  0.001255  0.001157  0.001039  0.000908  0.000772  0.000636  0.000501  0.000371
  0.000250  0.000000  0.000000  0.000000  0.000000  0.000000  0.000000  0.000000
  1.000000  0.000000
  0.219657  0.219677  0.219693  0.219709  0.219720  0.219729  0.219736  0.219742
  0.219746  0.219754  0.219764  0.219776  0.219791  0.219810  0.219833  0.219861
  0.219896  0.219939  0.219992  0.220060  0.220146  0.220251  0.220361  0.220471
  0.220581  0.220689  0.220790  0.220879  0.220955  0.221018  0.221070  0.221111
  0.221142  0.221166  0.221180  0.221194  0.221210  0.221227  0.221246  0.221268
 ***************************************************************
  ROW NUMBER          19  SECTION NUMBER            2
           0           0           0  IF_DESIGN etc 
   1.00000   0.00000    0
  0.263007  0.263721  0.264270  0.264691  0.265015  0.265263  0.265454  0.265600
  0.265712  0.265825  0.265953  0.266101  0.266273  0.266473  0.266704  0.266969
  0.267275  0.267627  0.268036  0.268525  0.269115  0.269789  0.270478  0.271158
  0.271836  0.272517  0.273185  0.273809  0.274382  0.274906  0.275384  0.275814
  0.276198  0.276535  0.276872  0.277248  0.277668  0.278136  0.278659  0.279242
  1.000000  0.000000
  0.011959  0.010656  0.009655  0.008886  0.008296  0.007843  0.007496  0.007229
  0.007024  0.007049  0.006926  0.006733  0.006492  0.006209  0.005882  0.005506
  0.005075  0.004584  0.004021  0.003357  0.002574  0.001700  0.000833  0.000000
 -0.000806 -0.001591 -0.002337 -0.003013 -0.003615 -0.004152 -0.004627 -0.005046
 -0.005411 -0.005789 -0.006031 -0.006301 -0.006602 -0.006939 -0.007314 -0.007733
  1.000000
  0.000000  0.000000  0.000000  0.000000  0.000000  0.000000  0.000000  0.000000
  0.000000  0.000464  0.000632  0.000758  0.000873  0.000987  0.001101  0.001213
  0.001321  0.001423  0.001517  0.001598  0.001658  0.001684  0.001668  0.001614
  0.001526  0.001407  0.001263  0.001104  0.000939  0.000772  0.000608  0.000451
  0.000303  0.000000  0.000000  0.000000  0.000000  0.000000  0.000000  0.000000
  1.000000  0.000000
  0.246300  0.246300  0.246300  0.246300  0.246300  0.246300  0.246300  0.246300
  0.246300  0.246300  0.246300  0.246300  0.246300  0.246300  0.246300  0.246300
  0.246300  0.246300  0.246300  0.246300  0.246300  0.246300  0.246300  0.246300
  0.246300  0.246300  0.246300  0.246300  0.246300  0.246300  0.246300  0.246300
  0.246300  0.246300  0.246300  0.246300  0.246300  0.246300  0.246300  0.246300
 ***************************************************************
  ROW NUMBER          19  SECTION NUMBER            3
           0           0           0  IF_DESIGN etc 
   1.00000   0.00000    0
  0.262984  0.263706  0.264260  0.264684  0.265010  0.265261  0.265453  0.265600
  0.265713  0.265826  0.265955  0.266104  0.266277  0.266477  0.266709  0.266975
  0.267281  0.267633  0.268042  0.268531  0.269120  0.269793  0.270479  0.271158
  0.271834  0.272514  0.273180  0.273804  0.274377  0.274902  0.275380  0.275812
  0.276198  0.276536  0.276876  0.277255  0.277678  0.278150  0.278677  0.279264
  1.000000  0.000000
  0.014831  0.013272  0.012076  0.011157  0.010452  0.009910  0.009494  0.009175
  0.008930  0.008961  0.008815  0.008587  0.008295  0.007951  0.007550  0.007088
  0.006554  0.005941  0.005232  0.004390  0.003384  0.002250  0.001109  0.000000
 -0.001088 -0.002161 -0.003194 -0.004144 -0.005000 -0.005772 -0.006466 -0.007083
 -0.007626 -0.008165 -0.008551 -0.008982 -0.009463 -0.010000 -0.010598 -0.011266
  1.000000
  0.000000  0.000000  0.000000  0.000000  0.000000  0.000000  0.000000  0.000000
  0.000000  0.000558  0.000761  0.000917  0.001056  0.001194  0.001332  0.001467
  0.001598  0.001722  0.001835  0.001933  0.002006  0.002037  0.002017  0.001952
  0.001846  0.001703  0.001528  0.001335  0.001135  0.000934  0.000735  0.000544
  0.000365  0.000000  0.000000  0.000000  0.000000  0.000000  0.000000  0.000000
  1.000000  0.000000
  0.272943  0.272923  0.272907  0.272891  0.272880  0.272870  0.272864  0.272858
  0.272854  0.272846  0.272836  0.272823  0.272808  0.272790  0.272767  0.272739
  0.272704  0.272661  0.272608  0.272540  0.272453  0.272349  0.272239  0.272129
  0.272019  0.271911  0.271810  0.271721  0.271645  0.271582  0.271530  0.271489
  0.271458  0.271434  0.271420  0.271406  0.271390  0.271373  0.271354  0.271332
 ***************************************************************
 ************STARTING THE INPUT FOR EACH BLADE ROW**************
  BLADE ROW NUMBER =       20                                           
    NUMBER OF BLADES IN ROW 
       136
        JM        JLE       JTE 
        40         9        34
      KTIPSTART  KTIPEND 
         0         0
       BOUNDARY LAYER TRANSITION POINTS 
         0         0         0         0
  SET NEWGRID= 1 TO GENERATE A NEW GRID WITH DIFFERENT "J" POINTS AND SPACINGS.
         0
   RPMROW,    RPMHUB 
       0.0       0.0
       JROTHS    JROTHE    JROTTS    JROTTE 
         1         1         1         1
   PUPROW    PLEROW   PTEROW    PDROW 
  955897.8  955897.8 1057226.6 1057226.6
      NSECS_ROW   INSURF  
         3         0
  IF_CUSP_OUT   IFANGLES 
         1         0
         0         3         0
 ***************************************************************
  ROW NUMBER          20  SECTION NUMBER            1
           0           0           0  IF_DESIGN etc 
   1.00000   0.00000    0
  0.276495  0.277213  0.277765  0.278189  0.278514  0.278764  0.278956  0.279103
  0.279216  0.279329  0.279458  0.279607  0.279779  0.279980  0.280212  0.280478
  0.280785  0.281138  0.281548  0.282038  0.282628  0.283302  0.283989  0.284668
  0.285344  0.286023  0.286687  0.287308  0.287877  0.288397  0.288871  0.289298
  0.289678  0.290012  0.290343  0.290714  0.291129  0.291593  0.292115  0.292701
  1.000000  0.000000
 -0.015202 -0.013742 -0.012622 -0.011761 -0.011101 -0.010594 -0.010204 -0.009905
 -0.009676 -0.009261 -0.008969 -0.008638 -0.008260 -0.007831 -0.007347 -0.006806
 -0.006201 -0.005529 -0.004779 -0.003922 -0.002944 -0.001898 -0.000907  0.000000
  0.000835  0.001603  0.002291  0.002876  0.003364  0.003769  0.004106  0.004382
  0.004606  0.004669  0.004941  0.005243  0.005581  0.005957  0.006377  0.006844
  1.000000
  0.000000  0.000000  0.000000  0.000000  0.000000  0.000000  0.000000  0.000000
  0.000000  0.000362  0.000480  0.000561  0.000648  0.000744  0.000850  0.000965
  0.001088  0.001218  0.001353  0.001490  0.001623  0.001731  0.001791  0.001801
  0.001764  0.001677  0.001546  0.001380  0.001192  0.000990  0.000781  0.000572
  0.000369  0.000000  0.000000  0.000000  0.000000  0.000000  0.000000  0.000000
  1.000000  0.000000
  0.221163  0.221193  0.221213  0.221228  0.221240  0.221249  0.221256  0.221262
  0.221266  0.221272  0.221279  0.221288  0.221298  0.221311  0.221327  0.221347
  0.221371  0.221401  0.221439  0.221488  0.221553  0.221633  0.221722  0.221816
  0.221915  0.222020  0.222128  0.222232  0.222330  0.222423  0.222508  0.222586
  0.222657  0.222719  0.222798  0.222879  0.222959  0.223034  0.223089  0.223119
 ***************************************************************
  ROW NUMBER          20  SECTION NUMBER            2
           0           0           0  IF_DESIGN etc 
   1.00000   0.00000    0
  0.276523  0.277236  0.277784  0.278204  0.278527  0.278774  0.278964  0.279110
  0.279222  0.279334  0.279462  0.279610  0.279782  0.279981  0.280212  0.280476
  0.280781  0.281133  0.281541  0.282028  0.282617  0.283289  0.283976  0.284654
  0.285331  0.286010  0.286676  0.287299  0.287871  0.288393  0.288870  0.289299
  0.289682  0.290018  0.290355  0.290730  0.291148  0.291615  0.292137  0.292718
  1.000000  0.000000
 -0.013586 -0.012285 -0.011287 -0.010520 -0.009932 -0.009480 -0.009133 -0.008867
 -0.008662 -0.008287 -0.008025 -0.007728 -0.007390 -0.007006 -0.006572 -0.006088
 -0.005546 -0.004944 -0.004272 -0.003505 -0.002630 -0.001696 -0.000810  0.000000
  0.000744  0.001428  0.002038  0.002557  0.002988  0.003347  0.003643  0.003885
  0.004081  0.004138  0.004379  0.004648  0.004949  0.005285  0.005659  0.006077
  1.000000
  0.000000  0.000000  0.000000  0.000000  0.000000  0.000000  0.000000  0.000000
  0.000000  0.000337  0.000446  0.000522  0.000602  0.000691  0.000790  0.000897
  0.001011  0.001132  0.001257  0.001385  0.001509  0.001608  0.001664  0.001674
  0.001640  0.001559  0.001437  0.001283  0.001108  0.000921  0.000726  0.000532
  0.000343  0.000000  0.000000  0.000000  0.000000  0.000000  0.000000  0.000000
  1.000000  0.000000
  0.246300  0.246300  0.246300  0.246300  0.246300  0.246300  0.246300  0.246300
  0.246300  0.246300  0.246300  0.246300  0.246300  0.246300  0.246300  0.246300
  0.246300  0.246300  0.246300  0.246300  0.246300  0.246300  0.246300  0.246300
  0.246300  0.246300  0.246300  0.246300  0.246300  0.246300  0.246300  0.246300
  0.246300  0.246300  0.246300  0.246300  0.246300  0.246300  0.246300  0.246300
 ***************************************************************
  ROW NUMBER          20  SECTION NUMBER            3
           0           0           0  IF_DESIGN etc 
   1.00000   0.00000    0
  0.276494  0.277213  0.277765  0.278189  0.278514  0.278764  0.278956  0.279103
  0.279216  0.279329  0.279457  0.279606  0.279779  0.279980  0.280212  0.280478
  0.280784  0.281138  0.281547  0.282037  0.282627  0.283301  0.283989  0.284668
  0.285344  0.286022  0.286687  0.287308  0.287877  0.288397  0.288871  0.289298
  0.289678  0.290012  0.290343  0.290714  0.291129  0.291593  0.292115  0.292701
  1.000000  0.000000
 -0.012489 -0.011296 -0.010381 -0.009679 -0.009140 -0.008726 -0.008408 -0.008164
 -0.007977 -0.007626 -0.007385 -0.007112 -0.006800 -0.006446 -0.006047 -0.005600
 -0.005101 -0.004546 -0.003928 -0.003222 -0.002417 -0.001557 -0.000743  0.000000
  0.000682  0.001308  0.001865  0.002338  0.002731  0.003055  0.003323  0.003541
  0.003717  0.003761  0.003982  0.004229  0.004504  0.004812  0.005155  0.005539
  1.000000
  0.000000  0.000000  0.000000  0.000000  0.000000  0.000000  0.000000  0.000000
  0.000000  0.000322  0.000426  0.000499  0.000576  0.000661  0.000756  0.000858
  0.000967  0.001083  0.001202  0.001325  0.001443  0.001538  0.001592  0.001601
  0.001568  0.001491  0.001374  0.001227  0.001060  0.000880  0.000695  0.000509
  0.000329  0.000000  0.000000  0.000000  0.000000  0.000000  0.000000  0.000000
  1.000000  0.000000
  0.271437  0.271407  0.271387  0.271372  0.271360  0.271351  0.271344  0.271338
  0.271334  0.271328  0.271321  0.271312  0.271302  0.271289  0.271273  0.271253
  0.271229  0.271199  0.271161  0.271112  0.271047  0.270967  0.270878  0.270784
  0.270685  0.270580  0.270472  0.270368  0.270270  0.270178  0.270092  0.270014
  0.269943  0.269881  0.269802  0.269722  0.269641  0.269566  0.269511  0.269481
 ***************************************************************
 ************STARTING THE INPUT FOR EACH BLADE ROW**************
  BLADE ROW NUMBER =       21                                           
    NUMBER OF BLADES IN ROW 
       136
        JM        JLE       JTE 
        40         9        34
      KTIPSTART  KTIPEND 
         0         0
       BOUNDARY LAYER TRANSITION POINTS 
         0         0         0         0
  SET NEWGRID= 1 TO GENERATE A NEW GRID WITH DIFFERENT "J" POINTS AND SPACINGS.
         0
   RPMROW,    RPMHUB 
   13250.3   13250.3
       JROTHS    JROTHE    JROTTS    JROTTE 
         1         1         1         1
   PUPROW    PLEROW   PTEROW    PDROW 
 1057226.6 1057226.6 1166012.8 1166012.8
      NSECS_ROW   INSURF  
         3         0
  IF_CUSP_OUT   IFANGLES 
         1         0
         0         3         0
 ***************************************************************
  ROW NUMBER          21  SECTION NUMBER            1
           0           0           0  IF_DESIGN etc 
   1.00000   0.00000    0
  0.292698  0.293417  0.293968  0.294392  0.294716  0.294966  0.295157  0.295304
  0.295417  0.295530  0.295658  0.295807  0.295979  0.296179  0.296410  0.296676
  0.296982  0.297334  0.297743  0.298231  0.298820  0.299492  0.300179  0.300858
  0.301535  0.302214  0.302880  0.303504  0.304076  0.304601  0.305078  0.305510
  0.305894  0.306232  0.306570  0.306948  0.307370  0.307840  0.308365  0.308951
  1.000000  0.000000
  0.009470  0.008380  0.007544  0.006902  0.006408  0.006030  0.005739  0.005516
  0.005345  0.005369  0.005267  0.005106  0.004909  0.004680  0.004415  0.004115
  0.003774  0.003389  0.002953  0.002446  0.001857  0.001213  0.000587  0.000000
 -0.000556 -0.001083 -0.001571 -0.002002 -0.002375 -0.002698 -0.002977 -0.003217
 -0.003421 -0.003650 -0.003759 -0.003881 -0.004017 -0.004168 -0.004338 -0.004526
  1.000000
  0.000000  0.000000  0.000000  0.000000  0.000000  0.000000  0.000000  0.000000
  0.000000  0.000394  0.000533  0.000637  0.000734  0.000830  0.000926  0.001020
  0.001111  0.001197  0.001275  0.001344  0.001395  0.001416  0.001403  0.001358
  0.001284  0.001184  0.001063  0.000929  0.000790  0.000650  0.000512  0.000380
  0.000255  0.000000  0.000000  0.000000  0.000000  0.000000  0.000000  0.000000
  1.000000  0.000000
  0.223119  0.223135  0.223148  0.223160  0.223170  0.223177  0.223183  0.223187
  0.223190  0.223197  0.223205  0.223214  0.223227  0.223242  0.223260  0.223283
  0.223311  0.223345  0.223388  0.223443  0.223513  0.223597  0.223686  0.223775
  0.223863  0.223950  0.224032  0.224104  0.224165  0.224216  0.224258  0.224291
  0.224316  0.224335  0.224346  0.224358  0.224370  0.224383  0.224396  0.224410
 ***************************************************************
  ROW NUMBER          21  SECTION NUMBER            2
           0           0           0  IF_DESIGN etc 
   1.00000   0.00000    0
  0.292714  0.293428  0.293976  0.294397  0.294720  0.294969  0.295159  0.295305
  0.295417  0.295530  0.295658  0.295806  0.295978  0.296178  0.296408  0.296674
  0.296979  0.297331  0.297740  0.298228  0.298818  0.299491  0.300179  0.300859
  0.301537  0.302217  0.302884  0.303509  0.304081  0.304605  0.305082  0.305512
  0.305896  0.306232  0.306569  0.306945  0.307364  0.307832  0.308354  0.308937
  1.000000  0.000000
  0.011951  0.010648  0.009648  0.008880  0.008290  0.007838  0.007490  0.007223
  0.007019  0.007044  0.006921  0.006728  0.006487  0.006205  0.005877  0.005502
  0.005071  0.004580  0.004018  0.003355  0.002572  0.001699  0.000832  0.000000
 -0.000806 -0.001590 -0.002335 -0.003011 -0.003613 -0.004149 -0.004624 -0.005043
 -0.005407 -0.005785 -0.006027 -0.006296 -0.006598 -0.006934 -0.007309 -0.007727
  1.000000
  0.000000  0.000000  0.000000  0.000000  0.000000  0.000000  0.000000  0.000000
  0.000000  0.000464  0.000631  0.000758  0.000872  0.000986  0.001100  0.001212
  0.001320  0.001422  0.001515  0.001597  0.001657  0.001683  0.001666  0.001613
  0.001525  0.001406  0.001262  0.001103  0.000938  0.000771  0.000608  0.000450
  0.000302  0.000000  0.000000  0.000000  0.000000  0.000000  0.000000  0.000000
  1.000000  0.000000
  0.246300  0.246300  0.246300  0.246300  0.246300  0.246300  0.246300  0.246300
  0.246300  0.246300  0.246300  0.246300  0.246300  0.246300  0.246300  0.246300
  0.246300  0.246300  0.246300  0.246300  0.246300  0.246300  0.246300  0.246300
  0.246300  0.246300  0.246300  0.246300  0.246300  0.246300  0.246300  0.246300
  0.246300  0.246300  0.246300  0.246300  0.246300  0.246300  0.246300  0.246300
 ***************************************************************
  ROW NUMBER          21  SECTION NUMBER            3
           0           0           0  IF_DESIGN etc 
   1.00000   0.00000    0
  0.292699  0.293418  0.293970  0.294393  0.294718  0.294967  0.295159  0.295305
  0.295418  0.295531  0.295660  0.295808  0.295980  0.296180  0.296412  0.296677
  0.296983  0.297335  0.297744  0.298232  0.298821  0.299494  0.300181  0.300859
  0.301536  0.302215  0.302881  0.303506  0.304078  0.304602  0.305080  0.305511
  0.305895  0.306233  0.306572  0.306949  0.307371  0.307841  0.308366  0.308952
  1.000000  0.000000
  0.014428  0.012906  0.011737  0.010840  0.010152  0.009623  0.009217  0.008906
  0.008666  0.008697  0.008554  0.008330  0.008046  0.007711  0.007320  0.006870
  0.006351  0.005755  0.005066  0.004249  0.003274  0.002175  0.001072  0.000000
 -0.001050 -0.002084 -0.003079 -0.003993 -0.004816 -0.005557 -0.006221 -0.006812
 -0.007332 -0.007849 -0.008217 -0.008627 -0.009084 -0.009595 -0.010165 -0.010801
  1.000000
  0.000000  0.000000  0.000000  0.000000  0.000000  0.000000  0.000000  0.000000
  0.000000  0.000544  0.000742  0.000895  0.001030  0.001165  0.001299  0.001430
  0.001558  0.001678  0.001789  0.001885  0.001956  0.001986  0.001966  0.001903
  0.001801  0.001660  0.001489  0.001301  0.001107  0.000910  0.000717  0.000531
  0.000356  0.000000  0.000000  0.000000  0.000000  0.000000  0.000000  0.000000
  1.000000  0.000000
  0.269481  0.269465  0.269452  0.269439  0.269430  0.269423  0.269417  0.269413
  0.269410  0.269403  0.269395  0.269385  0.269373  0.269358  0.269340  0.269317
  0.269289  0.269255  0.269212  0.269157  0.269087  0.269003  0.268914  0.268825
  0.268737  0.268650  0.268568  0.268496  0.268435  0.268384  0.268342  0.268309
  0.268284  0.268265  0.268254  0.268242  0.268230  0.268217  0.268204  0.268190
 ***************************************************************
 ************STARTING THE INPUT FOR EACH BLADE ROW**************
  BLADE ROW NUMBER =       22                                           
    NUMBER OF BLADES IN ROW 
       136
        JM        JLE       JTE 
        40         9        34
      KTIPSTART  KTIPEND 
         0         0
       BOUNDARY LAYER TRANSITION POINTS 
         0         0         0         0
  SET NEWGRID= 1 TO GENERATE A NEW GRID WITH DIFFERENT "J" POINTS AND SPACINGS.
         0
   RPMROW,    RPMHUB 
       0.0       0.0
       JROTHS    JROTHE    JROTTS    JROTTE 
         1         1         1         1
   PUPROW    PLEROW   PTEROW    PDROW 
 1166012.8 1166012.8 1281661.0 1281661.0
      NSECS_ROW   INSURF  
         3         0
  IF_CUSP_OUT   IFANGLES 
         1         0
         0         3         0
 ***************************************************************
  ROW NUMBER          22  SECTION NUMBER            1
           0           0           0  IF_DESIGN etc 
   1.00000   0.00000    0
  0.306207  0.306923  0.307474  0.307896  0.308220  0.308469  0.308661  0.308807
  0.308920  0.309033  0.309161  0.309310  0.309482  0.309682  0.309913  0.310179
  0.310485  0.310837  0.311246  0.311735  0.312324  0.312998  0.313686  0.314365
  0.315042  0.315722  0.316389  0.317013  0.317585  0.318109  0.318586  0.319016
  0.319400  0.319737  0.320075  0.320546  0.321202  0.322116  0.323390  0.325165
  1.000000  0.000000
 -0.014948 -0.013513 -0.012412 -0.011566 -0.010917 -0.010418 -0.010036 -0.009742
 -0.009516 -0.009108 -0.008821 -0.008495 -0.008124 -0.007702 -0.007225 -0.006693
 -0.006098 -0.005437 -0.004699 -0.003856 -0.002895 -0.001867 -0.000891  0.000000
  0.000821  0.001576  0.002251  0.002826  0.003304  0.003702  0.004032  0.004302
  0.004522  0.004582  0.004847  0.005217  0.005732  0.006450  0.007449  0.008841
  1.000000
  0.000000  0.000000  0.000000  0.000000  0.000000  0.000000  0.000000  0.000000
  0.000000  0.000358  0.000474  0.000555  0.000640  0.000735  0.000840  0.000953
  0.001075  0.001204  0.001336  0.001473  0.001604  0.001710  0.001770  0.001780
  0.001743  0.001657  0.001528  0.001364  0.001178  0.000978  0.000772  0.000565
  0.000365  0.000000  0.000000  0.000000  0.000000  0.000000  0.000000  0.000000
  1.000000  0.000000
  0.224334  0.224357  0.224373  0.224384  0.224392  0.224398  0.224403  0.224406
  0.224409  0.224414  0.224419  0.224426  0.224434  0.224445  0.224458  0.224474
  0.224494  0.224518  0.224549  0.224589  0.224640  0.224703  0.224770  0.224839
  0.224909  0.224979  0.225047  0.225110  0.225165  0.225213  0.225254  0.225289
  0.225319  0.225343  0.225353  0.225366  0.225382  0.225398  0.225411  0.225413
 ***************************************************************
  ROW NUMBER          22  SECTION NUMBER            2
           0           0           0  IF_DESIGN etc 
   1.00000   0.00000    0
  0.306216  0.306931  0.307479  0.307900  0.308223  0.308471  0.308662  0.308808
  0.308921  0.309033  0.309161  0.309309  0.309481  0.309681  0.309912  0.310177
  0.310482  0.310834  0.311243  0.311732  0.312321  0.312995  0.313683  0.314363
  0.315041  0.315722  0.316389  0.317013  0.317585  0.318109  0.318587  0.319017
  0.319401  0.319737  0.320074  0.320544  0.321197  0.322108  0.323378  0.325146
  1.000000  0.000000
 -0.013612 -0.012309 -0.011308 -0.010540 -0.009951 -0.009498 -0.009151 -0.008884
 -0.008679 -0.008303 -0.008041 -0.007744 -0.007405 -0.007020 -0.006585 -0.006099
 -0.005557 -0.004953 -0.004281 -0.003512 -0.002636 -0.001699 -0.000811  0.000000
  0.000745  0.001431  0.002042  0.002562  0.002994  0.003353  0.003650  0.003892
  0.004089  0.004146  0.004388  0.004725  0.005194  0.005848  0.006760  0.008030
  1.000000
  0.000000  0.000000  0.000000  0.000000  0.000000  0.000000  0.000000  0.000000
  0.000000  0.000337  0.000447  0.000523  0.000603  0.000693  0.000791  0.000899
  0.001013  0.001134  0.001259  0.001388  0.001512  0.001611  0.001668  0.001678
  0.001643  0.001562  0.001440  0.001285  0.001110  0.000922  0.000728  0.000533
  0.000344  0.000000  0.000000  0.000000  0.000000  0.000000  0.000000  0.000000
  1.000000  0.000000
  0.246300  0.246300  0.246300  0.246300  0.246300  0.246300  0.246300  0.246300
  0.246300  0.246300  0.246300  0.246300  0.246300  0.246300  0.246300  0.246300
  0.246300  0.246300  0.246300  0.246300  0.246300  0.246300  0.246300  0.246300
  0.246300  0.246300  0.246300  0.246300  0.246300  0.246300  0.246300  0.246300
  0.246300  0.246300  0.246300  0.246300  0.246300  0.246300  0.246300  0.246300
 ***************************************************************
  ROW NUMBER          22  SECTION NUMBER            3
           0           0           0  IF_DESIGN etc 
   1.00000   0.00000    0
  0.306206  0.306923  0.307473  0.307896  0.308220  0.308469  0.308660  0.308807
  0.308920  0.309032  0.309161  0.309309  0.309482  0.309682  0.309913  0.310178
  0.310484  0.310837  0.311246  0.311735  0.312324  0.312998  0.313685  0.314365
  0.315042  0.315722  0.316388  0.317013  0.317585  0.318108  0.318585  0.319016
  0.319400  0.319737  0.320075  0.320545  0.321201  0.322116  0.323390  0.325165
  1.000000  0.000000
 -0.012586 -0.011384 -0.010462 -0.009754 -0.009210 -0.008793 -0.008472 -0.008226
 -0.008037 -0.007685 -0.007442 -0.007167 -0.006853 -0.006496 -0.006093 -0.005643
 -0.005141 -0.004582 -0.003958 -0.003247 -0.002436 -0.001569 -0.000749  0.000000
  0.000688  0.001319  0.001881  0.002359  0.002755  0.003083  0.003353  0.003574
  0.003753  0.003798  0.004022  0.004334  0.004768  0.005373  0.006217  0.007392
  1.000000
  0.000000  0.000000  0.000000  0.000000  0.000000  0.000000  0.000000  0.000000
  0.000000  0.000323  0.000428  0.000501  0.000577  0.000663  0.000758  0.000860
  0.000970  0.001086  0.001206  0.001329  0.001447  0.001543  0.001596  0.001606
  0.001572  0.001496  0.001378  0.001230  0.001063  0.000883  0.000697  0.000510
  0.000330  0.000000  0.000000  0.000000  0.000000  0.000000  0.000000  0.000000
  1.000000  0.000000
  0.268266  0.268243  0.268227  0.268216  0.268208  0.268202  0.268197  0.268194
  0.268191  0.268186  0.268181  0.268174  0.268166  0.268155  0.268142  0.268126
  0.268106  0.268082  0.268051  0.268011  0.267960  0.267897  0.267830  0.267761
  0.267691  0.267621  0.267553  0.267490  0.267435  0.267387  0.267346  0.267311
  0.267281  0.267257  0.267247  0.267234  0.267218  0.267202  0.267189  0.267187
  STARTING INLET BOUNDARY CONDITION DATA .
  NUMBER OF POINTS FOR INLET BOUNDARY CONDITIONS 
        37
  SPACING OF INLET BOUNDARY CONDITION POINTS 
  1.000000  1.250000  1.562500  1.953125  2.441406  3.051758  3.814697  4.768372
  5.960464  7.450581  9.313226 11.641532 14.551915 18.189894 20.000000 20.000000
 20.000000 20.000000 20.000000 20.000000 20.000000 20.000000 18.189894 14.551915
 11.641532  9.313226  7.450581  5.960464  4.768372  3.814697  3.051758  2.441406
  1.953125  1.562500  1.250000  1.000000
   INLET STAGNATION PRESSURES 
   52730.0   52730.0   52730.0   52730.0   52730.0   52730.0   52730.0   52730.0
   52730.0   52730.0   52730.0   52730.0   52730.0   52730.0   52730.0   52730.0
   52730.0   52730.0   52730.0   52730.0   52730.0   52730.0   52730.0   52730.0
   52730.0   52730.0   52730.0   52730.0   52730.0   52730.0   52730.0   52730.0
   52730.0   52730.0   52730.0   52730.0   52730.0
   INLET STAGNATION TEMPERATURES 
  275.2970  275.2970  275.2970  275.2970  275.2970  275.2970  275.2970  275.2970
  275.2970  275.2970  275.2970  275.2970  275.2970  275.2970  275.2970  275.2970
  275.2970  275.2970  275.2970  275.2970  275.2970  275.2970  275.2970  275.2970
  275.2970  275.2970  275.2970  275.2970  275.2970  275.2970  275.2970  275.2970
  275.2970  275.2970  275.2970  275.2970  275.2970
   INLET ABSOLUTE TANGENTIAL VELOCITY 
    0.0000    0.0000    0.0000    0.0000    0.0000    0.0000    0.0000    0.0000
    0.0000    0.0000    0.0000    0.0000    0.0000    0.0000    0.0000    0.0000
    0.0000    0.0000    0.0000    0.0000    0.0000    0.0000    0.0000    0.0000
    0.0000    0.0000    0.0000    0.0000    0.0000    0.0000    0.0000    0.0000
    0.0000    0.0000    0.0000    0.0000    0.0000
   INLET MERIDIONAL VELOCITY 
  136.6345  136.6345  136.6345  136.6345  136.6345  136.6345  136.6345  136.6345
  136.6345  136.6345  136.6345  136.6345  136.6345  136.6345  136.6345  136.6345
  136.6345  136.6345  136.6345  136.6345  136.6345  136.6345  136.6345  136.6345
  136.6345  136.6345  136.6345  136.6345  136.6345  136.6345  136.6345  136.6345
  136.6345  136.6345  136.6345  136.6345  136.6345
   INLET MERIDIONAL YAW ANGLE  
   36.8837   36.8837   36.8837   36.8837   36.8837   36.8837   36.8837   36.8837
   36.8837   36.8837   36.8837   36.8837   36.8837   36.8837   36.8837   36.8837
   36.8837   36.8837   36.8837   36.8837   36.8837   36.8837   36.8837   36.8837
   36.8837   36.8837   36.8837   36.8837   36.8837   36.8837   36.8837   36.8837
   36.8837   36.8837   36.8837   36.8837   36.8837
   INLET PITCH ANGLE 
   -9.0908   -9.0363   -8.9682   -8.8832   -8.7768   -8.6439   -8.4777   -8.2700
   -8.0103   -7.6857   -7.2800   -6.7729   -6.1389   -5.3465   -4.3560   -3.2669
   -2.1779   -1.0888    0.0003    1.0894    2.1784    3.2675    4.3566    5.3471
    6.1395    6.7735    7.2806    7.6863    8.0109    8.2705    8.4783    8.6444
    8.7774    8.8837    8.9688    9.0369    9.0913
   PDOWN_HUB   PDOWN_TIP 
 1281661.0 1281661.0
 MIXING LENGTH LIMITS ON ALL BLADE ROWS
  0.050000  0.050000  0.050000  0.050000  0.050000  0.030000
  0.050000  0.050000  0.050000  0.050000  0.050000  0.030000
  0.050000  0.050000  0.050000  0.050000  0.050000  0.030000
  0.050000  0.050000  0.050000  0.050000  0.050000  0.030000
  0.050000  0.050000  0.050000  0.050000  0.050000  0.030000
  0.050000  0.050000  0.050000  0.050000  0.050000  0.030000
  0.050000  0.050000  0.050000  0.050000  0.050000  0.030000
  0.050000  0.050000  0.050000  0.050000  0.050000  0.030000
  0.050000  0.050000  0.050000  0.050000  0.050000  0.030000
  0.050000  0.050000  0.050000  0.050000  0.050000  0.030000
  0.050000  0.050000  0.050000  0.050000  0.050000  0.030000
  0.050000  0.050000  0.050000  0.050000  0.050000  0.030000
  0.050000  0.050000  0.050000  0.050000  0.050000  0.030000
  0.050000  0.050000  0.050000  0.050000  0.050000  0.030000
  0.050000  0.050000  0.050000  0.050000  0.050000  0.030000
  0.050000  0.050000  0.050000  0.050000  0.050000  0.030000
  0.050000  0.050000  0.050000  0.050000  0.050000  0.030000
  0.050000  0.050000  0.050000  0.050000  0.050000  0.030000
  0.050000  0.050000  0.050000  0.050000  0.050000  0.030000
  0.050000  0.050000  0.050000  0.050000  0.050000  0.030000
  0.050000  0.050000  0.050000  0.050000  0.050000  0.030000
  0.050000  0.050000  0.050000  0.050000  0.050000  0.030000
  FACTOR TO INCREASE THE TURBULENT VISCOSITY OVER THE FIRST NMIXUP STEPS 
   2.00000 1000
