    3D DATASET FOR MULTALL, GENERATED BY STAGEN  
   37    0   37    0 9000    0    0    3   12    1    2   37   10   10 1000
    0    2    1    3    0    1    0   10    5    0    1    0
    3    3    3    9    9    9    1    3    1
  BLADE ROW NUMBER =        1                                           
  111   26   96  123    0    0    1    1    1    1    0    0    0    0    0    0
   12000.0   76640.2   76640.2   98467.0   98467.0   0.00000   12000.0
  1.000000
 -0.006569 -0.005829 -0.005170 -0.004583 -0.004060 -0.003593 -0.003178 -0.002808
 -0.002478 -0.002185 -0.001923 -0.001690 -0.001482 -0.001297 -0.001132 -0.000985
 -0.000854 -0.000737 -0.000633 -0.000540 -0.000458 -0.000384 -0.000318 -0.000260
 -0.000208 -0.000161 -0.000116 -0.000068 -0.000019  0.000033  0.000088  0.000145
  0.000205  0.000269  0.000336  0.000406  0.000480  0.000558  0.000640  0.000726
  0.000817  0.000912  0.001012  0.001116  0.001226  0.001341  0.001462  0.001589
  0.001722  0.001862  0.002009  0.002164  0.002327  0.002499  0.002682  0.002879
  0.003089  0.003313  0.003551  0.003800  0.004061  0.004328  0.004597  0.004868
  0.005139  0.005408  0.005676  0.005943  0.006209  0.006476  0.006744  0.007013
  0.007282  0.007551  0.007819  0.008083  0.008342  0.008596  0.008843  0.009084
  0.009318  0.009545  0.009765  0.009979  0.010187  0.010389  0.010585  0.010775
  0.010958  0.011135  0.011306  0.011470  0.011628  0.011780  0.011925  0.012064
  0.012204  0.012352  0.012509  0.012674  0.012849  0.013034  0.013230  0.013437
  0.013656  0.013888  0.014133  0.014391  0.014665  0.014954  0.015258
  1.000000
  0.012979  0.012080  0.011278  0.010563  0.009926  0.009358  0.008852  0.008401
  0.007998  0.007639  0.007319  0.007034  0.006780  0.006553  0.006351  0.006171
  0.006010  0.005867  0.005739  0.005625  0.005524  0.005433  0.005352  0.005280
  0.005216  0.005159  0.005228  0.005216  0.005190  0.005153  0.005106  0.005049
  0.004984  0.004915  0.004842  0.004765  0.004685  0.004600  0.004512  0.004419
  0.004321  0.004220  0.004114  0.004003  0.003888  0.003768  0.003642  0.003512
  0.003375  0.003234  0.003086  0.002931  0.002770  0.002602  0.002425  0.002236
  0.002037  0.001827  0.001608  0.001381  0.001148  0.000913  0.000679  0.000449
  0.000222  0.000000 -0.000217 -0.000429 -0.000637 -0.000842 -0.001044 -0.001242
 -0.001438 -0.001629 -0.001815 -0.001995 -0.002169 -0.002335 -0.002494 -0.002646
 -0.002791 -0.002928 -0.003059 -0.003184 -0.003304 -0.003417 -0.003526 -0.003629
 -0.003726 -0.003819 -0.003907 -0.003991 -0.004070 -0.004144 -0.004214 -0.004345
 -0.004400 -0.004459 -0.004522 -0.004588 -0.004657 -0.004731 -0.004809 -0.004891
 -0.004978 -0.005070 -0.005167 -0.005270 -0.005378 -0.005493 -0.005615
  1.000000
  0.000000  0.000000  0.000000  0.000000  0.000000  0.000000  0.000000  0.000000
  0.000000  0.000000  0.000000  0.000000  0.000000  0.000000  0.000000  0.000000
  0.000000  0.000000  0.000000  0.000000  0.000000  0.000000  0.000000  0.000000
  0.000000  0.000000  0.000234  0.000305  0.000353  0.000389  0.000418  0.000440
  0.000457  0.000473  0.000488  0.000504  0.000519  0.000535  0.000550  0.000566
  0.000581  0.000596  0.000611  0.000625  0.000640  0.000654  0.000668  0.000682
  0.000695  0.000708  0.000721  0.000733  0.000745  0.000755  0.000766  0.000775
  0.000784  0.000791  0.000797  0.000801  0.000803  0.000804  0.000802  0.000799
  0.000793  0.000785  0.000776  0.000765  0.000753  0.000739  0.000723  0.000706
  0.000688  0.000668  0.000647  0.000624  0.000601  0.000578  0.000554  0.000530
  0.000505  0.000480  0.000456  0.000431  0.000407  0.000382  0.000358  0.000334
  0.000311  0.000288  0.000265  0.000243  0.000221  0.000200  0.000178  0.000000
  0.000000  0.000000  0.000000  0.000000  0.000000  0.000000  0.000000  0.000000
  0.000000  0.000000  0.000000  0.000000  0.000000  0.000000  0.000000
  1.000000
  0.268335  0.268350  0.268371  0.268395  0.268421  0.268448  0.268476  0.268504
  0.268531  0.268557  0.268581  0.268604  0.268626  0.268646  0.268665  0.268682
  0.268697  0.268711  0.268724  0.268736  0.268747  0.268756  0.268765  0.268773
  0.268780  0.268786  0.268798  0.268810  0.268824  0.268838  0.268853  0.268868
  0.268885  0.268903  0.268922  0.268942  0.268963  0.268986  0.269010  0.269036
  0.269063  0.269092  0.269123  0.269156  0.269191  0.269227  0.269267  0.269308
  0.269352  0.269399  0.269449  0.269503  0.269560  0.269620  0.269685  0.269756
  0.269833  0.269915  0.270003  0.270097  0.270195  0.270297  0.270399  0.270503
  0.270606  0.270710  0.270812  0.270913  0.271013  0.271114  0.271213  0.271312
  0.271409  0.271505  0.271599  0.271690  0.271777  0.271861  0.271940  0.272015
  0.272087  0.272153  0.272216  0.272276  0.272331  0.272383  0.272432  0.272477
  0.272519  0.272558  0.272594  0.272627  0.272657  0.272684  0.272709  0.272732
  0.272749  0.272767  0.272785  0.272804  0.272823  0.272843  0.272864  0.272885
  0.272906  0.272928  0.272950  0.272973  0.272996  0.273020  0.273060
  1.000000
 -0.006284 -0.005581 -0.004955 -0.004396 -0.003898 -0.003454 -0.003059 -0.002706
 -0.002391 -0.002111 -0.001860 -0.001637 -0.001439 -0.001261 -0.001103 -0.000962
 -0.000837 -0.000725 -0.000625 -0.000536 -0.000456 -0.000385 -0.000322 -0.000266
 -0.000216 -0.000171 -0.000126 -0.000080 -0.000031  0.000021  0.000075  0.000132
  0.000192  0.000255  0.000321  0.000391  0.000464  0.000542  0.000623  0.000709
  0.000800  0.000895  0.000994  0.001099  0.001208  0.001323  0.001444  0.001571
  0.001705  0.001845  0.001993  0.002148  0.002312  0.002486  0.002670  0.002868
  0.003081  0.003307  0.003547  0.003799  0.004063  0.004333  0.004606  0.004880
  0.005154  0.005427  0.005699  0.005968  0.006237  0.006507  0.006778  0.007049
  0.007321  0.007591  0.007860  0.008125  0.008385  0.008639  0.008886  0.009127
  0.009359  0.009585  0.009803  0.010015  0.010221  0.010420  0.010612  0.010798
  0.010978  0.011151  0.011318  0.011478  0.011632  0.011779  0.011920  0.012054
  0.012188  0.012330  0.012480  0.012639  0.012806  0.012984  0.013171  0.013369
  0.013578  0.013799  0.014033  0.014281  0.014542  0.014818  0.015111
  1.000000
  0.016180  0.015093  0.014124  0.013261  0.012490  0.011804  0.011192  0.010646
  0.010159  0.009725  0.009338  0.008993  0.008686  0.008411  0.008167  0.007949
  0.007755  0.007581  0.007427  0.007289  0.007166  0.007057  0.006959  0.006872
  0.006794  0.006725  0.006799  0.006781  0.006746  0.006699  0.006641  0.006572
  0.006492  0.006407  0.006317  0.006222  0.006122  0.006017  0.005907  0.005791
  0.005669  0.005542  0.005409  0.005270  0.005124  0.004972  0.004814  0.004647
  0.004474  0.004293  0.004103  0.003905  0.003697  0.003479  0.003248  0.003002
  0.002741  0.002465  0.002175  0.001874  0.001562  0.001246  0.000930  0.000616
  0.000306  0.000000 -0.000301 -0.000596 -0.000887 -0.001176 -0.001463 -0.001748
 -0.002028 -0.002305 -0.002578 -0.002843 -0.003100 -0.003349 -0.003588 -0.003818
 -0.004039 -0.004250 -0.004453 -0.004648 -0.004836 -0.005016 -0.005188 -0.005354
 -0.005512 -0.005663 -0.005807 -0.005945 -0.006076 -0.006201 -0.006319 -0.006495
 -0.006595 -0.006702 -0.006814 -0.006933 -0.007059 -0.007191 -0.007332 -0.007480
 -0.007637 -0.007803 -0.007978 -0.008164 -0.008360 -0.008567 -0.008786
  1.000000
  0.000000  0.000000  0.000000  0.000000  0.000000  0.000000  0.000000  0.000000
  0.000000  0.000000  0.000000  0.000000  0.000000  0.000000  0.000000  0.000000
  0.000000  0.000000  0.000000  0.000000  0.000000  0.000000  0.000000  0.000000
  0.000000  0.000000  0.000262  0.000341  0.000394  0.000435  0.000469  0.000495
  0.000515  0.000533  0.000550  0.000568  0.000586  0.000603  0.000621  0.000638
  0.000655  0.000672  0.000689  0.000705  0.000722  0.000738  0.000754  0.000769
  0.000784  0.000799  0.000813  0.000827  0.000840  0.000852  0.000864  0.000874
  0.000884  0.000892  0.000899  0.000904  0.000906  0.000907  0.000905  0.000900
  0.000894  0.000885  0.000875  0.000863  0.000849  0.000833  0.000815  0.000796
  0.000775  0.000753  0.000729  0.000704  0.000678  0.000652  0.000625  0.000597
  0.000569  0.000542  0.000514  0.000486  0.000458  0.000431  0.000404  0.000377
  0.000350  0.000324  0.000298  0.000273  0.000249  0.000225  0.000197  0.000000
  0.000000  0.000000  0.000000  0.000000  0.000000  0.000000  0.000000  0.000000
  0.000000  0.000000  0.000000  0.000000  0.000000  0.000000  0.000000
  1.000000
  0.300000  0.300000  0.300000  0.300000  0.300000  0.300000  0.300000  0.300000
  0.300000  0.300000  0.300000  0.300000  0.300000  0.300000  0.300000  0.300000
  0.300000  0.300000  0.300000  0.300000  0.300000  0.300000  0.300000  0.300000
  0.300000  0.300000  0.300000  0.300000  0.300000  0.300000  0.300000  0.300000
  0.300000  0.300000  0.300000  0.300000  0.300000  0.300000  0.300000  0.300000
  0.300000  0.300000  0.300000  0.300000  0.300000  0.300000  0.300000  0.300000
  0.300000  0.300000  0.300000  0.300000  0.300000  0.300000  0.300000  0.300000
  0.300000  0.300000  0.300000  0.300000  0.300000  0.300000  0.300000  0.300000
  0.300000  0.300000  0.300000  0.300000  0.300000  0.300000  0.300000  0.300000
  0.300000  0.300000  0.300000  0.300000  0.300000  0.300000  0.300000  0.300000
  0.300000  0.300000  0.300000  0.300000  0.300000  0.300000  0.300000  0.300000
  0.300000  0.300000  0.300000  0.300000  0.300000  0.300000  0.300000  0.300000
  0.300000  0.300000  0.300000  0.300000  0.300000  0.300000  0.300000  0.300000
  0.300000  0.300000  0.300000  0.300000  0.300000  0.300000  0.300000
  1.000000
 -0.006567 -0.005828 -0.005169 -0.004582 -0.004058 -0.003592 -0.003177 -0.002807
 -0.002477 -0.002184 -0.001922 -0.001689 -0.001481 -0.001296 -0.001131 -0.000984
 -0.000853 -0.000736 -0.000632 -0.000539 -0.000457 -0.000383 -0.000317 -0.000259
 -0.000206 -0.000160 -0.000115 -0.000067 -0.000018  0.000034  0.000089  0.000146
  0.000206  0.000270  0.000337  0.000407  0.000481  0.000559  0.000641  0.000727
  0.000818  0.000913  0.001013  0.001118  0.001227  0.001342  0.001463  0.001590
  0.001723  0.001863  0.002010  0.002165  0.002328  0.002500  0.002683  0.002880
  0.003090  0.003315  0.003552  0.003801  0.004062  0.004329  0.004599  0.004869
  0.005140  0.005409  0.005678  0.005944  0.006210  0.006477  0.006745  0.007014
  0.007283  0.007552  0.007820  0.008084  0.008343  0.008597  0.008844  0.009085
  0.009319  0.009546  0.009766  0.009981  0.010189  0.010391  0.010586  0.010776
  0.010959  0.011136  0.011307  0.011471  0.011630  0.011781  0.011926  0.012065
  0.012205  0.012353  0.012510  0.012675  0.012850  0.013036  0.013231  0.013438
  0.013657  0.013889  0.014134  0.014393  0.014666  0.014956  0.015259
  1.000000
  0.020810  0.019438  0.018214  0.017123  0.016150  0.015282  0.014508  0.013818
  0.013203  0.012655  0.012166  0.011729  0.011341  0.010994  0.010685  0.010409
  0.010164  0.009944  0.009749  0.009575  0.009420  0.009281  0.009158  0.009048
  0.008950  0.008862  0.008949  0.008924  0.008879  0.008819  0.008746  0.008658
  0.008557  0.008448  0.008333  0.008211  0.008083  0.007948  0.007807  0.007657
  0.007501  0.007337  0.007165  0.006985  0.006797  0.006600  0.006394  0.006178
  0.005952  0.005715  0.005467  0.005207  0.004935  0.004648  0.004345  0.004020
  0.003675  0.003309  0.002924  0.002522  0.002105  0.001681  0.001256  0.000834
  0.000414  0.000000 -0.000409 -0.000811 -0.001209 -0.001606 -0.002001 -0.002393
 -0.002782 -0.003166 -0.003546 -0.003916 -0.004277 -0.004626 -0.004964 -0.005289
 -0.005602 -0.005903 -0.006193 -0.006473 -0.006742 -0.007002 -0.007251 -0.007490
 -0.007720 -0.007940 -0.008151 -0.008353 -0.008545 -0.008729 -0.008903 -0.009136
 -0.009288 -0.009448 -0.009618 -0.009798 -0.009987 -0.010188 -0.010400 -0.010624
 -0.010861 -0.011111 -0.011376 -0.011656 -0.011952 -0.012265 -0.012595
  1.000000
  0.000000  0.000000  0.000000  0.000000  0.000000  0.000000  0.000000  0.000000
  0.000000  0.000000  0.000000  0.000000  0.000000  0.000000  0.000000  0.000000
  0.000000  0.000000  0.000000  0.000000  0.000000  0.000000  0.000000  0.000000
  0.000000  0.000000  0.000318  0.000414  0.000479  0.000531  0.000574  0.000607
  0.000632  0.000654  0.000676  0.000698  0.000720  0.000741  0.000762  0.000784
  0.000805  0.000825  0.000846  0.000867  0.000887  0.000907  0.000926  0.000945
  0.000964  0.000982  0.000999  0.001016  0.001032  0.001047  0.001062  0.001075
  0.001087  0.001097  0.001105  0.001111  0.001114  0.001114  0.001112  0.001107
  0.001099  0.001088  0.001075  0.001060  0.001043  0.001024  0.001002  0.000978
  0.000953  0.000925  0.000896  0.000865  0.000833  0.000800  0.000767  0.000733
  0.000699  0.000665  0.000631  0.000597  0.000563  0.000529  0.000496  0.000463
  0.000430  0.000398  0.000366  0.000335  0.000305  0.000276  0.000238  0.000000
  0.000000  0.000000  0.000000  0.000000  0.000000  0.000000  0.000000  0.000000
  0.000000  0.000000  0.000000  0.000000  0.000000  0.000000  0.000000
  1.000000
  0.331665  0.331650  0.331629  0.331605  0.331579  0.331552  0.331524  0.331496
  0.331469  0.331443  0.331419  0.331395  0.331374  0.331354  0.331335  0.331318
  0.331303  0.331289  0.331276  0.331264  0.331253  0.331244  0.331235  0.331227
  0.331220  0.331214  0.331202  0.331189  0.331176  0.331162  0.331147  0.331131
  0.331115  0.331097  0.331078  0.331058  0.331036  0.331014  0.330989  0.330964
  0.330936  0.330907  0.330876  0.330844  0.330809  0.330772  0.330733  0.330691
  0.330647  0.330600  0.330550  0.330497  0.330440  0.330379  0.330314  0.330243
  0.330167  0.330084  0.329996  0.329903  0.329804  0.329703  0.329600  0.329497
  0.329393  0.329290  0.329188  0.329087  0.328986  0.328886  0.328786  0.328688
  0.328590  0.328494  0.328400  0.328310  0.328222  0.328139  0.328059  0.327984
  0.327913  0.327846  0.327783  0.327724  0.327668  0.327616  0.327568  0.327523
  0.327481  0.327442  0.327406  0.327373  0.327343  0.327316  0.327291  0.327268
  0.327251  0.327233  0.327215  0.327196  0.327177  0.327157  0.327136  0.327115
  0.327094  0.327072  0.327050  0.327027  0.327004  0.326979  0.326940
  BLADE ROW NUMBER =        2                                           
  106   21   91  112    0    0    1    1    1    1    0    0    0    0    0    0
       0.0   98467.0   98467.0  123939.0  123939.0   0.00000       0.0
  1.000000
  0.011558  0.011950  0.012305  0.012623  0.012910  0.013166  0.013397  0.013603
  0.013788  0.013954  0.014103  0.014237  0.014356  0.014464  0.014560  0.014646
  0.014724  0.014793  0.014855  0.014911  0.014961  0.015011  0.015063  0.015117
  0.015174  0.015234  0.015297  0.015363  0.015433  0.015506  0.015583  0.015665
  0.015750  0.015840  0.015935  0.016034  0.016139  0.016248  0.016363  0.016484
  0.016610  0.016743  0.016882  0.017028  0.017182  0.017343  0.017513  0.017692
  0.017880  0.018081  0.018297  0.018528  0.018773  0.019033  0.019307  0.019592
  0.019884  0.020178  0.020474  0.020769  0.021063  0.021355  0.021645  0.021935
  0.022225  0.022516  0.022808  0.023099  0.023390  0.023679  0.023964  0.024243
  0.024516  0.024782  0.025040  0.025291  0.025534  0.025769  0.025998  0.026220
  0.026435  0.026643  0.026844  0.027039  0.027226  0.027407  0.027581  0.027748
  0.027908  0.028061  0.028207  0.028353  0.028507  0.028670  0.028843  0.029026
  0.029220  0.029425  0.029643  0.029873  0.030118  0.030377  0.030653  0.030946
  0.031255  0.031583
  1.000000
 -0.015499 -0.014823 -0.014217 -0.013672 -0.013184 -0.012747 -0.012354 -0.012002
 -0.011687 -0.011404 -0.011150 -0.010923 -0.010719 -0.010536 -0.010372 -0.010225
 -0.010093 -0.009975 -0.009869 -0.009774 -0.009689 -0.009494 -0.009382 -0.009279
 -0.009177 -0.009070 -0.008958 -0.008841 -0.008718 -0.008589 -0.008455 -0.008313
 -0.008166 -0.008011 -0.007850 -0.007681 -0.007506 -0.007323 -0.007133 -0.006934
 -0.006728 -0.006513 -0.006289 -0.006057 -0.005815 -0.005563 -0.005300 -0.005026
 -0.004741 -0.004440 -0.004121 -0.003784 -0.003429 -0.003060 -0.002678 -0.002286
 -0.001890 -0.001498 -0.001112 -0.000733 -0.000362  0.000000  0.000353  0.000698
  0.001039  0.001374  0.001703  0.002026  0.002342  0.002649  0.002946  0.003232
  0.003505  0.003766  0.004015  0.004251  0.004476  0.004689  0.004893  0.005087
  0.005272  0.005448  0.005615  0.005773  0.005923  0.006065  0.006200  0.006327
  0.006447  0.006552  0.006532  0.006655  0.006785  0.006923  0.007069  0.007223
  0.007385  0.007557  0.007739  0.007931  0.008134  0.008348  0.008574  0.008813
  0.009065  0.009332
  1.000000
  0.000000  0.000000  0.000000  0.000000  0.000000  0.000000  0.000000  0.000000
  0.000000  0.000000  0.000000  0.000000  0.000000  0.000000  0.000000  0.000000
  0.000000  0.000000  0.000000  0.000000  0.000000  0.000253  0.000341  0.000398
  0.000438  0.000467  0.000487  0.000501  0.000514  0.000528  0.000543  0.000558
  0.000573  0.000589  0.000606  0.000623  0.000641  0.000659  0.000678  0.000697
  0.000716  0.000736  0.000757  0.000777  0.000798  0.000819  0.000841  0.000862
  0.000884  0.000906  0.000927  0.000949  0.000970  0.000990  0.001008  0.001025
  0.001039  0.001051  0.001059  0.001064  0.001067  0.001066  0.001063  0.001056
  0.001047  0.001035  0.001020  0.001001  0.000980  0.000957  0.000930  0.000902
  0.000871  0.000839  0.000806  0.000771  0.000735  0.000699  0.000661  0.000623
  0.000585  0.000547  0.000508  0.000469  0.000431  0.000393  0.000355  0.000318
  0.000281  0.000238  0.000000  0.000000  0.000000  0.000000  0.000000  0.000000
  0.000000  0.000000  0.000000  0.000000  0.000000  0.000000  0.000000  0.000000
  0.000000  0.000000
  1.000000
  0.272644  0.272713  0.272761  0.272798  0.272830  0.272857  0.272881  0.272901
  0.272918  0.272934  0.272947  0.272959  0.272970  0.272979  0.272987  0.272995
  0.273001  0.273007  0.273012  0.273017  0.273021  0.273027  0.273034  0.273041
  0.273048  0.273057  0.273065  0.273074  0.273084  0.273095  0.273107  0.273119
  0.273133  0.273147  0.273163  0.273179  0.273197  0.273216  0.273237  0.273259
  0.273283  0.273309  0.273337  0.273366  0.273399  0.273433  0.273470  0.273511
  0.273554  0.273602  0.273654  0.273711  0.273774  0.273842  0.273915  0.273992
  0.274074  0.274158  0.274243  0.274330  0.274418  0.274506  0.274594  0.274683
  0.274773  0.274864  0.274955  0.275047  0.275138  0.275229  0.275318  0.275405
  0.275490  0.275573  0.275652  0.275728  0.275802  0.275872  0.275940  0.276005
  0.276068  0.276127  0.276184  0.276239  0.276290  0.276339  0.276386  0.276430
  0.276471  0.276510  0.276547  0.276588  0.276631  0.276674  0.276718  0.276762
  0.276807  0.276851  0.276894  0.276935  0.276974  0.277003  0.277024  0.277041
  0.277053  0.277063
  1.000000
  0.011656  0.012042  0.012388  0.012699  0.012977  0.013226  0.013450  0.013650
  0.013830  0.013991  0.014136  0.014265  0.014381  0.014486  0.014579  0.014663
  0.014738  0.014805  0.014865  0.014919  0.014968  0.015016  0.015067  0.015120
  0.015176  0.015234  0.015296  0.015361  0.015429  0.015501  0.015577  0.015656
  0.015740  0.015829  0.015922  0.016020  0.016122  0.016230  0.016343  0.016462
  0.016587  0.016718  0.016856  0.017000  0.017153  0.017312  0.017481  0.017659
  0.017846  0.018046  0.018261  0.018491  0.018736  0.018996  0.019270  0.019555
  0.019848  0.020144  0.020441  0.020738  0.021034  0.021328  0.021620  0.021911
  0.022204  0.022497  0.022791  0.023085  0.023378  0.023670  0.023957  0.024239
  0.024514  0.024782  0.025042  0.025294  0.025538  0.025775  0.026005  0.026227
  0.026443  0.026652  0.026854  0.027048  0.027236  0.027416  0.027590  0.027756
  0.027916  0.028068  0.028214  0.028359  0.028513  0.028676  0.028847  0.029029
  0.029221  0.029424  0.029639  0.029865  0.030105  0.030359  0.030627  0.030910
  0.031209  0.031526
  1.000000
 -0.013696 -0.013099 -0.012563 -0.012083 -0.011653 -0.011267 -0.010921 -0.010611
 -0.010333 -0.010084 -0.009861 -0.009660 -0.009481 -0.009320 -0.009175 -0.009046
 -0.008930 -0.008826 -0.008732 -0.008649 -0.008574 -0.008398 -0.008298 -0.008207
 -0.008116 -0.008022 -0.007923 -0.007819 -0.007711 -0.007597 -0.007478 -0.007353
 -0.007223 -0.007086 -0.006944 -0.006795 -0.006639 -0.006478 -0.006309 -0.006134
 -0.005951 -0.005761 -0.005564 -0.005358 -0.005144 -0.004921 -0.004688 -0.004446
 -0.004193 -0.003927 -0.003645 -0.003346 -0.003033 -0.002706 -0.002368 -0.002021
 -0.001671 -0.001325 -0.000983 -0.000648 -0.000320  0.000000  0.000312  0.000617
  0.000918  0.001214  0.001504  0.001789  0.002067  0.002339  0.002601  0.002852
  0.003093  0.003323  0.003542  0.003750  0.003948  0.004136  0.004316  0.004487
  0.004649  0.004803  0.004950  0.005089  0.005221  0.005346  0.005465  0.005576
  0.005682  0.005775  0.005750  0.005859  0.005975  0.006096  0.006225  0.006361
  0.006505  0.006657  0.006818  0.006988  0.007168  0.007358  0.007559  0.007771
  0.007995  0.008233
  1.000000
  0.000000  0.000000  0.000000  0.000000  0.000000  0.000000  0.000000  0.000000
  0.000000  0.000000  0.000000  0.000000  0.000000  0.000000  0.000000  0.000000
  0.000000  0.000000  0.000000  0.000000  0.000000  0.000233  0.000314  0.000367
  0.000403  0.000429  0.000448  0.000461  0.000473  0.000486  0.000499  0.000512
  0.000527  0.000542  0.000557  0.000573  0.000589  0.000606  0.000623  0.000640
  0.000658  0.000677  0.000695  0.000714  0.000733  0.000753  0.000773  0.000792
  0.000812  0.000832  0.000852  0.000872  0.000891  0.000909  0.000927  0.000942
  0.000955  0.000965  0.000973  0.000978  0.000980  0.000980  0.000977  0.000971
  0.000962  0.000951  0.000937  0.000920  0.000901  0.000879  0.000855  0.000829
  0.000801  0.000771  0.000740  0.000708  0.000676  0.000642  0.000608  0.000573
  0.000538  0.000502  0.000467  0.000431  0.000396  0.000361  0.000326  0.000292
  0.000259  0.000220  0.000000  0.000000  0.000000  0.000000  0.000000  0.000000
  0.000000  0.000000  0.000000  0.000000  0.000000  0.000000  0.000000  0.000000
  0.000000  0.000000
  1.000000
  0.300000  0.300000  0.300000  0.300000  0.300000  0.300000  0.300000  0.300000
  0.300000  0.300000  0.300000  0.300000  0.300000  0.300000  0.300000  0.300000
  0.300000  0.300000  0.300000  0.300000  0.300000  0.300000  0.300000  0.300000
  0.300000  0.300000  0.300000  0.300000  0.300000  0.300000  0.300000  0.300000
  0.300000  0.300000  0.300000  0.300000  0.300000  0.300000  0.300000  0.300000
  0.300000  0.300000  0.300000  0.300000  0.300000  0.300000  0.300000  0.300000
  0.300000  0.300000  0.300000  0.300000  0.300000  0.300000  0.300000  0.300000
  0.300000  0.300000  0.300000  0.300000  0.300000  0.300000  0.300000  0.300000
  0.300000  0.300000  0.300000  0.300000  0.300000  0.300000  0.300000  0.300000
  0.300000  0.300000  0.300000  0.300000  0.300000  0.300000  0.300000  0.300000
  0.300000  0.300000  0.300000  0.300000  0.300000  0.300000  0.300000  0.300000
  0.300000  0.300000  0.300000  0.300000  0.300000  0.300000  0.300000  0.300000
  0.300000  0.300000  0.300000  0.300000  0.300000  0.300000  0.300000  0.300000
  0.300000  0.300000
  1.000000
  0.011558  0.011950  0.012304  0.012623  0.012909  0.013166  0.013396  0.013603
  0.013788  0.013954  0.014103  0.014236  0.014356  0.014463  0.014560  0.014646
  0.014723  0.014793  0.014855  0.014911  0.014961  0.015010  0.015062  0.015116
  0.015173  0.015233  0.015296  0.015362  0.015432  0.015506  0.015583  0.015664
  0.015750  0.015840  0.015934  0.016034  0.016138  0.016248  0.016363  0.016483
  0.016610  0.016742  0.016882  0.017028  0.017181  0.017343  0.017512  0.017691
  0.017880  0.018081  0.018296  0.018527  0.018773  0.019033  0.019306  0.019591
  0.019883  0.020178  0.020474  0.020769  0.021063  0.021355  0.021645  0.021934
  0.022224  0.022516  0.022807  0.023098  0.023389  0.023678  0.023963  0.024243
  0.024516  0.024781  0.025040  0.025291  0.025533  0.025769  0.025997  0.026219
  0.026434  0.026643  0.026844  0.027038  0.027226  0.027407  0.027581  0.027747
  0.027907  0.028060  0.028207  0.028352  0.028506  0.028670  0.028843  0.029026
  0.029220  0.029425  0.029642  0.029873  0.030117  0.030377  0.030653  0.030945
  0.031255  0.031583
  1.000000
 -0.013060 -0.012490 -0.011981 -0.011524 -0.011114 -0.010747 -0.010418 -0.010123
 -0.009859 -0.009622 -0.009409 -0.009219 -0.009048 -0.008895 -0.008758 -0.008635
 -0.008525 -0.008426 -0.008337 -0.008257 -0.008186 -0.008015 -0.007919 -0.007831
 -0.007745 -0.007655 -0.007561 -0.007462 -0.007358 -0.007250 -0.007136 -0.007017
 -0.006893 -0.006763 -0.006627 -0.006484 -0.006336 -0.006182 -0.006021 -0.005854
 -0.005680 -0.005498 -0.005309 -0.005113 -0.004909 -0.004696 -0.004474 -0.004243
 -0.004001 -0.003747 -0.003478 -0.003193 -0.002894 -0.002582 -0.002259 -0.001928
 -0.001594 -0.001263 -0.000937 -0.000618 -0.000305  0.000000  0.000297  0.000588
  0.000875  0.001157  0.001433  0.001704  0.001969  0.002227  0.002477  0.002716
  0.002945  0.003163  0.003372  0.003569  0.003757  0.003936  0.004106  0.004268
  0.004422  0.004569  0.004708  0.004840  0.004965  0.005084  0.005196  0.005302
  0.005402  0.005491  0.005461  0.005565  0.005675  0.005791  0.005914  0.006044
  0.006181  0.006326  0.006480  0.006642  0.006814  0.006995  0.007188  0.007391
  0.007606  0.007834
  1.000000
  0.000000  0.000000  0.000000  0.000000  0.000000  0.000000  0.000000  0.000000
  0.000000  0.000000  0.000000  0.000000  0.000000  0.000000  0.000000  0.000000
  0.000000  0.000000  0.000000  0.000000  0.000000  0.000232  0.000312  0.000364
  0.000400  0.000426  0.000444  0.000457  0.000469  0.000481  0.000495  0.000508
  0.000522  0.000537  0.000552  0.000568  0.000584  0.000600  0.000617  0.000635
  0.000653  0.000671  0.000689  0.000708  0.000727  0.000747  0.000766  0.000786
  0.000805  0.000825  0.000845  0.000864  0.000884  0.000902  0.000919  0.000934
  0.000947  0.000957  0.000965  0.000970  0.000972  0.000971  0.000968  0.000962
  0.000954  0.000943  0.000929  0.000912  0.000893  0.000871  0.000848  0.000822
  0.000794  0.000765  0.000734  0.000703  0.000670  0.000637  0.000603  0.000568
  0.000533  0.000498  0.000463  0.000428  0.000393  0.000358  0.000324  0.000290
  0.000257  0.000219  0.000000  0.000000  0.000000  0.000000  0.000000  0.000000
  0.000000  0.000000  0.000000  0.000000  0.000000  0.000000  0.000000  0.000000
  0.000000  0.000000
  1.000000
  0.327357  0.327287  0.327239  0.327202  0.327170  0.327143  0.327119  0.327099
  0.327082  0.327066  0.327053  0.327041  0.327030  0.327021  0.327013  0.327005
  0.326999  0.326993  0.326988  0.326983  0.326979  0.326973  0.326966  0.326959
  0.326952  0.326944  0.326935  0.326926  0.326916  0.326905  0.326893  0.326881
  0.326868  0.326853  0.326838  0.326821  0.326803  0.326784  0.326763  0.326741
  0.326717  0.326691  0.326663  0.326634  0.326602  0.326567  0.326530  0.326489
  0.326446  0.326399  0.326346  0.326289  0.326226  0.326159  0.326086  0.326008
  0.325926  0.325843  0.325757  0.325670  0.325582  0.325494  0.325406  0.325317
  0.325227  0.325136  0.325045  0.324954  0.324862  0.324771  0.324682  0.324595
  0.324510  0.324428  0.324348  0.324272  0.324198  0.324128  0.324060  0.323995
  0.323932  0.323873  0.323816  0.323762  0.323710  0.323661  0.323615  0.323571
  0.323529  0.323490  0.323453  0.323412  0.323369  0.323326  0.323282  0.323238
  0.323193  0.323150  0.323107  0.323065  0.323026  0.322997  0.322976  0.322959
  0.322947  0.322937
  BLADE ROW NUMBER =        3                                           
  106   21   91  113    0    0    1    1    1    1    0    0    0    0    0    0
   12000.0  123939.0  123939.0  153762.8  153762.8   0.00000   12000.0
  1.000000
  0.030791  0.031185  0.031538  0.031856  0.032140  0.032395  0.032623  0.032827
  0.033010  0.033175  0.033322  0.033454  0.033572  0.033678  0.033773  0.033858
  0.033935  0.034003  0.034065  0.034120  0.034169  0.034218  0.034269  0.034323
  0.034380  0.034439  0.034501  0.034567  0.034636  0.034708  0.034785  0.034865
  0.034950  0.035039  0.035133  0.035232  0.035335  0.035444  0.035557  0.035677
  0.035802  0.035934  0.036072  0.036218  0.036370  0.036530  0.036699  0.036877
  0.037065  0.037265  0.037479  0.037709  0.037954  0.038213  0.038486  0.038770
  0.039062  0.039357  0.039652  0.039948  0.040242  0.040535  0.040825  0.041115
  0.041406  0.041698  0.041991  0.042283  0.042575  0.042866  0.043152  0.043433
  0.043707  0.043975  0.044235  0.044487  0.044732  0.044969  0.045199  0.045423
  0.045639  0.045849  0.046052  0.046248  0.046437  0.046619  0.046795  0.046963
  0.047124  0.047279  0.047426  0.047574  0.047731  0.047896  0.048071  0.048256
  0.048452  0.048658  0.048877  0.049108  0.049353  0.049611  0.049884  0.050173
  0.050478  0.050800
  1.000000
  0.010430  0.009914  0.009450  0.009035  0.008662  0.008328  0.008029  0.007760
  0.007520  0.007304  0.007110  0.006937  0.006782  0.006642  0.006517  0.006405
  0.006305  0.006215  0.006134  0.006062  0.005997  0.006071  0.006056  0.006025
  0.005982  0.005928  0.005863  0.005789  0.005710  0.005627  0.005539  0.005447
  0.005350  0.005249  0.005142  0.005031  0.004914  0.004792  0.004665  0.004533
  0.004394  0.004250  0.004099  0.003942  0.003778  0.003608  0.003429  0.003243
  0.003047  0.002842  0.002623  0.002391  0.002146  0.001891  0.001625  0.001352
  0.001076  0.000802  0.000530  0.000263  0.000000 -0.000257 -0.000508 -0.000756
 -0.001000 -0.001241 -0.001479 -0.001714 -0.001944 -0.002169 -0.002387 -0.002597
 -0.002799 -0.002993 -0.003179 -0.003356 -0.003525 -0.003687 -0.003841 -0.003989
 -0.004130 -0.004265 -0.004394 -0.004516 -0.004633 -0.004743 -0.004849 -0.004948
 -0.005043 -0.005132 -0.005287 -0.005360 -0.005437 -0.005519 -0.005605 -0.005696
 -0.005792 -0.005894 -0.006001 -0.006115 -0.006235 -0.006362 -0.006496 -0.006638
 -0.006788 -0.006947
  1.000000
  0.000000  0.000000  0.000000  0.000000  0.000000  0.000000  0.000000  0.000000
  0.000000  0.000000  0.000000  0.000000  0.000000  0.000000  0.000000  0.000000
  0.000000  0.000000  0.000000  0.000000  0.000000  0.000257  0.000336  0.000388
  0.000428  0.000460  0.000485  0.000503  0.000521  0.000538  0.000555  0.000573
  0.000590  0.000607  0.000623  0.000640  0.000657  0.000673  0.000689  0.000705
  0.000721  0.000737  0.000752  0.000767  0.000781  0.000795  0.000808  0.000821
  0.000833  0.000844  0.000854  0.000864  0.000872  0.000878  0.000883  0.000886
  0.000886  0.000884  0.000880  0.000873  0.000866  0.000856  0.000844  0.000830
  0.000815  0.000797  0.000779  0.000758  0.000736  0.000713  0.000688  0.000663
  0.000637  0.000611  0.000584  0.000557  0.000530  0.000502  0.000475  0.000448
  0.000421  0.000395  0.000368  0.000342  0.000317  0.000292  0.000267  0.000244
  0.000220  0.000196  0.000000  0.000000  0.000000  0.000000  0.000000  0.000000
  0.000000  0.000000  0.000000  0.000000  0.000000  0.000000  0.000000  0.000000
  0.000000  0.000000
  1.000000
  0.277032  0.277051  0.277062  0.277070  0.277076  0.277087  0.277100  0.277112
  0.277123  0.277133  0.277143  0.277152  0.277160  0.277167  0.277173  0.277179
  0.277185  0.277190  0.277194  0.277198  0.277202  0.277207  0.277213  0.277219
  0.277226  0.277233  0.277241  0.277249  0.277257  0.277267  0.277277  0.277288
  0.277300  0.277312  0.277326  0.277341  0.277356  0.277373  0.277391  0.277411
  0.277432  0.277455  0.277479  0.277505  0.277533  0.277563  0.277596  0.277631
  0.277669  0.277710  0.277756  0.277805  0.277859  0.277918  0.277980  0.278047
  0.278116  0.278187  0.278258  0.278331  0.278403  0.278476  0.278548  0.278620
  0.278691  0.278763  0.278835  0.278905  0.278975  0.279044  0.279110  0.279174
  0.279235  0.279293  0.279348  0.279400  0.279449  0.279495  0.279538  0.279579
  0.279617  0.279652  0.279685  0.279715  0.279743  0.279769  0.279792  0.279814
  0.279833  0.279851  0.279867  0.279878  0.279889  0.279901  0.279913  0.279926
  0.279939  0.279952  0.279966  0.279981  0.279995  0.280010  0.280026  0.280042
  0.280059  0.280080
  1.000000
  0.030854  0.031240  0.031586  0.031897  0.032175  0.032425  0.032649  0.032850
  0.033029  0.033191  0.033335  0.033465  0.033581  0.033685  0.033779  0.033863
  0.033938  0.034005  0.034065  0.034119  0.034168  0.034217  0.034267  0.034320
  0.034376  0.034435  0.034496  0.034561  0.034630  0.034701  0.034777  0.034857
  0.034941  0.035030  0.035123  0.035221  0.035324  0.035431  0.035545  0.035664
  0.035789  0.035920  0.036058  0.036202  0.036354  0.036515  0.036683  0.036861
  0.037049  0.037249  0.037464  0.037694  0.037940  0.038200  0.038473  0.038759
  0.039052  0.039348  0.039646  0.039943  0.040239  0.040533  0.040825  0.041117
  0.041410  0.041704  0.041998  0.042292  0.042585  0.042877  0.043165  0.043447
  0.043722  0.043990  0.044250  0.044503  0.044747  0.044984  0.045214  0.045437
  0.045653  0.045862  0.046064  0.046258  0.046446  0.046627  0.046801  0.046967
  0.047127  0.047279  0.047425  0.047571  0.047724  0.047887  0.048059  0.048241
  0.048433  0.048636  0.048851  0.049078  0.049318  0.049572  0.049840  0.050123
  0.050423  0.050740
  1.000000
  0.012419  0.011822  0.011286  0.010805  0.010375  0.009989  0.009643  0.009332
  0.009054  0.008804  0.008581  0.008380  0.008201  0.008039  0.007895  0.007765
  0.007649  0.007545  0.007452  0.007368  0.007293  0.007373  0.007353  0.007315
  0.007264  0.007202  0.007126  0.007040  0.006948  0.006850  0.006747  0.006639
  0.006525  0.006405  0.006279  0.006148  0.006010  0.005865  0.005715  0.005557
  0.005392  0.005220  0.005040  0.004852  0.004655  0.004449  0.004234  0.004009
  0.003772  0.003523  0.003256  0.002973  0.002673  0.002359  0.002032  0.001694
  0.001351  0.001008  0.000668  0.000331  0.000000 -0.000326 -0.000646 -0.000962
 -0.001276 -0.001587 -0.001895 -0.002200 -0.002500 -0.002795 -0.003083 -0.003362
 -0.003631 -0.003891 -0.004140 -0.004380 -0.004609 -0.004829 -0.005041 -0.005244
 -0.005439 -0.005626 -0.005806 -0.005977 -0.006141 -0.006298 -0.006447 -0.006589
 -0.006724 -0.006853 -0.007043 -0.007152 -0.007268 -0.007389 -0.007518 -0.007655
 -0.007799 -0.007951 -0.008112 -0.008282 -0.008462 -0.008652 -0.008853 -0.009065
 -0.009290 -0.009527
  1.000000
  0.000000  0.000000  0.000000  0.000000  0.000000  0.000000  0.000000  0.000000
  0.000000  0.000000  0.000000  0.000000  0.000000  0.000000  0.000000  0.000000
  0.000000  0.000000  0.000000  0.000000  0.000000  0.000284  0.000369  0.000427
  0.000472  0.000509  0.000537  0.000558  0.000578  0.000597  0.000616  0.000635
  0.000654  0.000673  0.000692  0.000710  0.000729  0.000747  0.000765  0.000783
  0.000800  0.000817  0.000834  0.000851  0.000866  0.000882  0.000897  0.000911
  0.000924  0.000937  0.000948  0.000959  0.000968  0.000975  0.000980  0.000983
  0.000983  0.000981  0.000976  0.000969  0.000960  0.000949  0.000936  0.000920
  0.000903  0.000884  0.000863  0.000841  0.000816  0.000791  0.000764  0.000736
  0.000707  0.000677  0.000648  0.000618  0.000587  0.000557  0.000527  0.000497
  0.000467  0.000438  0.000408  0.000380  0.000351  0.000324  0.000296  0.000270
  0.000244  0.000213  0.000000  0.000000  0.000000  0.000000  0.000000  0.000000
  0.000000  0.000000  0.000000  0.000000  0.000000  0.000000  0.000000  0.000000
  0.000000  0.000000
  1.000000
  0.300000  0.300000  0.300000  0.300000  0.300000  0.300000  0.300000  0.300000
  0.300000  0.300000  0.300000  0.300000  0.300000  0.300000  0.300000  0.300000
  0.300000  0.300000  0.300000  0.300000  0.300000  0.300000  0.300000  0.300000
  0.300000  0.300000  0.300000  0.300000  0.300000  0.300000  0.300000  0.300000
  0.300000  0.300000  0.300000  0.300000  0.300000  0.300000  0.300000  0.300000
  0.300000  0.300000  0.300000  0.300000  0.300000  0.300000  0.300000  0.300000
  0.300000  0.300000  0.300000  0.300000  0.300000  0.300000  0.300000  0.300000
  0.300000  0.300000  0.300000  0.300000  0.300000  0.300000  0.300000  0.300000
  0.300000  0.300000  0.300000  0.300000  0.300000  0.300000  0.300000  0.300000
  0.300000  0.300000  0.300000  0.300000  0.300000  0.300000  0.300000  0.300000
  0.300000  0.300000  0.300000  0.300000  0.300000  0.300000  0.300000  0.300000
  0.300000  0.300000  0.300000  0.300000  0.300000  0.300000  0.300000  0.300000
  0.300000  0.300000  0.300000  0.300000  0.300000  0.300000  0.300000  0.300000
  0.300000  0.300000
  1.000000
  0.030793  0.031187  0.031540  0.031857  0.032142  0.032397  0.032624  0.032829
  0.033012  0.033176  0.033323  0.033455  0.033574  0.033680  0.033775  0.033860
  0.033936  0.034005  0.034066  0.034121  0.034171  0.034220  0.034271  0.034325
  0.034381  0.034440  0.034503  0.034568  0.034637  0.034710  0.034786  0.034867
  0.034951  0.035040  0.035134  0.035233  0.035336  0.035445  0.035559  0.035678
  0.035804  0.035935  0.036074  0.036219  0.036371  0.036532  0.036700  0.036878
  0.037066  0.037266  0.037481  0.037711  0.037955  0.038215  0.038487  0.038772
  0.039063  0.039358  0.039653  0.039949  0.040243  0.040536  0.040826  0.041116
  0.041407  0.041699  0.041991  0.042284  0.042576  0.042866  0.043153  0.043434
  0.043708  0.043976  0.044236  0.044488  0.044732  0.044969  0.045200  0.045423
  0.045640  0.045850  0.046053  0.046249  0.046438  0.046620  0.046795  0.046963
  0.047125  0.047279  0.047426  0.047575  0.047731  0.047897  0.048072  0.048257
  0.048452  0.048659  0.048877  0.049109  0.049353  0.049611  0.049884  0.050173
  0.050478  0.050800
  1.000000
  0.014813  0.014114  0.013487  0.012926  0.012422  0.011971  0.011566  0.011203
  0.010877  0.010586  0.010324  0.010089  0.009879  0.009690  0.009521  0.009370
  0.009234  0.009112  0.009003  0.008905  0.008817  0.008906  0.008882  0.008837
  0.008777  0.008703  0.008615  0.008515  0.008405  0.008290  0.008169  0.008041
  0.007906  0.007764  0.007615  0.007459  0.007295  0.007123  0.006944  0.006756
  0.006559  0.006353  0.006138  0.005913  0.005677  0.005430  0.005171  0.004899
  0.004614  0.004312  0.003989  0.003646  0.003282  0.002899  0.002500  0.002086
  0.001666  0.001245  0.000826  0.000410  0.000000 -0.000404 -0.000802 -0.001196
 -0.001588 -0.001978 -0.002365 -0.002749 -0.003128 -0.003501 -0.003867 -0.004221
 -0.004565 -0.004897 -0.005217 -0.005524 -0.005819 -0.006104 -0.006378 -0.006642
 -0.006896 -0.007140 -0.007374 -0.007599 -0.007814 -0.008020 -0.008217 -0.008405
 -0.008584 -0.008754 -0.008983 -0.009131 -0.009287 -0.009452 -0.009626 -0.009810
 -0.010005 -0.010211 -0.010429 -0.010659 -0.010902 -0.011159 -0.011431 -0.011718
 -0.012022 -0.012343
  1.000000
  0.000000  0.000000  0.000000  0.000000  0.000000  0.000000  0.000000  0.000000
  0.000000  0.000000  0.000000  0.000000  0.000000  0.000000  0.000000  0.000000
  0.000000  0.000000  0.000000  0.000000  0.000000  0.000322  0.000420  0.000486
  0.000538  0.000581  0.000614  0.000639  0.000662  0.000684  0.000706  0.000727
  0.000749  0.000771  0.000792  0.000813  0.000835  0.000856  0.000876  0.000897
  0.000917  0.000936  0.000956  0.000975  0.000993  0.001010  0.001027  0.001044
  0.001059  0.001073  0.001086  0.001098  0.001109  0.001117  0.001123  0.001126
  0.001126  0.001124  0.001119  0.001111  0.001100  0.001087  0.001072  0.001055
  0.001035  0.001013  0.000989  0.000963  0.000935  0.000906  0.000874  0.000842
  0.000809  0.000776  0.000741  0.000707  0.000673  0.000638  0.000604  0.000569
  0.000535  0.000501  0.000468  0.000435  0.000402  0.000370  0.000339  0.000309
  0.000279  0.000241  0.000000  0.000000  0.000000  0.000000  0.000000  0.000000
  0.000000  0.000000  0.000000  0.000000  0.000000  0.000000  0.000000  0.000000
  0.000000  0.000000
  1.000000
  0.322967  0.322949  0.322938  0.322930  0.322924  0.322913  0.322900  0.322888
  0.322877  0.322866  0.322857  0.322848  0.322840  0.322833  0.322827  0.322821
  0.322815  0.322810  0.322806  0.322802  0.322798  0.322793  0.322787  0.322781
  0.322774  0.322767  0.322759  0.322751  0.322743  0.322733  0.322723  0.322712
  0.322700  0.322688  0.322674  0.322659  0.322644  0.322627  0.322609  0.322589
  0.322568  0.322545  0.322521  0.322495  0.322467  0.322437  0.322404  0.322369
  0.322331  0.322290  0.322244  0.322195  0.322141  0.322082  0.322020  0.321953
  0.321884  0.321813  0.321741  0.321669  0.321597  0.321524  0.321452  0.321380
  0.321308  0.321237  0.321165  0.321094  0.321025  0.320956  0.320890  0.320826
  0.320765  0.320707  0.320652  0.320600  0.320551  0.320505  0.320462  0.320421
  0.320383  0.320348  0.320315  0.320285  0.320257  0.320231  0.320208  0.320186
  0.320167  0.320149  0.320133  0.320122  0.320111  0.320099  0.320087  0.320074
  0.320061  0.320048  0.320034  0.320019  0.320005  0.319990  0.319974  0.319958
  0.319941  0.319920
  BLADE ROW NUMBER =        4                                           
  106   21   91  114    0    0    1    1    1    1    0    0    0    0    0    0
       0.0  153762.8  153762.8  187841.7  187841.7   0.00000       0.0
  1.000000
  0.047336  0.047725  0.048075  0.048388  0.048669  0.048921  0.049147  0.049350
  0.049532  0.049695  0.049841  0.049972  0.050089  0.050194  0.050289  0.050373
  0.050449  0.050517  0.050578  0.050633  0.050682  0.050731  0.050782  0.050835
  0.050892  0.050951  0.051013  0.051078  0.051147  0.051219  0.051295  0.051375
  0.051460  0.051549  0.051642  0.051741  0.051844  0.051952  0.052066  0.052185
  0.052310  0.052442  0.052580  0.052725  0.052877  0.053038  0.053206  0.053384
  0.053572  0.053772  0.053987  0.054217  0.054462  0.054721  0.054994  0.055279
  0.055571  0.055866  0.056162  0.056457  0.056752  0.057045  0.057335  0.057625
  0.057917  0.058209  0.058501  0.058793  0.059085  0.059375  0.059661  0.059941
  0.060214  0.060481  0.060740  0.060991  0.061234  0.061469  0.061698  0.061920
  0.062135  0.062343  0.062544  0.062738  0.062925  0.063106  0.063279  0.063445
  0.063604  0.063757  0.063902  0.064047  0.064201  0.064363  0.064535  0.064716
  0.064909  0.065112  0.065327  0.065555  0.065795  0.066050  0.066321  0.066607
  0.066910  0.067230
  1.000000
 -0.014811 -0.014164 -0.013585 -0.013065 -0.012599 -0.012181 -0.011806 -0.011470
 -0.011169 -0.010899 -0.010657 -0.010439 -0.010245 -0.010070 -0.009914 -0.009773
 -0.009648 -0.009535 -0.009434 -0.009343 -0.009262 -0.009075 -0.008968 -0.008869
 -0.008771 -0.008669 -0.008562 -0.008450 -0.008333 -0.008210 -0.008081 -0.007946
 -0.007805 -0.007658 -0.007504 -0.007342 -0.007175 -0.007000 -0.006818 -0.006629
 -0.006431 -0.006226 -0.006012 -0.005790 -0.005558 -0.005317 -0.005066 -0.004805
 -0.004531 -0.004244 -0.003939 -0.003617 -0.003278 -0.002925 -0.002560 -0.002185
 -0.001807 -0.001432 -0.001063 -0.000700 -0.000346  0.000000  0.000337  0.000667
  0.000993  0.001313  0.001628  0.001936  0.002237  0.002531  0.002815  0.003087
  0.003348  0.003597  0.003835  0.004061  0.004275  0.004479  0.004674  0.004859
  0.005035  0.005203  0.005362  0.005513  0.005657  0.005792  0.005921  0.006042
  0.006157  0.006258  0.006236  0.006354  0.006478  0.006610  0.006749  0.006897
  0.007052  0.007217  0.007390  0.007574  0.007768  0.007973  0.008190  0.008419
  0.008660  0.008916
  1.000000
  0.000000  0.000000  0.000000  0.000000  0.000000  0.000000  0.000000  0.000000
  0.000000  0.000000  0.000000  0.000000  0.000000  0.000000  0.000000  0.000000
  0.000000  0.000000  0.000000  0.000000  0.000000  0.000244  0.000330  0.000385
  0.000423  0.000451  0.000470  0.000484  0.000497  0.000510  0.000524  0.000538
  0.000553  0.000569  0.000585  0.000601  0.000619  0.000636  0.000654  0.000672
  0.000691  0.000711  0.000730  0.000750  0.000770  0.000791  0.000812  0.000832
  0.000853  0.000874  0.000895  0.000916  0.000936  0.000955  0.000973  0.000989
  0.001003  0.001014  0.001022  0.001027  0.001030  0.001029  0.001026  0.001020
  0.001011  0.000999  0.000984  0.000967  0.000946  0.000923  0.000898  0.000870
  0.000841  0.000810  0.000777  0.000744  0.000710  0.000674  0.000638  0.000602
  0.000565  0.000528  0.000490  0.000453  0.000416  0.000379  0.000343  0.000307
  0.000272  0.000230  0.000000  0.000000  0.000000  0.000000  0.000000  0.000000
  0.000000  0.000000  0.000000  0.000000  0.000000  0.000000  0.000000  0.000000
  0.000000  0.000000
  1.000000
  0.279857  0.279889  0.279914  0.279935  0.279953  0.279969  0.279983  0.279995
  0.280005  0.280015  0.280023  0.280031  0.280037  0.280043  0.280048  0.280053
  0.280057  0.280061  0.280064  0.280067  0.280070  0.280074  0.280078  0.280083
  0.280088  0.280093  0.280098  0.280104  0.280111  0.280118  0.280125  0.280133
  0.280141  0.280151  0.280161  0.280171  0.280183  0.280195  0.280208  0.280222
  0.280237  0.280253  0.280271  0.280290  0.280310  0.280332  0.280356  0.280381
  0.280409  0.280439  0.280472  0.280508  0.280548  0.280591  0.280637  0.280687
  0.280739  0.280792  0.280847  0.280902  0.280958  0.281014  0.281071  0.281128
  0.281185  0.281243  0.281302  0.281361  0.281419  0.281478  0.281536  0.281592
  0.281647  0.281700  0.281751  0.281801  0.281849  0.281895  0.281939  0.281981
  0.282022  0.282061  0.282098  0.282134  0.282167  0.282200  0.282230  0.282259
  0.282287  0.282313  0.282337  0.282365  0.282393  0.282422  0.282452  0.282482
  0.282512  0.282542  0.282572  0.282602  0.282630  0.282657  0.282675  0.282690
  0.282701  0.282710
  1.000000
  0.047380  0.047765  0.048111  0.048420  0.048698  0.048947  0.049170  0.049370
  0.049550  0.049710  0.049855  0.049984  0.050100  0.050204  0.050297  0.050380
  0.050455  0.050523  0.050583  0.050637  0.050685  0.050733  0.050784  0.050837
  0.050893  0.050951  0.051013  0.051077  0.051145  0.051217  0.051293  0.051372
  0.051456  0.051544  0.051637  0.051735  0.051837  0.051945  0.052058  0.052177
  0.052301  0.052432  0.052569  0.052714  0.052865  0.053025  0.053193  0.053371
  0.053558  0.053757  0.053972  0.054201  0.054446  0.054706  0.054978  0.055263
  0.055556  0.055851  0.056147  0.056444  0.056739  0.057032  0.057324  0.057615
  0.057907  0.058200  0.058493  0.058786  0.059079  0.059370  0.059657  0.059938
  0.060212  0.060480  0.060739  0.060991  0.061235  0.061471  0.061700  0.061923
  0.062138  0.062346  0.062547  0.062742  0.062929  0.063109  0.063282  0.063449
  0.063608  0.063760  0.063905  0.064050  0.064204  0.064366  0.064537  0.064719
  0.064910  0.065113  0.065327  0.065553  0.065793  0.066046  0.066313  0.066596
  0.066895  0.067210
  1.000000
 -0.013669 -0.013073 -0.012539 -0.012060 -0.011630 -0.011245 -0.010900 -0.010591
 -0.010313 -0.010064 -0.009841 -0.009641 -0.009462 -0.009301 -0.009157 -0.009028
 -0.008912 -0.008808 -0.008715 -0.008632 -0.008557 -0.008382 -0.008282 -0.008191
 -0.008100 -0.008006 -0.007907 -0.007804 -0.007696 -0.007582 -0.007463 -0.007339
 -0.007209 -0.007072 -0.006930 -0.006781 -0.006626 -0.006465 -0.006297 -0.006122
 -0.005940 -0.005750 -0.005553 -0.005347 -0.005134 -0.004911 -0.004679 -0.004437
 -0.004185 -0.003919 -0.003637 -0.003340 -0.003027 -0.002701 -0.002363 -0.002017
 -0.001668 -0.001322 -0.000981 -0.000646 -0.000319  0.000000  0.000311  0.000616
  0.000916  0.001211  0.001501  0.001786  0.002063  0.002334  0.002596  0.002847
  0.003087  0.003316  0.003535  0.003743  0.003940  0.004128  0.004307  0.004478
  0.004640  0.004794  0.004940  0.005079  0.005211  0.005336  0.005454  0.005566
  0.005671  0.005764  0.005739  0.005848  0.005963  0.006085  0.006213  0.006349
  0.006493  0.006644  0.006805  0.006974  0.007154  0.007343  0.007544  0.007756
  0.007980  0.008216
  1.000000
  0.000000  0.000000  0.000000  0.000000  0.000000  0.000000  0.000000  0.000000
  0.000000  0.000000  0.000000  0.000000  0.000000  0.000000  0.000000  0.000000
  0.000000  0.000000  0.000000  0.000000  0.000000  0.000232  0.000314  0.000366
  0.000402  0.000429  0.000447  0.000460  0.000472  0.000485  0.000498  0.000511
  0.000526  0.000540  0.000556  0.000571  0.000588  0.000604  0.000621  0.000639
  0.000657  0.000675  0.000694  0.000713  0.000732  0.000751  0.000771  0.000791
  0.000811  0.000830  0.000850  0.000870  0.000889  0.000908  0.000925  0.000940
  0.000953  0.000963  0.000971  0.000976  0.000978  0.000978  0.000975  0.000969
  0.000960  0.000949  0.000935  0.000918  0.000899  0.000877  0.000853  0.000827
  0.000799  0.000770  0.000739  0.000707  0.000674  0.000641  0.000607  0.000572
  0.000537  0.000501  0.000466  0.000431  0.000395  0.000360  0.000326  0.000292
  0.000258  0.000220  0.000000  0.000000  0.000000  0.000000  0.000000  0.000000
  0.000000  0.000000  0.000000  0.000000  0.000000  0.000000  0.000000  0.000000
  0.000000  0.000000
  1.000000
  0.300000  0.300000  0.300000  0.300000  0.300000  0.300000  0.300000  0.300000
  0.300000  0.300000  0.300000  0.300000  0.300000  0.300000  0.300000  0.300000
  0.300000  0.300000  0.300000  0.300000  0.300000  0.300000  0.300000  0.300000
  0.300000  0.300000  0.300000  0.300000  0.300000  0.300000  0.300000  0.300000
  0.300000  0.300000  0.300000  0.300000  0.300000  0.300000  0.300000  0.300000
  0.300000  0.300000  0.300000  0.300000  0.300000  0.300000  0.300000  0.300000
  0.300000  0.300000  0.300000  0.300000  0.300000  0.300000  0.300000  0.300000
  0.300000  0.300000  0.300000  0.300000  0.300000  0.300000  0.300000  0.300000
  0.300000  0.300000  0.300000  0.300000  0.300000  0.300000  0.300000  0.300000
  0.300000  0.300000  0.300000  0.300000  0.300000  0.300000  0.300000  0.300000
  0.300000  0.300000  0.300000  0.300000  0.300000  0.300000  0.300000  0.300000
  0.300000  0.300000  0.300000  0.300000  0.300000  0.300000  0.300000  0.300000
  0.300000  0.300000  0.300000  0.300000  0.300000  0.300000  0.300000  0.300000
  0.300000  0.300000
  1.000000
  0.047335  0.047725  0.048074  0.048388  0.048669  0.048921  0.049147  0.049350
  0.049531  0.049694  0.049840  0.049971  0.050089  0.050194  0.050288  0.050373
  0.050449  0.050517  0.050578  0.050633  0.050682  0.050731  0.050782  0.050835
  0.050891  0.050950  0.051012  0.051078  0.051146  0.051219  0.051295  0.051375
  0.051459  0.051548  0.051642  0.051740  0.051844  0.051952  0.052066  0.052185
  0.052310  0.052442  0.052580  0.052725  0.052877  0.053037  0.053206  0.053384
  0.053572  0.053772  0.053986  0.054216  0.054461  0.054721  0.054994  0.055278
  0.055571  0.055865  0.056161  0.056457  0.056752  0.057044  0.057335  0.057625
  0.057916  0.058208  0.058501  0.058793  0.059084  0.059374  0.059660  0.059940
  0.060214  0.060480  0.060739  0.060990  0.061233  0.061469  0.061698  0.061920
  0.062135  0.062343  0.062544  0.062738  0.062925  0.063105  0.063278  0.063445
  0.063604  0.063756  0.063902  0.064047  0.064200  0.064363  0.064534  0.064716
  0.064908  0.065112  0.065327  0.065554  0.065795  0.066050  0.066320  0.066606
  0.066909  0.067230
  1.000000
 -0.013041 -0.012473 -0.011964 -0.011508 -0.011099 -0.010732 -0.010403 -0.010108
 -0.009844 -0.009607 -0.009395 -0.009204 -0.009034 -0.008881 -0.008744 -0.008621
 -0.008510 -0.008411 -0.008323 -0.008243 -0.008172 -0.008002 -0.007906 -0.007819
 -0.007733 -0.007643 -0.007549 -0.007450 -0.007347 -0.007238 -0.007125 -0.007006
 -0.006882 -0.006752 -0.006616 -0.006474 -0.006326 -0.006172 -0.006011 -0.005844
 -0.005670 -0.005489 -0.005301 -0.005105 -0.004901 -0.004688 -0.004467 -0.004236
 -0.003995 -0.003741 -0.003472 -0.003188 -0.002889 -0.002578 -0.002255 -0.001925
 -0.001592 -0.001261 -0.000936 -0.000617 -0.000305  0.000000  0.000297  0.000587
  0.000874  0.001155  0.001432  0.001702  0.001967  0.002225  0.002474  0.002713
  0.002942  0.003160  0.003368  0.003566  0.003754  0.003933  0.004103  0.004265
  0.004419  0.004566  0.004705  0.004837  0.004962  0.005080  0.005193  0.005299
  0.005399  0.005488  0.005459  0.005563  0.005673  0.005789  0.005911  0.006041
  0.006178  0.006323  0.006476  0.006638  0.006809  0.006990  0.007182  0.007384
  0.007599  0.007825
  1.000000
  0.000000  0.000000  0.000000  0.000000  0.000000  0.000000  0.000000  0.000000
  0.000000  0.000000  0.000000  0.000000  0.000000  0.000000  0.000000  0.000000
  0.000000  0.000000  0.000000  0.000000  0.000000  0.000229  0.000309  0.000360
  0.000395  0.000421  0.000439  0.000451  0.000463  0.000476  0.000489  0.000502
  0.000516  0.000531  0.000546  0.000561  0.000577  0.000594  0.000610  0.000628
  0.000645  0.000663  0.000682  0.000700  0.000719  0.000738  0.000757  0.000777
  0.000796  0.000816  0.000835  0.000855  0.000874  0.000892  0.000908  0.000923
  0.000936  0.000946  0.000954  0.000959  0.000961  0.000960  0.000957  0.000951
  0.000943  0.000932  0.000918  0.000902  0.000883  0.000862  0.000838  0.000812
  0.000785  0.000756  0.000726  0.000695  0.000663  0.000630  0.000596  0.000562
  0.000527  0.000493  0.000458  0.000423  0.000388  0.000354  0.000320  0.000287
  0.000254  0.000216  0.000000  0.000000  0.000000  0.000000  0.000000  0.000000
  0.000000  0.000000  0.000000  0.000000  0.000000  0.000000  0.000000  0.000000
  0.000000  0.000000
  1.000000
  0.320143  0.320111  0.320086  0.320065  0.320047  0.320031  0.320017  0.320005
  0.319995  0.319985  0.319977  0.319969  0.319963  0.319957  0.319952  0.319947
  0.319943  0.319939  0.319936  0.319933  0.319930  0.319926  0.319922  0.319917
  0.319912  0.319907  0.319902  0.319896  0.319889  0.319882  0.319875  0.319867
  0.319859  0.319849  0.319839  0.319829  0.319818  0.319805  0.319792  0.319778
  0.319763  0.319747  0.319729  0.319710  0.319690  0.319668  0.319644  0.319619
  0.319591  0.319561  0.319528  0.319492  0.319452  0.319409  0.319363  0.319313
  0.319261  0.319208  0.319153  0.319098  0.319042  0.318986  0.318929  0.318872
  0.318815  0.318757  0.318698  0.318639  0.318581  0.318522  0.318464  0.318408
  0.318353  0.318300  0.318249  0.318199  0.318151  0.318106  0.318061  0.318019
  0.317978  0.317939  0.317902  0.317867  0.317833  0.317800  0.317770  0.317741
  0.317713  0.317687  0.317663  0.317636  0.317607  0.317578  0.317549  0.317518
  0.317488  0.317458  0.317428  0.317399  0.317370  0.317343  0.317325  0.317310
  0.317299  0.317290
  BLADE ROW NUMBER =        5                                           
  106   21   91  115    0    0    1    1    1    1    0    0    0    0    0    0
   12000.0  187841.7  187841.7  226965.3  226965.3   0.00000   12000.0
  1.000000
  0.067151  0.067540  0.067888  0.068201  0.068481  0.068733  0.068958  0.069159
  0.069340  0.069502  0.069648  0.069778  0.069895  0.070000  0.070094  0.070178
  0.070253  0.070321  0.070382  0.070436  0.070485  0.070534  0.070585  0.070638
  0.070694  0.070752  0.070814  0.070879  0.070948  0.071020  0.071095  0.071175
  0.071260  0.071348  0.071441  0.071539  0.071642  0.071750  0.071863  0.071982
  0.072107  0.072238  0.072376  0.072521  0.072672  0.072832  0.073001  0.073178
  0.073365  0.073565  0.073779  0.074009  0.074254  0.074513  0.074785  0.075070
  0.075362  0.075656  0.075952  0.076248  0.076543  0.076836  0.077126  0.077417
  0.077708  0.078001  0.078293  0.078586  0.078878  0.079169  0.079455  0.079736
  0.080010  0.080278  0.080537  0.080789  0.081033  0.081269  0.081499  0.081722
  0.081938  0.082146  0.082348  0.082543  0.082731  0.082912  0.083086  0.083253
  0.083413  0.083566  0.083712  0.083858  0.084013  0.084177  0.084349  0.084532
  0.084725  0.084930  0.085146  0.085374  0.085615  0.085870  0.086140  0.086425
  0.086726  0.087045
  1.000000
  0.010840  0.010307  0.009829  0.009400  0.009016  0.008672  0.008363  0.008087
  0.007839  0.007616  0.007417  0.007238  0.007078  0.006934  0.006805  0.006690
  0.006586  0.006493  0.006410  0.006335  0.006268  0.006343  0.006327  0.006294
  0.006250  0.006194  0.006127  0.006051  0.005969  0.005883  0.005792  0.005696
  0.005596  0.005491  0.005380  0.005264  0.005143  0.005017  0.004885  0.004747
  0.004604  0.004453  0.004297  0.004133  0.003963  0.003784  0.003598  0.003404
  0.003200  0.002985  0.002756  0.002513  0.002258  0.001990  0.001711  0.001425
  0.001134  0.000845  0.000559  0.000277  0.000000 -0.000272 -0.000538 -0.000799
 -0.001059 -0.001315 -0.001568 -0.001817 -0.002062 -0.002302 -0.002535 -0.002761
 -0.002977 -0.003185 -0.003385 -0.003575 -0.003757 -0.003932 -0.004099 -0.004258
 -0.004411 -0.004557 -0.004697 -0.004830 -0.004957 -0.005078 -0.005193 -0.005302
 -0.005405 -0.005503 -0.005658 -0.005739 -0.005824 -0.005915 -0.006010 -0.006111
 -0.006218 -0.006331 -0.006450 -0.006577 -0.006710 -0.006851 -0.007000 -0.007157
 -0.007324 -0.007500
  1.000000
  0.000000  0.000000  0.000000  0.000000  0.000000  0.000000  0.000000  0.000000
  0.000000  0.000000  0.000000  0.000000  0.000000  0.000000  0.000000  0.000000
  0.000000  0.000000  0.000000  0.000000  0.000000  0.000261  0.000340  0.000393
  0.000434  0.000467  0.000492  0.000512  0.000529  0.000547  0.000565  0.000582
  0.000599  0.000617  0.000634  0.000651  0.000668  0.000684  0.000701  0.000717
  0.000733  0.000749  0.000764  0.000779  0.000794  0.000808  0.000821  0.000834
  0.000847  0.000858  0.000869  0.000878  0.000886  0.000893  0.000898  0.000900
  0.000901  0.000899  0.000894  0.000888  0.000880  0.000869  0.000857  0.000844
  0.000828  0.000811  0.000791  0.000771  0.000748  0.000725  0.000700  0.000674
  0.000648  0.000621  0.000593  0.000566  0.000538  0.000511  0.000483  0.000456
  0.000428  0.000401  0.000374  0.000348  0.000322  0.000297  0.000272  0.000248
  0.000224  0.000198  0.000000  0.000000  0.000000  0.000000  0.000000  0.000000
  0.000000  0.000000  0.000000  0.000000  0.000000  0.000000  0.000000  0.000000
  0.000000  0.000000
  1.000000
  0.282708  0.282717  0.282722  0.282727  0.282734  0.282743  0.282752  0.282760
  0.282767  0.282774  0.282780  0.282785  0.282791  0.282795  0.282800  0.282803
  0.282807  0.282810  0.282813  0.282816  0.282818  0.282822  0.282825  0.282830
  0.282834  0.282839  0.282844  0.282849  0.282855  0.282861  0.282868  0.282875
  0.282883  0.282891  0.282901  0.282910  0.282921  0.282932  0.282944  0.282957
  0.282971  0.282986  0.283002  0.283019  0.283037  0.283057  0.283079  0.283102
  0.283127  0.283154  0.283184  0.283216  0.283252  0.283290  0.283331  0.283375
  0.283420  0.283466  0.283514  0.283561  0.283609  0.283656  0.283703  0.283750
  0.283797  0.283844  0.283891  0.283937  0.283983  0.284027  0.284071  0.284112
  0.284152  0.284190  0.284226  0.284260  0.284291  0.284321  0.284350  0.284376
  0.284401  0.284423  0.284445  0.284464  0.284482  0.284499  0.284514  0.284528
  0.284541  0.284553  0.284563  0.284570  0.284577  0.284585  0.284593  0.284601
  0.284610  0.284618  0.284628  0.284637  0.284647  0.284657  0.284667  0.284678
  0.284689  0.284702
  1.000000
  0.067178  0.067564  0.067909  0.068219  0.068497  0.068746  0.068969  0.069169
  0.069349  0.069510  0.069654  0.069783  0.069899  0.070003  0.070096  0.070180
  0.070255  0.070322  0.070382  0.070436  0.070485  0.070533  0.070584  0.070637
  0.070693  0.070751  0.070812  0.070877  0.070945  0.071017  0.071093  0.071172
  0.071256  0.071344  0.071437  0.071535  0.071638  0.071745  0.071858  0.071977
  0.072102  0.072233  0.072370  0.072515  0.072666  0.072826  0.072994  0.073172
  0.073359  0.073559  0.073773  0.074003  0.074248  0.074507  0.074780  0.075066
  0.075358  0.075653  0.075950  0.076247  0.076542  0.076836  0.077127  0.077418
  0.077710  0.078004  0.078297  0.078591  0.078883  0.079174  0.079461  0.079743
  0.080017  0.080285  0.080544  0.080796  0.081040  0.081276  0.081506  0.081728
  0.081944  0.082152  0.082353  0.082548  0.082735  0.082915  0.083089  0.083255
  0.083414  0.083567  0.083712  0.083857  0.084011  0.084173  0.084344  0.084526
  0.084718  0.084920  0.085134  0.085361  0.085600  0.085853  0.086121  0.086404
  0.086703  0.087019
  1.000000
  0.012391  0.011795  0.011260  0.010781  0.010351  0.009966  0.009621  0.009311
  0.009033  0.008785  0.008561  0.008361  0.008182  0.008021  0.007877  0.007748
  0.007632  0.007528  0.007435  0.007351  0.007276  0.007356  0.007336  0.007299
  0.007248  0.007185  0.007110  0.007024  0.006932  0.006834  0.006732  0.006624
  0.006510  0.006391  0.006265  0.006134  0.005996  0.005852  0.005702  0.005544
  0.005380  0.005208  0.005028  0.004841  0.004645  0.004439  0.004225  0.004000
  0.003764  0.003515  0.003249  0.002966  0.002667  0.002354  0.002027  0.001690
  0.001348  0.001006  0.000666  0.000331  0.000000 -0.000325 -0.000644 -0.000960
 -0.001273 -0.001583 -0.001891 -0.002195 -0.002494 -0.002789 -0.003076 -0.003354
 -0.003623 -0.003882 -0.004131 -0.004370 -0.004598 -0.004818 -0.005029 -0.005232
 -0.005427 -0.005614 -0.005792 -0.005964 -0.006127 -0.006283 -0.006432 -0.006574
 -0.006709 -0.006837 -0.007027 -0.007136 -0.007251 -0.007373 -0.007501 -0.007637
 -0.007781 -0.007933 -0.008093 -0.008263 -0.008443 -0.008632 -0.008833 -0.009045
 -0.009269 -0.009506
  1.000000
  0.000000  0.000000  0.000000  0.000000  0.000000  0.000000  0.000000  0.000000
  0.000000  0.000000  0.000000  0.000000  0.000000  0.000000  0.000000  0.000000
  0.000000  0.000000  0.000000  0.000000  0.000000  0.000283  0.000369  0.000426
  0.000471  0.000508  0.000536  0.000557  0.000576  0.000596  0.000615  0.000634
  0.000653  0.000671  0.000690  0.000709  0.000727  0.000745  0.000763  0.000781
  0.000798  0.000815  0.000832  0.000849  0.000865  0.000880  0.000895  0.000909
  0.000922  0.000934  0.000946  0.000956  0.000965  0.000973  0.000978  0.000980
  0.000981  0.000979  0.000974  0.000967  0.000958  0.000947  0.000934  0.000918
  0.000901  0.000882  0.000861  0.000839  0.000814  0.000789  0.000762  0.000734
  0.000705  0.000676  0.000646  0.000616  0.000586  0.000556  0.000526  0.000496
  0.000466  0.000437  0.000408  0.000379  0.000351  0.000323  0.000296  0.000269
  0.000244  0.000213  0.000000  0.000000  0.000000  0.000000  0.000000  0.000000
  0.000000  0.000000  0.000000  0.000000  0.000000  0.000000  0.000000  0.000000
  0.000000  0.000000
  1.000000
  0.300000  0.300000  0.300000  0.300000  0.300000  0.300000  0.300000  0.300000
  0.300000  0.300000  0.300000  0.300000  0.300000  0.300000  0.300000  0.300000
  0.300000  0.300000  0.300000  0.300000  0.300000  0.300000  0.300000  0.300000
  0.300000  0.300000  0.300000  0.300000  0.300000  0.300000  0.300000  0.300000
  0.300000  0.300000  0.300000  0.300000  0.300000  0.300000  0.300000  0.300000
  0.300000  0.300000  0.300000  0.300000  0.300000  0.300000  0.300000  0.300000
  0.300000  0.300000  0.300000  0.300000  0.300000  0.300000  0.300000  0.300000
  0.300000  0.300000  0.300000  0.300000  0.300000  0.300000  0.300000  0.300000
  0.300000  0.300000  0.300000  0.300000  0.300000  0.300000  0.300000  0.300000
  0.300000  0.300000  0.300000  0.300000  0.300000  0.300000  0.300000  0.300000
  0.300000  0.300000  0.300000  0.300000  0.300000  0.300000  0.300000  0.300000
  0.300000  0.300000  0.300000  0.300000  0.300000  0.300000  0.300000  0.300000
  0.300000  0.300000  0.300000  0.300000  0.300000  0.300000  0.300000  0.300000
  0.300000  0.300000
  1.000000
  0.067152  0.067540  0.067889  0.068202  0.068482  0.068733  0.068958  0.069160
  0.069341  0.069503  0.069649  0.069779  0.069896  0.070001  0.070095  0.070179
  0.070254  0.070322  0.070383  0.070437  0.070486  0.070535  0.070585  0.070639
  0.070695  0.070753  0.070815  0.070880  0.070948  0.071020  0.071096  0.071176
  0.071260  0.071349  0.071442  0.071540  0.071643  0.071751  0.071864  0.071983
  0.072108  0.072239  0.072377  0.072521  0.072673  0.072833  0.073002  0.073179
  0.073366  0.073566  0.073780  0.074010  0.074254  0.074514  0.074786  0.075071
  0.075363  0.075657  0.075953  0.076249  0.076544  0.076836  0.077127  0.077418
  0.077709  0.078001  0.078294  0.078587  0.078879  0.079170  0.079456  0.079737
  0.080011  0.080279  0.080538  0.080790  0.081034  0.081270  0.081500  0.081723
  0.081938  0.082147  0.082349  0.082544  0.082732  0.082913  0.083087  0.083254
  0.083414  0.083567  0.083713  0.083859  0.084014  0.084177  0.084350  0.084533
  0.084726  0.084931  0.085146  0.085375  0.085616  0.085871  0.086141  0.086426
  0.086727  0.087046
  1.000000
  0.014106  0.013438  0.012839  0.012302  0.011820  0.011389  0.011002  0.010655
  0.010344  0.010065  0.009815  0.009590  0.009389  0.009209  0.009047  0.008903
  0.008773  0.008656  0.008552  0.008458  0.008374  0.008460  0.008437  0.008394
  0.008338  0.008267  0.008183  0.008087  0.007983  0.007873  0.007757  0.007635
  0.007506  0.007371  0.007229  0.007080  0.006924  0.006760  0.006589  0.006410
  0.006223  0.006027  0.005822  0.005608  0.005384  0.005149  0.004903  0.004645
  0.004374  0.004087  0.003780  0.003454  0.003109  0.002746  0.002367  0.001975
  0.001577  0.001178  0.000781  0.000388  0.000000 -0.000382 -0.000758 -0.001131
 -0.001501 -0.001869 -0.002234 -0.002596 -0.002953 -0.003306 -0.003650 -0.003984
 -0.004307 -0.004619 -0.004920 -0.005209 -0.005487 -0.005754 -0.006011 -0.006259
 -0.006497 -0.006726 -0.006945 -0.007156 -0.007358 -0.007550 -0.007735 -0.007910
 -0.008078 -0.008237 -0.008464 -0.008602 -0.008747 -0.008901 -0.009063 -0.009235
 -0.009416 -0.009608 -0.009811 -0.010025 -0.010252 -0.010491 -0.010745 -0.011012
 -0.011295 -0.011594
  1.000000
  0.000000  0.000000  0.000000  0.000000  0.000000  0.000000  0.000000  0.000000
  0.000000  0.000000  0.000000  0.000000  0.000000  0.000000  0.000000  0.000000
  0.000000  0.000000  0.000000  0.000000  0.000000  0.000310  0.000404  0.000467
  0.000517  0.000559  0.000590  0.000614  0.000636  0.000657  0.000678  0.000699
  0.000720  0.000740  0.000761  0.000782  0.000802  0.000822  0.000842  0.000861
  0.000881  0.000899  0.000918  0.000936  0.000954  0.000971  0.000987  0.001002
  0.001017  0.001031  0.001044  0.001055  0.001065  0.001073  0.001079  0.001082
  0.001082  0.001080  0.001074  0.001067  0.001057  0.001044  0.001030  0.001013
  0.000994  0.000973  0.000950  0.000925  0.000898  0.000870  0.000840  0.000809
  0.000777  0.000745  0.000713  0.000680  0.000646  0.000613  0.000580  0.000547
  0.000514  0.000482  0.000449  0.000418  0.000386  0.000356  0.000326  0.000297
  0.000268  0.000232  0.000000  0.000000  0.000000  0.000000  0.000000  0.000000
  0.000000  0.000000  0.000000  0.000000  0.000000  0.000000  0.000000  0.000000
  0.000000  0.000000
  1.000000
  0.317292  0.317283  0.317278  0.317273  0.317266  0.317257  0.317248  0.317240
  0.317233  0.317226  0.317220  0.317214  0.317209  0.317205  0.317200  0.317197
  0.317193  0.317190  0.317187  0.317184  0.317182  0.317178  0.317174  0.317170
  0.317166  0.317161  0.317156  0.317151  0.317145  0.317139  0.317132  0.317125
  0.317117  0.317108  0.317099  0.317090  0.317079  0.317068  0.317056  0.317043
  0.317029  0.317014  0.316998  0.316981  0.316963  0.316943  0.316921  0.316898
  0.316873  0.316846  0.316816  0.316784  0.316748  0.316710  0.316669  0.316625
  0.316580  0.316533  0.316486  0.316439  0.316391  0.316344  0.316297  0.316250
  0.316203  0.316156  0.316109  0.316063  0.316017  0.315973  0.315929  0.315888
  0.315848  0.315810  0.315774  0.315740  0.315708  0.315678  0.315650  0.315624
  0.315599  0.315576  0.315555  0.315536  0.315517  0.315501  0.315485  0.315472
  0.315459  0.315447  0.315437  0.315430  0.315422  0.315415  0.315407  0.315399
  0.315390  0.315381  0.315372  0.315363  0.315353  0.315343  0.315333  0.315322
  0.315311  0.315298
  BLADE ROW NUMBER =        6                                           
  106   21   91  115    0    0    1    1    1    1    0    0    0    0    0    0
       0.0  226965.3  226965.3  270959.9  270959.9   0.00000       0.0
  1.000000
  0.083669  0.084056  0.084403  0.084715  0.084994  0.085244  0.085468  0.085669
  0.085850  0.086011  0.086156  0.086286  0.086403  0.086507  0.086601  0.086685
  0.086760  0.086828  0.086888  0.086942  0.086991  0.087040  0.087090  0.087144
  0.087199  0.087258  0.087320  0.087385  0.087453  0.087525  0.087601  0.087680
  0.087765  0.087853  0.087946  0.088044  0.088147  0.088255  0.088368  0.088487
  0.088612  0.088743  0.088880  0.089025  0.089177  0.089337  0.089505  0.089682
  0.089870  0.090069  0.090284  0.090513  0.090758  0.091017  0.091290  0.091575
  0.091867  0.092162  0.092458  0.092753  0.093048  0.093341  0.093632  0.093922
  0.094214  0.094506  0.094799  0.095091  0.095383  0.095673  0.095959  0.096240
  0.096513  0.096780  0.097039  0.097290  0.097533  0.097769  0.097998  0.098220
  0.098435  0.098642  0.098843  0.099037  0.099224  0.099404  0.099577  0.099743
  0.099902  0.100054  0.100199  0.100344  0.100497  0.100659  0.100830  0.101011
  0.101203  0.101405  0.101620  0.101846  0.102086  0.102339  0.102608  0.102892
  0.103192  0.103510
  1.000000
 -0.014459 -0.013828 -0.013262 -0.012755 -0.012300 -0.011892 -0.011527 -0.011199
 -0.010905 -0.010641 -0.010405 -0.010193 -0.010003 -0.009833 -0.009680 -0.009543
 -0.009421 -0.009311 -0.009212 -0.009124 -0.009044 -0.008861 -0.008756 -0.008660
 -0.008564 -0.008465 -0.008360 -0.008251 -0.008136 -0.008017 -0.007891 -0.007759
 -0.007622 -0.007478 -0.007327 -0.007170 -0.007006 -0.006835 -0.006658 -0.006473
 -0.006280 -0.006079 -0.005871 -0.005654 -0.005428 -0.005192 -0.004947 -0.004692
 -0.004425 -0.004144 -0.003846 -0.003531 -0.003201 -0.002856 -0.002499 -0.002133
 -0.001764 -0.001398 -0.001038 -0.000684 -0.000338  0.000000  0.000329  0.000652
  0.000969  0.001282  0.001589  0.001890  0.002184  0.002470  0.002747  0.003013
  0.003268  0.003511  0.003743  0.003963  0.004172  0.004372  0.004561  0.004742
  0.004914  0.005078  0.005233  0.005381  0.005520  0.005653  0.005778  0.005897
  0.006008  0.006107  0.006085  0.006200  0.006321  0.006450  0.006586  0.006730
  0.006882  0.007042  0.007212  0.007391  0.007581  0.007782  0.007993  0.008217
  0.008453  0.008703
  1.000000
  0.000000  0.000000  0.000000  0.000000  0.000000  0.000000  0.000000  0.000000
  0.000000  0.000000  0.000000  0.000000  0.000000  0.000000  0.000000  0.000000
  0.000000  0.000000  0.000000  0.000000  0.000000  0.000240  0.000324  0.000378
  0.000416  0.000443  0.000462  0.000475  0.000488  0.000501  0.000515  0.000529
  0.000544  0.000559  0.000575  0.000591  0.000608  0.000625  0.000643  0.000661
  0.000679  0.000698  0.000718  0.000737  0.000757  0.000777  0.000798  0.000818
  0.000838  0.000859  0.000880  0.000900  0.000920  0.000939  0.000957  0.000972
  0.000986  0.000997  0.001005  0.001010  0.001012  0.001011  0.001008  0.001002
  0.000993  0.000982  0.000967  0.000950  0.000930  0.000907  0.000882  0.000855
  0.000826  0.000796  0.000764  0.000731  0.000697  0.000663  0.000627  0.000592
  0.000555  0.000519  0.000482  0.000445  0.000409  0.000373  0.000337  0.000302
  0.000267  0.000227  0.000000  0.000000  0.000000  0.000000  0.000000  0.000000
  0.000000  0.000000  0.000000  0.000000  0.000000  0.000000  0.000000  0.000000
  0.000000  0.000000
  1.000000
  0.284560  0.284579  0.284595  0.284609  0.284621  0.284632  0.284641  0.284649
  0.284656  0.284662  0.284668  0.284672  0.284677  0.284681  0.284684  0.284687
  0.284690  0.284693  0.284695  0.284697  0.284699  0.284702  0.284704  0.284708
  0.284711  0.284714  0.284718  0.284722  0.284726  0.284731  0.284735  0.284741
  0.284746  0.284753  0.284759  0.284766  0.284774  0.284782  0.284790  0.284800
  0.284810  0.284821  0.284832  0.284845  0.284858  0.284873  0.284889  0.284906
  0.284924  0.284944  0.284966  0.284990  0.285017  0.285045  0.285076  0.285109
  0.285144  0.285180  0.285216  0.285254  0.285291  0.285329  0.285367  0.285406
  0.285445  0.285484  0.285524  0.285564  0.285604  0.285644  0.285684  0.285722
  0.285760  0.285797  0.285832  0.285867  0.285900  0.285932  0.285963  0.285992
  0.286021  0.286048  0.286075  0.286100  0.286124  0.286147  0.286168  0.286189
  0.286209  0.286227  0.286245  0.286265  0.286286  0.286308  0.286330  0.286352
  0.286375  0.286397  0.286420  0.286441  0.286462  0.286482  0.286497  0.286507
  0.286516  0.286523
  1.000000
  0.083691  0.084076  0.084421  0.084730  0.085008  0.085256  0.085479  0.085679
  0.085858  0.086019  0.086163  0.086292  0.086408  0.086512  0.086605  0.086688
  0.086763  0.086830  0.086890  0.086944  0.086993  0.087041  0.087092  0.087145
  0.087200  0.087259  0.087320  0.087385  0.087453  0.087524  0.087600  0.087679
  0.087763  0.087851  0.087944  0.088042  0.088144  0.088252  0.088364  0.088483
  0.088607  0.088738  0.088875  0.089020  0.089171  0.089331  0.089499  0.089676
  0.089863  0.090062  0.090276  0.090506  0.090751  0.091010  0.091282  0.091567
  0.091859  0.092154  0.092450  0.092746  0.093041  0.093334  0.093625  0.093916
  0.094208  0.094501  0.094794  0.095087  0.095379  0.095670  0.095956  0.096237
  0.096511  0.096778  0.097038  0.097289  0.097533  0.097769  0.097998  0.098220
  0.098435  0.098643  0.098844  0.099038  0.099225  0.099406  0.099579  0.099745
  0.099904  0.100056  0.100201  0.100346  0.100499  0.100661  0.100832  0.101014
  0.101205  0.101407  0.101621  0.101848  0.102087  0.102339  0.102607  0.102889
  0.103188  0.103503
  1.000000
 -0.013656 -0.013061 -0.012527 -0.012049 -0.011620 -0.011235 -0.010890 -0.010581
 -0.010304 -0.010055 -0.009832 -0.009633 -0.009453 -0.009293 -0.009149 -0.009020
 -0.008904 -0.008800 -0.008707 -0.008624 -0.008549 -0.008374 -0.008274 -0.008183
 -0.008093 -0.007999 -0.007900 -0.007797 -0.007689 -0.007575 -0.007457 -0.007332
 -0.007202 -0.007066 -0.006924 -0.006775 -0.006620 -0.006459 -0.006291 -0.006116
 -0.005934 -0.005745 -0.005548 -0.005342 -0.005129 -0.004906 -0.004675 -0.004433
 -0.004181 -0.003916 -0.003634 -0.003337 -0.003024 -0.002698 -0.002361 -0.002015
 -0.001666 -0.001321 -0.000980 -0.000646 -0.000319  0.000000  0.000311  0.000615
  0.000915  0.001210  0.001500  0.001784  0.002061  0.002332  0.002593  0.002844
  0.003084  0.003313  0.003532  0.003739  0.003937  0.004125  0.004303  0.004474
  0.004636  0.004790  0.004936  0.005075  0.005206  0.005331  0.005449  0.005560
  0.005666  0.005759  0.005734  0.005843  0.005958  0.006079  0.006207  0.006343
  0.006487  0.006638  0.006799  0.006968  0.007147  0.007337  0.007537  0.007749
  0.007972  0.008209
  1.000000
  0.000000  0.000000  0.000000  0.000000  0.000000  0.000000  0.000000  0.000000
  0.000000  0.000000  0.000000  0.000000  0.000000  0.000000  0.000000  0.000000
  0.000000  0.000000  0.000000  0.000000  0.000000  0.000232  0.000313  0.000366
  0.000402  0.000428  0.000446  0.000459  0.000471  0.000484  0.000497  0.000511
  0.000525  0.000540  0.000555  0.000571  0.000587  0.000604  0.000621  0.000638
  0.000656  0.000675  0.000693  0.000712  0.000731  0.000751  0.000770  0.000790
  0.000810  0.000830  0.000850  0.000869  0.000889  0.000907  0.000924  0.000939
  0.000952  0.000963  0.000970  0.000975  0.000977  0.000977  0.000974  0.000968
  0.000959  0.000948  0.000934  0.000918  0.000898  0.000876  0.000852  0.000826
  0.000798  0.000769  0.000738  0.000706  0.000674  0.000640  0.000606  0.000571
  0.000536  0.000501  0.000466  0.000430  0.000395  0.000360  0.000325  0.000291
  0.000258  0.000219  0.000000  0.000000  0.000000  0.000000  0.000000  0.000000
  0.000000  0.000000  0.000000  0.000000  0.000000  0.000000  0.000000  0.000000
  0.000000  0.000000
  1.000000
  0.300000  0.300000  0.300000  0.300000  0.300000  0.300000  0.300000  0.300000
  0.300000  0.300000  0.300000  0.300000  0.300000  0.300000  0.300000  0.300000
  0.300000  0.300000  0.300000  0.300000  0.300000  0.300000  0.300000  0.300000
  0.300000  0.300000  0.300000  0.300000  0.300000  0.300000  0.300000  0.300000
  0.300000  0.300000  0.300000  0.300000  0.300000  0.300000  0.300000  0.300000
  0.300000  0.300000  0.300000  0.300000  0.300000  0.300000  0.300000  0.300000
  0.300000  0.300000  0.300000  0.300000  0.300000  0.300000  0.300000  0.300000
  0.300000  0.300000  0.300000  0.300000  0.300000  0.300000  0.300000  0.300000
  0.300000  0.300000  0.300000  0.300000  0.300000  0.300000  0.300000  0.300000
  0.300000  0.300000  0.300000  0.300000  0.300000  0.300000  0.300000  0.300000
  0.300000  0.300000  0.300000  0.300000  0.300000  0.300000  0.300000  0.300000
  0.300000  0.300000  0.300000  0.300000  0.300000  0.300000  0.300000  0.300000
  0.300000  0.300000  0.300000  0.300000  0.300000  0.300000  0.300000  0.300000
  0.300000  0.300000
  1.000000
  0.083669  0.084056  0.084403  0.084714  0.084993  0.085244  0.085468  0.085669
  0.085849  0.086011  0.086156  0.086286  0.086402  0.086507  0.086601  0.086685
  0.086760  0.086827  0.086888  0.086942  0.086991  0.087039  0.087090  0.087143
  0.087199  0.087258  0.087319  0.087384  0.087453  0.087525  0.087600  0.087680
  0.087764  0.087853  0.087946  0.088044  0.088147  0.088255  0.088368  0.088487
  0.088611  0.088742  0.088880  0.089025  0.089176  0.089336  0.089505  0.089682
  0.089869  0.090069  0.090283  0.090513  0.090758  0.091017  0.091290  0.091574
  0.091867  0.092161  0.092457  0.092753  0.093048  0.093341  0.093631  0.093922
  0.094213  0.094506  0.094798  0.095091  0.095383  0.095673  0.095959  0.096239
  0.096513  0.096780  0.097039  0.097290  0.097533  0.097769  0.097998  0.098219
  0.098434  0.098642  0.098843  0.099037  0.099224  0.099404  0.099577  0.099743
  0.099902  0.100054  0.100199  0.100344  0.100497  0.100659  0.100830  0.101011
  0.101203  0.101405  0.101619  0.101846  0.102085  0.102339  0.102607  0.102891
  0.103192  0.103509
  1.000000
 -0.013108 -0.012537 -0.012025 -0.011567 -0.011155 -0.010786 -0.010456 -0.010159
 -0.009894 -0.009656 -0.009442 -0.009250 -0.009079 -0.008925 -0.008787 -0.008663
 -0.008552 -0.008453 -0.008364 -0.008284 -0.008212 -0.008042 -0.007946 -0.007858
 -0.007771 -0.007681 -0.007586 -0.007487 -0.007383 -0.007274 -0.007160 -0.007041
 -0.006916 -0.006785 -0.006649 -0.006506 -0.006357 -0.006202 -0.006041 -0.005873
 -0.005699 -0.005517 -0.005327 -0.005130 -0.004925 -0.004711 -0.004489 -0.004257
 -0.004015 -0.003760 -0.003489 -0.003204 -0.002903 -0.002590 -0.002267 -0.001934
 -0.001600 -0.001268 -0.000941 -0.000620 -0.000306  0.000000  0.000298  0.000590
  0.000878  0.001161  0.001439  0.001711  0.001977  0.002237  0.002487  0.002728
  0.002958  0.003177  0.003387  0.003586  0.003774  0.003954  0.004125  0.004288
  0.004443  0.004591  0.004731  0.004864  0.004989  0.005109  0.005222  0.005328
  0.005429  0.005518  0.005491  0.005595  0.005705  0.005822  0.005945  0.006075
  0.006213  0.006358  0.006512  0.006675  0.006847  0.007029  0.007221  0.007425
  0.007640  0.007868
  1.000000
  0.000000  0.000000  0.000000  0.000000  0.000000  0.000000  0.000000  0.000000
  0.000000  0.000000  0.000000  0.000000  0.000000  0.000000  0.000000  0.000000
  0.000000  0.000000  0.000000  0.000000  0.000000  0.000228  0.000308  0.000359
  0.000395  0.000421  0.000438  0.000451  0.000463  0.000475  0.000488  0.000502
  0.000516  0.000530  0.000545  0.000560  0.000576  0.000593  0.000609  0.000627
  0.000644  0.000662  0.000680  0.000699  0.000718  0.000737  0.000756  0.000776
  0.000795  0.000814  0.000834  0.000853  0.000872  0.000890  0.000907  0.000922
  0.000935  0.000945  0.000952  0.000957  0.000959  0.000959  0.000956  0.000950
  0.000942  0.000931  0.000917  0.000901  0.000882  0.000860  0.000837  0.000811
  0.000784  0.000755  0.000725  0.000694  0.000661  0.000629  0.000595  0.000561
  0.000527  0.000492  0.000457  0.000422  0.000388  0.000353  0.000320  0.000286
  0.000253  0.000216  0.000000  0.000000  0.000000  0.000000  0.000000  0.000000
  0.000000  0.000000  0.000000  0.000000  0.000000  0.000000  0.000000  0.000000
  0.000000  0.000000
  1.000000
  0.315440  0.315420  0.315405  0.315391  0.315379  0.315368  0.315359  0.315351
  0.315344  0.315338  0.315333  0.315328  0.315323  0.315319  0.315316  0.315313
  0.315310  0.315307  0.315305  0.315303  0.315301  0.315298  0.315296  0.315293
  0.315289  0.315286  0.315282  0.315278  0.315274  0.315269  0.315265  0.315259
  0.315254  0.315247  0.315241  0.315234  0.315226  0.315218  0.315210  0.315200
  0.315190  0.315179  0.315168  0.315155  0.315142  0.315127  0.315111  0.315094
  0.315076  0.315056  0.315034  0.315010  0.314983  0.314955  0.314924  0.314891
  0.314856  0.314820  0.314784  0.314746  0.314709  0.314671  0.314633  0.314594
  0.314555  0.314516  0.314476  0.314436  0.314396  0.314356  0.314316  0.314278
  0.314240  0.314203  0.314168  0.314133  0.314100  0.314068  0.314037  0.314008
  0.313979  0.313952  0.313926  0.313900  0.313876  0.313854  0.313832  0.313811
  0.313791  0.313773  0.313755  0.313735  0.313714  0.313692  0.313670  0.313648
  0.313625  0.313603  0.313581  0.313559  0.313538  0.313518  0.313504  0.313493
  0.313484  0.313477
  BLADE ROW NUMBER =        7                                           
  106   21   91  116    0    0    1    1    1    1    0    0    0    0    0    0
   12000.0  270959.8  270959.8  320699.8  320699.8   0.00000   12000.0
  1.000000
  0.103476  0.103863  0.104210  0.104521  0.104800  0.105049  0.105273  0.105474
  0.105654  0.105815  0.105960  0.106090  0.106206  0.106310  0.106404  0.106487
  0.106563  0.106630  0.106690  0.106744  0.106793  0.106841  0.106892  0.106945
  0.107001  0.107059  0.107121  0.107186  0.107254  0.107326  0.107401  0.107481
  0.107565  0.107653  0.107746  0.107844  0.107947  0.108054  0.108167  0.108286
  0.108411  0.108542  0.108679  0.108823  0.108975  0.109135  0.109303  0.109480
  0.109667  0.109866  0.110081  0.110310  0.110555  0.110814  0.111086  0.111371
  0.111663  0.111957  0.112253  0.112549  0.112844  0.113137  0.113428  0.113718
  0.114010  0.114302  0.114595  0.114888  0.115180  0.115471  0.115757  0.116038
  0.116312  0.116579  0.116838  0.117090  0.117333  0.117570  0.117799  0.118021
  0.118237  0.118445  0.118646  0.118841  0.119028  0.119209  0.119382  0.119549
  0.119708  0.119861  0.120006  0.120152  0.120306  0.120468  0.120640  0.120822
  0.121014  0.121218  0.121432  0.121659  0.121900  0.122153  0.122422  0.122705
  0.123005  0.123322
  1.000000
  0.011145  0.010600  0.010111  0.009673  0.009280  0.008928  0.008612  0.008329
  0.008075  0.007848  0.007644  0.007461  0.007297  0.007150  0.007018  0.006900
  0.006794  0.006699  0.006614  0.006537  0.006469  0.006544  0.006527  0.006493
  0.006448  0.006391  0.006322  0.006244  0.006160  0.006071  0.005978  0.005880
  0.005777  0.005669  0.005556  0.005437  0.005313  0.005183  0.005047  0.004906
  0.004758  0.004603  0.004442  0.004274  0.004098  0.003915  0.003723  0.003522
  0.003312  0.003090  0.002854  0.002603  0.002339  0.002062  0.001774  0.001477
  0.001177  0.000877  0.000581  0.000288  0.000000 -0.000282 -0.000559 -0.000832
 -0.001101 -0.001368 -0.001632 -0.001892 -0.002148 -0.002399 -0.002643 -0.002879
 -0.003106 -0.003324 -0.003533 -0.003734 -0.003925 -0.004108 -0.004284 -0.004453
 -0.004614 -0.004768 -0.004916 -0.005056 -0.005191 -0.005319 -0.005440 -0.005556
 -0.005666 -0.005770 -0.005931 -0.006018 -0.006110 -0.006206 -0.006309 -0.006417
 -0.006531 -0.006652 -0.006779 -0.006914 -0.007057 -0.007208 -0.007367 -0.007536
 -0.007714 -0.007903
  1.000000
  0.000000  0.000000  0.000000  0.000000  0.000000  0.000000  0.000000  0.000000
  0.000000  0.000000  0.000000  0.000000  0.000000  0.000000  0.000000  0.000000
  0.000000  0.000000  0.000000  0.000000  0.000000  0.000265  0.000345  0.000399
  0.000440  0.000474  0.000500  0.000519  0.000537  0.000555  0.000573  0.000591
  0.000608  0.000626  0.000643  0.000660  0.000678  0.000694  0.000711  0.000728
  0.000744  0.000760  0.000776  0.000791  0.000806  0.000820  0.000834  0.000847
  0.000859  0.000871  0.000882  0.000891  0.000900  0.000906  0.000911  0.000914
  0.000914  0.000912  0.000908  0.000901  0.000893  0.000882  0.000870  0.000856
  0.000840  0.000823  0.000803  0.000782  0.000760  0.000735  0.000710  0.000684
  0.000657  0.000630  0.000602  0.000574  0.000546  0.000518  0.000490  0.000462
  0.000435  0.000407  0.000380  0.000353  0.000327  0.000301  0.000276  0.000251
  0.000227  0.000200  0.000000  0.000000  0.000000  0.000000  0.000000  0.000000
  0.000000  0.000000  0.000000  0.000000  0.000000  0.000000  0.000000  0.000000
  0.000000  0.000000
  1.000000
  0.286522  0.286528  0.286532  0.286535  0.286541  0.286547  0.286553  0.286559
  0.286564  0.286568  0.286572  0.286576  0.286580  0.286583  0.286586  0.286588
  0.286591  0.286593  0.286595  0.286596  0.286598  0.286600  0.286603  0.286606
  0.286609  0.286612  0.286616  0.286619  0.286624  0.286628  0.286632  0.286637
  0.286643  0.286649  0.286655  0.286662  0.286669  0.286676  0.286685  0.286694
  0.286703  0.286713  0.286725  0.286736  0.286749  0.286763  0.286778  0.286794
  0.286811  0.286830  0.286850  0.286873  0.286897  0.286924  0.286952  0.286982
  0.287014  0.287046  0.287078  0.287111  0.287144  0.287177  0.287210  0.287242
  0.287275  0.287307  0.287339  0.287371  0.287403  0.287434  0.287464  0.287492
  0.287520  0.287546  0.287571  0.287594  0.287616  0.287637  0.287656  0.287674
  0.287691  0.287707  0.287722  0.287735  0.287748  0.287759  0.287770  0.287779
  0.287788  0.287796  0.287803  0.287808  0.287813  0.287818  0.287823  0.287829
  0.287835  0.287841  0.287847  0.287853  0.287860  0.287867  0.287874  0.287881
  0.287889  0.287898
  1.000000
  0.103490  0.103875  0.104220  0.104530  0.104807  0.105056  0.105279  0.105479
  0.105658  0.105819  0.105963  0.106092  0.106208  0.106312  0.106405  0.106489
  0.106563  0.106631  0.106691  0.106745  0.106793  0.106841  0.106892  0.106945
  0.107001  0.107059  0.107120  0.107185  0.107253  0.107325  0.107400  0.107480
  0.107564  0.107652  0.107745  0.107842  0.107945  0.108052  0.108165  0.108284
  0.108408  0.108539  0.108676  0.108821  0.108972  0.109132  0.109300  0.109477
  0.109664  0.109864  0.110078  0.110308  0.110552  0.110811  0.111084  0.111369
  0.111661  0.111956  0.112253  0.112549  0.112844  0.113137  0.113428  0.113719
  0.114011  0.114304  0.114597  0.114890  0.115183  0.115473  0.115760  0.116041
  0.116315  0.116582  0.116842  0.117094  0.117337  0.117573  0.117802  0.118025
  0.118240  0.118448  0.118649  0.118843  0.119030  0.119211  0.119384  0.119550
  0.119709  0.119861  0.120006  0.120151  0.120304  0.120467  0.120638  0.120819
  0.121011  0.121213  0.121427  0.121653  0.121893  0.122145  0.122413  0.122695
  0.122994  0.123310
  1.000000
  0.012378  0.011782  0.011248  0.010770  0.010340  0.009956  0.009611  0.009301
  0.009024  0.008775  0.008552  0.008352  0.008173  0.008013  0.007869  0.007739
  0.007624  0.007520  0.007427  0.007343  0.007269  0.007348  0.007329  0.007291
  0.007240  0.007178  0.007103  0.007017  0.006925  0.006827  0.006725  0.006617
  0.006503  0.006384  0.006259  0.006127  0.005990  0.005846  0.005696  0.005539
  0.005374  0.005203  0.005023  0.004836  0.004640  0.004435  0.004220  0.003996
  0.003760  0.003511  0.003245  0.002963  0.002664  0.002351  0.002025  0.001688
  0.001346  0.001005  0.000666  0.000330  0.000000 -0.000325 -0.000644 -0.000959
 -0.001272 -0.001582 -0.001889 -0.002192 -0.002492 -0.002786 -0.003073 -0.003351
 -0.003619 -0.003878 -0.004127 -0.004365 -0.004594 -0.004813 -0.005024 -0.005227
 -0.005421 -0.005608 -0.005786 -0.005957 -0.006121 -0.006277 -0.006426 -0.006567
 -0.006702 -0.006830 -0.007020 -0.007128 -0.007243 -0.007365 -0.007493 -0.007629
 -0.007773 -0.007924 -0.008085 -0.008254 -0.008434 -0.008623 -0.008823 -0.009035
 -0.009259 -0.009496
  1.000000
  0.000000  0.000000  0.000000  0.000000  0.000000  0.000000  0.000000  0.000000
  0.000000  0.000000  0.000000  0.000000  0.000000  0.000000  0.000000  0.000000
  0.000000  0.000000  0.000000  0.000000  0.000000  0.000283  0.000368  0.000425
  0.000471  0.000507  0.000535  0.000556  0.000576  0.000595  0.000614  0.000633
  0.000652  0.000671  0.000689  0.000708  0.000726  0.000744  0.000762  0.000780
  0.000797  0.000815  0.000831  0.000848  0.000864  0.000879  0.000894  0.000908
  0.000921  0.000933  0.000945  0.000955  0.000964  0.000972  0.000977  0.000979
  0.000980  0.000978  0.000973  0.000966  0.000957  0.000946  0.000933  0.000917
  0.000900  0.000881  0.000860  0.000838  0.000814  0.000788  0.000761  0.000733
  0.000704  0.000675  0.000645  0.000615  0.000586  0.000555  0.000525  0.000496
  0.000466  0.000436  0.000407  0.000378  0.000350  0.000322  0.000295  0.000269
  0.000243  0.000213  0.000000  0.000000  0.000000  0.000000  0.000000  0.000000
  0.000000  0.000000  0.000000  0.000000  0.000000  0.000000  0.000000  0.000000
  0.000000  0.000000
  1.000000
  0.300000  0.300000  0.300000  0.300000  0.300000  0.300000  0.300000  0.300000
  0.300000  0.300000  0.300000  0.300000  0.300000  0.300000  0.300000  0.300000
  0.300000  0.300000  0.300000  0.300000  0.300000  0.300000  0.300000  0.300000
  0.300000  0.300000  0.300000  0.300000  0.300000  0.300000  0.300000  0.300000
  0.300000  0.300000  0.300000  0.300000  0.300000  0.300000  0.300000  0.300000
  0.300000  0.300000  0.300000  0.300000  0.300000  0.300000  0.300000  0.300000
  0.300000  0.300000  0.300000  0.300000  0.300000  0.300000  0.300000  0.300000
  0.300000  0.300000  0.300000  0.300000  0.300000  0.300000  0.300000  0.300000
  0.300000  0.300000  0.300000  0.300000  0.300000  0.300000  0.300000  0.300000
  0.300000  0.300000  0.300000  0.300000  0.300000  0.300000  0.300000  0.300000
  0.300000  0.300000  0.300000  0.300000  0.300000  0.300000  0.300000  0.300000
  0.300000  0.300000  0.300000  0.300000  0.300000  0.300000  0.300000  0.300000
  0.300000  0.300000  0.300000  0.300000  0.300000  0.300000  0.300000  0.300000
  0.300000  0.300000
  1.000000
  0.103477  0.103864  0.104211  0.104522  0.104800  0.105050  0.105274  0.105475
  0.105655  0.105816  0.105961  0.106090  0.106207  0.106311  0.106404  0.106488
  0.106563  0.106631  0.106691  0.106745  0.106794  0.106842  0.106893  0.106946
  0.107002  0.107060  0.107122  0.107186  0.107255  0.107326  0.107402  0.107482
  0.107566  0.107654  0.107747  0.107845  0.107947  0.108055  0.108168  0.108287
  0.108411  0.108542  0.108680  0.108824  0.108976  0.109135  0.109303  0.109481
  0.109668  0.109867  0.110081  0.110311  0.110555  0.110814  0.111087  0.111371
  0.111663  0.111958  0.112254  0.112550  0.112845  0.113138  0.113428  0.113719
  0.114010  0.114303  0.114596  0.114889  0.115181  0.115471  0.115758  0.116038
  0.116313  0.116580  0.116839  0.117091  0.117334  0.117570  0.117800  0.118022
  0.118237  0.118446  0.118647  0.118842  0.119029  0.119209  0.119383  0.119549
  0.119709  0.119861  0.120007  0.120152  0.120306  0.120469  0.120641  0.120823
  0.121015  0.121218  0.121433  0.121660  0.121900  0.122154  0.122422  0.122706
  0.123006  0.123323
  1.000000
  0.013682  0.013032  0.012449  0.011927  0.011459  0.011039  0.010662  0.010325
  0.010022  0.009751  0.009508  0.009289  0.009094  0.008919  0.008761  0.008621
  0.008494  0.008381  0.008279  0.008188  0.008107  0.008191  0.008169  0.008127
  0.008072  0.008004  0.007922  0.007828  0.007727  0.007620  0.007508  0.007389
  0.007264  0.007133  0.006995  0.006850  0.006699  0.006540  0.006374  0.006201
  0.006019  0.005829  0.005631  0.005423  0.005205  0.004978  0.004740  0.004490
  0.004227  0.003949  0.003653  0.003337  0.003003  0.002652  0.002286  0.001907
  0.001522  0.001137  0.000754  0.000374  0.000000 -0.000369 -0.000731 -0.001090
 -0.001447 -0.001802 -0.002153 -0.002502 -0.002846 -0.003185 -0.003516 -0.003837
 -0.004147 -0.004447 -0.004736 -0.005014 -0.005280 -0.005537 -0.005783 -0.006021
 -0.006249 -0.006468 -0.006679 -0.006880 -0.007073 -0.007258 -0.007434 -0.007602
 -0.007762 -0.007914 -0.008133 -0.008264 -0.008403 -0.008549 -0.008704 -0.008868
 -0.009041 -0.009224 -0.009417 -0.009621 -0.009837 -0.010066 -0.010307 -0.010562
 -0.010832 -0.011117
  1.000000
  0.000000  0.000000  0.000000  0.000000  0.000000  0.000000  0.000000  0.000000
  0.000000  0.000000  0.000000  0.000000  0.000000  0.000000  0.000000  0.000000
  0.000000  0.000000  0.000000  0.000000  0.000000  0.000303  0.000395  0.000457
  0.000506  0.000545  0.000576  0.000600  0.000620  0.000641  0.000662  0.000682
  0.000702  0.000723  0.000743  0.000763  0.000783  0.000802  0.000822  0.000841
  0.000859  0.000878  0.000896  0.000914  0.000931  0.000947  0.000963  0.000978
  0.000993  0.001006  0.001019  0.001030  0.001039  0.001047  0.001053  0.001056
  0.001056  0.001054  0.001049  0.001041  0.001031  0.001019  0.001005  0.000989
  0.000970  0.000950  0.000927  0.000903  0.000877  0.000849  0.000820  0.000790
  0.000759  0.000728  0.000696  0.000663  0.000631  0.000599  0.000566  0.000534
  0.000502  0.000470  0.000439  0.000408  0.000377  0.000347  0.000318  0.000290
  0.000262  0.000227  0.000000  0.000000  0.000000  0.000000  0.000000  0.000000
  0.000000  0.000000  0.000000  0.000000  0.000000  0.000000  0.000000  0.000000
  0.000000  0.000000
  1.000000
  0.313478  0.313472  0.313468  0.313465  0.313459  0.313453  0.313447  0.313441
  0.313436  0.313432  0.313428  0.313424  0.313420  0.313417  0.313414  0.313412
  0.313409  0.313407  0.313405  0.313404  0.313402  0.313400  0.313397  0.313394
  0.313391  0.313388  0.313384  0.313380  0.313376  0.313372  0.313367  0.313362
  0.313357  0.313351  0.313345  0.313338  0.313331  0.313323  0.313315  0.313306
  0.313297  0.313286  0.313275  0.313264  0.313251  0.313237  0.313222  0.313206
  0.313189  0.313170  0.313150  0.313127  0.313103  0.313076  0.313048  0.313018
  0.312986  0.312954  0.312921  0.312889  0.312856  0.312823  0.312790  0.312758
  0.312725  0.312693  0.312661  0.312628  0.312597  0.312566  0.312536  0.312507
  0.312480  0.312454  0.312429  0.312406  0.312384  0.312363  0.312344  0.312326
  0.312309  0.312293  0.312278  0.312265  0.312252  0.312241  0.312230  0.312221
  0.312212  0.312204  0.312197  0.312192  0.312187  0.312182  0.312177  0.312171
  0.312165  0.312159  0.312153  0.312147  0.312140  0.312133  0.312126  0.312119
  0.312111  0.312102
  BLADE ROW NUMBER =        8                                           
  106   21   91  116    0    0    1    1    1    1    0    0    0    0    0    0
       0.0  320699.8  320699.8  375931.9  375931.9   0.00000       0.0
  1.000000
  0.119985  0.120371  0.120717  0.121027  0.121305  0.121555  0.121778  0.121979
  0.122158  0.122320  0.122464  0.122594  0.122710  0.122814  0.122907  0.122991
  0.123066  0.123133  0.123193  0.123248  0.123296  0.123344  0.123395  0.123448
  0.123504  0.123562  0.123624  0.123689  0.123757  0.123828  0.123904  0.123984
  0.124068  0.124156  0.124249  0.124347  0.124449  0.124557  0.124670  0.124789
  0.124913  0.125044  0.125181  0.125326  0.125478  0.125637  0.125805  0.125983
  0.126170  0.126369  0.126583  0.126813  0.127057  0.127317  0.127589  0.127874
  0.128166  0.128461  0.128757  0.129053  0.129347  0.129640  0.129931  0.130221
  0.130513  0.130805  0.131098  0.131391  0.131683  0.131973  0.132259  0.132540
  0.132814  0.133080  0.133340  0.133591  0.133834  0.134070  0.134298  0.134520
  0.134735  0.134943  0.135144  0.135338  0.135525  0.135704  0.135877  0.136043
  0.136202  0.136354  0.136499  0.136644  0.136797  0.136959  0.137130  0.137311
  0.137502  0.137704  0.137918  0.138145  0.138384  0.138637  0.138904  0.139187
  0.139487  0.139803
  1.000000
 -0.014253 -0.013631 -0.013074 -0.012574 -0.012126 -0.011724 -0.011363 -0.011040
 -0.010751 -0.010491 -0.010258 -0.010049 -0.009862 -0.009695 -0.009544 -0.009409
 -0.009288 -0.009180 -0.009083 -0.008995 -0.008917 -0.008736 -0.008633 -0.008538
 -0.008444 -0.008346 -0.008243 -0.008135 -0.008022 -0.007904 -0.007780 -0.007650
 -0.007514 -0.007372 -0.007224 -0.007069 -0.006907 -0.006739 -0.006564 -0.006382
 -0.006192 -0.005994 -0.005788 -0.005574 -0.005351 -0.005119 -0.004878 -0.004626
 -0.004362 -0.004086 -0.003792 -0.003482 -0.003156 -0.002816 -0.002464 -0.002103
 -0.001739 -0.001378 -0.001023 -0.000674 -0.000333  0.000000  0.000324  0.000642
  0.000956  0.001264  0.001566  0.001863  0.002153  0.002435  0.002708  0.002970
  0.003221  0.003461  0.003689  0.003906  0.004112  0.004309  0.004496  0.004674
  0.004843  0.005005  0.005158  0.005303  0.005441  0.005571  0.005695  0.005811
  0.005921  0.006019  0.005996  0.006109  0.006229  0.006356  0.006490  0.006632
  0.006782  0.006940  0.007107  0.007284  0.007471  0.007669  0.007878  0.008098
  0.008332  0.008578
  1.000000
  0.000000  0.000000  0.000000  0.000000  0.000000  0.000000  0.000000  0.000000
  0.000000  0.000000  0.000000  0.000000  0.000000  0.000000  0.000000  0.000000
  0.000000  0.000000  0.000000  0.000000  0.000000  0.000238  0.000321  0.000375
  0.000412  0.000439  0.000458  0.000471  0.000483  0.000496  0.000510  0.000524
  0.000539  0.000554  0.000569  0.000585  0.000602  0.000619  0.000637  0.000655
  0.000673  0.000692  0.000711  0.000730  0.000750  0.000770  0.000790  0.000810
  0.000830  0.000851  0.000871  0.000891  0.000911  0.000930  0.000947  0.000963
  0.000976  0.000987  0.000995  0.001000  0.001002  0.001002  0.000998  0.000992
  0.000984  0.000972  0.000958  0.000941  0.000921  0.000899  0.000874  0.000847
  0.000818  0.000788  0.000757  0.000724  0.000691  0.000656  0.000621  0.000586
  0.000550  0.000514  0.000477  0.000441  0.000405  0.000369  0.000334  0.000299
  0.000264  0.000224  0.000000  0.000000  0.000000  0.000000  0.000000  0.000000
  0.000000  0.000000  0.000000  0.000000  0.000000  0.000000  0.000000  0.000000
  0.000000  0.000000
  1.000000
  0.287802  0.287815  0.287826  0.287835  0.287843  0.287850  0.287857  0.287862
  0.287867  0.287871  0.287875  0.287878  0.287882  0.287884  0.287887  0.287889
  0.287891  0.287893  0.287894  0.287896  0.287897  0.287899  0.287901  0.287903
  0.287905  0.287908  0.287910  0.287913  0.287916  0.287919  0.287922  0.287926
  0.287930  0.287934  0.287939  0.287944  0.287949  0.287954  0.287960  0.287967
  0.287974  0.287981  0.287989  0.287998  0.288008  0.288018  0.288029  0.288040
  0.288053  0.288067  0.288082  0.288099  0.288118  0.288138  0.288159  0.288183
  0.288207  0.288232  0.288258  0.288284  0.288310  0.288337  0.288364  0.288391
  0.288419  0.288447  0.288475  0.288503  0.288532  0.288561  0.288589  0.288616
  0.288644  0.288670  0.288696  0.288720  0.288744  0.288768  0.288790  0.288812
  0.288832  0.288852  0.288872  0.288890  0.288908  0.288925  0.288941  0.288956
  0.288971  0.288985  0.288998  0.289014  0.289030  0.289046  0.289063  0.289080
  0.289097  0.289114  0.289131  0.289148  0.289164  0.289179  0.289190  0.289199
  0.289205  0.289211
  1.000000
  0.119996  0.120381  0.120726  0.121035  0.121313  0.121561  0.121784  0.121984
  0.122163  0.122324  0.122468  0.122597  0.122713  0.122816  0.122909  0.122993
  0.123068  0.123135  0.123195  0.123249  0.123297  0.123345  0.123396  0.123449
  0.123504  0.123563  0.123624  0.123689  0.123757  0.123828  0.123904  0.123983
  0.124067  0.124155  0.124248  0.124346  0.124448  0.124555  0.124668  0.124787
  0.124911  0.125042  0.125179  0.125323  0.125475  0.125634  0.125802  0.125979
  0.126166  0.126365  0.126579  0.126809  0.127053  0.127312  0.127585  0.127869
  0.128162  0.128456  0.128752  0.129048  0.129343  0.129636  0.129927  0.130218
  0.130510  0.130802  0.131095  0.131388  0.131680  0.131971  0.132257  0.132538
  0.132812  0.133079  0.133338  0.133590  0.133833  0.134069  0.134298  0.134520
  0.134735  0.134943  0.135144  0.135338  0.135525  0.135705  0.135878  0.136044
  0.136203  0.136355  0.136500  0.136645  0.136798  0.136960  0.137132  0.137313
  0.137504  0.137706  0.137920  0.138146  0.138385  0.138638  0.138905  0.139187
  0.139486  0.139801
  1.000000
 -0.013651 -0.013056 -0.012523 -0.012044 -0.011615 -0.011231 -0.010886 -0.010577
 -0.010300 -0.010051 -0.009829 -0.009629 -0.009450 -0.009289 -0.009145 -0.009016
 -0.008901 -0.008797 -0.008704 -0.008621 -0.008546 -0.008371 -0.008271 -0.008180
 -0.008090 -0.007996 -0.007897 -0.007794 -0.007686 -0.007572 -0.007454 -0.007330
 -0.007199 -0.007063 -0.006921 -0.006773 -0.006618 -0.006457 -0.006289 -0.006114
 -0.005932 -0.005743 -0.005545 -0.005340 -0.005127 -0.004905 -0.004673 -0.004431
 -0.004179 -0.003914 -0.003633 -0.003335 -0.003023 -0.002697 -0.002360 -0.002014
 -0.001666 -0.001320 -0.000980 -0.000646 -0.000319  0.000000  0.000311  0.000615
  0.000915  0.001210  0.001499  0.001783  0.002061  0.002331  0.002592  0.002843
  0.003083  0.003312  0.003530  0.003738  0.003935  0.004123  0.004302  0.004472
  0.004634  0.004788  0.004934  0.005073  0.005204  0.005329  0.005447  0.005558
  0.005663  0.005757  0.005732  0.005840  0.005955  0.006077  0.006205  0.006341
  0.006484  0.006636  0.006796  0.006966  0.007145  0.007334  0.007534  0.007746
  0.007969  0.008206
  1.000000
  0.000000  0.000000  0.000000  0.000000  0.000000  0.000000  0.000000  0.000000
  0.000000  0.000000  0.000000  0.000000  0.000000  0.000000  0.000000  0.000000
  0.000000  0.000000  0.000000  0.000000  0.000000  0.000232  0.000313  0.000365
  0.000402  0.000428  0.000446  0.000459  0.000471  0.000484  0.000497  0.000511
  0.000525  0.000540  0.000555  0.000571  0.000587  0.000604  0.000621  0.000638
  0.000656  0.000674  0.000693  0.000712  0.000731  0.000751  0.000770  0.000790
  0.000810  0.000829  0.000849  0.000869  0.000888  0.000907  0.000924  0.000939
  0.000952  0.000962  0.000970  0.000975  0.000977  0.000977  0.000973  0.000968
  0.000959  0.000948  0.000934  0.000917  0.000898  0.000876  0.000852  0.000826
  0.000798  0.000769  0.000738  0.000706  0.000673  0.000640  0.000606  0.000571
  0.000536  0.000501  0.000465  0.000430  0.000395  0.000360  0.000325  0.000291
  0.000258  0.000219  0.000000  0.000000  0.000000  0.000000  0.000000  0.000000
  0.000000  0.000000  0.000000  0.000000  0.000000  0.000000  0.000000  0.000000
  0.000000  0.000000
  1.000000
  0.300000  0.300000  0.300000  0.300000  0.300000  0.300000  0.300000  0.300000
  0.300000  0.300000  0.300000  0.300000  0.300000  0.300000  0.300000  0.300000
  0.300000  0.300000  0.300000  0.300000  0.300000  0.300000  0.300000  0.300000
  0.300000  0.300000  0.300000  0.300000  0.300000  0.300000  0.300000  0.300000
  0.300000  0.300000  0.300000  0.300000  0.300000  0.300000  0.300000  0.300000
  0.300000  0.300000  0.300000  0.300000  0.300000  0.300000  0.300000  0.300000
  0.300000  0.300000  0.300000  0.300000  0.300000  0.300000  0.300000  0.300000
  0.300000  0.300000  0.300000  0.300000  0.300000  0.300000  0.300000  0.300000
  0.300000  0.300000  0.300000  0.300000  0.300000  0.300000  0.300000  0.300000
  0.300000  0.300000  0.300000  0.300000  0.300000  0.300000  0.300000  0.300000
  0.300000  0.300000  0.300000  0.300000  0.300000  0.300000  0.300000  0.300000
  0.300000  0.300000  0.300000  0.300000  0.300000  0.300000  0.300000  0.300000
  0.300000  0.300000  0.300000  0.300000  0.300000  0.300000  0.300000  0.300000
  0.300000  0.300000
  1.000000
  0.119985  0.120371  0.120717  0.121027  0.121305  0.121555  0.121778  0.121979
  0.122158  0.122319  0.122464  0.122593  0.122710  0.122814  0.122907  0.122991
  0.123066  0.123133  0.123193  0.123247  0.123296  0.123344  0.123395  0.123448
  0.123504  0.123562  0.123624  0.123688  0.123757  0.123828  0.123904  0.123984
  0.124067  0.124156  0.124249  0.124347  0.124449  0.124557  0.124670  0.124788
  0.124913  0.125044  0.125181  0.125326  0.125477  0.125637  0.125805  0.125982
  0.126170  0.126369  0.126583  0.126813  0.127057  0.127316  0.127589  0.127874
  0.128166  0.128460  0.128756  0.129052  0.129347  0.129640  0.129931  0.130221
  0.130513  0.130805  0.131098  0.131391  0.131683  0.131973  0.132259  0.132540
  0.132813  0.133080  0.133339  0.133591  0.133834  0.134069  0.134298  0.134520
  0.134735  0.134943  0.135144  0.135338  0.135524  0.135704  0.135877  0.136043
  0.136202  0.136354  0.136499  0.136644  0.136797  0.136959  0.137130  0.137311
  0.137502  0.137704  0.137918  0.138144  0.138384  0.138636  0.138904  0.139187
  0.139486  0.139803
  1.000000
 -0.013187 -0.012612 -0.012097 -0.011635 -0.011221 -0.010850 -0.010518 -0.010219
 -0.009952 -0.009712 -0.009497 -0.009305 -0.009132 -0.008977 -0.008838 -0.008714
 -0.008602 -0.008502 -0.008412 -0.008332 -0.008260 -0.008089 -0.007992 -0.007904
 -0.007817 -0.007726 -0.007631 -0.007531 -0.007426 -0.007317 -0.007202 -0.007082
 -0.006957 -0.006825 -0.006688 -0.006544 -0.006394 -0.006239 -0.006077 -0.005908
 -0.005732 -0.005549 -0.005358 -0.005160 -0.004954 -0.004739 -0.004515 -0.004282
 -0.004038 -0.003782 -0.003510 -0.003222 -0.002921 -0.002606 -0.002280 -0.001946
 -0.001609 -0.001275 -0.000946 -0.000624 -0.000308  0.000000  0.000300  0.000594
  0.000883  0.001168  0.001448  0.001722  0.001989  0.002250  0.002502  0.002744
  0.002976  0.003197  0.003407  0.003608  0.003798  0.003979  0.004151  0.004315
  0.004471  0.004619  0.004760  0.004894  0.005021  0.005141  0.005254  0.005362
  0.005463  0.005553  0.005526  0.005631  0.005742  0.005859  0.005983  0.006114
  0.006252  0.006399  0.006553  0.006717  0.006890  0.007073  0.007267  0.007471
  0.007687  0.007916
  1.000000
  0.000000  0.000000  0.000000  0.000000  0.000000  0.000000  0.000000  0.000000
  0.000000  0.000000  0.000000  0.000000  0.000000  0.000000  0.000000  0.000000
  0.000000  0.000000  0.000000  0.000000  0.000000  0.000229  0.000308  0.000360
  0.000395  0.000421  0.000439  0.000451  0.000463  0.000476  0.000489  0.000502
  0.000516  0.000531  0.000546  0.000561  0.000577  0.000593  0.000610  0.000627
  0.000645  0.000663  0.000681  0.000700  0.000719  0.000738  0.000757  0.000777
  0.000796  0.000815  0.000835  0.000854  0.000873  0.000891  0.000908  0.000923
  0.000936  0.000946  0.000954  0.000959  0.000961  0.000960  0.000957  0.000951
  0.000943  0.000932  0.000918  0.000902  0.000883  0.000861  0.000838  0.000812
  0.000785  0.000756  0.000725  0.000695  0.000662  0.000629  0.000596  0.000562
  0.000527  0.000492  0.000458  0.000423  0.000388  0.000354  0.000320  0.000286
  0.000254  0.000216  0.000000  0.000000  0.000000  0.000000  0.000000  0.000000
  0.000000  0.000000  0.000000  0.000000  0.000000  0.000000  0.000000  0.000000
  0.000000  0.000000
  1.000000
  0.312198  0.312185  0.312174  0.312165  0.312157  0.312150  0.312143  0.312138
  0.312133  0.312129  0.312125  0.312122  0.312118  0.312116  0.312113  0.312111
  0.312109  0.312107  0.312106  0.312104  0.312103  0.312101  0.312099  0.312097
  0.312095  0.312092  0.312090  0.312087  0.312084  0.312081  0.312078  0.312074
  0.312070  0.312066  0.312061  0.312056  0.312051  0.312046  0.312040  0.312033
  0.312026  0.312019  0.312011  0.312002  0.311992  0.311982  0.311971  0.311960
  0.311947  0.311933  0.311918  0.311901  0.311882  0.311862  0.311841  0.311818
  0.311793  0.311768  0.311742  0.311716  0.311690  0.311663  0.311636  0.311609
  0.311581  0.311553  0.311525  0.311497  0.311468  0.311440  0.311411  0.311384
  0.311356  0.311330  0.311304  0.311280  0.311256  0.311233  0.311210  0.311188
  0.311168  0.311148  0.311128  0.311110  0.311092  0.311075  0.311059  0.311044
  0.311029  0.311015  0.311002  0.310986  0.310970  0.310954  0.310937  0.310920
  0.310903  0.310886  0.310869  0.310852  0.310836  0.310821  0.310810  0.310801
  0.310795  0.310789
  BLADE ROW NUMBER =        9                                           
  106   21   91  117    0    0    1    1    1    1    0    0    0    0    0    0
   12000.0  375931.9  375931.9  437616.6  437616.6   0.00000   12000.0
  1.000000
  0.139787  0.140173  0.140519  0.140829  0.141107  0.141356  0.141580  0.141780
  0.141960  0.142121  0.142265  0.142394  0.142510  0.142614  0.142708  0.142791
  0.142866  0.142933  0.142994  0.143048  0.143096  0.143144  0.143195  0.143248
  0.143304  0.143362  0.143424  0.143488  0.143556  0.143628  0.143704  0.143783
  0.143867  0.143955  0.144048  0.144146  0.144248  0.144356  0.144469  0.144587
  0.144712  0.144842  0.144980  0.145124  0.145276  0.145435  0.145603  0.145780
  0.145967  0.146167  0.146381  0.146610  0.146855  0.147114  0.147386  0.147671
  0.147963  0.148258  0.148553  0.148849  0.149144  0.149437  0.149728  0.150018
  0.150310  0.150602  0.150895  0.151188  0.151480  0.151771  0.152057  0.152338
  0.152612  0.152879  0.153139  0.153390  0.153633  0.153870  0.154099  0.154321
  0.154536  0.154744  0.154945  0.155140  0.155327  0.155507  0.155680  0.155846
  0.156006  0.156158  0.156303  0.156448  0.156602  0.156764  0.156936  0.157117
  0.157309  0.157512  0.157726  0.157953  0.158192  0.158446  0.158713  0.158996
  0.159295  0.159612
  1.000000
  0.011374  0.010820  0.010323  0.009877  0.009477  0.009119  0.008798  0.008510
  0.008252  0.008020  0.007813  0.007627  0.007460  0.007311  0.007176  0.007056
  0.006948  0.006852  0.006765  0.006688  0.006618  0.006694  0.006676  0.006642
  0.006595  0.006537  0.006467  0.006387  0.006302  0.006212  0.006117  0.006017
  0.005912  0.005802  0.005686  0.005565  0.005438  0.005306  0.005168  0.005023
  0.004872  0.004715  0.004550  0.004378  0.004199  0.004011  0.003815  0.003610
  0.003395  0.003168  0.002927  0.002670  0.002399  0.002116  0.001821  0.001516
  0.001208  0.000901  0.000596  0.000296  0.000000 -0.000290 -0.000575 -0.000855
 -0.001133 -0.001408 -0.001680 -0.001948 -0.002212 -0.002471 -0.002723 -0.002966
 -0.003201 -0.003427 -0.003643 -0.003851 -0.004049 -0.004239 -0.004421 -0.004596
 -0.004764 -0.004924 -0.005077 -0.005223 -0.005363 -0.005496 -0.005623 -0.005743
 -0.005858 -0.005966 -0.006133 -0.006224 -0.006320 -0.006421 -0.006528 -0.006642
 -0.006761 -0.006888 -0.007022 -0.007163 -0.007313 -0.007471 -0.007638 -0.007814
 -0.008001 -0.008199
  1.000000
  0.000000  0.000000  0.000000  0.000000  0.000000  0.000000  0.000000  0.000000
  0.000000  0.000000  0.000000  0.000000  0.000000  0.000000  0.000000  0.000000
  0.000000  0.000000  0.000000  0.000000  0.000000  0.000268  0.000349  0.000403
  0.000446  0.000480  0.000506  0.000525  0.000544  0.000562  0.000580  0.000598
  0.000616  0.000633  0.000651  0.000668  0.000686  0.000703  0.000720  0.000736
  0.000753  0.000769  0.000785  0.000800  0.000815  0.000830  0.000844  0.000857
  0.000870  0.000881  0.000892  0.000902  0.000910  0.000917  0.000922  0.000925
  0.000925  0.000923  0.000919  0.000912  0.000903  0.000893  0.000880  0.000866
  0.000850  0.000833  0.000813  0.000792  0.000769  0.000744  0.000719  0.000692
  0.000665  0.000637  0.000609  0.000581  0.000553  0.000525  0.000496  0.000468
  0.000440  0.000412  0.000385  0.000357  0.000331  0.000305  0.000279  0.000254
  0.000230  0.000202  0.000000  0.000000  0.000000  0.000000  0.000000  0.000000
  0.000000  0.000000  0.000000  0.000000  0.000000  0.000000  0.000000  0.000000
  0.000000  0.000000
  1.000000
  0.289211  0.289215  0.289218  0.289220  0.289225  0.289229  0.289234  0.289237
  0.289241  0.289244  0.289247  0.289250  0.289252  0.289254  0.289256  0.289258
  0.289260  0.289261  0.289263  0.289264  0.289265  0.289267  0.289269  0.289271
  0.289273  0.289275  0.289278  0.289280  0.289283  0.289286  0.289290  0.289293
  0.289297  0.289301  0.289306  0.289311  0.289316  0.289321  0.289327  0.289334
  0.289340  0.289348  0.289356  0.289364  0.289373  0.289383  0.289394  0.289405
  0.289418  0.289431  0.289446  0.289462  0.289480  0.289499  0.289519  0.289541
  0.289564  0.289587  0.289610  0.289634  0.289657  0.289681  0.289705  0.289728
  0.289751  0.289775  0.289798  0.289821  0.289844  0.289866  0.289887  0.289908
  0.289928  0.289946  0.289964  0.289981  0.289997  0.290011  0.290025  0.290038
  0.290050  0.290062  0.290072  0.290082  0.290091  0.290099  0.290106  0.290113
  0.290119  0.290125  0.290130  0.290133  0.290137  0.290140  0.290144  0.290148
  0.290152  0.290156  0.290160  0.290165  0.290170  0.290175  0.290180  0.290185
  0.290191  0.290197
  1.000000
  0.139794  0.140179  0.140524  0.140834  0.141111  0.141360  0.141583  0.141783
  0.141962  0.142123  0.142267  0.142396  0.142512  0.142615  0.142708  0.142792
  0.142867  0.142934  0.142994  0.143048  0.143096  0.143145  0.143195  0.143248
  0.143304  0.143362  0.143423  0.143488  0.143556  0.143628  0.143703  0.143783
  0.143866  0.143955  0.144047  0.144145  0.144247  0.144355  0.144468  0.144586
  0.144711  0.144841  0.144979  0.145123  0.145274  0.145434  0.145602  0.145779
  0.145966  0.146165  0.146380  0.146609  0.146854  0.147113  0.147385  0.147670
  0.147962  0.148257  0.148553  0.148849  0.149144  0.149437  0.149728  0.150019
  0.150311  0.150604  0.150897  0.151190  0.151482  0.151773  0.152059  0.152340
  0.152614  0.152881  0.153141  0.153392  0.153635  0.153872  0.154101  0.154323
  0.154538  0.154746  0.154947  0.155141  0.155328  0.155508  0.155681  0.155847
  0.156006  0.156158  0.156303  0.156448  0.156602  0.156764  0.156935  0.157116
  0.157307  0.157510  0.157724  0.157950  0.158189  0.158442  0.158709  0.158991
  0.159290  0.159605
  1.000000
  0.012372  0.011777  0.011243  0.010765  0.010336  0.009951  0.009606  0.009297
  0.009020  0.008771  0.008548  0.008349  0.008170  0.008009  0.007865  0.007736
  0.007620  0.007516  0.007423  0.007340  0.007265  0.007345  0.007325  0.007287
  0.007237  0.007174  0.007099  0.007014  0.006921  0.006824  0.006722  0.006614
  0.006500  0.006381  0.006256  0.006124  0.005987  0.005843  0.005693  0.005536
  0.005372  0.005200  0.005021  0.004833  0.004638  0.004433  0.004218  0.003994
  0.003758  0.003509  0.003244  0.002961  0.002663  0.002350  0.002024  0.001687
  0.001346  0.001004  0.000665  0.000330  0.000000 -0.000325 -0.000643 -0.000958
 -0.001271 -0.001581 -0.001888 -0.002191 -0.002491 -0.002785 -0.003071 -0.003349
 -0.003618 -0.003876 -0.004125 -0.004363 -0.004591 -0.004811 -0.005022 -0.005224
 -0.005419 -0.005605 -0.005784 -0.005955 -0.006118 -0.006274 -0.006423 -0.006564
 -0.006699 -0.006827 -0.007017 -0.007125 -0.007240 -0.007362 -0.007490 -0.007626
 -0.007769 -0.007921 -0.008081 -0.008251 -0.008430 -0.008619 -0.008819 -0.009031
 -0.009255 -0.009491
  1.000000
  0.000000  0.000000  0.000000  0.000000  0.000000  0.000000  0.000000  0.000000
  0.000000  0.000000  0.000000  0.000000  0.000000  0.000000  0.000000  0.000000
  0.000000  0.000000  0.000000  0.000000  0.000000  0.000283  0.000368  0.000425
  0.000470  0.000507  0.000535  0.000556  0.000576  0.000595  0.000614  0.000633
  0.000652  0.000670  0.000689  0.000708  0.000726  0.000744  0.000762  0.000780
  0.000797  0.000814  0.000831  0.000847  0.000863  0.000879  0.000893  0.000907
  0.000921  0.000933  0.000945  0.000955  0.000964  0.000971  0.000976  0.000979
  0.000979  0.000977  0.000973  0.000966  0.000956  0.000945  0.000932  0.000917
  0.000900  0.000881  0.000860  0.000837  0.000813  0.000788  0.000761  0.000733
  0.000704  0.000675  0.000645  0.000615  0.000585  0.000555  0.000525  0.000495
  0.000466  0.000436  0.000407  0.000378  0.000350  0.000322  0.000295  0.000269
  0.000243  0.000213  0.000000  0.000000  0.000000  0.000000  0.000000  0.000000
  0.000000  0.000000  0.000000  0.000000  0.000000  0.000000  0.000000  0.000000
  0.000000  0.000000
  1.000000
  0.300000  0.300000  0.300000  0.300000  0.300000  0.300000  0.300000  0.300000
  0.300000  0.300000  0.300000  0.300000  0.300000  0.300000  0.300000  0.300000
  0.300000  0.300000  0.300000  0.300000  0.300000  0.300000  0.300000  0.300000
  0.300000  0.300000  0.300000  0.300000  0.300000  0.300000  0.300000  0.300000
  0.300000  0.300000  0.300000  0.300000  0.300000  0.300000  0.300000  0.300000
  0.300000  0.300000  0.300000  0.300000  0.300000  0.300000  0.300000  0.300000
  0.300000  0.300000  0.300000  0.300000  0.300000  0.300000  0.300000  0.300000
  0.300000  0.300000  0.300000  0.300000  0.300000  0.300000  0.300000  0.300000
  0.300000  0.300000  0.300000  0.300000  0.300000  0.300000  0.300000  0.300000
  0.300000  0.300000  0.300000  0.300000  0.300000  0.300000  0.300000  0.300000
  0.300000  0.300000  0.300000  0.300000  0.300000  0.300000  0.300000  0.300000
  0.300000  0.300000  0.300000  0.300000  0.300000  0.300000  0.300000  0.300000
  0.300000  0.300000  0.300000  0.300000  0.300000  0.300000  0.300000  0.300000
  0.300000  0.300000
  1.000000
  0.139788  0.140174  0.140520  0.140830  0.141108  0.141357  0.141580  0.141781
  0.141960  0.142121  0.142265  0.142395  0.142511  0.142615  0.142708  0.142792
  0.142867  0.142934  0.142994  0.143048  0.143097  0.143145  0.143196  0.143249
  0.143304  0.143363  0.143424  0.143489  0.143557  0.143629  0.143704  0.143784
  0.143868  0.143956  0.144049  0.144146  0.144249  0.144356  0.144469  0.144588
  0.144712  0.144843  0.144980  0.145125  0.145276  0.145436  0.145604  0.145781
  0.145968  0.146167  0.146381  0.146611  0.146855  0.147114  0.147387  0.147671
  0.147963  0.148258  0.148554  0.148850  0.149145  0.149438  0.149728  0.150019
  0.150311  0.150603  0.150896  0.151189  0.151481  0.151772  0.152058  0.152339
  0.152613  0.152880  0.153139  0.153391  0.153634  0.153870  0.154099  0.154321
  0.154537  0.154745  0.154946  0.155140  0.155327  0.155507  0.155681  0.155847
  0.156006  0.156158  0.156304  0.156449  0.156602  0.156765  0.156936  0.157118
  0.157310  0.157512  0.157727  0.157953  0.158193  0.158446  0.158714  0.158997
  0.159296  0.159612
  1.000000
  0.013403  0.012765  0.012193  0.011680  0.011220  0.010808  0.010439  0.010107
  0.009810  0.009544  0.009305  0.009091  0.008899  0.008727  0.008572  0.008434
  0.008310  0.008199  0.008099  0.008010  0.007930  0.008013  0.007991  0.007951
  0.007896  0.007829  0.007749  0.007657  0.007558  0.007453  0.007342  0.007226
  0.007104  0.006975  0.006840  0.006698  0.006550  0.006394  0.006232  0.006062
  0.005884  0.005698  0.005503  0.005300  0.005087  0.004864  0.004631  0.004386
  0.004130  0.003858  0.003568  0.003259  0.002933  0.002590  0.002232  0.001862
  0.001486  0.001110  0.000736  0.000365  0.000000 -0.000360 -0.000713 -0.001063
 -0.001411 -0.001757 -0.002099 -0.002438 -0.002773 -0.003103 -0.003425 -0.003738
 -0.004040 -0.004331 -0.004612 -0.004882 -0.005141 -0.005390 -0.005629 -0.005860
 -0.006081 -0.006294 -0.006498 -0.006693 -0.006881 -0.007059 -0.007230 -0.007393
 -0.007548 -0.007696 -0.007908 -0.008035 -0.008169 -0.008311 -0.008460 -0.008618
 -0.008785 -0.008962 -0.009149 -0.009347 -0.009555 -0.009776 -0.010009 -0.010256
 -0.010517 -0.010792
  1.000000
  0.000000  0.000000  0.000000  0.000000  0.000000  0.000000  0.000000  0.000000
  0.000000  0.000000  0.000000  0.000000  0.000000  0.000000  0.000000  0.000000
  0.000000  0.000000  0.000000  0.000000  0.000000  0.000299  0.000389  0.000450
  0.000498  0.000537  0.000567  0.000590  0.000611  0.000631  0.000651  0.000671
  0.000691  0.000711  0.000731  0.000751  0.000770  0.000790  0.000809  0.000827
  0.000846  0.000864  0.000882  0.000899  0.000916  0.000932  0.000948  0.000963
  0.000977  0.000990  0.001003  0.001014  0.001023  0.001031  0.001036  0.001039
  0.001039  0.001037  0.001032  0.001025  0.001015  0.001003  0.000989  0.000973
  0.000955  0.000935  0.000913  0.000889  0.000863  0.000836  0.000807  0.000777
  0.000747  0.000716  0.000685  0.000653  0.000621  0.000589  0.000557  0.000526
  0.000494  0.000463  0.000432  0.000401  0.000371  0.000342  0.000313  0.000285
  0.000258  0.000224  0.000000  0.000000  0.000000  0.000000  0.000000  0.000000
  0.000000  0.000000  0.000000  0.000000  0.000000  0.000000  0.000000  0.000000
  0.000000  0.000000
  1.000000
  0.310789  0.310785  0.310782  0.310779  0.310775  0.310771  0.310766  0.310763
  0.310759  0.310756  0.310753  0.310750  0.310748  0.310746  0.310744  0.310742
  0.310740  0.310739  0.310737  0.310736  0.310735  0.310733  0.310731  0.310729
  0.310727  0.310725  0.310722  0.310720  0.310717  0.310714  0.310710  0.310707
  0.310703  0.310699  0.310694  0.310689  0.310684  0.310679  0.310673  0.310666
  0.310660  0.310652  0.310644  0.310636  0.310627  0.310617  0.310606  0.310595
  0.310582  0.310569  0.310554  0.310538  0.310520  0.310501  0.310481  0.310459
  0.310436  0.310413  0.310390  0.310366  0.310342  0.310319  0.310295  0.310272
  0.310249  0.310225  0.310202  0.310179  0.310156  0.310134  0.310113  0.310092
  0.310072  0.310054  0.310036  0.310019  0.310003  0.309988  0.309975  0.309962
  0.309949  0.309938  0.309928  0.309918  0.309909  0.309901  0.309894  0.309887
  0.309881  0.309875  0.309870  0.309867  0.309863  0.309860  0.309856  0.309852
  0.309848  0.309844  0.309839  0.309835  0.309830  0.309825  0.309820  0.309815
  0.309809  0.309803
  BLADE ROW NUMBER =       10                                           
  106   21   91  117    0    0    1    1    1    1    0    0    0    0    0    0
       0.0  437616.6  437616.6  505420.2  505420.2   0.00000       0.0
  1.000000
  0.156292  0.156678  0.157023  0.157333  0.157610  0.157859  0.158083  0.158283
  0.158462  0.158623  0.158767  0.158897  0.159013  0.159117  0.159210  0.159293
  0.159368  0.159435  0.159496  0.159550  0.159598  0.159646  0.159697  0.159750
  0.159806  0.159864  0.159925  0.159990  0.160058  0.160130  0.160205  0.160285
  0.160369  0.160457  0.160550  0.160648  0.160750  0.160858  0.160970  0.161089
  0.161213  0.161344  0.161482  0.161626  0.161777  0.161937  0.162105  0.162282
  0.162469  0.162669  0.162883  0.163112  0.163357  0.163616  0.163888  0.164173
  0.164465  0.164760  0.165056  0.165352  0.165646  0.165939  0.166230  0.166521
  0.166812  0.167105  0.167397  0.167690  0.167982  0.168273  0.168559  0.168840
  0.169113  0.169380  0.169639  0.169891  0.170134  0.170370  0.170598  0.170820
  0.171035  0.171243  0.171444  0.171638  0.171825  0.172005  0.172177  0.172343
  0.172502  0.172654  0.172799  0.172944  0.173097  0.173259  0.173430  0.173611
  0.173802  0.174004  0.174218  0.174444  0.174683  0.174936  0.175203  0.175486
  0.175785  0.176101
  1.000000
 -0.014121 -0.013505 -0.012953 -0.012457 -0.012013 -0.011615 -0.011259 -0.010939
 -0.010652 -0.010394 -0.010164 -0.009957 -0.009772 -0.009606 -0.009457 -0.009323
 -0.009203 -0.009096 -0.008999 -0.008913 -0.008836 -0.008656 -0.008554 -0.008460
 -0.008366 -0.008269 -0.008167 -0.008060 -0.007948 -0.007831 -0.007708 -0.007580
 -0.007445 -0.007305 -0.007157 -0.007004 -0.006844 -0.006677 -0.006504 -0.006323
 -0.006135 -0.005939 -0.005735 -0.005523 -0.005302 -0.005072 -0.004833 -0.004583
 -0.004322 -0.004048 -0.003757 -0.003450 -0.003127 -0.002790 -0.002441 -0.002083
 -0.001723 -0.001366 -0.001013 -0.000668 -0.000330  0.000000  0.000321  0.000636
  0.000947  0.001252  0.001552  0.001845  0.002132  0.002412  0.002683  0.002942
  0.003191  0.003428  0.003654  0.003869  0.004074  0.004268  0.004453  0.004630
  0.004798  0.004957  0.005109  0.005253  0.005389  0.005518  0.005641  0.005756
  0.005865  0.005962  0.005938  0.006051  0.006170  0.006295  0.006428  0.006569
  0.006717  0.006874  0.007040  0.007215  0.007400  0.007596  0.007803  0.008022
  0.008253  0.008497
  1.000000
  0.000000  0.000000  0.000000  0.000000  0.000000  0.000000  0.000000  0.000000
  0.000000  0.000000  0.000000  0.000000  0.000000  0.000000  0.000000  0.000000
  0.000000  0.000000  0.000000  0.000000  0.000000  0.000236  0.000319  0.000372
  0.000409  0.000436  0.000455  0.000468  0.000480  0.000493  0.000507  0.000521
  0.000535  0.000550  0.000566  0.000582  0.000598  0.000615  0.000633  0.000651
  0.000669  0.000688  0.000707  0.000726  0.000745  0.000765  0.000785  0.000805
  0.000825  0.000846  0.000866  0.000886  0.000906  0.000924  0.000942  0.000957
  0.000970  0.000981  0.000989  0.000994  0.000996  0.000996  0.000992  0.000987
  0.000978  0.000966  0.000952  0.000935  0.000916  0.000893  0.000869  0.000842
  0.000814  0.000784  0.000752  0.000720  0.000686  0.000652  0.000618  0.000582
  0.000547  0.000511  0.000475  0.000438  0.000403  0.000367  0.000332  0.000297
  0.000263  0.000223  0.000000  0.000000  0.000000  0.000000  0.000000  0.000000
  0.000000  0.000000  0.000000  0.000000  0.000000  0.000000  0.000000  0.000000
  0.000000  0.000000
  1.000000
  0.290130  0.290138  0.290146  0.290152  0.290158  0.290163  0.290168  0.290172
  0.290175  0.290178  0.290181  0.290183  0.290186  0.290188  0.290189  0.290191
  0.290193  0.290194  0.290195  0.290196  0.290197  0.290198  0.290200  0.290201
  0.290203  0.290205  0.290206  0.290208  0.290210  0.290213  0.290215  0.290218
  0.290221  0.290224  0.290227  0.290230  0.290234  0.290238  0.290243  0.290247
  0.290252  0.290258  0.290263  0.290270  0.290276  0.290284  0.290291  0.290300
  0.290309  0.290319  0.290330  0.290342  0.290356  0.290370  0.290386  0.290402
  0.290420  0.290438  0.290457  0.290476  0.290495  0.290514  0.290534  0.290554
  0.290574  0.290594  0.290615  0.290636  0.290657  0.290678  0.290699  0.290719
  0.290739  0.290759  0.290778  0.290796  0.290814  0.290832  0.290849  0.290865
  0.290881  0.290896  0.290910  0.290924  0.290938  0.290951  0.290963  0.290975
  0.290986  0.290997  0.291007  0.291019  0.291032  0.291045  0.291058  0.291072
  0.291085  0.291099  0.291112  0.291125  0.291138  0.291150  0.291159  0.291165
  0.291171  0.291175
  1.000000
  0.156298  0.156683  0.157028  0.157337  0.157614  0.157863  0.158086  0.158286
  0.158465  0.158625  0.158769  0.158899  0.159014  0.159118  0.159211  0.159294
  0.159369  0.159436  0.159496  0.159550  0.159599  0.159647  0.159697  0.159750
  0.159806  0.159864  0.159926  0.159990  0.160058  0.160130  0.160205  0.160285
  0.160368  0.160457  0.160549  0.160647  0.160749  0.160857  0.160970  0.161088
  0.161212  0.161343  0.161480  0.161624  0.161776  0.161935  0.162103  0.162280
  0.162467  0.162666  0.162881  0.163110  0.163354  0.163613  0.163886  0.164170
  0.164462  0.164757  0.165053  0.165349  0.165644  0.165937  0.166228  0.166518
  0.166810  0.167103  0.167395  0.167688  0.167980  0.168271  0.168557  0.168838
  0.169112  0.169379  0.169638  0.169890  0.170133  0.170369  0.170598  0.170820
  0.171035  0.171243  0.171444  0.171638  0.171825  0.172005  0.172178  0.172344
  0.172503  0.172655  0.172800  0.172945  0.173098  0.173260  0.173431  0.173612
  0.173803  0.174006  0.174220  0.174446  0.174685  0.174937  0.175204  0.175486
  0.175785  0.176100
  1.000000
 -0.013649 -0.013054 -0.012521 -0.012042 -0.011614 -0.011229 -0.010884 -0.010575
 -0.010298 -0.010050 -0.009827 -0.009627 -0.009448 -0.009288 -0.009144 -0.009015
 -0.008899 -0.008796 -0.008703 -0.008619 -0.008545 -0.008369 -0.008270 -0.008179
 -0.008089 -0.007995 -0.007896 -0.007793 -0.007685 -0.007571 -0.007453 -0.007328
 -0.007198 -0.007062 -0.006920 -0.006772 -0.006617 -0.006456 -0.006288 -0.006113
 -0.005931 -0.005742 -0.005545 -0.005340 -0.005126 -0.004904 -0.004672 -0.004431
 -0.004179 -0.003914 -0.003632 -0.003335 -0.003023 -0.002697 -0.002360 -0.002014
 -0.001665 -0.001320 -0.000980 -0.000645 -0.000319  0.000000  0.000311  0.000615
  0.000915  0.001210  0.001499  0.001783  0.002060  0.002331  0.002592  0.002843
  0.003083  0.003312  0.003530  0.003737  0.003935  0.004122  0.004301  0.004471
  0.004633  0.004787  0.004933  0.005072  0.005204  0.005328  0.005446  0.005558
  0.005663  0.005756  0.005731  0.005840  0.005954  0.006076  0.006204  0.006340
  0.006483  0.006635  0.006795  0.006964  0.007144  0.007333  0.007533  0.007745
  0.007968  0.008205
  1.000000
  0.000000  0.000000  0.000000  0.000000  0.000000  0.000000  0.000000  0.000000
  0.000000  0.000000  0.000000  0.000000  0.000000  0.000000  0.000000  0.000000
  0.000000  0.000000  0.000000  0.000000  0.000000  0.000232  0.000313  0.000365
  0.000402  0.000428  0.000446  0.000459  0.000471  0.000484  0.000497  0.000511
  0.000525  0.000540  0.000555  0.000571  0.000587  0.000603  0.000621  0.000638
  0.000656  0.000674  0.000693  0.000712  0.000731  0.000750  0.000770  0.000790
  0.000809  0.000829  0.000849  0.000869  0.000888  0.000906  0.000923  0.000939
  0.000952  0.000962  0.000970  0.000975  0.000977  0.000976  0.000973  0.000967
  0.000959  0.000948  0.000934  0.000917  0.000898  0.000876  0.000852  0.000826
  0.000798  0.000768  0.000738  0.000706  0.000673  0.000640  0.000606  0.000571
  0.000536  0.000501  0.000465  0.000430  0.000395  0.000360  0.000325  0.000291
  0.000258  0.000219  0.000000  0.000000  0.000000  0.000000  0.000000  0.000000
  0.000000  0.000000  0.000000  0.000000  0.000000  0.000000  0.000000  0.000000
  0.000000  0.000000
  1.000000
  0.300000  0.300000  0.300000  0.300000  0.300000  0.300000  0.300000  0.300000
  0.300000  0.300000  0.300000  0.300000  0.300000  0.300000  0.300000  0.300000
  0.300000  0.300000  0.300000  0.300000  0.300000  0.300000  0.300000  0.300000
  0.300000  0.300000  0.300000  0.300000  0.300000  0.300000  0.300000  0.300000
  0.300000  0.300000  0.300000  0.300000  0.300000  0.300000  0.300000  0.300000
  0.300000  0.300000  0.300000  0.300000  0.300000  0.300000  0.300000  0.300000
  0.300000  0.300000  0.300000  0.300000  0.300000  0.300000  0.300000  0.300000
  0.300000  0.300000  0.300000  0.300000  0.300000  0.300000  0.300000  0.300000
  0.300000  0.300000  0.300000  0.300000  0.300000  0.300000  0.300000  0.300000
  0.300000  0.300000  0.300000  0.300000  0.300000  0.300000  0.300000  0.300000
  0.300000  0.300000  0.300000  0.300000  0.300000  0.300000  0.300000  0.300000
  0.300000  0.300000  0.300000  0.300000  0.300000  0.300000  0.300000  0.300000
  0.300000  0.300000  0.300000  0.300000  0.300000  0.300000  0.300000  0.300000
  0.300000  0.300000
  1.000000
  0.156292  0.156677  0.157023  0.157333  0.157610  0.157859  0.158083  0.158283
  0.158462  0.158623  0.158767  0.158897  0.159013  0.159116  0.159210  0.159293
  0.159368  0.159435  0.159495  0.159549  0.159598  0.159646  0.159697  0.159750
  0.159805  0.159864  0.159925  0.159990  0.160058  0.160130  0.160205  0.160285
  0.160369  0.160457  0.160550  0.160647  0.160750  0.160857  0.160970  0.161089
  0.161213  0.161344  0.161481  0.161626  0.161777  0.161937  0.162105  0.162282
  0.162469  0.162668  0.162883  0.163112  0.163357  0.163616  0.163888  0.164173
  0.164465  0.164760  0.165056  0.165351  0.165646  0.165939  0.166230  0.166521
  0.166812  0.167105  0.167397  0.167690  0.167982  0.168273  0.168559  0.168839
  0.169113  0.169380  0.169639  0.169890  0.170134  0.170369  0.170598  0.170820
  0.171035  0.171243  0.171444  0.171638  0.171825  0.172004  0.172177  0.172343
  0.172502  0.172654  0.172799  0.172944  0.173097  0.173259  0.173430  0.173611
  0.173802  0.174004  0.174218  0.174444  0.174683  0.174936  0.175203  0.175486
  0.175785  0.176101
  1.000000
 -0.013257 -0.012679 -0.012161 -0.011697 -0.011281 -0.010908 -0.010573 -0.010273
 -0.010004 -0.009763 -0.009547 -0.009353 -0.009180 -0.009024 -0.008884 -0.008759
 -0.008647 -0.008546 -0.008456 -0.008375 -0.008303 -0.008131 -0.008034 -0.007946
 -0.007858 -0.007766 -0.007671 -0.007570 -0.007465 -0.007355 -0.007240 -0.007119
 -0.006993 -0.006861 -0.006723 -0.006578 -0.006428 -0.006271 -0.006108 -0.005939
 -0.005762 -0.005578 -0.005386 -0.005187 -0.004980 -0.004764 -0.004539 -0.004304
 -0.004059 -0.003802 -0.003528 -0.003239 -0.002936 -0.002619 -0.002292 -0.001956
 -0.001618 -0.001282 -0.000951 -0.000627 -0.000310  0.000000  0.000302  0.000597
  0.000888  0.001174  0.001456  0.001731  0.002000  0.002263  0.002516  0.002759
  0.002992  0.003214  0.003426  0.003627  0.003819  0.004000  0.004174  0.004339
  0.004496  0.004645  0.004787  0.004921  0.005049  0.005169  0.005284  0.005391
  0.005493  0.005584  0.005557  0.005663  0.005774  0.005892  0.006016  0.006148
  0.006287  0.006435  0.006590  0.006755  0.006929  0.007112  0.007307  0.007512
  0.007730  0.007960
  1.000000
  0.000000  0.000000  0.000000  0.000000  0.000000  0.000000  0.000000  0.000000
  0.000000  0.000000  0.000000  0.000000  0.000000  0.000000  0.000000  0.000000
  0.000000  0.000000  0.000000  0.000000  0.000000  0.000229  0.000309  0.000360
  0.000396  0.000422  0.000440  0.000452  0.000464  0.000477  0.000490  0.000503
  0.000517  0.000532  0.000547  0.000562  0.000578  0.000595  0.000611  0.000629
  0.000646  0.000664  0.000683  0.000701  0.000720  0.000739  0.000759  0.000778
  0.000798  0.000817  0.000837  0.000856  0.000875  0.000893  0.000910  0.000925
  0.000938  0.000948  0.000956  0.000960  0.000963  0.000962  0.000959  0.000953
  0.000945  0.000934  0.000920  0.000904  0.000885  0.000863  0.000839  0.000814
  0.000786  0.000757  0.000727  0.000696  0.000664  0.000631  0.000597  0.000563
  0.000528  0.000493  0.000459  0.000424  0.000389  0.000355  0.000321  0.000287
  0.000254  0.000216  0.000000  0.000000  0.000000  0.000000  0.000000  0.000000
  0.000000  0.000000  0.000000  0.000000  0.000000  0.000000  0.000000  0.000000
  0.000000  0.000000
  1.000000
  0.309870  0.309862  0.309854  0.309848  0.309842  0.309837  0.309832  0.309828
  0.309825  0.309822  0.309819  0.309817  0.309814  0.309812  0.309811  0.309809
  0.309807  0.309806  0.309805  0.309804  0.309803  0.309802  0.309800  0.309799
  0.309797  0.309795  0.309794  0.309792  0.309790  0.309787  0.309785  0.309782
  0.309779  0.309776  0.309773  0.309770  0.309766  0.309762  0.309757  0.309753
  0.309748  0.309742  0.309737  0.309730  0.309724  0.309716  0.309709  0.309700
  0.309691  0.309681  0.309670  0.309658  0.309644  0.309630  0.309614  0.309598
  0.309580  0.309562  0.309544  0.309524  0.309505  0.309486  0.309466  0.309446
  0.309426  0.309406  0.309385  0.309364  0.309343  0.309322  0.309301  0.309281
  0.309261  0.309241  0.309222  0.309204  0.309186  0.309168  0.309151  0.309135
  0.309120  0.309104  0.309090  0.309076  0.309062  0.309049  0.309037  0.309025
  0.309014  0.309003  0.308993  0.308981  0.308968  0.308955  0.308942  0.308929
  0.308915  0.308901  0.308888  0.308875  0.308862  0.308850  0.308841  0.308835
  0.308829  0.308825
  BLADE ROW NUMBER =       11                                           
  106   21   91  117    0    0    1    1    1    1    0    0    0    0    0    0
   12000.0  505420.1  505420.1  580389.4  580389.4   0.00000   12000.0
  1.000000
  0.176093  0.176478  0.176824  0.177134  0.177411  0.177660  0.177883  0.178083
  0.178263  0.178424  0.178568  0.178697  0.178813  0.178917  0.179010  0.179093
  0.179168  0.179236  0.179296  0.179350  0.179398  0.179446  0.179497  0.179550
  0.179605  0.179664  0.179725  0.179790  0.179858  0.179930  0.180005  0.180085
  0.180168  0.180257  0.180349  0.180447  0.180550  0.180657  0.180770  0.180888
  0.181013  0.181143  0.181281  0.181425  0.181577  0.181736  0.181904  0.182081
  0.182268  0.182467  0.182681  0.182911  0.183155  0.183414  0.183687  0.183971
  0.184263  0.184558  0.184854  0.185150  0.185445  0.185738  0.186029  0.186319
  0.186611  0.186903  0.187196  0.187489  0.187781  0.188072  0.188358  0.188639
  0.188913  0.189180  0.189439  0.189691  0.189934  0.190170  0.190399  0.190621
  0.190836  0.191044  0.191245  0.191439  0.191626  0.191807  0.191980  0.192146
  0.192305  0.192457  0.192602  0.192747  0.192901  0.193063  0.193234  0.193415
  0.193607  0.193810  0.194024  0.194250  0.194489  0.194742  0.195010  0.195292
  0.195591  0.195907
  1.000000
  0.011547  0.010986  0.010482  0.010031  0.009626  0.009264  0.008938  0.008647
  0.008385  0.008151  0.007941  0.007752  0.007583  0.007432  0.007296  0.007174
  0.007065  0.006967  0.006879  0.006801  0.006730  0.006807  0.006789  0.006754
  0.006706  0.006647  0.006577  0.006496  0.006409  0.006318  0.006222  0.006120
  0.006014  0.005902  0.005785  0.005662  0.005533  0.005399  0.005259  0.005112
  0.004959  0.004799  0.004631  0.004457  0.004275  0.004084  0.003885  0.003676
  0.003458  0.003227  0.002981  0.002720  0.002445  0.002156  0.001856  0.001546
  0.001232  0.000919  0.000608  0.000302  0.000000 -0.000296 -0.000586 -0.000873
 -0.001157 -0.001438 -0.001716 -0.001990 -0.002260 -0.002525 -0.002783 -0.003032
 -0.003273 -0.003504 -0.003726 -0.003939 -0.004142 -0.004337 -0.004525 -0.004704
 -0.004876 -0.005041 -0.005199 -0.005349 -0.005493 -0.005630 -0.005760 -0.005884
 -0.006002 -0.006114 -0.006285 -0.006379 -0.006478 -0.006583 -0.006694 -0.006811
 -0.006934 -0.007065 -0.007204 -0.007350 -0.007505 -0.007668 -0.007841 -0.008023
 -0.008217 -0.008421
  1.000000
  0.000000  0.000000  0.000000  0.000000  0.000000  0.000000  0.000000  0.000000
  0.000000  0.000000  0.000000  0.000000  0.000000  0.000000  0.000000  0.000000
  0.000000  0.000000  0.000000  0.000000  0.000000  0.000271  0.000352  0.000407
  0.000450  0.000484  0.000510  0.000530  0.000549  0.000567  0.000585  0.000603
  0.000621  0.000639  0.000657  0.000675  0.000692  0.000709  0.000727  0.000743
  0.000760  0.000776  0.000792  0.000808  0.000823  0.000838  0.000852  0.000865
  0.000878  0.000890  0.000901  0.000911  0.000919  0.000926  0.000931  0.000933
  0.000934  0.000932  0.000927  0.000921  0.000912  0.000901  0.000889  0.000874
  0.000858  0.000840  0.000821  0.000799  0.000776  0.000751  0.000726  0.000699
  0.000671  0.000643  0.000615  0.000587  0.000558  0.000529  0.000501  0.000472
  0.000444  0.000416  0.000388  0.000361  0.000334  0.000307  0.000282  0.000257
  0.000232  0.000204  0.000000  0.000000  0.000000  0.000000  0.000000  0.000000
  0.000000  0.000000  0.000000  0.000000  0.000000  0.000000  0.000000  0.000000
  0.000000  0.000000
  1.000000
  0.291175  0.291179  0.291181  0.291183  0.291186  0.291189  0.291193  0.291196
  0.291198  0.291201  0.291203  0.291205  0.291206  0.291208  0.291210  0.291211
  0.291212  0.291213  0.291214  0.291215  0.291216  0.291217  0.291219  0.291220
  0.291222  0.291224  0.291225  0.291227  0.291230  0.291232  0.291234  0.291237
  0.291240  0.291243  0.291246  0.291250  0.291254  0.291258  0.291262  0.291267
  0.291272  0.291277  0.291283  0.291289  0.291296  0.291304  0.291312  0.291320
  0.291329  0.291339  0.291350  0.291362  0.291375  0.291389  0.291404  0.291420
  0.291437  0.291454  0.291471  0.291489  0.291506  0.291524  0.291541  0.291558
  0.291575  0.291593  0.291610  0.291627  0.291644  0.291660  0.291676  0.291691
  0.291706  0.291719  0.291733  0.291745  0.291757  0.291768  0.291778  0.291787
  0.291796  0.291805  0.291812  0.291819  0.291826  0.291832  0.291838  0.291843
  0.291847  0.291851  0.291855  0.291858  0.291860  0.291863  0.291866  0.291869
  0.291872  0.291875  0.291878  0.291881  0.291884  0.291888  0.291891  0.291895
  0.291898  0.291902
  1.000000
  0.176097  0.176482  0.176827  0.177136  0.177413  0.177662  0.177885  0.178085
  0.178264  0.178425  0.178569  0.178698  0.178814  0.178917  0.179010  0.179094
  0.179169  0.179236  0.179296  0.179350  0.179398  0.179446  0.179497  0.179550
  0.179605  0.179664  0.179725  0.179790  0.179858  0.179929  0.180005  0.180084
  0.180168  0.180256  0.180349  0.180447  0.180549  0.180657  0.180769  0.180888
  0.181012  0.181143  0.181280  0.181424  0.181576  0.181735  0.181903  0.182080
  0.182267  0.182467  0.182681  0.182910  0.183155  0.183414  0.183686  0.183971
  0.184263  0.184558  0.184854  0.185150  0.185445  0.185738  0.186029  0.186319
  0.186611  0.186904  0.187197  0.187490  0.187782  0.188073  0.188359  0.188640
  0.188914  0.189181  0.189440  0.189692  0.189935  0.190171  0.190400  0.190622
  0.190837  0.191045  0.191246  0.191440  0.191627  0.191807  0.191980  0.192146
  0.192305  0.192457  0.192602  0.192747  0.192900  0.193062  0.193234  0.193415
  0.193606  0.193808  0.194022  0.194248  0.194487  0.194740  0.195007  0.195289
  0.195588  0.195903
  1.000000
  0.012370  0.011774  0.011241  0.010762  0.010333  0.009949  0.009604  0.009295
  0.009018  0.008769  0.008547  0.008347  0.008168  0.008007  0.007863  0.007734
  0.007619  0.007515  0.007422  0.007338  0.007264  0.007343  0.007324  0.007286
  0.007235  0.007173  0.007098  0.007012  0.006920  0.006823  0.006720  0.006612
  0.006499  0.006380  0.006254  0.006123  0.005986  0.005842  0.005692  0.005535
  0.005371  0.005199  0.005020  0.004832  0.004636  0.004432  0.004217  0.003993
  0.003757  0.003508  0.003243  0.002961  0.002663  0.002350  0.002024  0.001687
  0.001345  0.001004  0.000665  0.000330  0.000000 -0.000325 -0.000643 -0.000958
 -0.001271 -0.001581 -0.001888 -0.002191 -0.002490 -0.002784 -0.003071 -0.003348
 -0.003617 -0.003875 -0.004124 -0.004362 -0.004590 -0.004810 -0.005021 -0.005223
 -0.005418 -0.005604 -0.005782 -0.005953 -0.006116 -0.006272 -0.006421 -0.006563
 -0.006697 -0.006825 -0.007015 -0.007124 -0.007238 -0.007360 -0.007488 -0.007624
 -0.007767 -0.007919 -0.008079 -0.008249 -0.008428 -0.008617 -0.008817 -0.009029
 -0.009253 -0.009489
  1.000000
  0.000000  0.000000  0.000000  0.000000  0.000000  0.000000  0.000000  0.000000
  0.000000  0.000000  0.000000  0.000000  0.000000  0.000000  0.000000  0.000000
  0.000000  0.000000  0.000000  0.000000  0.000000  0.000283  0.000368  0.000425
  0.000470  0.000507  0.000535  0.000556  0.000575  0.000595  0.000614  0.000633
  0.000651  0.000670  0.000689  0.000707  0.000726  0.000744  0.000762  0.000780
  0.000797  0.000814  0.000831  0.000847  0.000863  0.000878  0.000893  0.000907
  0.000920  0.000933  0.000944  0.000955  0.000964  0.000971  0.000976  0.000979
  0.000979  0.000977  0.000972  0.000965  0.000956  0.000945  0.000932  0.000917
  0.000900  0.000881  0.000860  0.000837  0.000813  0.000788  0.000761  0.000733
  0.000704  0.000675  0.000645  0.000615  0.000585  0.000555  0.000525  0.000495
  0.000465  0.000436  0.000407  0.000378  0.000350  0.000322  0.000295  0.000269
  0.000243  0.000213  0.000000  0.000000  0.000000  0.000000  0.000000  0.000000
  0.000000  0.000000  0.000000  0.000000  0.000000  0.000000  0.000000  0.000000
  0.000000  0.000000
  1.000000
  0.300000  0.300000  0.300000  0.300000  0.300000  0.300000  0.300000  0.300000
  0.300000  0.300000  0.300000  0.300000  0.300000  0.300000  0.300000  0.300000
  0.300000  0.300000  0.300000  0.300000  0.300000  0.300000  0.300000  0.300000
  0.300000  0.300000  0.300000  0.300000  0.300000  0.300000  0.300000  0.300000
  0.300000  0.300000  0.300000  0.300000  0.300000  0.300000  0.300000  0.300000
  0.300000  0.300000  0.300000  0.300000  0.300000  0.300000  0.300000  0.300000
  0.300000  0.300000  0.300000  0.300000  0.300000  0.300000  0.300000  0.300000
  0.300000  0.300000  0.300000  0.300000  0.300000  0.300000  0.300000  0.300000
  0.300000  0.300000  0.300000  0.300000  0.300000  0.300000  0.300000  0.300000
  0.300000  0.300000  0.300000  0.300000  0.300000  0.300000  0.300000  0.300000
  0.300000  0.300000  0.300000  0.300000  0.300000  0.300000  0.300000  0.300000
  0.300000  0.300000  0.300000  0.300000  0.300000  0.300000  0.300000  0.300000
  0.300000  0.300000  0.300000  0.300000  0.300000  0.300000  0.300000  0.300000
  0.300000  0.300000
  1.000000
  0.176094  0.176479  0.176824  0.177134  0.177412  0.177661  0.177884  0.178084
  0.178263  0.178424  0.178568  0.178697  0.178813  0.178917  0.179010  0.179094
  0.179169  0.179236  0.179296  0.179350  0.179398  0.179447  0.179497  0.179550
  0.179606  0.179664  0.179726  0.179790  0.179858  0.179930  0.180006  0.180085
  0.180169  0.180257  0.180350  0.180448  0.180550  0.180658  0.180770  0.180889
  0.181013  0.181144  0.181281  0.181425  0.181577  0.181736  0.181904  0.182082
  0.182269  0.182468  0.182682  0.182911  0.183156  0.183415  0.183687  0.183972
  0.184264  0.184558  0.184854  0.185150  0.185445  0.185738  0.186029  0.186320
  0.186611  0.186904  0.187197  0.187489  0.187782  0.188072  0.188358  0.188639
  0.188913  0.189180  0.189440  0.189691  0.189934  0.190170  0.190399  0.190621
  0.190837  0.191045  0.191246  0.191440  0.191627  0.191807  0.191980  0.192146
  0.192305  0.192457  0.192602  0.192748  0.192901  0.193063  0.193235  0.193416
  0.193607  0.193810  0.194024  0.194250  0.194490  0.194743  0.195010  0.195293
  0.195592  0.195907
  1.000000
  0.013207  0.012577  0.012013  0.011506  0.011053  0.010646  0.010281  0.009954
  0.009660  0.009398  0.009162  0.008951  0.008761  0.008591  0.008439  0.008302
  0.008180  0.008070  0.007972  0.007884  0.007804  0.007887  0.007866  0.007826
  0.007772  0.007706  0.007627  0.007536  0.007438  0.007335  0.007226  0.007111
  0.006990  0.006864  0.006730  0.006590  0.006444  0.006291  0.006131  0.005963
  0.005788  0.005605  0.005413  0.005212  0.005003  0.004784  0.004554  0.004313
  0.004060  0.003793  0.003507  0.003204  0.002882  0.002545  0.002193  0.001829
  0.001460  0.001090  0.000723  0.000359  0.000000 -0.000353 -0.000700 -0.001044
 -0.001385 -0.001724 -0.002060 -0.002393 -0.002721 -0.003045 -0.003360 -0.003666
 -0.003963 -0.004248 -0.004523 -0.004787 -0.005041 -0.005284 -0.005519 -0.005744
 -0.005961 -0.006169 -0.006368 -0.006559 -0.006742 -0.006917 -0.007084 -0.007243
 -0.007394 -0.007538 -0.007747 -0.007870 -0.008001 -0.008139 -0.008285 -0.008439
 -0.008602 -0.008774 -0.008956 -0.009149 -0.009352 -0.009567 -0.009795 -0.010035
 -0.010289 -0.010558
  1.000000
  0.000000  0.000000  0.000000  0.000000  0.000000  0.000000  0.000000  0.000000
  0.000000  0.000000  0.000000  0.000000  0.000000  0.000000  0.000000  0.000000
  0.000000  0.000000  0.000000  0.000000  0.000000  0.000296  0.000385  0.000445
  0.000492  0.000531  0.000561  0.000584  0.000604  0.000624  0.000644  0.000664
  0.000684  0.000703  0.000723  0.000742  0.000762  0.000781  0.000800  0.000818
  0.000836  0.000854  0.000872  0.000889  0.000906  0.000922  0.000937  0.000952
  0.000966  0.000979  0.000991  0.001002  0.001012  0.001019  0.001024  0.001027
  0.001028  0.001025  0.001021  0.001013  0.001004  0.000992  0.000978  0.000962
  0.000944  0.000924  0.000903  0.000879  0.000853  0.000826  0.000798  0.000769
  0.000739  0.000708  0.000677  0.000646  0.000614  0.000583  0.000551  0.000520
  0.000488  0.000458  0.000427  0.000397  0.000367  0.000338  0.000310  0.000282
  0.000255  0.000222  0.000000  0.000000  0.000000  0.000000  0.000000  0.000000
  0.000000  0.000000  0.000000  0.000000  0.000000  0.000000  0.000000  0.000000
  0.000000  0.000000
  1.000000
  0.308825  0.308821  0.308819  0.308817  0.308814  0.308811  0.308807  0.308804
  0.308802  0.308799  0.308797  0.308795  0.308793  0.308792  0.308790  0.308789
  0.308788  0.308787  0.308786  0.308785  0.308784  0.308783  0.308781  0.308780
  0.308778  0.308776  0.308775  0.308773  0.308770  0.308768  0.308766  0.308763
  0.308760  0.308757  0.308754  0.308750  0.308746  0.308742  0.308738  0.308733
  0.308728  0.308723  0.308717  0.308710  0.308704  0.308696  0.308689  0.308680
  0.308671  0.308661  0.308650  0.308638  0.308625  0.308611  0.308596  0.308580
  0.308563  0.308546  0.308529  0.308511  0.308494  0.308476  0.308459  0.308442
  0.308424  0.308407  0.308390  0.308373  0.308356  0.308340  0.308324  0.308309
  0.308294  0.308280  0.308267  0.308255  0.308243  0.308232  0.308222  0.308213
  0.308204  0.308195  0.308188  0.308181  0.308174  0.308168  0.308162  0.308157
  0.308153  0.308149  0.308145  0.308142  0.308140  0.308137  0.308134  0.308131
  0.308128  0.308125  0.308122  0.308119  0.308116  0.308112  0.308109  0.308105
  0.308102  0.308098
  BLADE ROW NUMBER =       12                                           
  111   21   91  118    0    0    1    1    1    1    0    0    0    0    0    0
       0.0  580389.4  580389.4  662108.5  662108.5   0.00000       0.0
  1.000000
  0.192596  0.192981  0.193326  0.193636  0.193913  0.194162  0.194385  0.194585
  0.194764  0.194925  0.195069  0.195198  0.195314  0.195418  0.195511  0.195595
  0.195669  0.195737  0.195797  0.195851  0.195899  0.195947  0.195998  0.196051
  0.196106  0.196165  0.196226  0.196291  0.196359  0.196431  0.196506  0.196586
  0.196669  0.196757  0.196850  0.196948  0.197050  0.197158  0.197271  0.197389
  0.197514  0.197644  0.197782  0.197926  0.198077  0.198237  0.198405  0.198582
  0.198769  0.198968  0.199183  0.199412  0.199657  0.199916  0.200188  0.200473
  0.200765  0.201059  0.201356  0.201651  0.201946  0.202239  0.202530  0.202821
  0.203112  0.203405  0.203698  0.203991  0.204283  0.204574  0.204860  0.205141
  0.205415  0.205682  0.205941  0.206193  0.206436  0.206672  0.206901  0.207123
  0.207338  0.207546  0.207747  0.207941  0.208128  0.208308  0.208481  0.208647
  0.208806  0.208958  0.209103  0.209248  0.209405  0.209574  0.209756  0.209953
  0.210166  0.210396  0.210644  0.210911  0.211200  0.211512  0.211849  0.212212
  0.212605  0.213029  0.213486  0.213980  0.214513  0.215088  0.215710
  1.000000
 -0.014029 -0.013417 -0.012869 -0.012377 -0.011936 -0.011540 -0.011186 -0.010868
 -0.010583 -0.010327 -0.010098 -0.009893 -0.009709 -0.009544 -0.009396 -0.009263
 -0.009144 -0.009037 -0.008942 -0.008856 -0.008779 -0.008601 -0.008498 -0.008405
 -0.008312 -0.008216 -0.008114 -0.008008 -0.007897 -0.007781 -0.007659 -0.007531
 -0.007397 -0.007258 -0.007111 -0.006959 -0.006800 -0.006634 -0.006462 -0.006282
 -0.006095 -0.005901 -0.005698 -0.005487 -0.005268 -0.005040 -0.004802 -0.004554
 -0.004295 -0.004022 -0.003733 -0.003427 -0.003106 -0.002772 -0.002425 -0.002070
 -0.001712 -0.001357 -0.001007 -0.000663 -0.000328  0.000000  0.000319  0.000632
  0.000940  0.001244  0.001541  0.001833  0.002118  0.002396  0.002665  0.002923
  0.003170  0.003405  0.003630  0.003844  0.004046  0.004239  0.004424  0.004599
  0.004765  0.004924  0.005074  0.005217  0.005352  0.005481  0.005602  0.005717
  0.005825  0.005921  0.005897  0.006008  0.006129  0.006259  0.006399  0.006551
  0.006714  0.006891  0.007082  0.007288  0.007510  0.007750  0.008009  0.008288
  0.008590  0.008916  0.009267  0.009647  0.010057  0.010499  0.010977
  1.000000
  0.000000  0.000000  0.000000  0.000000  0.000000  0.000000  0.000000  0.000000
  0.000000  0.000000  0.000000  0.000000  0.000000  0.000000  0.000000  0.000000
  0.000000  0.000000  0.000000  0.000000  0.000000  0.000235  0.000318  0.000371
  0.000408  0.000435  0.000453  0.000466  0.000479  0.000491  0.000505  0.000519
  0.000533  0.000548  0.000564  0.000580  0.000596  0.000613  0.000630  0.000648
  0.000666  0.000685  0.000704  0.000723  0.000742  0.000762  0.000782  0.000802
  0.000822  0.000842  0.000862  0.000882  0.000902  0.000921  0.000938  0.000953
  0.000967  0.000977  0.000985  0.000990  0.000992  0.000992  0.000988  0.000983
  0.000974  0.000962  0.000948  0.000931  0.000912  0.000890  0.000865  0.000839
  0.000810  0.000780  0.000749  0.000717  0.000684  0.000650  0.000615  0.000580
  0.000544  0.000509  0.000473  0.000437  0.000401  0.000365  0.000330  0.000296
  0.000262  0.000222  0.000000  0.000000  0.000000  0.000000  0.000000  0.000000
  0.000000  0.000000  0.000000  0.000000  0.000000  0.000000  0.000000  0.000000
  0.000000  0.000000  0.000000  0.000000  0.000000  0.000000  0.000000
  1.000000
  0.291855  0.291862  0.291867  0.291872  0.291876  0.291880  0.291883  0.291886
  0.291888  0.291890  0.291892  0.291893  0.291895  0.291896  0.291897  0.291898
  0.291899  0.291900  0.291901  0.291901  0.291902  0.291903  0.291904  0.291905
  0.291906  0.291907  0.291909  0.291910  0.291911  0.291913  0.291915  0.291917
  0.291919  0.291921  0.291923  0.291925  0.291928  0.291931  0.291934  0.291937
  0.291941  0.291945  0.291949  0.291953  0.291958  0.291963  0.291969  0.291975
  0.291981  0.291988  0.291996  0.292004  0.292014  0.292024  0.292035  0.292046
  0.292058  0.292071  0.292083  0.292096  0.292109  0.292122  0.292135  0.292148
  0.292161  0.292175  0.292188  0.292201  0.292214  0.292227  0.292240  0.292253
  0.292265  0.292276  0.292287  0.292298  0.292308  0.292318  0.292327  0.292336
  0.292344  0.292352  0.292360  0.292367  0.292373  0.292380  0.292386  0.292391
  0.292397  0.292401  0.292406  0.292408  0.292411  0.292413  0.292416  0.292418
  0.292421  0.292424  0.292427  0.292430  0.292433  0.292436  0.292439  0.292442
  0.292445  0.292447  0.292450  0.292452  0.292454  0.292455  0.292456
  1.000000
  0.192598  0.192983  0.193328  0.193637  0.193914  0.194163  0.194386  0.194586
  0.194765  0.194926  0.195070  0.195199  0.195315  0.195418  0.195511  0.195595
  0.195670  0.195737  0.195797  0.195851  0.195899  0.195947  0.195998  0.196051
  0.196106  0.196165  0.196226  0.196291  0.196359  0.196430  0.196506  0.196585
  0.196669  0.196757  0.196850  0.196948  0.197050  0.197157  0.197270  0.197389
  0.197513  0.197644  0.197781  0.197925  0.198077  0.198236  0.198404  0.198581
  0.198768  0.198968  0.199182  0.199411  0.199656  0.199915  0.200187  0.200472
  0.200764  0.201059  0.201355  0.201651  0.201946  0.202239  0.202530  0.202820
  0.203112  0.203405  0.203698  0.203991  0.204283  0.204574  0.204860  0.205141
  0.205415  0.205682  0.205941  0.206193  0.206436  0.206672  0.206901  0.207123
  0.207338  0.207546  0.207747  0.207941  0.208128  0.208308  0.208481  0.208647
  0.208806  0.208958  0.209103  0.209248  0.209405  0.209574  0.209756  0.209953
  0.210165  0.210395  0.210643  0.210910  0.211199  0.211511  0.211847  0.212210
  0.212603  0.213026  0.213483  0.213977  0.214509  0.215084  0.215705
  1.000000
 -0.013652 -0.013057 -0.012524 -0.012045 -0.011616 -0.011232 -0.010887 -0.010578
 -0.010301 -0.010052 -0.009829 -0.009630 -0.009451 -0.009290 -0.009146 -0.009017
 -0.008901 -0.008798 -0.008705 -0.008621 -0.008546 -0.008371 -0.008272 -0.008181
 -0.008091 -0.007996 -0.007898 -0.007794 -0.007686 -0.007573 -0.007454 -0.007330
 -0.007200 -0.007064 -0.006922 -0.006773 -0.006618 -0.006457 -0.006289 -0.006115
 -0.005933 -0.005743 -0.005546 -0.005341 -0.005127 -0.004905 -0.004673 -0.004432
 -0.004180 -0.003915 -0.003633 -0.003336 -0.003023 -0.002697 -0.002360 -0.002014
 -0.001666 -0.001320 -0.000980 -0.000646 -0.000319  0.000000  0.000311  0.000615
  0.000915  0.001210  0.001500  0.001783  0.002061  0.002331  0.002592  0.002843
  0.003083  0.003312  0.003531  0.003738  0.003935  0.004123  0.004302  0.004472
  0.004634  0.004788  0.004934  0.005073  0.005205  0.005329  0.005447  0.005559
  0.005664  0.005757  0.005732  0.005841  0.005958  0.006085  0.006222  0.006369
  0.006528  0.006700  0.006886  0.007087  0.007303  0.007537  0.007789  0.008061
  0.008355  0.008672  0.009015  0.009385  0.009784  0.010215  0.010680
  1.000000
  0.000000  0.000000  0.000000  0.000000  0.000000  0.000000  0.000000  0.000000
  0.000000  0.000000  0.000000  0.000000  0.000000  0.000000  0.000000  0.000000
  0.000000  0.000000  0.000000  0.000000  0.000000  0.000232  0.000313  0.000365
  0.000402  0.000428  0.000446  0.000459  0.000471  0.000484  0.000497  0.000511
  0.000525  0.000540  0.000555  0.000571  0.000587  0.000604  0.000621  0.000638
  0.000656  0.000674  0.000693  0.000712  0.000731  0.000751  0.000770  0.000790
  0.000810  0.000829  0.000849  0.000869  0.000888  0.000907  0.000924  0.000939
  0.000952  0.000962  0.000970  0.000975  0.000977  0.000977  0.000973  0.000968
  0.000959  0.000948  0.000934  0.000917  0.000898  0.000876  0.000852  0.000826
  0.000798  0.000769  0.000738  0.000706  0.000673  0.000640  0.000606  0.000571
  0.000536  0.000501  0.000465  0.000430  0.000395  0.000360  0.000325  0.000291
  0.000258  0.000219  0.000000  0.000000  0.000000  0.000000  0.000000  0.000000
  0.000000  0.000000  0.000000  0.000000  0.000000  0.000000  0.000000  0.000000
  0.000000  0.000000  0.000000  0.000000  0.000000  0.000000  0.000000
  1.000000
  0.300000  0.300000  0.300000  0.300000  0.300000  0.300000  0.300000  0.300000
  0.300000  0.300000  0.300000  0.300000  0.300000  0.300000  0.300000  0.300000
  0.300000  0.300000  0.300000  0.300000  0.300000  0.300000  0.300000  0.300000
  0.300000  0.300000  0.300000  0.300000  0.300000  0.300000  0.300000  0.300000
  0.300000  0.300000  0.300000  0.300000  0.300000  0.300000  0.300000  0.300000
  0.300000  0.300000  0.300000  0.300000  0.300000  0.300000  0.300000  0.300000
  0.300000  0.300000  0.300000  0.300000  0.300000  0.300000  0.300000  0.300000
  0.300000  0.300000  0.300000  0.300000  0.300000  0.300000  0.300000  0.300000
  0.300000  0.300000  0.300000  0.300000  0.300000  0.300000  0.300000  0.300000
  0.300000  0.300000  0.300000  0.300000  0.300000  0.300000  0.300000  0.300000
  0.300000  0.300000  0.300000  0.300000  0.300000  0.300000  0.300000  0.300000
  0.300000  0.300000  0.300000  0.300000  0.300000  0.300000  0.300000  0.300000
  0.300000  0.300000  0.300000  0.300000  0.300000  0.300000  0.300000  0.300000
  0.300000  0.300000  0.300000  0.300000  0.300000  0.300000  0.300000
  1.000000
  0.192596  0.192981  0.193326  0.193636  0.193913  0.194162  0.194385  0.194585
  0.194764  0.194925  0.195069  0.195198  0.195314  0.195418  0.195511  0.195594
  0.195669  0.195736  0.195797  0.195851  0.195899  0.195947  0.195998  0.196051
  0.196106  0.196165  0.196226  0.196291  0.196359  0.196430  0.196506  0.196585
  0.196669  0.196757  0.196850  0.196948  0.197050  0.197158  0.197271  0.197389
  0.197513  0.197644  0.197782  0.197926  0.198077  0.198237  0.198405  0.198582
  0.198769  0.198968  0.199182  0.199412  0.199656  0.199915  0.200188  0.200472
  0.200765  0.201059  0.201355  0.201651  0.201946  0.202239  0.202530  0.202821
  0.203112  0.203405  0.203698  0.203991  0.204283  0.204574  0.204860  0.205141
  0.205415  0.205682  0.205941  0.206192  0.206436  0.206672  0.206901  0.207123
  0.207338  0.207546  0.207747  0.207941  0.208128  0.208308  0.208481  0.208647
  0.208806  0.208958  0.209103  0.209248  0.209405  0.209574  0.209756  0.209953
  0.210166  0.210396  0.210644  0.210911  0.211200  0.211512  0.211849  0.212212
  0.212605  0.213028  0.213486  0.213980  0.214513  0.215088  0.215710
  1.000000
 -0.013314 -0.012734 -0.012214 -0.011748 -0.011330 -0.010955 -0.010619 -0.010318
 -0.010047 -0.009805 -0.009588 -0.009394 -0.009219 -0.009063 -0.008922 -0.008797
 -0.008684 -0.008583 -0.008492 -0.008411 -0.008338 -0.008166 -0.008069 -0.007980
 -0.007892 -0.007800 -0.007704 -0.007603 -0.007497 -0.007387 -0.007271 -0.007150
 -0.007023 -0.006890 -0.006752 -0.006607 -0.006456 -0.006298 -0.006135 -0.005964
 -0.005787 -0.005602 -0.005409 -0.005209 -0.005001 -0.004784 -0.004558 -0.004323
 -0.004077 -0.003818 -0.003543 -0.003253 -0.002949 -0.002631 -0.002302 -0.001965
 -0.001625 -0.001288 -0.000955 -0.000630 -0.000311  0.000000  0.000303  0.000600
  0.000892  0.001180  0.001462  0.001739  0.002009  0.002273  0.002527  0.002772
  0.003006  0.003229  0.003442  0.003644  0.003836  0.004019  0.004193  0.004359
  0.004517  0.004666  0.004809  0.004944  0.005072  0.005194  0.005308  0.005417
  0.005519  0.005610  0.005584  0.005690  0.005804  0.005928  0.006061  0.006206
  0.006361  0.006529  0.006710  0.006906  0.007117  0.007345  0.007591  0.007857
  0.008144  0.008453  0.008788  0.009149  0.009539  0.009959  0.010413
  1.000000
  0.000000  0.000000  0.000000  0.000000  0.000000  0.000000  0.000000  0.000000
  0.000000  0.000000  0.000000  0.000000  0.000000  0.000000  0.000000  0.000000
  0.000000  0.000000  0.000000  0.000000  0.000000  0.000229  0.000309  0.000361
  0.000397  0.000423  0.000441  0.000453  0.000465  0.000478  0.000491  0.000504
  0.000518  0.000533  0.000548  0.000563  0.000579  0.000596  0.000613  0.000630
  0.000648  0.000666  0.000684  0.000703  0.000722  0.000741  0.000760  0.000780
  0.000799  0.000819  0.000838  0.000858  0.000877  0.000895  0.000912  0.000927
  0.000939  0.000950  0.000957  0.000962  0.000964  0.000964  0.000961  0.000955
  0.000947  0.000935  0.000922  0.000905  0.000886  0.000865  0.000841  0.000815
  0.000788  0.000759  0.000728  0.000697  0.000665  0.000632  0.000598  0.000564
  0.000529  0.000494  0.000459  0.000424  0.000390  0.000355  0.000321  0.000288
  0.000255  0.000217  0.000000  0.000000  0.000000  0.000000  0.000000  0.000000
  0.000000  0.000000  0.000000  0.000000  0.000000  0.000000  0.000000  0.000000
  0.000000  0.000000  0.000000  0.000000  0.000000  0.000000  0.000000
  1.000000
  0.308145  0.308138  0.308133  0.308128  0.308124  0.308120  0.308117  0.308114
  0.308112  0.308110  0.308108  0.308107  0.308105  0.308104  0.308103  0.308102
  0.308101  0.308100  0.308099  0.308099  0.308098  0.308097  0.308096  0.308095
  0.308094  0.308093  0.308091  0.308090  0.308089  0.308087  0.308085  0.308083
  0.308082  0.308079  0.308077  0.308075  0.308072  0.308069  0.308066  0.308063
  0.308059  0.308055  0.308051  0.308047  0.308042  0.308037  0.308031  0.308025
  0.308019  0.308012  0.308004  0.307995  0.307986  0.307976  0.307965  0.307954
  0.307942  0.307929  0.307917  0.307904  0.307891  0.307878  0.307865  0.307852
  0.307838  0.307825  0.307812  0.307799  0.307786  0.307773  0.307760  0.307747
  0.307735  0.307724  0.307713  0.307702  0.307692  0.307682  0.307673  0.307664
  0.307656  0.307648  0.307640  0.307633  0.307627  0.307620  0.307614  0.307609
  0.307603  0.307599  0.307594  0.307592  0.307589  0.307587  0.307584  0.307582
  0.307579  0.307576  0.307573  0.307570  0.307567  0.307564  0.307561  0.307558
  0.307555  0.307553  0.307550  0.307548  0.307546  0.307545  0.307544
   1005.03   1.40000   0.40000   0.00500   0.00500   2.00000
 10.000000**********  0.400000  0.200000  0.100000  0.000000  0.001000  0.500000
   76640.2   76640.2  662108.5  662108.5
  101320.0  101320.0  101320.0  101320.0  101320.0  101320.0  101320.0  101320.0
  101320.0  101320.0  101320.0  101320.0  101320.0  101320.0  101320.0  101320.0
  101320.0  101320.0  101320.0  101320.0  101320.0  101320.0  101320.0  101320.0
  101320.0  101320.0  101320.0  101320.0  101320.0  101320.0  101320.0  101320.0
  101320.0  101320.0  101320.0  101320.0  101320.0
     288.1     288.1     288.1     288.1     288.1     288.1     288.1     288.1
     288.1     288.1     288.1     288.1     288.1     288.1     288.1     288.1
     288.1     288.1     288.1     288.1     288.1     288.1     288.1     288.1
     288.1     288.1     288.1     288.1     288.1     288.1     288.1     288.1
     288.1     288.1     288.1     288.1     288.1
  0.000000  0.000000  0.000000  0.000000  0.000000  0.000000  0.000000  0.000000
  0.000000  0.000000  0.000000  0.000000  0.000000  0.000000  0.000000  0.000000
  0.000000  0.000000  0.000000  0.000000  0.000000  0.000000  0.000000  0.000000
  0.000000  0.000000  0.000000  0.000000  0.000000  0.000000  0.000000  0.000000
  0.000000  0.000000  0.000000  0.000000  0.000000
166.026749166.026749166.026764166.026764166.026749166.026749166.026749166.026749
166.026749166.026749166.026749166.026749166.026749166.026749166.026749166.026749
166.026749166.026749166.026749166.026749166.026749166.026749166.026749166.026749
166.026749166.026749166.026749166.026749166.026749166.026749166.026749166.026749
166.026749166.026749166.026749166.026749166.026749
 38.009865 38.009869 38.009865 38.009865 38.009865 38.009861 38.009865 38.009865
 38.009865 38.009865 38.009865 38.009865 38.009865 38.009865 38.009865 38.009865
 38.009869 38.009865 38.009865 38.009865 38.009865 38.009865 38.009865 38.009865
 38.009865 38.009865 38.009865 38.009865 38.009865 38.009865 38.009865 38.009865
 38.009865 38.009865 38.009865 38.009865 38.009865
 -0.669694 -0.665683 -0.660669 -0.654401 -0.646566 -0.636773 -0.624531 -0.609229
 -0.590102 -0.566192 -0.536305 -0.498946 -0.452248 -0.393875 -0.320909 -0.240682
 -0.160454 -0.080227  0.000000  0.080227  0.160454  0.240682  0.320909  0.393875
  0.452248  0.498946  0.536305  0.566192  0.590102  0.609229  0.624531  0.636773
  0.646566  0.654401  0.660669  0.665683  0.669694
  1.000000  1.250000  1.562500  1.953125  2.441406  3.051758  3.814697  4.768372
  5.960464  7.450581  9.313226 11.641532 14.551915 18.189894 20.000000 20.000000
 20.000000 20.000000 20.000000 20.000000 20.000000 20.000000 18.189894 14.551915
 11.641532  9.313226  7.450581  5.960464  4.768372  3.814697  3.051758  2.441406
  1.953125  1.562500  1.250000  1.000000
  1.000000  1.250000  1.562500  1.953125  2.441406  3.051758  3.814697  4.768372
  5.960464  7.450581  9.313226 11.641532 14.551915 18.189894 20.000000 20.000000
 20.000000 20.000000 20.000000 20.000000 20.000000 20.000000 18.189894 14.551915
 11.641532  9.313226  7.450581  5.960464  4.768372  3.814697  3.051758  2.441406
  1.953125  1.562500  1.250000  1.000000
 9000 9000 9000 9000 9000
 0 0 0 0 0 0 0 0 0 0 0 0 0 0 0 0 0 0 0 0
 0 0 0 0 0 0 0 0 0 0 0 0 0 0 0 0 0 0 0 0 0 0 0 0 0 0 0 0 0 0 0 0 0 0 0 0 0
  800000.0     0.500     0.000     0.800    3000.0     1.000     0.000
  0.025000  0.800000  1.000000  0.800000
  0.050000  0.050000  0.050000  0.050000  0.050000  0.030000
  0.050000  0.050000  0.050000  0.050000  0.050000  0.030000
  0.050000  0.050000  0.050000  0.050000  0.050000  0.030000
  0.050000  0.050000  0.050000  0.050000  0.050000  0.030000
  0.050000  0.050000  0.050000  0.050000  0.050000  0.030000
  0.050000  0.050000  0.050000  0.050000  0.050000  0.030000
  0.050000  0.050000  0.050000  0.050000  0.050000  0.030000
  0.050000  0.050000  0.050000  0.050000  0.050000  0.030000
  0.050000  0.050000  0.050000  0.050000  0.050000  0.030000
  0.050000  0.050000  0.050000  0.050000  0.050000  0.030000
  0.050000  0.050000  0.050000  0.050000  0.050000  0.030000
  0.050000  0.050000  0.050000  0.050000  0.050000  0.030000
   2.00000 1000
   1   1   2   2   3   3   4   4   5   5   6   6
  7.500000 25.000000
