   287.149994       1.39999998    
          37          37
   1.25000000       20.0000000    
   1.25000000       20.0000000    
           4           3
          25          70          15
   IIN     XIN       REL SPACING 
    1       0.00000   0.50000
    2       0.10000   0.70000
    3       0.20000   1.00000
    4       0.30000   1.40000
    5       0.40000   2.00000
    6       0.50000   3.00000
    7       0.60000   3.00000
    8       0.70000   3.00000
    9       0.80000   2.50000
   10       0.90000   2.00000
   11       1.00000   1.50000

 INTERPOLATED POSITIONS OF THE GRID POINTS ON THE BLADE
 AND THE RELATIVE SPACING OF THE POINTS 

    1       0.00000   0.50000
    2       0.01449   0.52279
    3       0.02899   0.54768
    4       0.04348   0.57467
    5       0.05797   0.60376
    6       0.07246   0.63495
    7       0.08696   0.66824
    8       0.10145   0.70363
    9       0.11594   0.74113
   10       0.13043   0.78072
   11       0.14493   0.82241
   12       0.15942   0.86620
   13       0.17391   0.91210
   14       0.18841   0.96009
   15       0.20290   1.00970
   16       0.21739   1.05957
   17       0.23188   1.11190
   18       0.24638   1.16701
   19       0.26087   1.22518
   20       0.27536   1.28674
   21       0.28986   1.35198
   22       0.30435   1.42048
   23       0.31884   1.49170
   24       0.33333   1.56790
   25       0.34783   1.64971
   26       0.36232   1.73773
   27       0.37681   1.83256
   28       0.39130   1.93482
   29       0.40580   2.06053
   30       0.42029   2.21595
   31       0.43478   2.37380
   32       0.44928   2.52982
   33       0.46377   2.67976
   34       0.47826   2.81935
   35       0.49275   2.94432
   36       0.50725   3.02159
   37       0.52174   3.05055
   38       0.53623   3.06306
   39       0.55072   3.06219
   40       0.56522   3.05096
   41       0.57971   3.03242
   42       0.59420   3.00963
   43       0.60870   3.00719
   44       0.62319   3.01828
   45       0.63768   3.02694
   46       0.65217   3.03164
   47       0.66667   3.03086
   48       0.68116   3.02308
   49       0.69565   3.00678
   50       0.71014   2.96370
   51       0.72464   2.90395
   52       0.73913   2.83628
   53       0.75362   2.76222
   54       0.76812   2.68329
   55       0.78261   2.60101
   56       0.79710   2.51691
   57       0.81159   2.44203
   58       0.82609   2.36957
   59       0.84058   2.29710
   60       0.85507   2.22464
   61       0.86957   2.15217
   62       0.88406   2.07971
   63       0.89855   2.00725
   64       0.91304   1.93478
   65       0.92754   1.86232
   66       0.94203   1.78985
   67       0.95652   1.71739
   68       0.97101   1.64493
   69       0.98551   1.57246
   70       1.00000   1.50000

  BLADE TRUE CHORD:AXIAL CHORD RATIO =    1.58895051    


    TKLE      TKTE      TKMAX     XTMAX     XMODLE     XMODTE    TK_TYP 
    0.0400    0.0400    0.1000    0.5000    0.0200    0.0100    2.0000


 FCHORD=    1.00000000      FPERP=    0.00000000     FTKSCALE=    1.00000000    


  CENTRELINE COORDINATES AND THICKNESS FOR INTYPE = 1

    XIN        YIN       TKIN 
   0.00000   0.00000   0.06356
   0.00006  -0.00014   0.06358
   0.00025  -0.00058   0.06365
   0.00056  -0.00130   0.06377
   0.00100  -0.00231   0.06394
   0.00156  -0.00361   0.06415
   0.00224  -0.00520   0.06441
   0.00305  -0.00706   0.06472
   0.00398  -0.00921   0.06507
   0.00504  -0.01163   0.06547
   0.00622  -0.01433   0.06591
   0.00752  -0.01729   0.06640
   0.00895  -0.02053   0.06694
   0.01049  -0.02402   0.06752
   0.01216  -0.02777   0.06814
   0.01395  -0.03177   0.06880
   0.01587  -0.03602   0.06951
   0.01790  -0.04050   0.07026
   0.02005  -0.04522   0.07105
   0.02232  -0.05016   0.07188
   0.02472  -0.05533   0.07275
   0.02723  -0.06070   0.07366
   0.02985  -0.06628   0.07460
   0.03260  -0.07206   0.07558
   0.03546  -0.07802   0.07660
   0.03844  -0.08417   0.07765
   0.04153  -0.09048   0.07874
   0.04474  -0.09695   0.07986
   0.04806  -0.10358   0.08100
   0.05149  -0.11035   0.08218
   0.05504  -0.11725   0.08339
   0.05869  -0.12428   0.08463
   0.06246  -0.13141   0.08589
   0.06633  -0.13865   0.08718
   0.07031  -0.14598   0.08849
   0.07440  -0.15338   0.08982
   0.07860  -0.16086   0.09118
   0.08290  -0.16839   0.09255
   0.08730  -0.17597   0.09394
   0.09181  -0.18358   0.09536
   0.09642  -0.19121   0.09678
   0.10113  -0.19886   0.09822
   0.10594  -0.20650   0.09968
   0.11085  -0.21413   0.10114
   0.11585  -0.22173   0.10262
   0.12095  -0.22930   0.10410
   0.12615  -0.23681   0.10560
   0.13144  -0.24426   0.10709
   0.13682  -0.25164   0.10859
   0.14229  -0.25893   0.11010
   0.14784  -0.26612   0.11160
   0.15349  -0.27320   0.11311
   0.15923  -0.28015   0.11461
   0.16504  -0.28697   0.11611
   0.17095  -0.29364   0.11760
   0.17693  -0.30014   0.11909
   0.18299  -0.30648   0.12057
   0.18914  -0.31263   0.12204
   0.19536  -0.31858   0.12350
   0.20166  -0.32433   0.12495
   0.20803  -0.32986   0.12639
   0.21447  -0.33515   0.12780
   0.22099  -0.34021   0.12921
   0.22757  -0.34501   0.13059
   0.23422  -0.34954   0.13196
   0.24094  -0.35381   0.13330
   0.24772  -0.35778   0.13463
   0.25457  -0.36146   0.13592
   0.26148  -0.36484   0.13720
   0.26845  -0.36790   0.13845
   0.27547  -0.37064   0.13967
   0.28255  -0.37304   0.14086
   0.28968  -0.37510   0.14203
   0.29687  -0.37680   0.14316
   0.30411  -0.37815   0.14426
   0.31140  -0.37913   0.14533
   0.31873  -0.37974   0.14636
   0.32611  -0.37996   0.14736
   0.33353  -0.37979   0.14833
   0.34099  -0.37922   0.14925
   0.34850  -0.37826   0.15014
   0.35604  -0.37688   0.15099
   0.36362  -0.37509   0.15180
   0.37123  -0.37288   0.15257
   0.37887  -0.37024   0.15330
   0.38654  -0.36718   0.15399
   0.39424  -0.36368   0.15463
   0.40197  -0.35975   0.15523
   0.40972  -0.35537   0.15579
   0.41750  -0.35056   0.15630
   0.42529  -0.34530   0.15677
   0.43311  -0.33959   0.15719
   0.44094  -0.33343   0.15756
   0.44878  -0.32682   0.15789
   0.45664  -0.31977   0.15818
   0.46451  -0.31226   0.15841
   0.47239  -0.30430   0.15860
   0.48027  -0.29590   0.15875
   0.48816  -0.28704   0.15884
   0.49605  -0.27774   0.15889
   0.50395  -0.26799   0.15889
   0.51184  -0.25780   0.15884
   0.51973  -0.24718   0.15875
   0.52761  -0.23611   0.15860
   0.53549  -0.22461   0.15841
   0.54336  -0.21269   0.15818
   0.55122  -0.20034   0.15789
   0.55906  -0.18757   0.15756
   0.56689  -0.17439   0.15719
   0.57471  -0.16080   0.15677
   0.58250  -0.14681   0.15630
   0.59028  -0.13242   0.15579
   0.59803  -0.11765   0.15523
   0.60576  -0.10250   0.15463
   0.61346  -0.08698   0.15399
   0.62113  -0.07109   0.15330
   0.62877  -0.05485   0.15257
   0.63638  -0.03827   0.15180
   0.64396  -0.02135   0.15099
   0.65150  -0.00410   0.15014
   0.65901   0.01346   0.14925
   0.66647   0.03133   0.14833
   0.67389   0.04949   0.14736
   0.68127   0.06793   0.14636
   0.68860   0.08665   0.14533
   0.69589   0.10562   0.14426
   0.70313   0.12485   0.14316
   0.71031   0.14430   0.14203
   0.71745   0.16398   0.14086
   0.72453   0.18387   0.13967
   0.73155   0.20395   0.13845
   0.73852   0.22422   0.13720
   0.74543   0.24465   0.13592
   0.75228   0.26524   0.13463
   0.75906   0.28597   0.13330
   0.76578   0.30682   0.13196
   0.77243   0.32779   0.13059
   0.77901   0.34885   0.12921
   0.78553   0.37000   0.12780
   0.79197   0.39121   0.12639
   0.79834   0.41247   0.12495
   0.80464   0.43377   0.12350
   0.81086   0.45508   0.12204
   0.81701   0.47641   0.12057
   0.82307   0.49772   0.11909
   0.82905   0.51900   0.11760
   0.83496   0.54025   0.11611
   0.84077   0.56144   0.11461
   0.84651   0.58255   0.11311
   0.85216   0.60357   0.11160
   0.85771   0.62449   0.11010
   0.86318   0.64529   0.10859
   0.86856   0.66595   0.10709
   0.87385   0.68646   0.10560
   0.87905   0.70681   0.10410
   0.88415   0.72697   0.10262
   0.88915   0.74693   0.10114
   0.89406   0.76668   0.09968
   0.89887   0.78620   0.09822
   0.90358   0.80547   0.09678
   0.90819   0.82449   0.09536
   0.91270   0.84323   0.09394
   0.91710   0.86169   0.09255
   0.92140   0.87984   0.09118
   0.92560   0.89768   0.08982
   0.92969   0.91519   0.08849
   0.93367   0.93235   0.08718
   0.93754   0.94916   0.08589
   0.94131   0.96559   0.08463
   0.94496   0.98164   0.08339
   0.94851   0.99730   0.08218
   0.95194   1.01254   0.08100
   0.95526   1.02737   0.07986
   0.95847   1.04177   0.07874
   0.96156   1.05572   0.07765
   0.96454   1.06921   0.07660
   0.96740   1.08225   0.07558
   0.97015   1.09480   0.07460
   0.97277   1.10687   0.07366
   0.97528   1.11845   0.07275
   0.97768   1.12952   0.07188
   0.97995   1.14007   0.07105
   0.98210   1.15011   0.07026
   0.98413   1.15961   0.06951
   0.98605   1.16858   0.06880
   0.98784   1.17701   0.06814
   0.98951   1.18488   0.06752
   0.99105   1.19220   0.06694
   0.99248   1.19895   0.06640
   0.99378   1.20513   0.06591
   0.99496   1.21074   0.06547
   0.99602   1.21577   0.06507
   0.99695   1.22022   0.06472
   0.99776   1.22408   0.06441
   0.99844   1.22735   0.06415
   0.99900   1.23004   0.06394
   0.99944   1.23213   0.06377
   0.99975   1.23362   0.06365
   0.99994   1.23451   0.06358
   1.00000   1.23481   0.06356

  BLADE SURFACE COORDINATES GENERATED USING INTYPE = 1

  XUP          YUP       XLOW      YLOW 
   0.00001   0.03178  -0.00001  -0.03178
   0.00007   0.03165   0.00005  -0.03194
   0.00026   0.03125   0.00024  -0.03241
   0.00057   0.03058   0.00055  -0.03319
   0.00101   0.02965   0.00099  -0.03428
   0.00157   0.02846   0.00155  -0.03569
   0.00225   0.02701   0.00223  -0.03740
   0.00306   0.02530   0.00304  -0.03942
   0.00399   0.02333   0.00397  -0.04174
   0.00505   0.02110   0.00503  -0.04437
   0.00623   0.01863   0.00621  -0.04729
   0.00753   0.01591   0.00751  -0.05050
   0.00896   0.01294   0.00894  -0.05400
   0.01050   0.00974   0.01048  -0.05778
   0.01217   0.00630   0.01215  -0.06184
   0.01396   0.00263   0.01394  -0.06617
   0.01588  -0.00126   0.01586  -0.07077
   0.01791  -0.00537   0.01789  -0.07563
   0.02006  -0.00969   0.02004  -0.08074
   0.02233  -0.01422   0.02231  -0.08610
   0.02473  -0.01895   0.02471  -0.09170
   0.02724  -0.02387   0.02722  -0.09753
   0.02986  -0.02898   0.02984  -0.10358
   0.03261  -0.03427   0.03259  -0.10985
   0.03547  -0.03972   0.03545  -0.11632
   0.03845  -0.04534   0.03843  -0.12299
   0.04154  -0.05111   0.04152  -0.12985
   0.04475  -0.05703   0.04473  -0.13688
   0.04807  -0.06308   0.04805  -0.14408
   0.05150  -0.06926   0.05148  -0.15144
   0.05505  -0.07556   0.05503  -0.15895
   0.05870  -0.08196   0.05868  -0.16659
   0.06247  -0.08847   0.06245  -0.17436
   0.06634  -0.09506   0.06632  -0.18224
   0.07032  -0.10173   0.07030  -0.19022
   0.07441  -0.10847   0.07439  -0.19829
   0.07861  -0.11527   0.07859  -0.20645
   0.08291  -0.12212   0.08289  -0.21467
   0.08731  -0.12900   0.08729  -0.22294
   0.09182  -0.13590   0.09180  -0.23126
   0.09643  -0.14282   0.09641  -0.23961
   0.10114  -0.14975   0.10112  -0.24797
   0.10595  -0.15666   0.10593  -0.25634
   0.11086  -0.16356   0.11084  -0.26470
   0.11586  -0.17042   0.11584  -0.27304
   0.12096  -0.17724   0.12094  -0.28135
   0.12616  -0.18401   0.12614  -0.28961
   0.13145  -0.19072   0.13143  -0.29781
   0.13683  -0.19734   0.13681  -0.30594
   0.14230  -0.20388   0.14228  -0.31398
   0.14785  -0.21032   0.14783  -0.32192
   0.15350  -0.21664   0.15348  -0.32975
   0.15924  -0.22284   0.15922  -0.33745
   0.16505  -0.22891   0.16503  -0.34502
   0.17096  -0.23483   0.17094  -0.35244
   0.17694  -0.24060   0.17692  -0.35969
   0.18300  -0.24619   0.18298  -0.36676
   0.18915  -0.25161   0.18913  -0.37365
   0.19537  -0.25683   0.19535  -0.38034
   0.20167  -0.26186   0.20165  -0.38681
   0.20804  -0.26666   0.20802  -0.39305
   0.21448  -0.27125   0.21446  -0.39906
   0.22100  -0.27560   0.22098  -0.40481
   0.22758  -0.27971   0.22756  -0.41030
   0.23423  -0.28357   0.23421  -0.41552
   0.24095  -0.28716   0.24093  -0.42046
   0.24773  -0.29047   0.24771  -0.42510
   0.25458  -0.29350   0.25456  -0.42943
   0.26149  -0.29624   0.26147  -0.43344
   0.26846  -0.29868   0.26844  -0.43712
   0.27548  -0.30080   0.27546  -0.44047
   0.28256  -0.30261   0.28254  -0.44347
   0.28969  -0.30408   0.28967  -0.44611
   0.29688  -0.30522   0.29686  -0.44838
   0.30412  -0.30602   0.30410  -0.45028
   0.31141  -0.30647   0.31139  -0.45180
   0.31874  -0.30655   0.31872  -0.45292
   0.32612  -0.30628   0.32610  -0.45364
   0.33354  -0.30563   0.33352  -0.45395
   0.34100  -0.30460   0.34098  -0.45385
   0.34851  -0.30319   0.34849  -0.45333
   0.35605  -0.30138   0.35603  -0.45238
   0.36363  -0.29919   0.36361  -0.45099
   0.37124  -0.29659   0.37122  -0.44916
   0.37888  -0.29359   0.37886  -0.44689
   0.38655  -0.29018   0.38653  -0.44417
   0.39425  -0.28637   0.39423  -0.44100
   0.40198  -0.28213   0.40196  -0.43736
   0.40973  -0.27748   0.40971  -0.43327
   0.41751  -0.27241   0.41749  -0.42871
   0.42530  -0.26691   0.42528  -0.42368
   0.43312  -0.26099   0.43310  -0.41818
   0.44095  -0.25465   0.44093  -0.41221
   0.44879  -0.24788   0.44877  -0.40577
   0.45665  -0.24068   0.45663  -0.39886
   0.46452  -0.23305   0.46450  -0.39147
   0.47240  -0.22500   0.47238  -0.38361
   0.48028  -0.21652   0.48026  -0.37527
   0.48817  -0.20762   0.48815  -0.36646
   0.49606  -0.19830   0.49604  -0.35719
   0.50396  -0.18855   0.50394  -0.34744
   0.51185  -0.17838   0.51183  -0.33723
   0.51974  -0.16780   0.51972  -0.32655
   0.52762  -0.15681   0.52760  -0.31541
   0.53550  -0.14541   0.53548  -0.30382
   0.54337  -0.13360   0.54335  -0.29178
   0.55123  -0.12139   0.55121  -0.27928
   0.55907  -0.10879   0.55905  -0.26635
   0.56690  -0.09579   0.56688  -0.25298
   0.57472  -0.08241   0.57470  -0.23918
   0.58251  -0.06866   0.58249  -0.22496
   0.59029  -0.05453   0.59027  -0.21032
   0.59804  -0.04004   0.59802  -0.19527
   0.60577  -0.02519   0.60575  -0.17982
   0.61347  -0.00999   0.61345  -0.16397
   0.62114   0.00556   0.62112  -0.14774
   0.62878   0.02143   0.62876  -0.13114
   0.63639   0.03763   0.63637  -0.11417
   0.64397   0.05415   0.64395  -0.09684
   0.65151   0.07097   0.65149  -0.07917
   0.65902   0.08809   0.65900  -0.06117
   0.66648   0.10549   0.66646  -0.04284
   0.67390   0.12317   0.67388  -0.02419
   0.68128   0.14111   0.68126  -0.00525
   0.68861   0.15931   0.68859   0.01398
   0.69590   0.17775   0.69588   0.03349
   0.70314   0.19643   0.70312   0.05327
   0.71033   0.21532   0.71030   0.07329
   0.71746   0.23441   0.71744   0.09355
   0.72454   0.25370   0.72452   0.11403
   0.73156   0.27318   0.73154   0.13473
   0.73853   0.29282   0.73851   0.15562
   0.74544   0.31262   0.74542   0.17669
   0.75229   0.33255   0.75227   0.19793
   0.75907   0.35262   0.75905   0.21932
   0.76579   0.37280   0.76577   0.24085
   0.77244   0.39309   0.77242   0.26249
   0.77902   0.41346   0.77900   0.28425
   0.78554   0.43390   0.78552   0.30609
   0.79198   0.45440   0.79196   0.32801
   0.79835   0.47494   0.79833   0.34999
   0.80465   0.49552   0.80463   0.37201
   0.81087   0.51610   0.81085   0.39406
   0.81702   0.53669   0.81700   0.41612
   0.82308   0.55726   0.82306   0.43817
   0.82906   0.57781   0.82904   0.46020
   0.83497   0.59830   0.83495   0.48219
   0.84078   0.61874   0.84076   0.50413
   0.84652   0.63910   0.84650   0.52600
   0.85217   0.65937   0.85215   0.54777
   0.85772   0.67954   0.85770   0.56944
   0.86319   0.69959   0.86317   0.59099
   0.86857   0.71950   0.86855   0.61241
   0.87386   0.73926   0.87384   0.63367
   0.87906   0.75886   0.87904   0.65476
   0.88416   0.77828   0.88414   0.67566
   0.88916   0.79750   0.88914   0.69636
   0.89407   0.81652   0.89405   0.71684
   0.89888   0.83531   0.89886   0.73709
   0.90359   0.85386   0.90357   0.75708
   0.90820   0.87217   0.90818   0.77681
   0.91271   0.89021   0.91269   0.79626
   0.91711   0.90796   0.91709   0.81541
   0.92141   0.92543   0.92139   0.83425
   0.92561   0.94259   0.92559   0.85277
   0.92970   0.95943   0.92968   0.87094
   0.93368   0.97594   0.93366   0.88876
   0.93755   0.99210   0.93753   0.90621
   0.94132   1.00790   0.94130   0.92328
   0.94497   1.02334   0.94495   0.93995
   0.94852   1.03839   0.94850   0.95621
   0.95195   1.05305   0.95193   0.97204
   0.95527   1.06730   0.95525   0.98744
   0.95848   1.08114   0.95846   1.00240
   0.96157   1.09454   0.96155   1.01689
   0.96455   1.10752   0.96453   1.03091
   0.96741   1.12004   0.96739   1.04445
   0.97016   1.13210   0.97014   1.05750
   0.97278   1.14370   0.97276   1.07004
   0.97529   1.15482   0.97527   1.08207
   0.97769   1.16546   0.97767   1.09358
   0.97996   1.17560   0.97994   1.10455
   0.98211   1.18524   0.98209   1.11498
   0.98414   1.19437   0.98412   1.12486
   0.98606   1.20299   0.98604   1.13418
   0.98785   1.21108   0.98783   1.14294
   0.98952   1.21864   0.98950   1.15112
   0.99106   1.22566   0.99104   1.15873
   0.99249   1.23215   0.99247   1.16574
   0.99379   1.23809   0.99377   1.17217
   0.99497   1.24347   0.99495   1.17800
   0.99603   1.24831   0.99601   1.18323
   0.99696   1.25258   0.99694   1.18786
   0.99777   1.25629   0.99775   1.19188
   0.99845   1.25943   0.99843   1.19528
   0.99901   1.26201   0.99899   1.19807
   0.99945   1.26401   0.99943   1.20024
   0.99976   1.26544   0.99974   1.20179
   0.99995   1.26631   0.99993   1.20272
   1.00001   1.26659   0.99999   1.20303

XIN,   MODIFIED LEADING EDGE THICKNESS     0.00000     0.00000
XIN,   MODIFIED LEADING EDGE THICKNESS     0.00006     0.09652
XIN,   MODIFIED LEADING EDGE THICKNESS     0.00025     0.19214
XIN,   MODIFIED LEADING EDGE THICKNESS     0.00056     0.28594
XIN,   MODIFIED LEADING EDGE THICKNESS     0.00100     0.37704
XIN,   MODIFIED LEADING EDGE THICKNESS     0.00156     0.46457
XIN,   MODIFIED LEADING EDGE THICKNESS     0.00224     0.54766
XIN,   MODIFIED LEADING EDGE THICKNESS     0.00305     0.62551
XIN,   MODIFIED LEADING EDGE THICKNESS     0.00398     0.69735
XIN,   MODIFIED LEADING EDGE THICKNESS     0.00504     0.76246
XIN,   MODIFIED LEADING EDGE THICKNESS     0.00622     0.82022
XIN,   MODIFIED LEADING EDGE THICKNESS     0.00752     0.87008
XIN,   MODIFIED LEADING EDGE THICKNESS     0.00895     0.91166
XIN,   MODIFIED LEADING EDGE THICKNESS     0.01049     0.94477
XIN,   MODIFIED LEADING EDGE THICKNESS     0.01216     0.96944
XIN,   MODIFIED LEADING EDGE THICKNESS     0.01395     0.98609
XIN,   MODIFIED LEADING EDGE THICKNESS     0.01587     0.99557
XIN,   MODIFIED LEADING EDGE THICKNESS     0.01790     0.99942
 XIN,   MODIFIED TRAILING EDGE THICKNESS     0.99105     0.99442
 XIN,   MODIFIED TRAILING EDGE THICKNESS     0.99248     0.96876
 XIN,   MODIFIED TRAILING EDGE THICKNESS     0.99378     0.92571
 XIN,   MODIFIED TRAILING EDGE THICKNESS     0.99496     0.86823
 XIN,   MODIFIED TRAILING EDGE THICKNESS     0.99602     0.79867
 XIN,   MODIFIED TRAILING EDGE THICKNESS     0.99695     0.71900
 XIN,   MODIFIED TRAILING EDGE THICKNESS     0.99776     0.63090
 XIN,   MODIFIED TRAILING EDGE THICKNESS     0.99844     0.53585
 XIN,   MODIFIED TRAILING EDGE THICKNESS     0.99900     0.43519
 XIN,   MODIFIED TRAILING EDGE THICKNESS     0.99944     0.33013
 XIN,   MODIFIED TRAILING EDGE THICKNESS     0.99975     0.22186
 XIN,   MODIFIED TRAILING EDGE THICKNESS     0.99994     0.11144
 XIN,   MODIFIED TRAILING EDGE THICKNESS     1.00000     0.00000

  POINTS NEARLY PERPENDICULAR TO THE CENTRE LINE BEFORE THINNING 
        N        XUPP      YUPP        XLOW        YLOW 
         1     0.01260     0.00542    -0.01080    -0.00464
         2     0.01267     0.00528    -0.01074    -0.00479
         3     0.01288     0.00486    -0.01056    -0.00523
         4     0.01322     0.00415    -0.01027    -0.00597
         5     0.01370     0.00317    -0.00986    -0.00700
         6     0.01432     0.00190    -0.00933    -0.00832
         7     0.01508     0.00036    -0.00869    -0.00993
         8     0.01597    -0.00146    -0.00794    -0.01183
         9     0.01700    -0.00354    -0.00707    -0.01402
        10     0.01817    -0.00590    -0.00609    -0.01649
        11     0.01948    -0.00851    -0.00499    -0.01924
        12     0.02092    -0.01140    -0.00379    -0.02227
        13     0.02249    -0.01454    -0.00248    -0.02557
        14     0.02421    -0.01792    -0.00106    -0.02915
        15     0.02606    -0.02156     0.00047    -0.03299
        16     0.02804    -0.02544     0.00211    -0.03709
        17     0.03016    -0.02956     0.00385    -0.04144
        18     0.03242    -0.03388     0.00571    -0.04604
        19     0.03481    -0.03844     0.00767    -0.05089
        20     0.03733    -0.04323     0.00974    -0.05597
        21     0.03999    -0.04821     0.01192    -0.06127
        22     0.04279    -0.05340     0.01421    -0.06681
        23     0.04571    -0.05878     0.01660    -0.07255
        24     0.04877    -0.06434     0.01910    -0.07850
        25     0.05196    -0.07007     0.02170    -0.08465
        26     0.05528    -0.07596     0.02441    -0.09099
        27     0.05873    -0.08201     0.02722    -0.09751
        28     0.06231    -0.08816     0.03013    -0.10423
        29     0.06603    -0.09448     0.03314    -0.11110
        30     0.06987    -0.10093     0.03626    -0.11812
        31     0.07384    -0.10749     0.03947    -0.12530
        32     0.07794    -0.11415     0.04278    -0.13261
        33     0.08217    -0.12089     0.04619    -0.14005
        34     0.08652    -0.12772     0.04970    -0.14761
        35     0.09100    -0.13460     0.05330    -0.15528
        36     0.09561    -0.14153     0.05700    -0.16306
        37     0.10033    -0.14851     0.06079    -0.17092
        38     0.10518    -0.15550     0.06467    -0.17887
        39     0.11015    -0.16251     0.06865    -0.18689
        40     0.11524    -0.16951     0.07272    -0.19497
        41     0.12045    -0.17649     0.07688    -0.20311
        42     0.12578    -0.18344     0.08113    -0.21129
        43     0.13121    -0.19034     0.08547    -0.21950
        44     0.13676    -0.19717     0.08990    -0.22773
        45     0.14243    -0.20403     0.09442    -0.23598
        46     0.14820    -0.21070     0.09903    -0.24423
        47     0.15407    -0.21726     0.10373    -0.25248
        48     0.16004    -0.22368     0.10852    -0.26072
        49     0.16611    -0.22997     0.11339    -0.26894
        50     0.17227    -0.23609     0.11836    -0.27712
        51     0.17850    -0.24203     0.12342    -0.28527
        52     0.18482    -0.24778     0.12858    -0.29337
        53     0.19120    -0.25332     0.13383    -0.30142
        54     0.19764    -0.25863     0.13918    -0.30941
        55     0.20413    -0.26369     0.14464    -0.31734
        56     0.21065    -0.26850     0.15021    -0.32518
        57     0.21719    -0.27303     0.15588    -0.33296
        58     0.22373    -0.27728     0.16168    -0.34064
        59     0.23026    -0.28124     0.16761    -0.34823
        60     0.23675    -0.28489     0.17368    -0.35573
        61     0.24318    -0.28823     0.17989    -0.36313
        62     0.24953    -0.29126     0.18627    -0.37041
        63     0.25578    -0.29397     0.19283    -0.37758
        64     0.26188    -0.29638     0.19958    -0.38461
        65     0.26785    -0.29833     0.20654    -0.39151
        66     0.27364    -0.30015     0.21374    -0.39826
        67     0.27922    -0.30171     0.22119    -0.40499
        68     0.28457    -0.30301     0.22894    -0.41138
        69     0.28968    -0.30391     0.23700    -0.41754
        70     0.29457    -0.30478     0.24540    -0.42344
        71     0.29921    -0.30546     0.25414    -0.42901
        72     0.30361    -0.30581     0.26328    -0.43439
        73     0.30781    -0.30620     0.27281    -0.43914
        74     0.31178    -0.30647     0.28273    -0.44354
        75     0.31560    -0.30646     0.29304    -0.44713
        76     0.31928    -0.30653     0.30369    -0.45000
        77     0.32286    -0.30634     0.31464    -0.45226
        78     0.32639    -0.30625     0.32583    -0.45342
        79     0.32990    -0.30590     0.33717    -0.45385
        80     0.33347    -0.30545     0.34857    -0.45332
        81     0.33711    -0.30509     0.35993    -0.45161
        82     0.34090    -0.30443     0.37118    -0.44896
        83     0.34486    -0.30382     0.38221    -0.44566
        84     0.34905    -0.30305     0.39302    -0.44134
        85     0.35348    -0.30191     0.40353    -0.43652
        86     0.35820    -0.30074     0.41373    -0.43085
        87     0.36324    -0.29912     0.42364    -0.42459
        88     0.36857    -0.29742     0.43326    -0.41806
        89     0.37424    -0.29538     0.44257    -0.41086
        90     0.38024    -0.29298     0.45161    -0.40324
        91     0.38656    -0.29018     0.46043    -0.39524
        92     0.39316    -0.28676     0.46903    -0.38687
        93     0.40004    -0.28308     0.47743    -0.37816
        94     0.40718    -0.27892     0.48567    -0.36912
        95     0.41456    -0.27425     0.49377    -0.35974
        96     0.42215    -0.26906     0.50173    -0.35004
        97     0.42993    -0.26333     0.50958    -0.34001
        98     0.43787    -0.25707     0.51734    -0.32966
        99     0.44594    -0.25026     0.52501    -0.31897
       100     0.45412    -0.24290     0.53261    -0.30794
       101     0.46241    -0.23499     0.54016    -0.29658
       102     0.47077    -0.22654     0.54764    -0.28488
       103     0.47919    -0.21754     0.55509    -0.27283
       104     0.48766    -0.20802     0.56249    -0.26043
       105     0.49616    -0.19817     0.56986    -0.24769
       106     0.50467    -0.18762     0.57720    -0.23459
       107     0.51320    -0.17656     0.58451    -0.22114
       108     0.52173    -0.16501     0.59180    -0.20733
       109     0.53027    -0.15296     0.59906    -0.19318
       110     0.53879    -0.14043     0.60630    -0.17868
       111     0.54730    -0.12744     0.61352    -0.16383
       112     0.55579    -0.11399     0.62070    -0.14843
       113     0.56426    -0.10009     0.62787    -0.13292
       114     0.57270    -0.08576     0.63501    -0.11707
       115     0.58110    -0.07101     0.64213    -0.10089
       116     0.58948    -0.05584     0.64922    -0.08438
       117     0.59781    -0.04028     0.65630    -0.06756
       118     0.60609    -0.02454     0.66334    -0.05042
       119     0.61433    -0.00824     0.67036    -0.03297
       120     0.62252     0.00843     0.67736    -0.01523
       121     0.63066     0.02544     0.68432     0.00280
       122     0.63876     0.04280     0.69125     0.02112
       123     0.64679     0.06047     0.69815     0.03970
       124     0.65478     0.07846     0.70501     0.05855
       125     0.66271     0.09674     0.71184     0.07765
       126     0.67058     0.11530     0.71863     0.09698
       127     0.67838     0.13414     0.72537     0.11655
       128     0.68613     0.15323     0.73208     0.13634
       129     0.69381     0.17256     0.73874     0.15633
       130     0.70143     0.19212     0.74536     0.17669
       131     0.70898     0.21190     0.75193     0.19705
       132     0.71646     0.23187     0.75845     0.21757
       133     0.72387     0.25202     0.76492     0.23825
       134     0.73121     0.27234     0.77133     0.25907
       135     0.73847     0.29281     0.77769     0.28002
       136     0.74566     0.31326     0.78400     0.30109
       137     0.75277     0.33398     0.79025     0.32226
       138     0.75980     0.35482     0.79644     0.34352
       139     0.76675     0.37574     0.80256     0.36485
       140     0.77362     0.39675     0.80863     0.38624
       141     0.78041     0.41781     0.81463     0.40767
       142     0.78712     0.43892     0.82056     0.42914
       143     0.79374     0.46006     0.82643     0.45061
       144     0.80027     0.48121     0.83222     0.47209
       145     0.80671     0.50236     0.83795     0.49354
       146     0.81307     0.52349     0.84360     0.51497
       147     0.81934     0.54458     0.84918     0.53635
       148     0.82551     0.56562     0.85468     0.55766
       149     0.83159     0.58660     0.86010     0.57890
       150     0.83758     0.60749     0.86544     0.60004
       151     0.84347     0.62828     0.87071     0.62108
       152     0.84926     0.64896     0.87589     0.64198
       153     0.85495     0.66951     0.88098     0.66275
       154     0.86055     0.68991     0.88600     0.68336
       155     0.86604     0.71014     0.89092     0.70380
       156     0.87143     0.73020     0.89576     0.72405
       157     0.87672     0.75006     0.90051     0.74410
       158     0.88190     0.76971     0.90517     0.76394
       159     0.88698     0.78914     0.90974     0.78354
       160     0.89195     0.80833     0.91421     0.80289
       161     0.89681     0.82726     0.91859     0.82199
       162     0.90157     0.84592     0.92287     0.84080
       163     0.90621     0.86430     0.92706     0.85933
       164     0.91074     0.88238     0.93115     0.87755
       165     0.91517     0.90015     0.93514     0.89545
       166     0.91947     0.91758     0.93903     0.91302
       167     0.92367     0.93468     0.94282     0.93024
       168     0.92775     0.95142     0.94651     0.94710
       169     0.93171     0.96780     0.95010     0.96359
       170     0.93556     0.98379     0.95358     0.97970
       171     0.93929     0.99939     0.95696     0.99540
       172     0.94290     1.01458     0.96023     1.01070
       173     0.94639     1.02936     0.96339     1.02557
       174     0.94976     1.04371     0.96645     1.04001
       175     0.95301     1.05761     0.96940     1.05400
       176     0.95614     1.07106     0.97224     1.06754
       177     0.95915     1.08405     0.97496     1.08061
       178     0.96204     1.09657     0.97758     1.09320
       179     0.96480     1.10860     0.98009     1.10528
       180     0.96743     1.12014     0.98248     1.11689
       181     0.96995     1.13120     0.98477     1.12799
       182     0.97233     1.14173     0.98693     1.13858
       183     0.97459     1.15173     0.98899     1.14864
       184     0.97673     1.16120     0.99093     1.15817
       185     0.97873     1.17014     0.99276     1.16716
       186     0.98062     1.17854     0.99447     1.17560
       187     0.98237     1.18639     0.99606     1.18349
       188     0.98399     1.19370     0.99754     1.19083
       189     0.98549     1.20043     0.99890     1.19759
       190     0.98685     1.20659     1.00014     1.20379
       191     0.98809     1.21218     1.00127     1.20941
       192     0.98920     1.21721     1.00228     1.21446
       193     0.99018     1.22164     1.00318     1.21891
       194     0.99103     1.22550     1.00395     1.22279
       195     0.99174     1.22876     1.00461     1.22607
       196     0.99233     1.23144     1.00515     1.22875
       197     0.99279     1.23351     1.00557     1.23085
       198     0.99312     1.23500     1.00587     1.23234
       199     0.99331     1.23590     1.00605     1.23324
       200     0.99338     1.23620     1.00611     1.23354
  COORDINATES GOING ROUND THE BLADE AFTER ANY ROTATION
     N        XSURF        YSURF 
         1     0.00147     0.00063
         2     0.00210     0.00073
         3     0.00341     0.00078
         4     0.00484     0.00054
         5     0.00636     0.00000
         6     0.00799    -0.00083
         7     0.00970    -0.00196
         8     0.01150    -0.00340
         9     0.01336    -0.00512
        10     0.01529    -0.00716
        11     0.01728    -0.00947
        12     0.01931    -0.01210
        13     0.02139    -0.01503
        14     0.02351    -0.01823
        15     0.02567    -0.02173
        16     0.02786    -0.02552
        17     0.03011    -0.02958
        18     0.03241    -0.03388
        19     0.03481    -0.03844
        20     0.03733    -0.04323
        21     0.03999    -0.04821
        22     0.04279    -0.05340
        23     0.04571    -0.05878
        24     0.04877    -0.06434
        25     0.05196    -0.07007
        26     0.05528    -0.07596
        27     0.05873    -0.08201
        28     0.06231    -0.08816
        29     0.06603    -0.09448
        30     0.06987    -0.10093
        31     0.07384    -0.10749
        32     0.07794    -0.11415
        33     0.08217    -0.12089
        34     0.08652    -0.12772
        35     0.09100    -0.13460
        36     0.09561    -0.14153
        37     0.10033    -0.14851
        38     0.10518    -0.15550
        39     0.11015    -0.16251
        40     0.11524    -0.16951
        41     0.12045    -0.17649
        42     0.12578    -0.18344
        43     0.13121    -0.19034
        44     0.13676    -0.19717
        45     0.14243    -0.20403
        46     0.14820    -0.21070
        47     0.15407    -0.21726
        48     0.16004    -0.22368
        49     0.16611    -0.22997
        50     0.17227    -0.23609
        51     0.17850    -0.24203
        52     0.18482    -0.24778
        53     0.19120    -0.25332
        54     0.19764    -0.25863
        55     0.20413    -0.26369
        56     0.21065    -0.26850
        57     0.21719    -0.27303
        58     0.22373    -0.27728
        59     0.23026    -0.28124
        60     0.23675    -0.28489
        61     0.24318    -0.28823
        62     0.24953    -0.29126
        63     0.25578    -0.29397
        64     0.26188    -0.29638
        65     0.26785    -0.29833
        66     0.27364    -0.30015
        67     0.27922    -0.30171
        68     0.28457    -0.30301
        69     0.28968    -0.30391
        70     0.29457    -0.30478
        71     0.29921    -0.30546
        72     0.30361    -0.30581
        73     0.30781    -0.30620
        74     0.31178    -0.30647
        75     0.31560    -0.30646
        76     0.31928    -0.30653
        77     0.32286    -0.30634
        78     0.32639    -0.30625
        79     0.32990    -0.30590
        80     0.33347    -0.30545
        81     0.33711    -0.30509
        82     0.34090    -0.30443
        83     0.34486    -0.30382
        84     0.34905    -0.30305
        85     0.35348    -0.30191
        86     0.35820    -0.30074
        87     0.36324    -0.29912
        88     0.36857    -0.29742
        89     0.37424    -0.29538
        90     0.38024    -0.29298
        91     0.38656    -0.29018
        92     0.39316    -0.28676
        93     0.40004    -0.28308
        94     0.40718    -0.27892
        95     0.41456    -0.27425
        96     0.42215    -0.26906
        97     0.42993    -0.26333
        98     0.43787    -0.25707
        99     0.44594    -0.25026
       100     0.45412    -0.24290
       101     0.46241    -0.23499
       102     0.47077    -0.22654
       103     0.47919    -0.21754
       104     0.48766    -0.20802
       105     0.49616    -0.19817
       106     0.50467    -0.18762
       107     0.51320    -0.17656
       108     0.52173    -0.16501
       109     0.53027    -0.15296
       110     0.53879    -0.14043
       111     0.54730    -0.12744
       112     0.55579    -0.11399
       113     0.56426    -0.10009
       114     0.57270    -0.08576
       115     0.58110    -0.07101
       116     0.58948    -0.05584
       117     0.59781    -0.04028
       118     0.60609    -0.02454
       119     0.61433    -0.00824
       120     0.62252     0.00843
       121     0.63066     0.02544
       122     0.63876     0.04280
       123     0.64679     0.06047
       124     0.65478     0.07846
       125     0.66271     0.09674
       126     0.67058     0.11530
       127     0.67838     0.13414
       128     0.68613     0.15323
       129     0.69381     0.17256
       130     0.70143     0.19212
       131     0.70898     0.21190
       132     0.71646     0.23187
       133     0.72387     0.25202
       134     0.73121     0.27234
       135     0.73847     0.29281
       136     0.74566     0.31326
       137     0.75277     0.33398
       138     0.75980     0.35482
       139     0.76675     0.37574
       140     0.77362     0.39675
       141     0.78041     0.41781
       142     0.78712     0.43892
       143     0.79374     0.46006
       144     0.80027     0.48121
       145     0.80671     0.50236
       146     0.81307     0.52349
       147     0.81934     0.54458
       148     0.82551     0.56562
       149     0.83159     0.58660
       150     0.83758     0.60749
       151     0.84347     0.62828
       152     0.84926     0.64896
       153     0.85495     0.66951
       154     0.86055     0.68991
       155     0.86604     0.71014
       156     0.87143     0.73020
       157     0.87672     0.75006
       158     0.88190     0.76971
       159     0.88698     0.78914
       160     0.89195     0.80833
       161     0.89681     0.82726
       162     0.90157     0.84592
       163     0.90621     0.86430
       164     0.91074     0.88238
       165     0.91517     0.90015
       166     0.91947     0.91758
       167     0.92367     0.93468
       168     0.92775     0.95142
       169     0.93171     0.96780
       170     0.93556     0.98379
       171     0.93929     0.99939
       172     0.94290     1.01458
       173     0.94639     1.02936
       174     0.94976     1.04371
       175     0.95301     1.05761
       176     0.95614     1.07106
       177     0.95915     1.08405
       178     0.96204     1.09657
       179     0.96480     1.10860
       180     0.96743     1.12014
       181     0.96995     1.13120
       182     0.97233     1.14173
       183     0.97459     1.15173
       184     0.97673     1.16120
       185     0.97873     1.17014
       186     0.98062     1.17854
       187     0.98237     1.18639
       188     0.98403     1.19369
       189     0.98570     1.20038
       190     0.98735     1.20649
       191     0.98896     1.21200
       192     0.99052     1.21693
       193     0.99200     1.22126
       194     0.99341     1.22500
       195     0.99473     1.22813
       196     0.99595     1.23068
       197     0.99707     1.23262
       198     0.99808     1.23397
       199     0.99897     1.23472
       200     0.99939     1.23494
       201     1.00010     1.23479
       202     1.00039     1.23442
       203     1.00091     1.23338
       204     1.00129     1.23174
       205     1.00153     1.22951
       206     1.00162     1.22669
       207     1.00157     1.22329
       208     1.00135     1.21930
       209     1.00096     1.21473
       210     1.00040     1.20960
       211     0.99965     1.20390
       212     0.99869     1.19764
       213     0.99750     1.19083
       214     0.99606     1.18349
       215     0.99447     1.17560
       216     0.99276     1.16716
       217     0.99093     1.15817
       218     0.98899     1.14864
       219     0.98693     1.13858
       220     0.98477     1.12799
       221     0.98248     1.11689
       222     0.98009     1.10528
       223     0.97758     1.09320
       224     0.97496     1.08061
       225     0.97224     1.06754
       226     0.96940     1.05400
       227     0.96645     1.04001
       228     0.96339     1.02557
       229     0.96023     1.01070
       230     0.95696     0.99540
       231     0.95358     0.97970
       232     0.95010     0.96359
       233     0.94651     0.94710
       234     0.94282     0.93024
       235     0.93903     0.91302
       236     0.93514     0.89545
       237     0.93115     0.87755
       238     0.92706     0.85933
       239     0.92287     0.84080
       240     0.91859     0.82199
       241     0.91421     0.80289
       242     0.90974     0.78354
       243     0.90517     0.76394
       244     0.90051     0.74410
       245     0.89576     0.72405
       246     0.89092     0.70380
       247     0.88600     0.68336
       248     0.88098     0.66275
       249     0.87589     0.64198
       250     0.87071     0.62108
       251     0.86544     0.60004
       252     0.86010     0.57890
       253     0.85468     0.55766
       254     0.84918     0.53635
       255     0.84360     0.51497
       256     0.83795     0.49354
       257     0.83222     0.47209
       258     0.82643     0.45061
       259     0.82056     0.42914
       260     0.81463     0.40767
       261     0.80863     0.38624
       262     0.80256     0.36485
       263     0.79644     0.34352
       264     0.79025     0.32226
       265     0.78400     0.30109
       266     0.77769     0.28002
       267     0.77133     0.25907
       268     0.76492     0.23825
       269     0.75845     0.21757
       270     0.75193     0.19705
       271     0.74536     0.17669
       272     0.73874     0.15633
       273     0.73208     0.13634
       274     0.72537     0.11655
       275     0.71862     0.09698
       276     0.71184     0.07765
       277     0.70501     0.05855
       278     0.69815     0.03970
       279     0.69125     0.02112
       280     0.68432     0.00280
       281     0.67736    -0.01523
       282     0.67036    -0.03297
       283     0.66334    -0.05042
       284     0.65630    -0.06756
       285     0.64922    -0.08438
       286     0.64213    -0.10089
       287     0.63501    -0.11707
       288     0.62787    -0.13292
       289     0.62070    -0.14843
       290     0.61352    -0.16383
       291     0.60630    -0.17868
       292     0.59906    -0.19318
       293     0.59180    -0.20733
       294     0.58451    -0.22114
       295     0.57720    -0.23459
       296     0.56986    -0.24769
       297     0.56249    -0.26043
       298     0.55509    -0.27283
       299     0.54764    -0.28488
       300     0.54016    -0.29658
       301     0.53261    -0.30794
       302     0.52501    -0.31897
       303     0.51734    -0.32966
       304     0.50958    -0.34001
       305     0.50173    -0.35004
       306     0.49377    -0.35974
       307     0.48567    -0.36912
       308     0.47743    -0.37816
       309     0.46903    -0.38687
       310     0.46043    -0.39524
       311     0.45161    -0.40324
       312     0.44257    -0.41086
       313     0.43326    -0.41806
       314     0.42364    -0.42459
       315     0.41373    -0.43085
       316     0.40353    -0.43652
       317     0.39302    -0.44134
       318     0.38221    -0.44566
       319     0.37118    -0.44896
       320     0.35993    -0.45161
       321     0.34857    -0.45332
       322     0.33717    -0.45385
       323     0.32583    -0.45342
       324     0.31464    -0.45226
       325     0.30369    -0.45000
       326     0.29304    -0.44713
       327     0.28273    -0.44354
       328     0.27281    -0.43914
       329     0.26328    -0.43439
       330     0.25414    -0.42901
       331     0.24540    -0.42344
       332     0.23700    -0.41754
       333     0.22894    -0.41138
       334     0.22119    -0.40499
       335     0.21374    -0.39826
       336     0.20654    -0.39151
       337     0.19958    -0.38461
       338     0.19283    -0.37758
       339     0.18627    -0.37041
       340     0.17989    -0.36313
       341     0.17368    -0.35573
       342     0.16761    -0.34823
       343     0.16168    -0.34064
       344     0.15588    -0.33296
       345     0.15021    -0.32518
       346     0.14464    -0.31734
       347     0.13918    -0.30941
       348     0.13383    -0.30142
       349     0.12858    -0.29337
       350     0.12342    -0.28527
       351     0.11836    -0.27712
       352     0.11339    -0.26894
       353     0.10852    -0.26072
       354     0.10373    -0.25248
       355     0.09903    -0.24423
       356     0.09442    -0.23598
       357     0.08990    -0.22773
       358     0.08547    -0.21950
       359     0.08113    -0.21129
       360     0.07688    -0.20311
       361     0.07272    -0.19497
       362     0.06865    -0.18689
       363     0.06467    -0.17887
       364     0.06079    -0.17092
       365     0.05700    -0.16306
       366     0.05330    -0.15528
       367     0.04970    -0.14761
       368     0.04619    -0.14005
       369     0.04278    -0.13261
       370     0.03947    -0.12530
       371     0.03626    -0.11812
       372     0.03314    -0.11110
       373     0.03013    -0.10423
       374     0.02722    -0.09751
       375     0.02441    -0.09099
       376     0.02170    -0.08465
       377     0.01910    -0.07850
       378     0.01660    -0.07255
       379     0.01421    -0.06681
       380     0.01192    -0.06127
       381     0.00974    -0.05597
       382     0.00767    -0.05089
       383     0.00571    -0.04604
       384     0.00391    -0.04141
       385     0.00229    -0.03701
       386     0.00086    -0.03281
       387    -0.00036    -0.02884
       388    -0.00137    -0.02509
       389    -0.00218    -0.02156
       390    -0.00279    -0.01828
       391    -0.00321    -0.01523
       392    -0.00343    -0.01243
       393    -0.00346    -0.00989
       394    -0.00332    -0.00760
       395    -0.00300    -0.00558
       396    -0.00252    -0.00383
       397    -0.00188    -0.00235
       398    -0.00109    -0.00116
       399    -0.00016    -0.00024
       400     0.00034     0.00015
  LEADING EDGE POINT =          393  TE POINT =         206

  NO OF SUCT S POINTS         214  NO PRESS S POINTS         188
  XMIN,XMAX, XCHORD    -3.46095208E-03   1.00162375       1.00508475    

   SUCTION SURFACE POINTS FROM LE TO TE.
         1    -0.00346    -0.00989
         2    -0.00332    -0.00760
         3    -0.00300    -0.00558
         4    -0.00252    -0.00383
         5    -0.00188    -0.00235
         6    -0.00109    -0.00116
         7    -0.00016    -0.00024
         8     0.00034     0.00015
         9     0.00147     0.00063
        10     0.00210     0.00073
        11     0.00341     0.00078
        12     0.00484     0.00054
        13     0.00636     0.00000
        14     0.00799    -0.00083
        15     0.00970    -0.00196
        16     0.01150    -0.00340
        17     0.01336    -0.00512
        18     0.01529    -0.00716
        19     0.01728    -0.00947
        20     0.01931    -0.01210
        21     0.02139    -0.01503
        22     0.02351    -0.01823
        23     0.02567    -0.02173
        24     0.02786    -0.02552
        25     0.03011    -0.02958
        26     0.03241    -0.03388
        27     0.03481    -0.03844
        28     0.03733    -0.04323
        29     0.03999    -0.04821
        30     0.04279    -0.05340
        31     0.04571    -0.05878
        32     0.04877    -0.06434
        33     0.05196    -0.07007
        34     0.05528    -0.07596
        35     0.05873    -0.08201
        36     0.06231    -0.08816
        37     0.06603    -0.09448
        38     0.06987    -0.10093
        39     0.07384    -0.10749
        40     0.07794    -0.11415
        41     0.08217    -0.12089
        42     0.08652    -0.12772
        43     0.09100    -0.13460
        44     0.09561    -0.14153
        45     0.10033    -0.14851
        46     0.10518    -0.15550
        47     0.11015    -0.16251
        48     0.11524    -0.16951
        49     0.12045    -0.17649
        50     0.12578    -0.18344
        51     0.13121    -0.19034
        52     0.13676    -0.19717
        53     0.14243    -0.20403
        54     0.14820    -0.21070
        55     0.15407    -0.21726
        56     0.16004    -0.22368
        57     0.16611    -0.22997
        58     0.17227    -0.23609
        59     0.17850    -0.24203
        60     0.18482    -0.24778
        61     0.19120    -0.25332
        62     0.19764    -0.25863
        63     0.20413    -0.26369
        64     0.21065    -0.26850
        65     0.21719    -0.27303
        66     0.22373    -0.27728
        67     0.23026    -0.28124
        68     0.23675    -0.28489
        69     0.24318    -0.28823
        70     0.24953    -0.29126
        71     0.25578    -0.29397
        72     0.26188    -0.29638
        73     0.26785    -0.29833
        74     0.27364    -0.30015
        75     0.27922    -0.30171
        76     0.28457    -0.30301
        77     0.28968    -0.30391
        78     0.29457    -0.30478
        79     0.29921    -0.30546
        80     0.30361    -0.30581
        81     0.30781    -0.30620
        82     0.31178    -0.30647
        83     0.31560    -0.30646
        84     0.31928    -0.30653
        85     0.32286    -0.30634
        86     0.32639    -0.30625
        87     0.32990    -0.30590
        88     0.33347    -0.30545
        89     0.33711    -0.30509
        90     0.34090    -0.30443
        91     0.34486    -0.30382
        92     0.34905    -0.30305
        93     0.35348    -0.30191
        94     0.35820    -0.30074
        95     0.36324    -0.29912
        96     0.36857    -0.29742
        97     0.37424    -0.29538
        98     0.38024    -0.29298
        99     0.38656    -0.29018
       100     0.39316    -0.28676
       101     0.40004    -0.28308
       102     0.40718    -0.27892
       103     0.41456    -0.27425
       104     0.42215    -0.26906
       105     0.42993    -0.26333
       106     0.43787    -0.25707
       107     0.44594    -0.25026
       108     0.45412    -0.24290
       109     0.46241    -0.23499
       110     0.47077    -0.22654
       111     0.47919    -0.21754
       112     0.48766    -0.20802
       113     0.49616    -0.19817
       114     0.50467    -0.18762
       115     0.51320    -0.17656
       116     0.52173    -0.16501
       117     0.53027    -0.15296
       118     0.53879    -0.14043
       119     0.54730    -0.12744
       120     0.55579    -0.11399
       121     0.56426    -0.10009
       122     0.57270    -0.08576
       123     0.58110    -0.07101
       124     0.58948    -0.05584
       125     0.59781    -0.04028
       126     0.60609    -0.02454
       127     0.61433    -0.00824
       128     0.62252     0.00843
       129     0.63066     0.02544
       130     0.63876     0.04280
       131     0.64679     0.06047
       132     0.65478     0.07846
       133     0.66271     0.09674
       134     0.67058     0.11530
       135     0.67838     0.13414
       136     0.68613     0.15323
       137     0.69381     0.17256
       138     0.70143     0.19212
       139     0.70898     0.21190
       140     0.71646     0.23187
       141     0.72387     0.25202
       142     0.73121     0.27234
       143     0.73847     0.29281
       144     0.74566     0.31326
       145     0.75277     0.33398
       146     0.75980     0.35482
       147     0.76675     0.37574
       148     0.77362     0.39675
       149     0.78041     0.41781
       150     0.78712     0.43892
       151     0.79374     0.46006
       152     0.80027     0.48121
       153     0.80671     0.50236
       154     0.81307     0.52349
       155     0.81934     0.54458
       156     0.82551     0.56562
       157     0.83159     0.58660
       158     0.83758     0.60749
       159     0.84347     0.62828
       160     0.84926     0.64896
       161     0.85495     0.66951
       162     0.86055     0.68991
       163     0.86604     0.71014
       164     0.87143     0.73020
       165     0.87672     0.75006
       166     0.88190     0.76971
       167     0.88698     0.78914
       168     0.89195     0.80833
       169     0.89681     0.82726
       170     0.90157     0.84592
       171     0.90621     0.86430
       172     0.91074     0.88238
       173     0.91517     0.90015
       174     0.91947     0.91758
       175     0.92367     0.93468
       176     0.92775     0.95142
       177     0.93171     0.96780
       178     0.93556     0.98379
       179     0.93929     0.99939
       180     0.94290     1.01458
       181     0.94639     1.02936
       182     0.94976     1.04371
       183     0.95301     1.05761
       184     0.95614     1.07106
       185     0.95915     1.08405
       186     0.96204     1.09657
       187     0.96480     1.10860
       188     0.96743     1.12014
       189     0.96995     1.13120
       190     0.97233     1.14173
       191     0.97459     1.15173
       192     0.97673     1.16120
       193     0.97873     1.17014
       194     0.98062     1.17854
       195     0.98237     1.18639
       196     0.98403     1.19369
       197     0.98570     1.20038
       198     0.98735     1.20649
       199     0.98896     1.21200
       200     0.99052     1.21693
       201     0.99200     1.22126
       202     0.99341     1.22500
       203     0.99473     1.22813
       204     0.99595     1.23068
       205     0.99707     1.23262
       206     0.99808     1.23397
       207     0.99897     1.23472
       208     0.99939     1.23494
       209     1.00010     1.23479
       210     1.00039     1.23442
       211     1.00091     1.23338
       212     1.00129     1.23174
       213     1.00153     1.22951
       214     1.00162     1.22669

   PRESSURE SURFACE POINTS FROM LE TO TE.
         1    -0.00346    -0.00989
         2    -0.00343    -0.01243
         3    -0.00321    -0.01523
         4    -0.00279    -0.01828
         5    -0.00218    -0.02156
         6    -0.00137    -0.02509
         7    -0.00036    -0.02884
         8     0.00086    -0.03281
         9     0.00229    -0.03701
        10     0.00391    -0.04141
        11     0.00571    -0.04604
        12     0.00767    -0.05089
        13     0.00974    -0.05597
        14     0.01192    -0.06127
        15     0.01421    -0.06681
        16     0.01660    -0.07255
        17     0.01910    -0.07850
        18     0.02170    -0.08465
        19     0.02441    -0.09099
        20     0.02722    -0.09751
        21     0.03013    -0.10423
        22     0.03314    -0.11110
        23     0.03626    -0.11812
        24     0.03947    -0.12530
        25     0.04278    -0.13261
        26     0.04619    -0.14005
        27     0.04970    -0.14761
        28     0.05330    -0.15528
        29     0.05700    -0.16306
        30     0.06079    -0.17092
        31     0.06467    -0.17887
        32     0.06865    -0.18689
        33     0.07272    -0.19497
        34     0.07688    -0.20311
        35     0.08113    -0.21129
        36     0.08547    -0.21950
        37     0.08990    -0.22773
        38     0.09442    -0.23598
        39     0.09903    -0.24423
        40     0.10373    -0.25248
        41     0.10852    -0.26072
        42     0.11339    -0.26894
        43     0.11836    -0.27712
        44     0.12342    -0.28527
        45     0.12858    -0.29337
        46     0.13383    -0.30142
        47     0.13918    -0.30941
        48     0.14464    -0.31734
        49     0.15021    -0.32518
        50     0.15588    -0.33296
        51     0.16168    -0.34064
        52     0.16761    -0.34823
        53     0.17368    -0.35573
        54     0.17989    -0.36313
        55     0.18627    -0.37041
        56     0.19283    -0.37758
        57     0.19958    -0.38461
        58     0.20654    -0.39151
        59     0.21374    -0.39826
        60     0.22119    -0.40499
        61     0.22894    -0.41138
        62     0.23700    -0.41754
        63     0.24540    -0.42344
        64     0.25414    -0.42901
        65     0.26328    -0.43439
        66     0.27281    -0.43914
        67     0.28273    -0.44354
        68     0.29304    -0.44713
        69     0.30369    -0.45000
        70     0.31464    -0.45226
        71     0.32583    -0.45342
        72     0.33717    -0.45385
        73     0.34857    -0.45332
        74     0.35993    -0.45161
        75     0.37118    -0.44896
        76     0.38221    -0.44566
        77     0.39302    -0.44134
        78     0.40353    -0.43652
        79     0.41373    -0.43085
        80     0.42364    -0.42459
        81     0.43326    -0.41806
        82     0.44257    -0.41086
        83     0.45161    -0.40324
        84     0.46043    -0.39524
        85     0.46903    -0.38687
        86     0.47743    -0.37816
        87     0.48567    -0.36912
        88     0.49377    -0.35974
        89     0.50173    -0.35004
        90     0.50958    -0.34001
        91     0.51734    -0.32966
        92     0.52501    -0.31897
        93     0.53261    -0.30794
        94     0.54016    -0.29658
        95     0.54764    -0.28488
        96     0.55509    -0.27283
        97     0.56249    -0.26043
        98     0.56986    -0.24769
        99     0.57720    -0.23459
       100     0.58451    -0.22114
       101     0.59180    -0.20733
       102     0.59906    -0.19318
       103     0.60630    -0.17868
       104     0.61352    -0.16383
       105     0.62070    -0.14843
       106     0.62787    -0.13292
       107     0.63501    -0.11707
       108     0.64213    -0.10089
       109     0.64922    -0.08438
       110     0.65630    -0.06756
       111     0.66334    -0.05042
       112     0.67036    -0.03297
       113     0.67736    -0.01523
       114     0.68432     0.00280
       115     0.69125     0.02112
       116     0.69815     0.03970
       117     0.70501     0.05855
       118     0.71184     0.07765
       119     0.71862     0.09698
       120     0.72537     0.11655
       121     0.73208     0.13634
       122     0.73874     0.15633
       123     0.74536     0.17669
       124     0.75193     0.19705
       125     0.75845     0.21757
       126     0.76492     0.23825
       127     0.77133     0.25907
       128     0.77769     0.28002
       129     0.78400     0.30109
       130     0.79025     0.32226
       131     0.79644     0.34352
       132     0.80256     0.36485
       133     0.80863     0.38624
       134     0.81463     0.40767
       135     0.82056     0.42914
       136     0.82643     0.45061
       137     0.83222     0.47209
       138     0.83795     0.49354
       139     0.84360     0.51497
       140     0.84918     0.53635
       141     0.85468     0.55766
       142     0.86010     0.57890
       143     0.86544     0.60004
       144     0.87071     0.62108
       145     0.87589     0.64198
       146     0.88098     0.66275
       147     0.88600     0.68336
       148     0.89092     0.70380
       149     0.89576     0.72405
       150     0.90051     0.74410
       151     0.90517     0.76394
       152     0.90974     0.78354
       153     0.91421     0.80289
       154     0.91859     0.82199
       155     0.92287     0.84080
       156     0.92706     0.85933
       157     0.93115     0.87755
       158     0.93514     0.89545
       159     0.93903     0.91302
       160     0.94282     0.93024
       161     0.94651     0.94710
       162     0.95010     0.96359
       163     0.95358     0.97970
       164     0.95696     0.99540
       165     0.96023     1.01070
       166     0.96339     1.02557
       167     0.96645     1.04001
       168     0.96940     1.05400
       169     0.97224     1.06754
       170     0.97496     1.08061
       171     0.97758     1.09320
       172     0.98009     1.10528
       173     0.98248     1.11689
       174     0.98477     1.12799
       175     0.98693     1.13858
       176     0.98899     1.14864
       177     0.99093     1.15817
       178     0.99276     1.16716
       179     0.99447     1.17560
       180     0.99606     1.18349
       181     0.99750     1.19083
       182     0.99869     1.19764
       183     0.99965     1.20390
       184     1.00040     1.20960
       185     1.00096     1.21473
       186     1.00135     1.21930
       187     1.00157     1.22329
       188     1.00162     1.22669
  POINTS ON THE BLADE TO BE USED FOR PLOTTING 
  AND FINAL INTERPOLATION 
  N           X          YUP        YLOW        THICK 
    1      0.0000     -0.0098     -0.0098      0.0000
    2      0.0001     -0.0089     -0.0127      0.0039
    3      0.0002     -0.0069     -0.0151      0.0082
    4      0.0006     -0.0052     -0.0174      0.0122
    5      0.0010     -0.0037     -0.0200      0.0163
    6      0.0016     -0.0024     -0.0227      0.0203
    7      0.0022     -0.0013     -0.0256      0.0242
    8      0.0030     -0.0005     -0.0286      0.0281
    9      0.0040      0.0002     -0.0316      0.0318
   10      0.0050      0.0006     -0.0348      0.0355
   11      0.0062      0.0008     -0.0382      0.0389
   12      0.0075      0.0007     -0.0417      0.0423
   13      0.0089      0.0003     -0.0453      0.0456
   14      0.0105     -0.0004     -0.0492      0.0488
   15      0.0122     -0.0013     -0.0533      0.0520
   16      0.0140     -0.0026     -0.0577      0.0550
   17      0.0159     -0.0043     -0.0623      0.0580
   18      0.0179     -0.0063     -0.0672      0.0609
   19      0.0201     -0.0087     -0.0724      0.0637
   20      0.0223     -0.0116     -0.0778      0.0662
   21      0.0247     -0.0149     -0.0835      0.0685
   22      0.0272     -0.0188     -0.0894      0.0706
   23      0.0299     -0.0231     -0.0955      0.0723
   24      0.0326     -0.0280     -0.1018      0.0738
   25      0.0355     -0.0333     -0.1084      0.0751
   26      0.0384     -0.0389     -0.1151      0.0762
   27      0.0415     -0.0448     -0.1220      0.0772
   28      0.0447     -0.0508     -0.1291      0.0784
   29      0.0481     -0.0569     -0.1364      0.0795
   30      0.0515     -0.0632     -0.1438      0.0807
   31      0.0550     -0.0695     -0.1514      0.0819
   32      0.0587     -0.0760     -0.1592      0.0831
   33      0.0625     -0.0826     -0.1670      0.0844
   34      0.0663     -0.0892     -0.1750      0.0857
   35      0.0703     -0.0960     -0.1831      0.0871
   36      0.0744     -0.1028     -0.1912      0.0884
   37      0.0786     -0.1097     -0.1995      0.0898
   38      0.0829     -0.1166     -0.2078      0.0912
   39      0.0873     -0.1236     -0.2162      0.0926
   40      0.0918     -0.1306     -0.2246      0.0940
   41      0.0964     -0.1376     -0.2330      0.0954
   42      0.1011     -0.1446     -0.2415      0.0969
   43      0.1059     -0.1516     -0.2500      0.0984
   44      0.1108     -0.1586     -0.2584      0.0998
   45      0.1159     -0.1656     -0.2669      0.1013
   46      0.1210     -0.1725     -0.2753      0.1028
   47      0.1261     -0.1793     -0.2837      0.1043
   48      0.1314     -0.1861     -0.2920      0.1059
   49      0.1368     -0.1928     -0.3002      0.1074
   50      0.1423     -0.1995     -0.3084      0.1088
   51      0.1478     -0.2061     -0.3164      0.1103
   52      0.1535     -0.2125     -0.3244      0.1118
   53      0.1592     -0.2188     -0.3322      0.1133
   54      0.1650     -0.2250     -0.3399      0.1149
   55      0.1709     -0.2310     -0.3474      0.1164
   56      0.1769     -0.2369     -0.3547      0.1179
   57      0.1830     -0.2426     -0.3619      0.1194
   58      0.1891     -0.2481     -0.3689      0.1208
   59      0.1954     -0.2534     -0.3757      0.1223
   60      0.2017     -0.2585     -0.3823      0.1238
   61      0.2080     -0.2635     -0.3886      0.1252
   62      0.2145     -0.2681     -0.3947      0.1266
   63      0.2210     -0.2726     -0.4007      0.1281
   64      0.2276     -0.2768     -0.4063      0.1295
   65      0.2342     -0.2808     -0.4116      0.1308
   66      0.2409     -0.2845     -0.4166      0.1322
   67      0.2477     -0.2879     -0.4214      0.1335
   68      0.2546     -0.2910     -0.4257      0.1347
   69      0.2615     -0.2939     -0.4299      0.1360
   70      0.2684     -0.2963     -0.4337      0.1374
   71      0.2755     -0.2986     -0.4372      0.1386
   72      0.2826     -0.3005     -0.4403      0.1398
   73      0.2897     -0.3020     -0.4430      0.1410
   74      0.2969     -0.3033     -0.4454      0.1421
   75      0.3041     -0.3042     -0.4473      0.1432
   76      0.3114     -0.3048     -0.4489      0.1442
   77      0.3187     -0.3049     -0.4502      0.1453
   78      0.3261     -0.3048     -0.4510      0.1462
   79      0.3335     -0.3041     -0.4514      0.1472
   80      0.3410     -0.3032     -0.4515      0.1483
   81      0.3485     -0.3019     -0.4511      0.1492
   82      0.3560     -0.3002     -0.4502      0.1500
   83      0.3636     -0.2980     -0.4488      0.1508
   84      0.3712     -0.2955     -0.4470      0.1515
   85      0.3789     -0.2927     -0.4449      0.1522
   86      0.3865     -0.2894     -0.4423      0.1529
   87      0.3942     -0.2855     -0.4392      0.1537
   88      0.4020     -0.2814     -0.4357      0.1543
   89      0.4097     -0.2768     -0.4317      0.1549
   90      0.4175     -0.2718     -0.4271      0.1554
   91      0.4253     -0.2663     -0.4222      0.1559
   92      0.4331     -0.2605     -0.4169      0.1564
   93      0.4409     -0.2542     -0.4110      0.1568
   94      0.4488     -0.2475     -0.4046      0.1571
   95      0.4566     -0.2404     -0.3977      0.1573
   96      0.4645     -0.2328     -0.3904      0.1576
   97      0.4724     -0.2248     -0.3825      0.1577
   98      0.4803     -0.2164     -0.3743      0.1579
   99      0.4882     -0.2075     -0.3655      0.1580
  100      0.4961     -0.1984     -0.3563      0.1579
  101      0.5039     -0.1887     -0.3466      0.1579
  102      0.5118     -0.1785     -0.3364      0.1579
  103      0.5197     -0.1680     -0.3258      0.1578
  104      0.5276     -0.1570     -0.3147      0.1577
  105      0.5355     -0.1456     -0.3032      0.1576
  106      0.5434     -0.1338     -0.2912      0.1573
  107      0.5512     -0.1217     -0.2787      0.1571
  108      0.5591     -0.1091     -0.2659      0.1568
  109      0.5669     -0.0961     -0.2525      0.1564
  110      0.5747     -0.0828     -0.2388      0.1560
  111      0.5825     -0.0690     -0.2246      0.1556
  112      0.5903     -0.0549     -0.2100      0.1551
  113      0.5980     -0.0404     -0.1950      0.1546
  114      0.6058     -0.0258     -0.1796      0.1538
  115      0.6135     -0.0106     -0.1638      0.1532
  116      0.6211      0.0050     -0.1474      0.1524
  117      0.6288      0.0208     -0.1308      0.1517
  118      0.6364      0.0370     -0.1139      0.1509
  119      0.6440      0.0536     -0.0966      0.1501
  120      0.6515      0.0704     -0.0789      0.1493
  121      0.6590      0.0875     -0.0609      0.1484
  122      0.6665      0.1049     -0.0426      0.1475
  123      0.6739      0.1226     -0.0240      0.1466
  124      0.6813      0.1405     -0.0051      0.1456
  125      0.6886      0.1587      0.0142      0.1446
  126      0.6959      0.1772      0.0337      0.1435
  127      0.7031      0.1959      0.0534      0.1424
  128      0.7103      0.2148      0.0734      0.1413
  129      0.7174      0.2339      0.0937      0.1402
  130      0.7245      0.2532      0.1142      0.1390
  131      0.7316      0.2727      0.1349      0.1378
  132      0.7385      0.2923      0.1558      0.1365
  133      0.7454      0.3120      0.1770      0.1349
  134      0.7523      0.3319      0.1983      0.1336
  135      0.7591      0.3520      0.2197      0.1323
  136      0.7658      0.3722      0.2412      0.1310
  137      0.7724      0.3925      0.2629      0.1296
  138      0.7790      0.4129      0.2847      0.1283
  139      0.7855      0.4334      0.3065      0.1269
  140      0.7920      0.4539      0.3285      0.1255
  141      0.7983      0.4745      0.3505      0.1240
  142      0.8046      0.4951      0.3725      0.1226
  143      0.8109      0.5157      0.3946      0.1211
  144      0.8170      0.5363      0.4167      0.1197
  145      0.8231      0.5569      0.4387      0.1182
  146      0.8291      0.5775      0.4608      0.1167
  147      0.8350      0.5980      0.4828      0.1152
  148      0.8408      0.6185      0.5048      0.1137
  149      0.8465      0.6389      0.5267      0.1122
  150      0.8522      0.6592      0.5485      0.1107
  151      0.8577      0.6794      0.5702      0.1092
  152      0.8632      0.6995      0.5918      0.1077
  153      0.8686      0.7194      0.6132      0.1062
  154      0.8739      0.7392      0.6345      0.1047
  155      0.8790      0.7589      0.6556      0.1032
  156      0.8841      0.7783      0.6766      0.1017
  157      0.8892      0.7976      0.6973      0.1003
  158      0.8941      0.8166      0.7178      0.0988
  159      0.8989      0.8354      0.7381      0.0973
  160      0.9036      0.8540      0.7581      0.0959
  161      0.9082      0.8724      0.7779      0.0945
  162      0.9127      0.8904      0.7974      0.0930
  163      0.9171      0.9082      0.8166      0.0916
  164      0.9214      0.9257      0.8355      0.0903
  165      0.9256      0.9429      0.8540      0.0889
  166      0.9297      0.9598      0.8722      0.0876
  167      0.9337      0.9763      0.8901      0.0862
  168      0.9375      0.9925      0.9076      0.0849
  169      0.9413      1.0083      0.9247      0.0837
  170      0.9450      1.0238      0.9414      0.0824
  171      0.9485      1.0389      0.9577      0.0812
  172      0.9519      1.0536      0.9736      0.0800
  173      0.9553      1.0679      0.9890      0.0789
  174      0.9585      1.0817      1.0040      0.0777
  175      0.9616      1.0952      1.0185      0.0767
  176      0.9645      1.1082      1.0326      0.0756
  177      0.9674      1.1207      1.0461      0.0746
  178      0.9701      1.1328      1.0592      0.0736
  179      0.9728      1.1444      1.0718      0.0727
  180      0.9753      1.1556      1.0838      0.0717
  181      0.9777      1.1662      1.0954      0.0709
  182      0.9799      1.1764      1.1063      0.0700
  183      0.9821      1.1859      1.1168      0.0691
  184      0.9841      1.1942      1.1267      0.0675
  185      0.9860      1.2012      1.1361      0.0652
  186      0.9878      1.2073      1.1448      0.0624
  187      0.9895      1.2124      1.1530      0.0594
  188      0.9911      1.2167      1.1607      0.0561
  189      0.9925      1.2203      1.1677      0.0527
  190      0.9938      1.2233      1.1741      0.0491
  191      0.9950      1.2255      1.1800      0.0455
  192      0.9960      1.2271      1.1855      0.0416
  193      0.9970      1.2281      1.1908      0.0373
  194      0.9978      1.2287      1.1960      0.0327
  195      0.9984      1.2286      1.2009      0.0277
  196      0.9990      1.2277      1.2055      0.0222
  197      0.9994      1.2265      1.2097      0.0168
  198      0.9998      1.2247      1.2136      0.0112
  199      0.9999      1.2223      1.2170      0.0053
  200      1.0000      1.2205      1.2205      0.0000
 GRID EXPANSION RATIO UP=    1.12157 DOWN =    1.05711
  AXIAL,TANGENTIAL AND RADIAL COORDINATES ON THE STREAM
  SURFACE BEFORE TRANSFORMING TO R-THETA COORDINATES 
 J, XGRID,YGRID,RGRID            1  -1.09920762E-02   2.32920945E-02  0.194598973    
 J, XGRID,YGRID,RGRID            2  -9.83217079E-03   2.05918439E-02  0.194586292    
 J, XGRID,YGRID,RGRID            3  -8.79732333E-03   1.81842931E-02  0.194532931    
 J, XGRID,YGRID,RGRID            4  -7.87593145E-03   1.60377119E-02  0.194451630    
 J, XGRID,YGRID,RGRID            5  -7.05672894E-03   1.41238132E-02  0.194352284    
 J, XGRID,YGRID,RGRID            6  -6.32907543E-03   1.24173751E-02  0.194242239    
 J, XGRID,YGRID,RGRID            7  -5.68313058E-03   1.08959079E-02  0.194126934    
 J, XGRID,YGRID,RGRID            8  -5.10991830E-03   9.53936391E-03  0.194010466    
 J, XGRID,YGRID,RGRID            9  -4.60132165E-03   8.32986366E-03  0.193895698    
 J, XGRID,YGRID,RGRID           10  -4.15005907E-03   7.25146895E-03  0.193784684    
 J, XGRID,YGRID,RGRID           11  -3.74962785E-03   6.28996873E-03  0.193678766    
 J, XGRID,YGRID,RGRID           12  -3.39423888E-03   5.43269236E-03  0.193578780    
 J, XGRID,YGRID,RGRID           13  -3.07875942E-03   4.66834148E-03  0.193485260    
 J, XGRID,YGRID,RGRID           14  -2.79863458E-03   3.98684386E-03  0.193398356    
 J, XGRID,YGRID,RGRID           15  -2.54983827E-03   3.37921805E-03  0.193318099    
 J, XGRID,YGRID,RGRID           16  -2.32880376E-03   2.83745653E-03  0.193244308    
 J, XGRID,YGRID,RGRID           17  -2.13238155E-03   2.35442026E-03  0.193176746    
 J, XGRID,YGRID,RGRID           18  -1.95778371E-03   1.92374364E-03  0.193115085    
 J, XGRID,YGRID,RGRID           19  -1.80254644E-03   1.53975072E-03  0.193059012    
 J, XGRID,YGRID,RGRID           20  -1.66448939E-03   1.19738141E-03  0.193008095    
 J, XGRID,YGRID,RGRID           21  -1.54168217E-03   8.92123673E-04  0.192962006    
 J, XGRID,YGRID,RGRID           22  -1.43241789E-03   6.19954895E-04  0.192920342    
 J, XGRID,YGRID,RGRID           23  -1.33518351E-03   3.77288234E-04  0.192882746    
 J, XGRID,YGRID,RGRID           24  -1.24863873E-03   1.60925803E-04  0.192848891    
 J, XGRID,YGRID,RGRID           25  -1.17159542E-03  -3.19836836E-05  0.192818403    
 J, XGRID,YGRID,RGRID           26  -1.10300002E-03  -2.03982432E-04  0.192791000    
 J, XGRID,YGRID,RGRID           27  -1.04454125E-03   5.04753700E-07  0.192751870    
 J, XGRID,YGRID,RGRID           28  -9.83769540E-04   1.34703441E-05  0.192710429    
 J, XGRID,YGRID,RGRID           29  -9.20486578E-04  -1.85780827E-05  0.192666471    
 J, XGRID,YGRID,RGRID           30  -8.54501443E-04  -8.36365871E-05  0.192619711    
 J, XGRID,YGRID,RGRID           31  -7.85631593E-04  -1.78409464E-04  0.192569911    
 J, XGRID,YGRID,RGRID           32  -7.13702291E-04  -3.03280860E-04  0.192516863    
 J, XGRID,YGRID,RGRID           33  -6.38546597E-04  -4.60542506E-04  0.192460135    
 J, XGRID,YGRID,RGRID           34  -5.60008746E-04  -6.47728564E-04  0.192399561    
 J, XGRID,YGRID,RGRID           35  -4.77942260E-04  -8.55198363E-04  0.192334846    
 J, XGRID,YGRID,RGRID           36  -3.92209477E-04  -1.07085356E-03  0.192265555    
 J, XGRID,YGRID,RGRID           37  -3.02684086E-04  -1.29324349E-03  0.192191437    
 J, XGRID,YGRID,RGRID           38  -2.09250968E-04  -1.52206945E-03  0.192112073    
 J, XGRID,YGRID,RGRID           39  -1.11804860E-04  -1.75621209E-03  0.192027166    
 J, XGRID,YGRID,RGRID           40  -1.02531121E-05  -1.99648971E-03  0.191936284    
 J, XGRID,YGRID,RGRID           41   9.54349744E-05  -2.24216469E-03  0.191839039    
 J, XGRID,YGRID,RGRID           42   2.05141536E-04  -2.49193097E-03  0.191735208    
 J, XGRID,YGRID,RGRID           43   3.18972510E-04  -2.74516852E-03  0.191624358    
 J, XGRID,YGRID,RGRID           44   4.37046576E-04  -3.00118490E-03  0.191505954    
 J, XGRID,YGRID,RGRID           45   5.59507578E-04  -3.25919245E-03  0.191379458    
 J, XGRID,YGRID,RGRID           46   6.86505693E-04  -3.51828383E-03  0.191244140    
 J, XGRID,YGRID,RGRID           47   8.18207278E-04  -3.77738359E-03  0.191099480    
 J, XGRID,YGRID,RGRID           48   9.54729912E-04  -4.03624121E-03  0.190944776    
 J, XGRID,YGRID,RGRID           49   1.09611149E-03  -4.29207878E-03  0.190779313    
 J, XGRID,YGRID,RGRID           50   1.24260073E-03  -4.54239175E-03  0.190602288    
 J, XGRID,YGRID,RGRID           51   1.39448186E-03  -4.78630839E-03  0.190412655    
 J, XGRID,YGRID,RGRID           52   1.55207457E-03  -5.02167502E-03  0.190209389    
 J, XGRID,YGRID,RGRID           53   1.71572459E-03  -5.24592772E-03  0.189991266    
 J, XGRID,YGRID,RGRID           54   1.88582134E-03  -5.45600988E-03  0.189756960    
 J, XGRID,YGRID,RGRID           55   2.06410233E-03  -5.64963790E-03  0.189503193    
 J, XGRID,YGRID,RGRID           56   2.25273473E-03  -5.82336914E-03  0.189225689    
 J, XGRID,YGRID,RGRID           57   2.45150016E-03  -5.96878212E-03  0.188923404    
 J, XGRID,YGRID,RGRID           58   2.65988940E-03  -6.07879553E-03  0.188596204    
 J, XGRID,YGRID,RGRID           59   2.87711993E-03  -6.14349265E-03  0.188244313    
 J, XGRID,YGRID,RGRID           60   3.10221012E-03  -6.15690043E-03  0.187868848    
 J, XGRID,YGRID,RGRID           61   3.33400466E-03  -6.10672962E-03  0.187471837    
 J, XGRID,YGRID,RGRID           62   3.56895430E-03  -5.98841533E-03  0.187059954    
 J, XGRID,YGRID,RGRID           63   3.80374165E-03  -5.80314314E-03  0.186640278    
 J, XGRID,YGRID,RGRID           64   4.03765636E-03  -5.54647204E-03  0.186216086    
 J, XGRID,YGRID,RGRID           65   4.27027233E-03  -5.22205327E-03  0.185790077    
 J, XGRID,YGRID,RGRID           66   4.50140797E-03  -4.83026169E-03  0.185364440    
 J, XGRID,YGRID,RGRID           67   4.73110983E-03  -4.37333947E-03  0.184941068    
 J, XGRID,YGRID,RGRID           68   4.95965173E-03  -3.85602308E-03  0.184521511    
 J, XGRID,YGRID,RGRID           69   5.18913893E-03  -3.26870987E-03  0.184103698    
 J, XGRID,YGRID,RGRID           70   5.42119658E-03  -2.61295307E-03  0.183686718    
 J, XGRID,YGRID,RGRID           71   5.65623073E-03  -1.88864267E-03  0.183271617    
 J, XGRID,YGRID,RGRID           72   5.89454640E-03  -1.09621708E-03  0.182860017    
 J, XGRID,YGRID,RGRID           73   6.13629259E-03  -2.39747096E-04  0.182453200    
 J, XGRID,YGRID,RGRID           74   6.38149632E-03   6.85722276E-04  0.182053328    
 J, XGRID,YGRID,RGRID           75   6.62998343E-03   1.67230004E-03  0.181661934    
 J, XGRID,YGRID,RGRID           76   6.87997835E-03   2.70934962E-03  0.181283414    
 J, XGRID,YGRID,RGRID           77   7.13034207E-03   3.78774852E-03  0.180920154    
 J, XGRID,YGRID,RGRID           78   7.38052977E-03   4.90055839E-03  0.180573314    
 J, XGRID,YGRID,RGRID           79   7.63004366E-03   6.03971072E-03  0.180243984    
 J, XGRID,YGRID,RGRID           80   7.87836872E-03   7.19942851E-03  0.179932401    
 J, XGRID,YGRID,RGRID           81   8.12507141E-03   8.37606471E-03  0.179639071    
 J, XGRID,YGRID,RGRID           82   8.36976804E-03   9.56176687E-03  0.179363713    
 J, XGRID,YGRID,RGRID           83   8.61310400E-03   1.07564852E-02  0.179104924    
 J, XGRID,YGRID,RGRID           84   8.85510072E-03   1.19574657E-02  0.178862244    
 J, XGRID,YGRID,RGRID           85   9.09549184E-03   1.31609617E-02  0.178635359    
 J, XGRID,YGRID,RGRID           86   9.33398679E-03   1.43633075E-02  0.178423733    
 J, XGRID,YGRID,RGRID           87   9.57025215E-03   1.55609874E-02  0.178226948    
 J, XGRID,YGRID,RGRID           88   9.80394054E-03   1.67505555E-02  0.178044498    
 J, XGRID,YGRID,RGRID           89   1.00346850E-02   1.79287139E-02  0.177875862    
 J, XGRID,YGRID,RGRID           90   1.02620879E-02   1.90922450E-02  0.177720502    
 J, XGRID,YGRID,RGRID           91   1.04857450E-02   2.02380717E-02  0.177577779    
 J, XGRID,YGRID,RGRID           92   1.07052401E-02   2.13633664E-02  0.177447110    
 J, XGRID,YGRID,RGRID           93   1.09201465E-02   2.24653035E-02  0.177327961    
 J, XGRID,YGRID,RGRID           94   1.11300312E-02   2.35410817E-02  0.177219614    
 J, XGRID,YGRID,RGRID           95   1.13344602E-02   2.44593211E-02  0.177121535    
 J, XGRID,YGRID,RGRID           96   1.15329968E-02   2.46521477E-02  0.177033022    
 J, XGRID,YGRID,RGRID           97   1.17423823E-02   2.57157609E-02  0.176960275    
 J, XGRID,YGRID,RGRID           98   1.19638648E-02   2.68402528E-02  0.176883489    
 J, XGRID,YGRID,RGRID           99   1.21980887E-02   2.80289669E-02  0.176802367    
 J, XGRID,YGRID,RGRID          100   1.24457255E-02   2.92855706E-02  0.176716536    
 J, XGRID,YGRID,RGRID          101   1.27074383E-02   3.06139402E-02  0.176625609    
 J, XGRID,YGRID,RGRID          102   1.29839294E-02   3.20181772E-02  0.176529035    
 J, XGRID,YGRID,RGRID          103   1.32759782E-02   3.35026123E-02  0.176426515    
 J, XGRID,YGRID,RGRID          104   1.35843568E-02   3.50718275E-02  0.176317498    
 J, XGRID,YGRID,RGRID          105   1.38938036E-02   3.67306620E-02  0.176177248    
 J, XGRID,YGRID,RGRID          106   1.42088952E-02   3.84842381E-02  0.176010773    
 J, XGRID,YGRID,RGRID          107   1.45311095E-02   4.03379612E-02  0.175818294    
 J, XGRID,YGRID,RGRID          108   1.48599772E-02   4.22975570E-02  0.175597236    
 J, XGRID,YGRID,RGRID          109   1.51949711E-02   4.43690643E-02  0.175344422    
 J, XGRID,YGRID,RGRID          110   1.55355204E-02   4.65588830E-02  0.175056979    
 J, XGRID,YGRID,RGRID          111   1.58810019E-02   4.88737635E-02  0.174731418    

  THE BLADE CENTROID ON THE X-Y SURFACE IS AT X, Y=    0.00517   0.00021


  THE J VALUE OF THE CENTROID IS J =           69

  THE CENTROID ON THE STREAM SURFACE IS AT   5.16751595E-03   0.00000000    
  THE HUB SECTION CENTROID IS AT   5.16751595E-03   0.00000000    


  BLADE TRUE CHORD:AXIAL CHORD RATIO =    1.22558475    


    TKLE      TKTE      TKMAX     XTMAX     XMODLE     XMODTE    TK_TYP 
    0.0400    0.0400    0.1000    0.5000    0.0200    0.0100    2.0000


 FCHORD=    1.00000000      FPERP=    0.00000000     FTKSCALE=    1.00000000    


  CENTRELINE COORDINATES AND THICKNESS FOR INTYPE = 1

    XIN        YIN       TKIN 
   0.00000   0.00000   0.04902
   0.00006  -0.00010   0.04904
   0.00025  -0.00040   0.04910
   0.00056  -0.00090   0.04919
   0.00100  -0.00160   0.04932
   0.00156  -0.00250   0.04948
   0.00224  -0.00360   0.04968
   0.00305  -0.00489   0.04992
   0.00398  -0.00638   0.05019
   0.00504  -0.00806   0.05050
   0.00622  -0.00993   0.05084
   0.00752  -0.01198   0.05122
   0.00895  -0.01422   0.05163
   0.01049  -0.01665   0.05208
   0.01216  -0.01925   0.05256
   0.01395  -0.02203   0.05307
   0.01587  -0.02497   0.05362
   0.01790  -0.02809   0.05419
   0.02005  -0.03137   0.05480
   0.02232  -0.03481   0.05544
   0.02472  -0.03840   0.05611
   0.02723  -0.04214   0.05681
   0.02985  -0.04602   0.05754
   0.03260  -0.05005   0.05830
   0.03546  -0.05421   0.05908
   0.03844  -0.05849   0.05990
   0.04153  -0.06290   0.06073
   0.04474  -0.06742   0.06159
   0.04806  -0.07206   0.06248
   0.05149  -0.07679   0.06339
   0.05504  -0.08163   0.06432
   0.05869  -0.08655   0.06527
   0.06246  -0.09156   0.06625
   0.06633  -0.09664   0.06724
   0.07031  -0.10180   0.06825
   0.07440  -0.10701   0.06928
   0.07860  -0.11228   0.07033
   0.08290  -0.11760   0.07139
   0.08730  -0.12296   0.07246
   0.09181  -0.12834   0.07355
   0.09642  -0.13376   0.07465
   0.10113  -0.13919   0.07576
   0.10594  -0.14462   0.07688
   0.11085  -0.15006   0.07801
   0.11585  -0.15549   0.07915
   0.12095  -0.16090   0.08030
   0.12615  -0.16629   0.08145
   0.13144  -0.17165   0.08260
   0.13682  -0.17697   0.08376
   0.14229  -0.18224   0.08492
   0.14784  -0.18746   0.08608
   0.15349  -0.19261   0.08724
   0.15923  -0.19768   0.08840
   0.16504  -0.20268   0.08956
   0.17095  -0.20759   0.09071
   0.17693  -0.21240   0.09186
   0.18299  -0.21711   0.09300
   0.18914  -0.22170   0.09413
   0.19536  -0.22617   0.09526
   0.20166  -0.23052   0.09638
   0.20803  -0.23473   0.09748
   0.21447  -0.23879   0.09858
   0.22099  -0.24271   0.09966
   0.22757  -0.24646   0.10073
   0.23422  -0.25005   0.10178
   0.24094  -0.25347   0.10282
   0.24772  -0.25671   0.10384
   0.25457  -0.25976   0.10484
   0.26148  -0.26262   0.10582
   0.26845  -0.26528   0.10679
   0.27547  -0.26773   0.10773
   0.28255  -0.26998   0.10865
   0.28968  -0.27200   0.10955
   0.29687  -0.27380   0.11042
   0.30411  -0.27537   0.11127
   0.31140  -0.27670   0.11210
   0.31873  -0.27780   0.11289
   0.32611  -0.27865   0.11366
   0.33353  -0.27925   0.11441
   0.34099  -0.27960   0.11512
   0.34850  -0.27968   0.11581
   0.35604  -0.27951   0.11646
   0.36362  -0.27907   0.11709
   0.37123  -0.27835   0.11768
   0.37887  -0.27737   0.11824
   0.38654  -0.27611   0.11877
   0.39424  -0.27456   0.11927
   0.40197  -0.27274   0.11973
   0.40972  -0.27063   0.12016
   0.41750  -0.26824   0.12056
   0.42529  -0.26556   0.12092
   0.43311  -0.26259   0.12124
   0.44094  -0.25933   0.12153
   0.44878  -0.25578   0.12179
   0.45664  -0.25193   0.12201
   0.46451  -0.24780   0.12219
   0.47239  -0.24337   0.12233
   0.48027  -0.23865   0.12244
   0.48816  -0.23363   0.12252
   0.49605  -0.22833   0.12255
   0.50395  -0.22274   0.12255
   0.51184  -0.21686   0.12252
   0.51973  -0.21069   0.12244
   0.52761  -0.20424   0.12233
   0.53549  -0.19750   0.12219
   0.54336  -0.19049   0.12201
   0.55122  -0.18320   0.12179
   0.55906  -0.17563   0.12153
   0.56689  -0.16780   0.12124
   0.57471  -0.15969   0.12092
   0.58250  -0.15133   0.12056
   0.59028  -0.14270   0.12016
   0.59803  -0.13382   0.11973
   0.60576  -0.12470   0.11927
   0.61346  -0.11532   0.11877
   0.62113  -0.10571   0.11824
   0.62877  -0.09587   0.11768
   0.63638  -0.08579   0.11709
   0.64396  -0.07550   0.11646
   0.65150  -0.06499   0.11581
   0.65901  -0.05427   0.11512
   0.66647  -0.04334   0.11441
   0.67389  -0.03222   0.11366
   0.68127  -0.02092   0.11289
   0.68860  -0.00943   0.11210
   0.69589   0.00223   0.11127
   0.70313   0.01406   0.11042
   0.71031   0.02604   0.10955
   0.71745   0.03818   0.10865
   0.72453   0.05045   0.10773
   0.73155   0.06286   0.10679
   0.73852   0.07539   0.10582
   0.74543   0.08804   0.10484
   0.75228   0.10079   0.10384
   0.75906   0.11365   0.10282
   0.76578   0.12658   0.10178
   0.77243   0.13960   0.10073
   0.77901   0.15269   0.09966
   0.78553   0.16584   0.09858
   0.79197   0.17904   0.09748
   0.79834   0.19227   0.09638
   0.80464   0.20554   0.09526
   0.81086   0.21883   0.09413
   0.81701   0.23213   0.09300
   0.82307   0.24543   0.09186
   0.82905   0.25872   0.09071
   0.83496   0.27199   0.08956
   0.84077   0.28523   0.08840
   0.84651   0.29844   0.08724
   0.85216   0.31159   0.08608
   0.85771   0.32468   0.08492
   0.86318   0.33770   0.08376
   0.86856   0.35065   0.08260
   0.87385   0.36350   0.08145
   0.87905   0.37625   0.08030
   0.88415   0.38889   0.07915
   0.88915   0.40141   0.07801
   0.89406   0.41381   0.07688
   0.89887   0.42606   0.07576
   0.90358   0.43816   0.07465
   0.90819   0.45011   0.07355
   0.91270   0.46188   0.07246
   0.91710   0.47348   0.07139
   0.92140   0.48489   0.07033
   0.92560   0.49611   0.06928
   0.92969   0.50712   0.06825
   0.93367   0.51792   0.06724
   0.93754   0.52849   0.06625
   0.94131   0.53884   0.06527
   0.94496   0.54894   0.06432
   0.94851   0.55880   0.06339
   0.95194   0.56840   0.06248
   0.95526   0.57774   0.06159
   0.95847   0.58681   0.06073
   0.96156   0.59560   0.05990
   0.96454   0.60410   0.05908
   0.96740   0.61231   0.05830
   0.97015   0.62023   0.05754
   0.97277   0.62784   0.05681
   0.97528   0.63514   0.05611
   0.97768   0.64212   0.05544
   0.97995   0.64878   0.05480
   0.98210   0.65511   0.05419
   0.98413   0.66110   0.05362
   0.98605   0.66676   0.05307
   0.98784   0.67208   0.05256
   0.98951   0.67704   0.05208
   0.99105   0.68166   0.05163
   0.99248   0.68592   0.05122
   0.99378   0.68982   0.05084
   0.99496   0.69336   0.05050
   0.99602   0.69654   0.05019
   0.99695   0.69935   0.04992
   0.99776   0.70179   0.04968
   0.99844   0.70385   0.04948
   0.99900   0.70555   0.04932
   0.99944   0.70686   0.04919
   0.99975   0.70781   0.04910
   0.99994   0.70837   0.04904
   1.00000   0.70856   0.04902

  BLADE SURFACE COORDINATES GENERATED USING INTYPE = 1

  XUP          YUP       XLOW      YLOW 
   0.00001   0.02451  -0.00001  -0.02451
   0.00007   0.02442   0.00005  -0.02462
   0.00026   0.02415   0.00024  -0.02495
   0.00057   0.02369   0.00055  -0.02550
   0.00101   0.02306   0.00099  -0.02626
   0.00157   0.02224   0.00155  -0.02724
   0.00225   0.02124   0.00223  -0.02844
   0.00306   0.02007   0.00304  -0.02985
   0.00399   0.01872   0.00397  -0.03147
   0.00505   0.01719   0.00503  -0.03331
   0.00623   0.01549   0.00621  -0.03535
   0.00753   0.01363   0.00751  -0.03759
   0.00896   0.01159   0.00894  -0.04004
   0.01050   0.00939   0.01048  -0.04269
   0.01217   0.00703   0.01215  -0.04553
   0.01396   0.00451   0.01394  -0.04856
   0.01588   0.00183   0.01586  -0.05178
   0.01791  -0.00099   0.01789  -0.05519
   0.02006  -0.00397   0.02004  -0.05877
   0.02233  -0.00708   0.02231  -0.06253
   0.02473  -0.01034   0.02471  -0.06645
   0.02724  -0.01373   0.02722  -0.07055
   0.02986  -0.01725   0.02984  -0.07479
   0.03261  -0.02090   0.03259  -0.07920
   0.03547  -0.02466   0.03545  -0.08375
   0.03845  -0.02854   0.03843  -0.08844
   0.04154  -0.03253   0.04152  -0.09327
   0.04475  -0.03663   0.04473  -0.09822
   0.04807  -0.04082   0.04805  -0.10330
   0.05150  -0.04510   0.05148  -0.10849
   0.05505  -0.04947   0.05503  -0.11379
   0.05870  -0.05392   0.05868  -0.11919
   0.06247  -0.05844   0.06245  -0.12468
   0.06634  -0.06302   0.06632  -0.13026
   0.07032  -0.06767   0.07030  -0.13592
   0.07441  -0.07237   0.07439  -0.14165
   0.07861  -0.07712   0.07859  -0.14744
   0.08291  -0.08191   0.08289  -0.15329
   0.08731  -0.08672   0.08729  -0.15919
   0.09182  -0.09157   0.09180  -0.16512
   0.09643  -0.09643   0.09641  -0.17108
   0.10114  -0.10130   0.10112  -0.17707
   0.10595  -0.10618   0.10593  -0.18306
   0.11086  -0.11105   0.11084  -0.18907
   0.11586  -0.11591   0.11584  -0.19507
   0.12096  -0.12076   0.12094  -0.20105
   0.12616  -0.12557   0.12614  -0.20702
   0.13145  -0.13035   0.13143  -0.21295
   0.13683  -0.13509   0.13681  -0.21885
   0.14230  -0.13978   0.14228  -0.22470
   0.14785  -0.14442   0.14783  -0.23050
   0.15350  -0.14899   0.15348  -0.23623
   0.15924  -0.15348   0.15922  -0.24188
   0.16505  -0.15790   0.16503  -0.24746
   0.17096  -0.16223   0.17094  -0.25294
   0.17694  -0.16647   0.17692  -0.25833
   0.18300  -0.17061   0.18298  -0.26361
   0.18915  -0.17463   0.18913  -0.26877
   0.19537  -0.17854   0.19535  -0.27380
   0.20167  -0.18233   0.20165  -0.27871
   0.20804  -0.18598   0.20802  -0.28347
   0.21448  -0.18950   0.21446  -0.28808
   0.22100  -0.19288   0.22098  -0.29254
   0.22758  -0.19610   0.22756  -0.29683
   0.23423  -0.19916   0.23421  -0.30094
   0.24095  -0.20206   0.24093  -0.30488
   0.24773  -0.20479   0.24771  -0.30863
   0.25458  -0.20734   0.25456  -0.31218
   0.26149  -0.20971   0.26147  -0.31553
   0.26846  -0.21189   0.26844  -0.31867
   0.27548  -0.21387   0.27546  -0.32160
   0.28256  -0.21565   0.28254  -0.32430
   0.28969  -0.21723   0.28967  -0.32677
   0.29688  -0.21859   0.29686  -0.32901
   0.30412  -0.21973   0.30410  -0.33100
   0.31141  -0.22066   0.31139  -0.33275
   0.31874  -0.22135   0.31872  -0.33425
   0.32612  -0.22182   0.32610  -0.33548
   0.33354  -0.22205   0.33352  -0.33645
   0.34100  -0.22203   0.34098  -0.33716
   0.34851  -0.22178   0.34849  -0.33759
   0.35605  -0.22128   0.35603  -0.33774
   0.36363  -0.22052   0.36361  -0.33761
   0.37124  -0.21951   0.37122  -0.33719
   0.37888  -0.21825   0.37886  -0.33649
   0.38655  -0.21672   0.38653  -0.33549
   0.39425  -0.21493   0.39423  -0.33420
   0.40198  -0.21288   0.40196  -0.33261
   0.40973  -0.21055   0.40971  -0.33072
   0.41751  -0.20796   0.41749  -0.32852
   0.42530  -0.20510   0.42528  -0.32602
   0.43312  -0.20197   0.43310  -0.32321
   0.44095  -0.19856   0.44093  -0.32010
   0.44879  -0.19488   0.44877  -0.31667
   0.45665  -0.19093   0.45663  -0.31294
   0.46452  -0.18670   0.46450  -0.30889
   0.47240  -0.18220   0.47238  -0.30454
   0.48028  -0.17743   0.48026  -0.29987
   0.48817  -0.17238   0.48815  -0.29489
   0.49606  -0.16705   0.49604  -0.28961
   0.50396  -0.16146   0.50394  -0.28402
   0.51185  -0.15560   0.51183  -0.27812
   0.51974  -0.14947   0.51972  -0.27191
   0.52762  -0.14307   0.52760  -0.26540
   0.53550  -0.13641   0.53548  -0.25860
   0.54337  -0.12949   0.54335  -0.25149
   0.55123  -0.12230   0.55121  -0.24409
   0.55907  -0.11486   0.55905  -0.23640
   0.56690  -0.10717   0.56688  -0.22842
   0.57472  -0.09923   0.57470  -0.22015
   0.58251  -0.09105   0.58249  -0.21160
   0.59029  -0.08262   0.59027  -0.20278
   0.59804  -0.07396   0.59802  -0.19369
   0.60577  -0.06506   0.60575  -0.18433
   0.61347  -0.05594   0.61345  -0.17471
   0.62114  -0.04659   0.62112  -0.16483
   0.62878  -0.03702   0.62876  -0.15471
   0.63639  -0.02725   0.63637  -0.14434
   0.64397  -0.01727   0.64395  -0.13373
   0.65151  -0.00708   0.65149  -0.12289
   0.65902   0.00330   0.65900  -0.11183
   0.66648   0.01386   0.66646  -0.10055
   0.67390   0.02461   0.67388  -0.08906
   0.68128   0.03553   0.68126  -0.07736
   0.68861   0.04662   0.68859  -0.06548
   0.69590   0.05787   0.69588  -0.05340
   0.70314   0.06927   0.70312  -0.04115
   0.71033   0.08082   0.71030  -0.02873
   0.71746   0.09250   0.71744  -0.01615
   0.72454   0.10432   0.72452  -0.00341
   0.73156   0.11625   0.73154   0.00947
   0.73853   0.12830   0.73851   0.02248
   0.74544   0.14046   0.74542   0.03562
   0.75229   0.15271   0.75227   0.04887
   0.75907   0.16505   0.75905   0.06224
   0.76579   0.17748   0.76577   0.07569
   0.77244   0.18997   0.77242   0.08924
   0.77902   0.20252   0.77900   0.10286
   0.78554   0.21513   0.78552   0.11655
   0.79198   0.22778   0.79196   0.13029
   0.79835   0.24046   0.79833   0.14408
   0.80465   0.25317   0.80463   0.15791
   0.81087   0.26590   0.81085   0.17176
   0.81702   0.27863   0.81700   0.18563
   0.82308   0.29136   0.82306   0.19950
   0.82906   0.30408   0.82904   0.21337
   0.83497   0.31677   0.83495   0.22721
   0.84078   0.32943   0.84076   0.24103
   0.84652   0.34206   0.84650   0.25482
   0.85217   0.35463   0.85215   0.26855
   0.85772   0.36714   0.85770   0.28222
   0.86319   0.37958   0.86317   0.29582
   0.86857   0.39195   0.86855   0.30935
   0.87386   0.40422   0.87384   0.32277
   0.87906   0.41640   0.87904   0.33610
   0.88416   0.42847   0.88414   0.34932
   0.88916   0.44042   0.88914   0.36241
   0.89407   0.45225   0.89405   0.37537
   0.89888   0.46394   0.89886   0.38818
   0.90359   0.47549   0.90357   0.40084
   0.90820   0.48688   0.90818   0.41333
   0.91271   0.49811   0.91269   0.42565
   0.91711   0.50918   0.91709   0.43779
   0.92141   0.52006   0.92139   0.44973
   0.92561   0.53075   0.92559   0.46147
   0.92970   0.54125   0.92968   0.47299
   0.93368   0.55154   0.93366   0.48430
   0.93755   0.56162   0.93753   0.49537
   0.94132   0.57147   0.94130   0.50620
   0.94497   0.58110   0.94495   0.51678
   0.94852   0.59049   0.94850   0.52710
   0.95195   0.59964   0.95193   0.53716
   0.95527   0.60853   0.95525   0.54694
   0.95848   0.61717   0.95846   0.55644
   0.96157   0.62554   0.96155   0.56565
   0.96455   0.63364   0.96453   0.57456
   0.96741   0.64146   0.96739   0.58316
   0.97016   0.64900   0.97014   0.59146
   0.97278   0.65625   0.97276   0.59943
   0.97529   0.66319   0.97527   0.60708
   0.97769   0.66984   0.97767   0.61440
   0.97996   0.67618   0.97994   0.62138
   0.98211   0.68220   0.98209   0.62801
   0.98414   0.68791   0.98412   0.63429
   0.98606   0.69330   0.98604   0.64023
   0.98785   0.69835   0.98783   0.64580
   0.98952   0.70308   0.98950   0.65100
   0.99106   0.70748   0.99104   0.65584
   0.99249   0.71153   0.99247   0.66031
   0.99379   0.71524   0.99377   0.66440
   0.99497   0.71861   0.99495   0.66811
   0.99603   0.72163   0.99601   0.67144
   0.99696   0.72431   0.99694   0.67439
   0.99777   0.72663   0.99775   0.67694
   0.99845   0.72859   0.99843   0.67911
   0.99901   0.73020   0.99899   0.68089
   0.99945   0.73146   0.99943   0.68227
   0.99976   0.73235   0.99974   0.68326
   0.99995   0.73289   0.99993   0.68385
   1.00001   0.73307   0.99999   0.68405

XIN,   MODIFIED LEADING EDGE THICKNESS     0.00000     0.00000
XIN,   MODIFIED LEADING EDGE THICKNESS     0.00006     0.09652
XIN,   MODIFIED LEADING EDGE THICKNESS     0.00025     0.19214
XIN,   MODIFIED LEADING EDGE THICKNESS     0.00056     0.28594
XIN,   MODIFIED LEADING EDGE THICKNESS     0.00100     0.37704
XIN,   MODIFIED LEADING EDGE THICKNESS     0.00156     0.46457
XIN,   MODIFIED LEADING EDGE THICKNESS     0.00224     0.54766
XIN,   MODIFIED LEADING EDGE THICKNESS     0.00305     0.62551
XIN,   MODIFIED LEADING EDGE THICKNESS     0.00398     0.69735
XIN,   MODIFIED LEADING EDGE THICKNESS     0.00504     0.76246
XIN,   MODIFIED LEADING EDGE THICKNESS     0.00622     0.82022
XIN,   MODIFIED LEADING EDGE THICKNESS     0.00752     0.87008
XIN,   MODIFIED LEADING EDGE THICKNESS     0.00895     0.91166
XIN,   MODIFIED LEADING EDGE THICKNESS     0.01049     0.94477
XIN,   MODIFIED LEADING EDGE THICKNESS     0.01216     0.96944
XIN,   MODIFIED LEADING EDGE THICKNESS     0.01395     0.98609
XIN,   MODIFIED LEADING EDGE THICKNESS     0.01587     0.99557
XIN,   MODIFIED LEADING EDGE THICKNESS     0.01790     0.99942
 XIN,   MODIFIED TRAILING EDGE THICKNESS     0.99105     0.99442
 XIN,   MODIFIED TRAILING EDGE THICKNESS     0.99248     0.96876
 XIN,   MODIFIED TRAILING EDGE THICKNESS     0.99378     0.92571
 XIN,   MODIFIED TRAILING EDGE THICKNESS     0.99496     0.86823
 XIN,   MODIFIED TRAILING EDGE THICKNESS     0.99602     0.79867
 XIN,   MODIFIED TRAILING EDGE THICKNESS     0.99695     0.71900
 XIN,   MODIFIED TRAILING EDGE THICKNESS     0.99776     0.63090
 XIN,   MODIFIED TRAILING EDGE THICKNESS     0.99844     0.53585
 XIN,   MODIFIED TRAILING EDGE THICKNESS     0.99900     0.43519
 XIN,   MODIFIED TRAILING EDGE THICKNESS     0.99944     0.33013
 XIN,   MODIFIED TRAILING EDGE THICKNESS     0.99975     0.22186
 XIN,   MODIFIED TRAILING EDGE THICKNESS     0.99994     0.11144
 XIN,   MODIFIED TRAILING EDGE THICKNESS     1.00000     0.00000

  POINTS NEARLY PERPENDICULAR TO THE CENTRE LINE BEFORE THINNING 
        N        XUPP      YUPP        XLOW        YLOW 
         1     0.01191     0.00740    -0.01031    -0.00640
         2     0.01198     0.00730    -0.01026    -0.00651
         3     0.01218     0.00701    -0.01008    -0.00682
         4     0.01252     0.00654    -0.00978    -0.00733
         5     0.01300     0.00587    -0.00937    -0.00806
         6     0.01361     0.00502    -0.00884    -0.00899
         7     0.01435     0.00397    -0.00820    -0.01012
         8     0.01523     0.00274    -0.00744    -0.01146
         9     0.01624     0.00132    -0.00656    -0.01300
        10     0.01739    -0.00027    -0.00557    -0.01474
        11     0.01868    -0.00205    -0.00447    -0.01668
        12     0.02009    -0.00401    -0.00325    -0.01882
        13     0.02164    -0.00613    -0.00192    -0.02115
        14     0.02333    -0.00843    -0.00049    -0.02368
        15     0.02514    -0.01090     0.00106    -0.02639
        16     0.02709    -0.01352     0.00272    -0.02929
        17     0.02917    -0.01631     0.00449    -0.03237
        18     0.03138    -0.01926     0.00637    -0.03563
        19     0.03372    -0.02236     0.00837    -0.03906
        20     0.03619    -0.02560     0.01047    -0.04266
        21     0.03879    -0.02899     0.01269    -0.04644
        22     0.04152    -0.03249     0.01501    -0.05036
        23     0.04438    -0.03614     0.01745    -0.05444
        24     0.04737    -0.03992     0.01999    -0.05867
        25     0.05048    -0.04381     0.02264    -0.06307
        26     0.05371    -0.04782     0.02540    -0.06759
        27     0.05708    -0.05193     0.02827    -0.07225
        28     0.06056    -0.05614     0.03124    -0.07703
        29     0.06417    -0.06044     0.03432    -0.08195
        30     0.06790    -0.06483     0.03751    -0.08698
        31     0.07174    -0.06930     0.04080    -0.09212
        32     0.07571    -0.07384     0.04419    -0.09737
        33     0.07979    -0.07843     0.04768    -0.10272
        34     0.08399    -0.08309     0.05128    -0.10817
        35     0.08831    -0.08779     0.05499    -0.11370
        36     0.09273    -0.09253     0.05879    -0.11935
        37     0.09727    -0.09730     0.06270    -0.12504
        38     0.10192    -0.10209     0.06670    -0.13081
        39     0.10667    -0.10689     0.07081    -0.13663
        40     0.11153    -0.11170     0.07502    -0.14251
        41     0.11649    -0.11651     0.07933    -0.14845
        42     0.12155    -0.12130     0.08373    -0.15442
        43     0.12671    -0.12607     0.08824    -0.16043
        44     0.13196    -0.13081     0.09285    -0.16647
        45     0.13731    -0.13550     0.09756    -0.17253
        46     0.14274    -0.14015     0.10236    -0.17861
        47     0.14826    -0.14474     0.10727    -0.18470
        48     0.15385    -0.14926     0.11228    -0.19079
        49     0.15953    -0.15371     0.11738    -0.19687
        50     0.16527    -0.15806     0.12260    -0.20294
        51     0.17109    -0.16233     0.12791    -0.20900
        52     0.17697    -0.16649     0.13333    -0.21503
        53     0.18290    -0.17046     0.13885    -0.22103
        54     0.18889    -0.17439     0.14448    -0.22699
        55     0.19493    -0.17819     0.15023    -0.23291
        56     0.20100    -0.18186     0.15608    -0.23877
        57     0.20711    -0.18539     0.16205    -0.24458
        58     0.21325    -0.18877     0.16813    -0.25031
        59     0.21940    -0.19200     0.17434    -0.25598
        60     0.22557    -0.19507     0.18067    -0.26156
        61     0.23174    -0.19798     0.18713    -0.26704
        62     0.23790    -0.20072     0.19372    -0.27243
        63     0.24406    -0.20329     0.20045    -0.27771
        64     0.25020    -0.20569     0.20732    -0.28286
        65     0.25631    -0.20793     0.21433    -0.28789
        66     0.26239    -0.20999     0.22151    -0.29288
        67     0.26842    -0.21177     0.22884    -0.29761
        68     0.27443    -0.21350     0.23633    -0.30217
        69     0.28039    -0.21505     0.24399    -0.30655
        70     0.28629    -0.21644     0.25182    -0.31072
        71     0.29213    -0.21767     0.25982    -0.31467
        72     0.29792    -0.21875     0.26799    -0.31837
        73     0.30366    -0.21956     0.27635    -0.32194
        74     0.30935    -0.22034     0.28488    -0.32510
        75     0.31499    -0.22097     0.29358    -0.32795
        76     0.32058    -0.22146     0.30244    -0.33047
        77     0.32614    -0.22182     0.31146    -0.33277
        78     0.33167    -0.22192     0.32062    -0.33456
        79     0.33717    -0.22201     0.32992    -0.33595
        80     0.34267    -0.22197     0.33933    -0.33692
        81     0.34816    -0.22168     0.34883    -0.33759
        82     0.35367    -0.22138     0.35841    -0.33768
        83     0.35921    -0.22094     0.36804    -0.33732
        84     0.36478    -0.22037     0.37770    -0.33649
        85     0.37040    -0.21952     0.38737    -0.33535
        86     0.37608    -0.21866     0.39702    -0.33361
        87     0.38184    -0.21764     0.40665    -0.33141
        88     0.38768    -0.21645     0.41622    -0.32877
        89     0.39362    -0.21497     0.42573    -0.32586
        90     0.39966    -0.21343     0.43514    -0.32239
        91     0.40581    -0.21170     0.44447    -0.31852
        92     0.41207    -0.20976     0.45371    -0.31426
        93     0.41846    -0.20761     0.46285    -0.30965
        94     0.42497    -0.20510     0.47188    -0.30468
        95     0.43160    -0.20249     0.48079    -0.29953
        96     0.43835    -0.19964     0.48960    -0.29392
        97     0.44522    -0.19652     0.49830    -0.28800
        98     0.45221    -0.19314     0.50690    -0.28178
        99     0.45931    -0.18948     0.51540    -0.27528
       100     0.46653    -0.18555     0.52381    -0.26850
       101     0.47384    -0.18132     0.53212    -0.26145
       102     0.48126    -0.17680     0.54035    -0.25414
       103     0.48876    -0.17198     0.54849    -0.24658
       104     0.49634    -0.16686     0.55656    -0.23877
       105     0.50400    -0.16143     0.56456    -0.23071
       106     0.51171    -0.15557     0.57248    -0.22242
       107     0.51949    -0.14954     0.58033    -0.21389
       108     0.52732    -0.14320     0.58813    -0.20513
       109     0.53519    -0.13655     0.59586    -0.19615
       110     0.54309    -0.12960     0.60353    -0.18694
       111     0.55103    -0.12236     0.61115    -0.17751
       112     0.55899    -0.11482     0.61872    -0.16786
       113     0.56696    -0.10712     0.62623    -0.15800
       114     0.57494    -0.09900     0.63369    -0.14793
       115     0.58293    -0.09060     0.64111    -0.13766
       116     0.59091    -0.08192     0.64847    -0.12718
       117     0.59889    -0.07298     0.65579    -0.11651
       118     0.60685    -0.06377     0.66306    -0.10564
       119     0.61480    -0.05431     0.67029    -0.09459
       120     0.62273    -0.04459     0.67746    -0.08335
       121     0.63063    -0.03464     0.68459    -0.07193
       122     0.63851    -0.02445     0.69168    -0.06034
       123     0.64635    -0.01404     0.69871    -0.04859
       124     0.65416    -0.00341     0.70570    -0.03667
       125     0.66193     0.00744     0.71264    -0.02460
       126     0.66965     0.01848     0.71953    -0.01238
       127     0.67733     0.02971     0.72637    -0.00001
       128     0.68496     0.04113     0.73316     0.01249
       129     0.69254     0.05271     0.73989     0.02511
       130     0.70007     0.06447     0.74657     0.03786
       131     0.70754     0.07638     0.75320     0.05072
       132     0.71494     0.08843     0.75977     0.06369
       133     0.72229     0.10062     0.76629     0.07675
       134     0.72958     0.11293     0.77274     0.08990
       135     0.73679     0.12536     0.77914     0.10314
       136     0.74394     0.13789     0.78547     0.11655
       137     0.75102     0.15052     0.79174     0.12991
       138     0.75803     0.16324     0.79794     0.14333
       139     0.76496     0.17603     0.80409     0.15679
       140     0.77182     0.18888     0.81016     0.17030
       141     0.77860     0.20179     0.81617     0.18383
       142     0.78530     0.21474     0.82210     0.19738
       143     0.79191     0.22773     0.82797     0.21093
       144     0.79845     0.24065     0.83376     0.22449
       145     0.80489     0.25367     0.83948     0.23804
       146     0.81125     0.26669     0.84513     0.25157
       147     0.81752     0.27970     0.85070     0.26508
       148     0.82371     0.29269     0.85619     0.27854
       149     0.82980     0.30565     0.86160     0.29196
       150     0.83579     0.31858     0.86694     0.30531
       151     0.84170     0.33145     0.87219     0.31860
       152     0.84751     0.34426     0.87735     0.33181
       153     0.85322     0.35700     0.88244     0.34494
       154     0.85883     0.36965     0.88743     0.35797
       155     0.86434     0.38222     0.89234     0.37089
       156     0.86975     0.39468     0.89716     0.38369
       157     0.87506     0.40703     0.90190     0.39637
       158     0.88026     0.41925     0.90654     0.40891
       159     0.88536     0.43134     0.91109     0.42131
       160     0.89035     0.44329     0.91554     0.43355
       161     0.89524     0.45509     0.91990     0.44562
       162     0.90001     0.46672     0.92417     0.45753
       163     0.90468     0.47818     0.92834     0.46925
       164     0.90923     0.48946     0.93241     0.48078
       165     0.91368     0.50055     0.93639     0.49211
       166     0.91801     0.51144     0.94026     0.50323
       167     0.92222     0.52213     0.94403     0.51413
       168     0.92632     0.53259     0.94770     0.52480
       169     0.93031     0.54283     0.95127     0.53524
       170     0.93418     0.55283     0.95473     0.54544
       171     0.93793     0.56259     0.95809     0.55538
       172     0.94156     0.57210     0.96135     0.56507
       173     0.94507     0.58135     0.96450     0.57448
       174     0.94846     0.59036     0.96754     0.58361
       175     0.95173     0.59907     0.97047     0.59247
       176     0.95488     0.60749     0.97329     0.60105
       177     0.95790     0.61563     0.97601     0.60932
       178     0.96080     0.62347     0.97861     0.61730
       179     0.96358     0.63102     0.98110     0.62497
       180     0.96623     0.63825     0.98349     0.63233
       181     0.96876     0.64517     0.98576     0.63936
       182     0.97116     0.65177     0.98791     0.64606
       183     0.97344     0.65805     0.98996     0.65244
       184     0.97558     0.66400     0.99189     0.65848
       185     0.97760     0.66962     0.99370     0.66418
       186     0.97949     0.67489     0.99540     0.66953
       187     0.98126     0.67982     0.99699     0.67453
       188     0.98289     0.68439     0.99846     0.67918
       189     0.98440     0.68862     0.99981     0.68347
       190     0.98577     0.69250     1.00105     0.68740
       191     0.98702     0.69601     1.00217     0.69096
       192     0.98813     0.69916     1.00318     0.69416
       193     0.98912     0.70195     1.00407     0.69699
       194     0.98997     0.70437     1.00484     0.69944
       195     0.99069     0.70642     1.00549     0.70152
       196     0.99128     0.70810     1.00603     0.70322
       197     0.99174     0.70941     1.00645     0.70455
       198     0.99207     0.71035     1.00675     0.70549
       199     0.99227     0.71091     1.00693     0.70606
       200     0.99234     0.71110     1.00699     0.70625
  COORDINATES GOING ROUND THE BLADE AFTER ANY ROTATION
     N        XSURF        YSURF 
         1     0.00134     0.00083
         2     0.00194     0.00107
         3     0.00319     0.00143
         4     0.00456     0.00158
         5     0.00603     0.00153
         6     0.00760     0.00127
         7     0.00925     0.00078
         8     0.01099     0.00008
         9     0.01279    -0.00084
        10     0.01467    -0.00199
        11     0.01660    -0.00337
        12     0.01857    -0.00497
        13     0.02060    -0.00679
        14     0.02267    -0.00885
        15     0.02477    -0.01114
        16     0.02692    -0.01363
        17     0.02911    -0.01635
        18     0.03137    -0.01926
        19     0.03372    -0.02236
        20     0.03619    -0.02560
        21     0.03879    -0.02899
        22     0.04152    -0.03249
        23     0.04438    -0.03614
        24     0.04737    -0.03992
        25     0.05048    -0.04381
        26     0.05371    -0.04782
        27     0.05708    -0.05193
        28     0.06056    -0.05614
        29     0.06417    -0.06044
        30     0.06790    -0.06483
        31     0.07174    -0.06930
        32     0.07571    -0.07384
        33     0.07979    -0.07843
        34     0.08399    -0.08309
        35     0.08831    -0.08779
        36     0.09273    -0.09253
        37     0.09727    -0.09730
        38     0.10192    -0.10209
        39     0.10667    -0.10689
        40     0.11153    -0.11170
        41     0.11649    -0.11651
        42     0.12155    -0.12130
        43     0.12671    -0.12607
        44     0.13196    -0.13081
        45     0.13731    -0.13550
        46     0.14274    -0.14015
        47     0.14826    -0.14474
        48     0.15385    -0.14926
        49     0.15953    -0.15371
        50     0.16527    -0.15806
        51     0.17109    -0.16233
        52     0.17697    -0.16649
        53     0.18290    -0.17046
        54     0.18889    -0.17439
        55     0.19493    -0.17819
        56     0.20100    -0.18186
        57     0.20711    -0.18539
        58     0.21325    -0.18877
        59     0.21940    -0.19200
        60     0.22557    -0.19507
        61     0.23174    -0.19798
        62     0.23790    -0.20072
        63     0.24406    -0.20329
        64     0.25020    -0.20569
        65     0.25631    -0.20793
        66     0.26239    -0.20999
        67     0.26842    -0.21177
        68     0.27443    -0.21350
        69     0.28039    -0.21505
        70     0.28629    -0.21644
        71     0.29213    -0.21767
        72     0.29792    -0.21875
        73     0.30366    -0.21956
        74     0.30935    -0.22034
        75     0.31499    -0.22097
        76     0.32058    -0.22146
        77     0.32614    -0.22182
        78     0.33167    -0.22192
        79     0.33717    -0.22201
        80     0.34267    -0.22197
        81     0.34816    -0.22168
        82     0.35367    -0.22138
        83     0.35921    -0.22094
        84     0.36478    -0.22037
        85     0.37040    -0.21952
        86     0.37608    -0.21866
        87     0.38184    -0.21764
        88     0.38768    -0.21645
        89     0.39362    -0.21497
        90     0.39966    -0.21343
        91     0.40581    -0.21170
        92     0.41207    -0.20976
        93     0.41846    -0.20761
        94     0.42497    -0.20510
        95     0.43160    -0.20249
        96     0.43835    -0.19964
        97     0.44522    -0.19652
        98     0.45221    -0.19314
        99     0.45931    -0.18948
       100     0.46653    -0.18555
       101     0.47384    -0.18132
       102     0.48126    -0.17680
       103     0.48876    -0.17198
       104     0.49634    -0.16686
       105     0.50400    -0.16143
       106     0.51171    -0.15557
       107     0.51949    -0.14954
       108     0.52732    -0.14320
       109     0.53519    -0.13655
       110     0.54309    -0.12960
       111     0.55103    -0.12236
       112     0.55899    -0.11482
       113     0.56696    -0.10712
       114     0.57494    -0.09900
       115     0.58293    -0.09060
       116     0.59091    -0.08192
       117     0.59889    -0.07298
       118     0.60685    -0.06377
       119     0.61480    -0.05431
       120     0.62273    -0.04459
       121     0.63064    -0.03464
       122     0.63851    -0.02445
       123     0.64635    -0.01404
       124     0.65416    -0.00341
       125     0.66193     0.00744
       126     0.66965     0.01848
       127     0.67733     0.02971
       128     0.68496     0.04113
       129     0.69254     0.05271
       130     0.70007     0.06447
       131     0.70754     0.07638
       132     0.71494     0.08843
       133     0.72229     0.10062
       134     0.72958     0.11293
       135     0.73679     0.12536
       136     0.74394     0.13789
       137     0.75102     0.15052
       138     0.75803     0.16324
       139     0.76496     0.17603
       140     0.77182     0.18888
       141     0.77860     0.20179
       142     0.78530     0.21474
       143     0.79191     0.22773
       144     0.79845     0.24065
       145     0.80489     0.25367
       146     0.81125     0.26669
       147     0.81752     0.27970
       148     0.82371     0.29269
       149     0.82980     0.30565
       150     0.83579     0.31858
       151     0.84170     0.33145
       152     0.84751     0.34426
       153     0.85322     0.35700
       154     0.85883     0.36965
       155     0.86434     0.38222
       156     0.86975     0.39468
       157     0.87506     0.40703
       158     0.88026     0.41925
       159     0.88536     0.43134
       160     0.89035     0.44329
       161     0.89524     0.45509
       162     0.90001     0.46672
       163     0.90468     0.47818
       164     0.90923     0.48946
       165     0.91368     0.50055
       166     0.91801     0.51144
       167     0.92222     0.52213
       168     0.92632     0.53259
       169     0.93031     0.54283
       170     0.93418     0.55283
       171     0.93793     0.56259
       172     0.94156     0.57210
       173     0.94507     0.58135
       174     0.94846     0.59036
       175     0.95173     0.59907
       176     0.95488     0.60749
       177     0.95790     0.61563
       178     0.96080     0.62347
       179     0.96358     0.63102
       180     0.96623     0.63825
       181     0.96876     0.64517
       182     0.97116     0.65177
       183     0.97344     0.65805
       184     0.97558     0.66400
       185     0.97760     0.66962
       186     0.97949     0.67489
       187     0.98126     0.67982
       188     0.98293     0.68438
       189     0.98464     0.68854
       190     0.98634     0.69231
       191     0.98801     0.69568
       192     0.98965     0.69866
       193     0.99122     0.70125
       194     0.99271     0.70346
       195     0.99413     0.70528
       196     0.99545     0.70672
       197     0.99667     0.70778
       198     0.99778     0.70846
       199     0.99878     0.70876
       200     0.99925     0.70881
       201     1.00007     0.70854
       202     1.00041     0.70822
       203     1.00104     0.70738
       204     1.00152     0.70618
       205     1.00187     0.70460
       206     1.00206     0.70266
       207     1.00209     0.70035
       208     1.00197     0.69768
       209     1.00166     0.69466
       210     1.00117     0.69130
       211     1.00048     0.68759
       212     0.99957     0.68355
       213     0.99841     0.67920
       214     0.99699     0.67453
       215     0.99540     0.66953
       216     0.99370     0.66418
       217     0.99189     0.65848
       218     0.98996     0.65244
       219     0.98791     0.64606
       220     0.98576     0.63936
       221     0.98349     0.63233
       222     0.98110     0.62497
       223     0.97861     0.61730
       224     0.97601     0.60932
       225     0.97329     0.60105
       226     0.97047     0.59247
       227     0.96754     0.58361
       228     0.96450     0.57448
       229     0.96135     0.56507
       230     0.95809     0.55538
       231     0.95473     0.54544
       232     0.95127     0.53524
       233     0.94770     0.52480
       234     0.94403     0.51413
       235     0.94026     0.50323
       236     0.93639     0.49211
       237     0.93241     0.48078
       238     0.92834     0.46925
       239     0.92417     0.45753
       240     0.91990     0.44562
       241     0.91554     0.43355
       242     0.91109     0.42131
       243     0.90654     0.40891
       244     0.90190     0.39637
       245     0.89716     0.38369
       246     0.89234     0.37089
       247     0.88743     0.35797
       248     0.88244     0.34494
       249     0.87735     0.33181
       250     0.87219     0.31860
       251     0.86694     0.30531
       252     0.86160     0.29196
       253     0.85619     0.27854
       254     0.85070     0.26508
       255     0.84513     0.25157
       256     0.83948     0.23804
       257     0.83376     0.22449
       258     0.82797     0.21093
       259     0.82210     0.19738
       260     0.81617     0.18383
       261     0.81016     0.17030
       262     0.80409     0.15679
       263     0.79794     0.14333
       264     0.79174     0.12991
       265     0.78547     0.11655
       266     0.77914     0.10314
       267     0.77274     0.08990
       268     0.76629     0.07675
       269     0.75977     0.06369
       270     0.75320     0.05072
       271     0.74657     0.03786
       272     0.73989     0.02511
       273     0.73316     0.01249
       274     0.72637    -0.00001
       275     0.71953    -0.01238
       276     0.71264    -0.02460
       277     0.70570    -0.03667
       278     0.69871    -0.04859
       279     0.69168    -0.06034
       280     0.68459    -0.07193
       281     0.67746    -0.08335
       282     0.67029    -0.09459
       283     0.66306    -0.10564
       284     0.65579    -0.11651
       285     0.64847    -0.12718
       286     0.64111    -0.13766
       287     0.63369    -0.14793
       288     0.62623    -0.15800
       289     0.61872    -0.16786
       290     0.61115    -0.17751
       291     0.60353    -0.18694
       292     0.59586    -0.19615
       293     0.58813    -0.20513
       294     0.58033    -0.21389
       295     0.57248    -0.22242
       296     0.56456    -0.23071
       297     0.55656    -0.23877
       298     0.54849    -0.24658
       299     0.54035    -0.25414
       300     0.53212    -0.26145
       301     0.52381    -0.26850
       302     0.51540    -0.27528
       303     0.50690    -0.28178
       304     0.49830    -0.28800
       305     0.48960    -0.29392
       306     0.48079    -0.29953
       307     0.47188    -0.30468
       308     0.46285    -0.30965
       309     0.45371    -0.31426
       310     0.44447    -0.31852
       311     0.43514    -0.32239
       312     0.42573    -0.32586
       313     0.41622    -0.32877
       314     0.40665    -0.33141
       315     0.39702    -0.33361
       316     0.38737    -0.33535
       317     0.37770    -0.33649
       318     0.36804    -0.33732
       319     0.35841    -0.33768
       320     0.34883    -0.33759
       321     0.33933    -0.33692
       322     0.32992    -0.33595
       323     0.32062    -0.33456
       324     0.31146    -0.33277
       325     0.30244    -0.33047
       326     0.29358    -0.32795
       327     0.28488    -0.32510
       328     0.27635    -0.32194
       329     0.26799    -0.31837
       330     0.25982    -0.31467
       331     0.25182    -0.31072
       332     0.24399    -0.30655
       333     0.23633    -0.30217
       334     0.22884    -0.29761
       335     0.22151    -0.29288
       336     0.21433    -0.28789
       337     0.20732    -0.28286
       338     0.20045    -0.27771
       339     0.19372    -0.27243
       340     0.18713    -0.26704
       341     0.18067    -0.26156
       342     0.17434    -0.25598
       343     0.16813    -0.25031
       344     0.16205    -0.24458
       345     0.15608    -0.23877
       346     0.15023    -0.23291
       347     0.14448    -0.22699
       348     0.13885    -0.22103
       349     0.13333    -0.21503
       350     0.12791    -0.20900
       351     0.12260    -0.20294
       352     0.11738    -0.19687
       353     0.11228    -0.19079
       354     0.10727    -0.18470
       355     0.10236    -0.17861
       356     0.09756    -0.17253
       357     0.09285    -0.16647
       358     0.08824    -0.16043
       359     0.08373    -0.15442
       360     0.07933    -0.14845
       361     0.07502    -0.14251
       362     0.07081    -0.13663
       363     0.06670    -0.13081
       364     0.06270    -0.12504
       365     0.05879    -0.11935
       366     0.05499    -0.11370
       367     0.05128    -0.10817
       368     0.04768    -0.10272
       369     0.04419    -0.09737
       370     0.04080    -0.09212
       371     0.03751    -0.08698
       372     0.03432    -0.08195
       373     0.03124    -0.07703
       374     0.02827    -0.07225
       375     0.02540    -0.06759
       376     0.02264    -0.06307
       377     0.01999    -0.05867
       378     0.01745    -0.05444
       379     0.01501    -0.05036
       380     0.01269    -0.04644
       381     0.01047    -0.04266
       382     0.00837    -0.03906
       383     0.00638    -0.03563
       384     0.00455    -0.03234
       385     0.00289    -0.02918
       386     0.00143    -0.02615
       387     0.00017    -0.02325
       388    -0.00088    -0.02049
       389    -0.00173    -0.01785
       390    -0.00239    -0.01536
       391    -0.00284    -0.01302
       392    -0.00311    -0.01083
       393    -0.00319    -0.00880
       394    -0.00310    -0.00694
       395    -0.00283    -0.00524
       396    -0.00240    -0.00372
       397    -0.00182    -0.00238
       398    -0.00109    -0.00123
       399    -0.00021    -0.00027
       400     0.00026     0.00017
  LEADING EDGE POINT =          393  TE POINT =         207

  NO OF SUCT S POINTS         215  NO PRESS S POINTS         187
  XMIN,XMAX, XCHORD    -3.19300639E-03   1.00209427       1.00528729    

   SUCTION SURFACE POINTS FROM LE TO TE.
         1    -0.00319    -0.00880
         2    -0.00310    -0.00694
         3    -0.00283    -0.00524
         4    -0.00240    -0.00372
         5    -0.00182    -0.00238
         6    -0.00109    -0.00123
         7    -0.00021    -0.00027
         8     0.00026     0.00017
         9     0.00134     0.00083
        10     0.00194     0.00107
        11     0.00319     0.00143
        12     0.00456     0.00158
        13     0.00603     0.00153
        14     0.00760     0.00127
        15     0.00925     0.00078
        16     0.01099     0.00008
        17     0.01279    -0.00084
        18     0.01467    -0.00199
        19     0.01660    -0.00337
        20     0.01857    -0.00497
        21     0.02060    -0.00679
        22     0.02267    -0.00885
        23     0.02477    -0.01114
        24     0.02692    -0.01363
        25     0.02911    -0.01635
        26     0.03137    -0.01926
        27     0.03372    -0.02236
        28     0.03619    -0.02560
        29     0.03879    -0.02899
        30     0.04152    -0.03249
        31     0.04438    -0.03614
        32     0.04737    -0.03992
        33     0.05048    -0.04381
        34     0.05371    -0.04782
        35     0.05708    -0.05193
        36     0.06056    -0.05614
        37     0.06417    -0.06044
        38     0.06790    -0.06483
        39     0.07174    -0.06930
        40     0.07571    -0.07384
        41     0.07979    -0.07843
        42     0.08399    -0.08309
        43     0.08831    -0.08779
        44     0.09273    -0.09253
        45     0.09727    -0.09730
        46     0.10192    -0.10209
        47     0.10667    -0.10689
        48     0.11153    -0.11170
        49     0.11649    -0.11651
        50     0.12155    -0.12130
        51     0.12671    -0.12607
        52     0.13196    -0.13081
        53     0.13731    -0.13550
        54     0.14274    -0.14015
        55     0.14826    -0.14474
        56     0.15385    -0.14926
        57     0.15953    -0.15371
        58     0.16527    -0.15806
        59     0.17109    -0.16233
        60     0.17697    -0.16649
        61     0.18290    -0.17046
        62     0.18889    -0.17439
        63     0.19493    -0.17819
        64     0.20100    -0.18186
        65     0.20711    -0.18539
        66     0.21325    -0.18877
        67     0.21940    -0.19200
        68     0.22557    -0.19507
        69     0.23174    -0.19798
        70     0.23790    -0.20072
        71     0.24406    -0.20329
        72     0.25020    -0.20569
        73     0.25631    -0.20793
        74     0.26239    -0.20999
        75     0.26842    -0.21177
        76     0.27443    -0.21350
        77     0.28039    -0.21505
        78     0.28629    -0.21644
        79     0.29213    -0.21767
        80     0.29792    -0.21875
        81     0.30366    -0.21956
        82     0.30935    -0.22034
        83     0.31499    -0.22097
        84     0.32058    -0.22146
        85     0.32614    -0.22182
        86     0.33167    -0.22192
        87     0.33717    -0.22201
        88     0.34267    -0.22197
        89     0.34816    -0.22168
        90     0.35367    -0.22138
        91     0.35921    -0.22094
        92     0.36478    -0.22037
        93     0.37040    -0.21952
        94     0.37608    -0.21866
        95     0.38184    -0.21764
        96     0.38768    -0.21645
        97     0.39362    -0.21497
        98     0.39966    -0.21343
        99     0.40581    -0.21170
       100     0.41207    -0.20976
       101     0.41846    -0.20761
       102     0.42497    -0.20510
       103     0.43160    -0.20249
       104     0.43835    -0.19964
       105     0.44522    -0.19652
       106     0.45221    -0.19314
       107     0.45931    -0.18948
       108     0.46653    -0.18555
       109     0.47384    -0.18132
       110     0.48126    -0.17680
       111     0.48876    -0.17198
       112     0.49634    -0.16686
       113     0.50400    -0.16143
       114     0.51171    -0.15557
       115     0.51949    -0.14954
       116     0.52732    -0.14320
       117     0.53519    -0.13655
       118     0.54309    -0.12960
       119     0.55103    -0.12236
       120     0.55899    -0.11482
       121     0.56696    -0.10712
       122     0.57494    -0.09900
       123     0.58293    -0.09060
       124     0.59091    -0.08192
       125     0.59889    -0.07298
       126     0.60685    -0.06377
       127     0.61480    -0.05431
       128     0.62273    -0.04459
       129     0.63064    -0.03464
       130     0.63851    -0.02445
       131     0.64635    -0.01404
       132     0.65416    -0.00341
       133     0.66193     0.00744
       134     0.66965     0.01848
       135     0.67733     0.02971
       136     0.68496     0.04113
       137     0.69254     0.05271
       138     0.70007     0.06447
       139     0.70754     0.07638
       140     0.71494     0.08843
       141     0.72229     0.10062
       142     0.72958     0.11293
       143     0.73679     0.12536
       144     0.74394     0.13789
       145     0.75102     0.15052
       146     0.75803     0.16324
       147     0.76496     0.17603
       148     0.77182     0.18888
       149     0.77860     0.20179
       150     0.78530     0.21474
       151     0.79191     0.22773
       152     0.79845     0.24065
       153     0.80489     0.25367
       154     0.81125     0.26669
       155     0.81752     0.27970
       156     0.82371     0.29269
       157     0.82980     0.30565
       158     0.83579     0.31858
       159     0.84170     0.33145
       160     0.84751     0.34426
       161     0.85322     0.35700
       162     0.85883     0.36965
       163     0.86434     0.38222
       164     0.86975     0.39468
       165     0.87506     0.40703
       166     0.88026     0.41925
       167     0.88536     0.43134
       168     0.89035     0.44329
       169     0.89524     0.45509
       170     0.90001     0.46672
       171     0.90468     0.47818
       172     0.90923     0.48946
       173     0.91368     0.50055
       174     0.91801     0.51144
       175     0.92222     0.52213
       176     0.92632     0.53259
       177     0.93031     0.54283
       178     0.93418     0.55283
       179     0.93793     0.56259
       180     0.94156     0.57210
       181     0.94507     0.58135
       182     0.94846     0.59036
       183     0.95173     0.59907
       184     0.95488     0.60749
       185     0.95790     0.61563
       186     0.96080     0.62347
       187     0.96358     0.63102
       188     0.96623     0.63825
       189     0.96876     0.64517
       190     0.97116     0.65177
       191     0.97344     0.65805
       192     0.97558     0.66400
       193     0.97760     0.66962
       194     0.97949     0.67489
       195     0.98126     0.67982
       196     0.98293     0.68438
       197     0.98464     0.68854
       198     0.98634     0.69231
       199     0.98801     0.69568
       200     0.98965     0.69866
       201     0.99122     0.70125
       202     0.99271     0.70346
       203     0.99413     0.70528
       204     0.99545     0.70672
       205     0.99667     0.70778
       206     0.99778     0.70846
       207     0.99878     0.70876
       208     0.99925     0.70881
       209     1.00007     0.70854
       210     1.00041     0.70822
       211     1.00104     0.70738
       212     1.00152     0.70618
       213     1.00187     0.70460
       214     1.00206     0.70266
       215     1.00209     0.70035

   PRESSURE SURFACE POINTS FROM LE TO TE.
         1    -0.00319    -0.00880
         2    -0.00311    -0.01083
         3    -0.00284    -0.01302
         4    -0.00239    -0.01536
         5    -0.00173    -0.01785
         6    -0.00088    -0.02049
         7     0.00017    -0.02325
         8     0.00143    -0.02615
         9     0.00289    -0.02918
        10     0.00455    -0.03234
        11     0.00638    -0.03563
        12     0.00837    -0.03906
        13     0.01047    -0.04266
        14     0.01269    -0.04644
        15     0.01501    -0.05036
        16     0.01745    -0.05444
        17     0.01999    -0.05867
        18     0.02264    -0.06307
        19     0.02540    -0.06759
        20     0.02827    -0.07225
        21     0.03124    -0.07703
        22     0.03432    -0.08195
        23     0.03751    -0.08698
        24     0.04080    -0.09212
        25     0.04419    -0.09737
        26     0.04768    -0.10272
        27     0.05128    -0.10817
        28     0.05499    -0.11370
        29     0.05879    -0.11935
        30     0.06270    -0.12504
        31     0.06670    -0.13081
        32     0.07081    -0.13663
        33     0.07502    -0.14251
        34     0.07933    -0.14845
        35     0.08373    -0.15442
        36     0.08824    -0.16043
        37     0.09285    -0.16647
        38     0.09756    -0.17253
        39     0.10236    -0.17861
        40     0.10727    -0.18470
        41     0.11228    -0.19079
        42     0.11738    -0.19687
        43     0.12260    -0.20294
        44     0.12791    -0.20900
        45     0.13333    -0.21503
        46     0.13885    -0.22103
        47     0.14448    -0.22699
        48     0.15023    -0.23291
        49     0.15608    -0.23877
        50     0.16205    -0.24458
        51     0.16813    -0.25031
        52     0.17434    -0.25598
        53     0.18067    -0.26156
        54     0.18713    -0.26704
        55     0.19372    -0.27243
        56     0.20045    -0.27771
        57     0.20732    -0.28286
        58     0.21433    -0.28789
        59     0.22151    -0.29288
        60     0.22884    -0.29761
        61     0.23633    -0.30217
        62     0.24399    -0.30655
        63     0.25182    -0.31072
        64     0.25982    -0.31467
        65     0.26799    -0.31837
        66     0.27635    -0.32194
        67     0.28488    -0.32510
        68     0.29358    -0.32795
        69     0.30244    -0.33047
        70     0.31146    -0.33277
        71     0.32062    -0.33456
        72     0.32992    -0.33595
        73     0.33933    -0.33692
        74     0.34883    -0.33759
        75     0.35841    -0.33768
        76     0.36804    -0.33732
        77     0.37770    -0.33649
        78     0.38737    -0.33535
        79     0.39702    -0.33361
        80     0.40665    -0.33141
        81     0.41622    -0.32877
        82     0.42573    -0.32586
        83     0.43514    -0.32239
        84     0.44447    -0.31852
        85     0.45371    -0.31426
        86     0.46285    -0.30965
        87     0.47188    -0.30468
        88     0.48079    -0.29953
        89     0.48960    -0.29392
        90     0.49830    -0.28800
        91     0.50690    -0.28178
        92     0.51540    -0.27528
        93     0.52381    -0.26850
        94     0.53212    -0.26145
        95     0.54035    -0.25414
        96     0.54849    -0.24658
        97     0.55656    -0.23877
        98     0.56456    -0.23071
        99     0.57248    -0.22242
       100     0.58033    -0.21389
       101     0.58813    -0.20513
       102     0.59586    -0.19615
       103     0.60353    -0.18694
       104     0.61115    -0.17751
       105     0.61872    -0.16786
       106     0.62623    -0.15800
       107     0.63369    -0.14793
       108     0.64111    -0.13766
       109     0.64847    -0.12718
       110     0.65579    -0.11651
       111     0.66306    -0.10564
       112     0.67029    -0.09459
       113     0.67746    -0.08335
       114     0.68459    -0.07193
       115     0.69168    -0.06034
       116     0.69871    -0.04859
       117     0.70570    -0.03667
       118     0.71264    -0.02460
       119     0.71953    -0.01238
       120     0.72637    -0.00001
       121     0.73316     0.01249
       122     0.73989     0.02511
       123     0.74657     0.03786
       124     0.75320     0.05072
       125     0.75977     0.06369
       126     0.76629     0.07675
       127     0.77274     0.08990
       128     0.77914     0.10314
       129     0.78547     0.11655
       130     0.79174     0.12991
       131     0.79794     0.14333
       132     0.80409     0.15679
       133     0.81016     0.17030
       134     0.81617     0.18383
       135     0.82210     0.19738
       136     0.82797     0.21093
       137     0.83376     0.22449
       138     0.83948     0.23804
       139     0.84513     0.25157
       140     0.85070     0.26508
       141     0.85619     0.27854
       142     0.86160     0.29196
       143     0.86694     0.30531
       144     0.87219     0.31860
       145     0.87735     0.33181
       146     0.88244     0.34494
       147     0.88743     0.35797
       148     0.89234     0.37089
       149     0.89716     0.38369
       150     0.90190     0.39637
       151     0.90654     0.40891
       152     0.91109     0.42131
       153     0.91554     0.43355
       154     0.91990     0.44562
       155     0.92417     0.45753
       156     0.92834     0.46925
       157     0.93241     0.48078
       158     0.93639     0.49211
       159     0.94026     0.50323
       160     0.94403     0.51413
       161     0.94770     0.52480
       162     0.95127     0.53524
       163     0.95473     0.54544
       164     0.95809     0.55538
       165     0.96135     0.56507
       166     0.96450     0.57448
       167     0.96754     0.58361
       168     0.97047     0.59247
       169     0.97329     0.60105
       170     0.97601     0.60932
       171     0.97861     0.61730
       172     0.98110     0.62497
       173     0.98349     0.63233
       174     0.98576     0.63936
       175     0.98791     0.64606
       176     0.98996     0.65244
       177     0.99189     0.65848
       178     0.99370     0.66418
       179     0.99540     0.66953
       180     0.99699     0.67453
       181     0.99841     0.67920
       182     0.99957     0.68355
       183     1.00048     0.68759
       184     1.00117     0.69130
       185     1.00166     0.69466
       186     1.00197     0.69768
       187     1.00209     0.70035
  POINTS ON THE BLADE TO BE USED FOR PLOTTING 
  AND FINAL INTERPOLATION 
  N           X          YUP        YLOW        THICK 
    1      0.0000     -0.0088     -0.0088      0.0000
    2      0.0001     -0.0075     -0.0103      0.0028
    3      0.0002     -0.0059     -0.0121      0.0062
    4      0.0006     -0.0045     -0.0140      0.0096
    5      0.0010     -0.0032     -0.0160      0.0128
    6      0.0016     -0.0021     -0.0181      0.0160
    7      0.0022     -0.0011     -0.0202      0.0191
    8      0.0030     -0.0002     -0.0224      0.0222
    9      0.0040      0.0005     -0.0246      0.0251
   10      0.0050      0.0010     -0.0269      0.0280
   11      0.0062      0.0014     -0.0293      0.0307
   12      0.0075      0.0016     -0.0318      0.0334
   13      0.0089      0.0015     -0.0344      0.0359
   14      0.0105      0.0013     -0.0371      0.0384
   15      0.0122      0.0008     -0.0400      0.0408
   16      0.0140      0.0001     -0.0431      0.0432
   17      0.0159     -0.0008     -0.0463      0.0455
   18      0.0179     -0.0021     -0.0497      0.0477
   19      0.0201     -0.0036     -0.0533      0.0497
   20      0.0223     -0.0055     -0.0571      0.0516
   21      0.0247     -0.0078     -0.0611      0.0533
   22      0.0272     -0.0104     -0.0652      0.0548
   23      0.0299     -0.0134     -0.0695      0.0561
   24      0.0326     -0.0169     -0.0740      0.0571
   25      0.0355     -0.0206     -0.0786      0.0580
   26      0.0384     -0.0245     -0.0833      0.0588
   27      0.0415     -0.0285     -0.0882      0.0596
   28      0.0447     -0.0326     -0.0932      0.0605
   29      0.0481     -0.0369     -0.0983      0.0614
   30      0.0515     -0.0412     -0.1035      0.0623
   31      0.0550     -0.0456     -0.1089      0.0632
   32      0.0587     -0.0501     -0.1143      0.0642
   33      0.0625     -0.0547     -0.1199      0.0652
   34      0.0663     -0.0593     -0.1255      0.0662
   35      0.0703     -0.0640     -0.1312      0.0672
   36      0.0744     -0.0688     -0.1370      0.0682
   37      0.0786     -0.0736     -0.1429      0.0693
   38      0.0829     -0.0784     -0.1488      0.0704
   39      0.0873     -0.0833     -0.1547      0.0714
   40      0.0918     -0.0882     -0.1607      0.0725
   41      0.0964     -0.0931     -0.1667      0.0736
   42      0.1011     -0.0980     -0.1728      0.0748
   43      0.1059     -0.1030     -0.1788      0.0759
   44      0.1108     -0.1079     -0.1849      0.0770
   45      0.1159     -0.1128     -0.1910      0.0782
   46      0.1210     -0.1177     -0.1970      0.0793
   47      0.1261     -0.1226     -0.2030      0.0805
   48      0.1314     -0.1274     -0.2090      0.0816
   49      0.1368     -0.1322     -0.2150      0.0828
   50      0.1423     -0.1370     -0.2209      0.0840
   51      0.1478     -0.1416     -0.2268      0.0851
   52      0.1535     -0.1463     -0.2326      0.0863
   53      0.1592     -0.1508     -0.2383      0.0875
   54      0.1650     -0.1553     -0.2439      0.0886
   55      0.1709     -0.1597     -0.2495      0.0898
   56      0.1769     -0.1640     -0.2549      0.0909
   57      0.1830     -0.1681     -0.2603      0.0921
   58      0.1891     -0.1722     -0.2655      0.0933
   59      0.1954     -0.1762     -0.2706      0.0944
   60      0.2017     -0.1800     -0.2755      0.0955
   61      0.2080     -0.1837     -0.2803      0.0966
   62      0.2145     -0.1873     -0.2850      0.0977
   63      0.2210     -0.1908     -0.2896      0.0988
   64      0.2276     -0.1940     -0.2940      0.0999
   65      0.2342     -0.1972     -0.2981      0.1010
   66      0.2409     -0.2001     -0.3021      0.1020
   67      0.2477     -0.2029     -0.3059      0.1030
   68      0.2546     -0.2055     -0.3095      0.1040
   69      0.2615     -0.2080     -0.3129      0.1050
   70      0.2684     -0.2101     -0.3161      0.1060
   71      0.2755     -0.2122     -0.3191      0.1070
   72      0.2826     -0.2140     -0.3219      0.1079
   73      0.2897     -0.2157     -0.3244      0.1087
   74      0.2969     -0.2171     -0.3267      0.1096
   75      0.3041     -0.2182     -0.3288      0.1105
   76      0.3114     -0.2192     -0.3306      0.1114
   77      0.3187     -0.2200     -0.3321      0.1121
   78      0.3261     -0.2206     -0.3334      0.1128
   79      0.3335     -0.2208     -0.3344      0.1136
   80      0.3410     -0.2208     -0.3352      0.1143
   81      0.3485     -0.2206     -0.3357      0.1151
   82      0.3560     -0.2201     -0.3359      0.1157
   83      0.3636     -0.2195     -0.3358      0.1163
   84      0.3712     -0.2184     -0.3354      0.1169
   85      0.3789     -0.2172     -0.3347      0.1175
   86      0.3865     -0.2158     -0.3338      0.1180
   87      0.3942     -0.2140     -0.3325      0.1186
   88      0.4020     -0.2120     -0.3310      0.1190
   89      0.4097     -0.2097     -0.3291      0.1194
   90      0.4175     -0.2072     -0.3270      0.1198
   91      0.4253     -0.2043     -0.3246      0.1203
   92      0.4331     -0.2012     -0.3218      0.1206
   93      0.4409     -0.1978     -0.3187      0.1209
   94      0.4488     -0.1942     -0.3152      0.1211
   95      0.4566     -0.1903     -0.3115      0.1213
   96      0.4645     -0.1861     -0.3075      0.1214
   97      0.4724     -0.1816     -0.3032      0.1216
   98      0.4803     -0.1769     -0.2986      0.1218
   99      0.4882     -0.1718     -0.2937      0.1218
  100      0.4961     -0.1666     -0.2884      0.1218
  101      0.5039     -0.1610     -0.2828      0.1218
  102      0.5118     -0.1550     -0.2769      0.1219
  103      0.5197     -0.1489     -0.2707      0.1218
  104      0.5276     -0.1425     -0.2642      0.1217
  105      0.5355     -0.1359     -0.2574      0.1215
  106      0.5434     -0.1290     -0.2503      0.1214
  107      0.5512     -0.1218     -0.2429      0.1211
  108      0.5591     -0.1144     -0.2352      0.1209
  109      0.5669     -0.1068     -0.2273      0.1205
  110      0.5747     -0.0989     -0.2190      0.1201
  111      0.5825     -0.0907     -0.2105      0.1198
  112      0.5903     -0.0823     -0.2017      0.1194
  113      0.5980     -0.0736     -0.1926      0.1190
  114      0.6058     -0.0647     -0.1832      0.1185
  115      0.6135     -0.0556     -0.1736      0.1180
  116      0.6211     -0.0462     -0.1637      0.1175
  117      0.6288     -0.0366     -0.1536      0.1170
  118      0.6364     -0.0268     -0.1432      0.1164
  119      0.6440     -0.0168     -0.1326      0.1158
  120      0.6515     -0.0066     -0.1217      0.1151
  121      0.6590      0.0037     -0.1107      0.1144
  122      0.6665      0.0143     -0.0994      0.1137
  123      0.6739      0.0251     -0.0879      0.1130
  124      0.6813      0.0360     -0.0762      0.1122
  125      0.6886      0.0471     -0.0643      0.1114
  126      0.6959      0.0584     -0.0522      0.1106
  127      0.7031      0.0698     -0.0400      0.1098
  128      0.7103      0.0814     -0.0275      0.1089
  129      0.7174      0.0931     -0.0149      0.1080
  130      0.7245      0.1049     -0.0022      0.1071
  131      0.7316      0.1169      0.0107      0.1062
  132      0.7385      0.1290      0.0238      0.1052
  133      0.7454      0.1411      0.0369      0.1042
  134      0.7523      0.1534      0.0502      0.1032
  135      0.7591      0.1658      0.0636      0.1022
  136      0.7658      0.1782      0.0771      0.1012
  137      0.7724      0.1907      0.0906      0.1001
  138      0.7790      0.2033      0.1043      0.0990
  139      0.7855      0.2159      0.1181      0.0978
  140      0.7920      0.2286      0.1319      0.0967
  141      0.7983      0.2412      0.1457      0.0956
  142      0.8046      0.2540      0.1595      0.0944
  143      0.8109      0.2667      0.1734      0.0933
  144      0.8170      0.2795      0.1873      0.0922
  145      0.8231      0.2923      0.2012      0.0910
  146      0.8291      0.3050      0.2151      0.0899
  147      0.8350      0.3177      0.2290      0.0887
  148      0.8408      0.3304      0.2429      0.0876
  149      0.8465      0.3431      0.2567      0.0864
  150      0.8522      0.3557      0.2704      0.0853
  151      0.8577      0.3682      0.2841      0.0841
  152      0.8632      0.3807      0.2978      0.0829
  153      0.8686      0.3931      0.3113      0.0818
  154      0.8739      0.4054      0.3248      0.0806
  155      0.8790      0.4176      0.3382      0.0795
  156      0.8841      0.4297      0.3514      0.0783
  157      0.8892      0.4417      0.3645      0.0772
  158      0.8941      0.4536      0.3775      0.0760
  159      0.8989      0.4653      0.3904      0.0749
  160      0.9036      0.4769      0.4031      0.0738
  161      0.9082      0.4883      0.4156      0.0727
  162      0.9127      0.4996      0.4279      0.0716
  163      0.9171      0.5106      0.4401      0.0705
  164      0.9214      0.5216      0.4521      0.0695
  165      0.9256      0.5323      0.4639      0.0684
  166      0.9297      0.5428      0.4754      0.0674
  167      0.9337      0.5531      0.4868      0.0664
  168      0.9375      0.5632      0.4979      0.0654
  169      0.9413      0.5731      0.5087      0.0644
  170      0.9450      0.5828      0.5193      0.0634
  171      0.9485      0.5922      0.5297      0.0625
  172      0.9519      0.6014      0.5398      0.0616
  173      0.9553      0.6103      0.5496      0.0607
  174      0.9585      0.6190      0.5591      0.0598
  175      0.9616      0.6274      0.5684      0.0590
  176      0.9645      0.6355      0.5773      0.0582
  177      0.9674      0.6433      0.5859      0.0574
  178      0.9701      0.6509      0.5942      0.0566
  179      0.9728      0.6581      0.6022      0.0559
  180      0.9753      0.6651      0.6099      0.0552
  181      0.9777      0.6718      0.6172      0.0545
  182      0.9799      0.6781      0.6242      0.0538
  183      0.9821      0.6836      0.6309      0.0527
  184      0.9841      0.6882      0.6372      0.0510
  185      0.9860      0.6921      0.6431      0.0490
  186      0.9878      0.6953      0.6487      0.0466
  187      0.9895      0.6980      0.6540      0.0441
  188      0.9911      0.7003      0.6588      0.0414
  189      0.9925      0.7020      0.6633      0.0387
  190      0.9938      0.7033      0.6674      0.0359
  191      0.9950      0.7043      0.6711      0.0331
  192      0.9960      0.7048      0.6746      0.0302
  193      0.9970      0.7051      0.6779      0.0271
  194      0.9978      0.7049      0.6812      0.0237
  195      0.9984      0.7043      0.6842      0.0201
  196      0.9990      0.7035      0.6872      0.0163
  197      0.9994      0.7024      0.6901      0.0123
  198      0.9998      0.7010      0.6928      0.0082
  199      0.9999      0.6992      0.6954      0.0038
  200      1.0000      0.6967      0.6967      0.0000
 GRID EXPANSION RATIO UP=    1.12157 DOWN =    1.05711
  AXIAL,TANGENTIAL AND RADIAL COORDINATES ON THE STREAM
  SURFACE BEFORE TRANSFORMING TO R-THETA COORDINATES 
 J, XGRID,YGRID,RGRID            1  -7.42101995E-03   1.00706480E-02  0.280000001    
 J, XGRID,YGRID,RGRID            2  -6.69493154E-03   8.90103262E-03  0.279999971    
 J, XGRID,YGRID,RGRID            3  -6.04754966E-03   7.85820000E-03  0.280000031    
 J, XGRID,YGRID,RGRID            4  -5.47034014E-03   6.92840712E-03  0.280000001    
 J, XGRID,YGRID,RGRID            5  -4.95569874E-03   6.09939964E-03  0.280000001    
 J, XGRID,YGRID,RGRID            6  -4.49684309E-03   5.36025409E-03  0.280000001    
 J, XGRID,YGRID,RGRID            7  -4.08772519E-03   4.70122928E-03  0.280000001    
 J, XGRID,YGRID,RGRID            8  -3.72295501E-03   4.11364064E-03  0.280000031    
 J, XGRID,YGRID,RGRID            9  -3.39772413E-03   3.58974468E-03  0.280000001    
 J, XGRID,YGRID,RGRID           10  -3.10774730E-03   3.12263705E-03  0.280000031    
 J, XGRID,YGRID,RGRID           11  -2.84920284E-03   2.70616240E-03  0.280000031    
 J, XGRID,YGRID,RGRID           12  -2.61868350E-03   2.33483221E-03  0.280000001    
 J, XGRID,YGRID,RGRID           13  -2.41315179E-03   2.00375286E-03  0.280000001    
 J, XGRID,YGRID,RGRID           14  -2.22989963E-03   1.70856144E-03  0.280000001    
 J, XGRID,YGRID,RGRID           15  -2.06651096E-03   1.44536770E-03  0.280000001    
 J, XGRID,YGRID,RGRID           16  -1.92083360E-03   1.21070328E-03  0.280000031    
 J, XGRID,YGRID,RGRID           17  -1.79094658E-03   1.00147561E-03  0.280000001    
 J, XGRID,YGRID,RGRID           18  -1.67513848E-03   8.14927567E-04  0.280000031    
 J, XGRID,YGRID,RGRID           19  -1.57188461E-03   6.48600690E-04  0.280000001    
 J, XGRID,YGRID,RGRID           20  -1.47982233E-03   5.00303111E-04  0.280000031    
 J, XGRID,YGRID,RGRID           21  -1.39773928E-03   3.68080422E-04  0.280000001    
 J, XGRID,YGRID,RGRID           22  -1.32455421E-03   2.50190235E-04  0.280000001    
 J, XGRID,YGRID,RGRID           23  -1.25930214E-03   1.45078942E-04  0.280000031    
 J, XGRID,YGRID,RGRID           24  -1.20112230E-03   5.13613595E-05  0.280000001    
 J, XGRID,YGRID,RGRID           25  -1.14924938E-03  -3.21975604E-05  0.280000001    
 J, XGRID,YGRID,RGRID           26  -1.10300002E-03  -1.06698979E-04  0.280000001    
 J, XGRID,YGRID,RGRID           27  -1.05675054E-03   3.71467240E-06  0.280000031    
 J, XGRID,YGRID,RGRID           28  -1.00839266E-03   1.96062665E-05  0.280000001    
 J, XGRID,YGRID,RGRID           29  -9.57732322E-04   1.32478881E-05  0.280000001    
 J, XGRID,YGRID,RGRID           30  -9.04575165E-04  -9.23998141E-06  0.279999971    
 J, XGRID,YGRID,RGRID           31  -8.48727417E-04  -4.67649188E-05  0.280000001    
 J, XGRID,YGRID,RGRID           32  -7.89994840E-04  -9.92485584E-05  0.280000061    
 J, XGRID,YGRID,RGRID           33  -7.28182669E-04  -1.66971964E-04  0.280000001    
 J, XGRID,YGRID,RGRID           34  -6.63096143E-04  -2.49329576E-04  0.280000001    
 J, XGRID,YGRID,RGRID           35  -5.94542362E-04  -3.39289458E-04  0.280000001    
 J, XGRID,YGRID,RGRID           36  -5.22325805E-04  -4.32172470E-04  0.280000061    
 J, XGRID,YGRID,RGRID           37  -4.46252670E-04  -5.28317527E-04  0.279999971    
 J, XGRID,YGRID,RGRID           38  -3.66128777E-04  -6.27432019E-04  0.280000001    
 J, XGRID,YGRID,RGRID           39  -2.81760964E-04  -7.29419990E-04  0.280000031    
 J, XGRID,YGRID,RGRID           40  -1.92951702E-04  -8.34132545E-04  0.280000001    
 J, XGRID,YGRID,RGRID           41  -9.95542141E-05  -9.41288192E-04  0.280000031    
 J, XGRID,YGRID,RGRID           42  -1.54483678E-06  -1.05043675E-03  0.280000031    
 J, XGRID,YGRID,RGRID           43   1.01306272E-04  -1.16141315E-03  0.280000001    
 J, XGRID,YGRID,RGRID           44   2.09254780E-04  -1.27396081E-03  0.280000001    
 J, XGRID,YGRID,RGRID           45   3.22584121E-04  -1.38778763E-03  0.280000001    
 J, XGRID,YGRID,RGRID           46   4.41606768E-04  -1.50255684E-03  0.280000031    
 J, XGRID,YGRID,RGRID           47   5.66663744E-04  -1.61787192E-03  0.279999971    
 J, XGRID,YGRID,RGRID           48   6.98059041E-04  -1.73321040E-03  0.279999942    
 J, XGRID,YGRID,RGRID           49   8.36040592E-04  -1.84791407E-03  0.279999942    
 J, XGRID,YGRID,RGRID           50   9.81072080E-04  -1.96139375E-03  0.279999971    
 J, XGRID,YGRID,RGRID           51   1.13366859E-03  -2.07295804E-03  0.280000031    
 J, XGRID,YGRID,RGRID           52   1.29440892E-03  -2.18077702E-03  0.280000001    
 J, XGRID,YGRID,RGRID           53   1.46392058E-03  -2.28589238E-03  0.280000001    
 J, XGRID,YGRID,RGRID           54   1.64289027E-03  -2.38617114E-03  0.279999971    
 J, XGRID,YGRID,RGRID           55   1.83348882E-03  -2.48081773E-03  0.279999971    
 J, XGRID,YGRID,RGRID           56   2.03846465E-03  -2.56847683E-03  0.280000001    
 J, XGRID,YGRID,RGRID           57   2.25804141E-03  -2.64598988E-03  0.280000031    
 J, XGRID,YGRID,RGRID           58   2.49204831E-03  -2.71043996E-03  0.280000031    
 J, XGRID,YGRID,RGRID           59   2.73992470E-03  -2.75778631E-03  0.280000001    
 J, XGRID,YGRID,RGRID           60   3.00071621E-03  -2.78594065E-03  0.280000061    
 J, XGRID,YGRID,RGRID           61   3.27306380E-03  -2.78835162E-03  0.280000001    
 J, XGRID,YGRID,RGRID           62   3.55256395E-03  -2.76520173E-03  0.280000061    
 J, XGRID,YGRID,RGRID           63   3.83473863E-03  -2.71437573E-03  0.280000061    
 J, XGRID,YGRID,RGRID           64   4.11807233E-03  -2.63599632E-03  0.280000031    
 J, XGRID,YGRID,RGRID           65   4.40132245E-03  -2.52879993E-03  0.280000031    
 J, XGRID,YGRID,RGRID           66   4.68353834E-03  -2.39555142E-03  0.280000091    
 J, XGRID,YGRID,RGRID           67   4.96403174E-03  -2.23588641E-03  0.280000001    
 J, XGRID,YGRID,RGRID           68   5.24242269E-03  -2.05049524E-03  0.279999971    
 J, XGRID,YGRID,RGRID           69   5.52058825E-03  -1.83645589E-03  0.280000001    
 J, XGRID,YGRID,RGRID           70   5.79978200E-03  -1.59637386E-03  0.280000031    
 J, XGRID,YGRID,RGRID           71   6.07976923E-03  -1.33012235E-03  0.279999971    
 J, XGRID,YGRID,RGRID           72   6.36019744E-03  -1.03446736E-03  0.279999971    
 J, XGRID,YGRID,RGRID           73   6.64055208E-03  -7.11714674E-04  0.280000061    
 J, XGRID,YGRID,RGRID           74   6.92018727E-03  -3.62728751E-04  0.280000031    
 J, XGRID,YGRID,RGRID           75   7.19831279E-03   1.11626359E-05  0.279999971    
 J, XGRID,YGRID,RGRID           76   7.47245410E-03   4.05826082E-04  0.280000001    
 J, XGRID,YGRID,RGRID           77   7.74107082E-03   8.17687076E-04  0.280000031    
 J, XGRID,YGRID,RGRID           78   8.00342485E-03   1.24398584E-03  0.280000001    
 J, XGRID,YGRID,RGRID           79   8.25892761E-03   1.68198615E-03  0.279999942    
 J, XGRID,YGRID,RGRID           80   8.50713067E-03   2.12904485E-03  0.279999942    
 J, XGRID,YGRID,RGRID           81   8.74772761E-03   2.58269999E-03  0.280000031    
 J, XGRID,YGRID,RGRID           82   8.98053963E-03   3.03964387E-03  0.280000001    
 J, XGRID,YGRID,RGRID           83   9.20642819E-03   3.50195169E-03  0.280000031    
 J, XGRID,YGRID,RGRID           84   9.42561124E-03   3.96743370E-03  0.279999971    
 J, XGRID,YGRID,RGRID           85   9.63809248E-03   4.43452736E-03  0.280000031    
 J, XGRID,YGRID,RGRID           86   9.84387193E-03   4.90175886E-03  0.280000091    
 J, XGRID,YGRID,RGRID           87   1.00429440E-02   5.36769815E-03  0.279999942    
 J, XGRID,YGRID,RGRID           88   1.02353171E-02   5.83095942E-03  0.279999971    
 J, XGRID,YGRID,RGRID           89   1.04209911E-02   6.29020249E-03  0.280000031    
 J, XGRID,YGRID,RGRID           90   1.05999550E-02   6.74412819E-03  0.279999971    
 J, XGRID,YGRID,RGRID           91   1.07722227E-02   7.19147734E-03  0.280000031    
 J, XGRID,YGRID,RGRID           92   1.09377829E-02   7.63137266E-03  0.280000031    
 J, XGRID,YGRID,RGRID           93   1.10966386E-02   8.06195755E-03  0.279999971    
 J, XGRID,YGRID,RGRID           94   1.12487953E-02   8.48273002E-03  0.280000001    
 J, XGRID,YGRID,RGRID           95   1.13942474E-02   8.81096628E-03  0.279999971    
 J, XGRID,YGRID,RGRID           96   1.15329977E-02   8.80317949E-03  0.280000031    
 J, XGRID,YGRID,RGRID           97   1.16717480E-02   9.22322553E-03  0.280000001    
 J, XGRID,YGRID,RGRID           98   1.18184220E-02   9.66735091E-03  0.280000001    
 J, XGRID,YGRID,RGRID           99   1.19734714E-02   1.01368409E-02  0.279999971    
 J, XGRID,YGRID,RGRID          100   1.21373786E-02   1.06331445E-02  0.279999971    
 J, XGRID,YGRID,RGRID          101   1.23106465E-02   1.11577921E-02  0.280000001    
 J, XGRID,YGRID,RGRID          102   1.24938078E-02   1.17124049E-02  0.280000031    
 J, XGRID,YGRID,RGRID          103   1.26874298E-02   1.22986920E-02  0.279999971    
 J, XGRID,YGRID,RGRID          104   1.28921131E-02   1.29184630E-02  0.280000001    
 J, XGRID,YGRID,RGRID          105   1.31084835E-02   1.35736298E-02  0.280000001    
 J, XGRID,YGRID,RGRID          106   1.33372126E-02   1.42662162E-02  0.280000001    
 J, XGRID,YGRID,RGRID          107   1.35790054E-02   1.49983559E-02  0.279999971    
 J, XGRID,YGRID,RGRID          108   1.38346041E-02   1.57723110E-02  0.280000001    
 J, XGRID,YGRID,RGRID          109   1.41048068E-02   1.65904667E-02  0.280000001    
 J, XGRID,YGRID,RGRID          110   1.43904369E-02   1.74553506E-02  0.279999971    
 J, XGRID,YGRID,RGRID          111   1.46923829E-02   1.83696281E-02  0.280000031    

  THE BLADE CENTROID ON THE X-Y SURFACE IS AT X, Y=    0.00522  -0.00092


  THE J VALUE OF THE CENTROID IS J =           68

  THE CENTROID ON THE STREAM SURFACE IS AT   5.21827908E-03   0.00000000    
  THE HUB SECTION CENTROID IS AT   5.16751595E-03   0.00000000    

  AXIAL & RADIAL COORDINATES ON THE SS AFTER STACKING 
  J  , XGRID,RGRID            1  -7.47178309E-03  0.280000001    
  J  , XGRID,RGRID            2  -6.74569467E-03  0.279999971    
  J  , XGRID,RGRID            3  -6.09831279E-03  0.280000031    
  J  , XGRID,RGRID            4  -5.52110327E-03  0.280000001    
  J  , XGRID,RGRID            5  -5.00646187E-03  0.280000001    
  J  , XGRID,RGRID            6  -4.54760622E-03  0.280000001    
  J  , XGRID,RGRID            7  -4.13848832E-03  0.280000001    
  J  , XGRID,RGRID            8  -3.77371814E-03  0.280000031    
  J  , XGRID,RGRID            9  -3.44848726E-03  0.280000001    
  J  , XGRID,RGRID           10  -3.15851043E-03  0.280000031    
  J  , XGRID,RGRID           11  -2.89996597E-03  0.280000031    
  J  , XGRID,RGRID           12  -2.66944664E-03  0.280000001    
  J  , XGRID,RGRID           13  -2.46391492E-03  0.280000001    
  J  , XGRID,RGRID           14  -2.28066277E-03  0.280000001    
  J  , XGRID,RGRID           15  -2.11727410E-03  0.280000001    
  J  , XGRID,RGRID           16  -1.97159685E-03  0.280000031    
  J  , XGRID,RGRID           17  -1.84170972E-03  0.280000001    
  J  , XGRID,RGRID           18  -1.72590162E-03  0.280000031    
  J  , XGRID,RGRID           19  -1.62264775E-03  0.280000001    
  J  , XGRID,RGRID           20  -1.53058546E-03  0.280000031    
  J  , XGRID,RGRID           21  -1.44850241E-03  0.280000001    
  J  , XGRID,RGRID           22  -1.37531734E-03  0.280000001    
  J  , XGRID,RGRID           23  -1.31006527E-03  0.280000031    
  J  , XGRID,RGRID           24  -1.25188543E-03  0.280000001    
  J  , XGRID,RGRID           25  -1.20001251E-03  0.280000001    
  J  , XGRID,RGRID           26  -1.15376315E-03  0.280000001    
  J  , XGRID,RGRID           27  -1.10751367E-03  0.280000031    
  J  , XGRID,RGRID           28  -1.05915579E-03  0.280000001    
  J  , XGRID,RGRID           29  -1.00849546E-03  0.280000001    
  J  , XGRID,RGRID           30  -9.55338299E-04  0.279999971    
  J  , XGRID,RGRID           31  -8.99490551E-04  0.280000001    
  J  , XGRID,RGRID           32  -8.40757973E-04  0.280000061    
  J  , XGRID,RGRID           33  -7.78945803E-04  0.280000001    
  J  , XGRID,RGRID           34  -7.13859277E-04  0.280000001    
  J  , XGRID,RGRID           35  -6.45305496E-04  0.280000001    
  J  , XGRID,RGRID           36  -5.73088939E-04  0.280000061    
  J  , XGRID,RGRID           37  -4.97015775E-04  0.279999971    
  J  , XGRID,RGRID           38  -4.16891911E-04  0.280000001    
  J  , XGRID,RGRID           39  -3.32524098E-04  0.280000031    
  J  , XGRID,RGRID           40  -2.43714836E-04  0.280000001    
  J  , XGRID,RGRID           41  -1.50317355E-04  0.280000031    
  J  , XGRID,RGRID           42  -5.23079725E-05  0.280000031    
  J  , XGRID,RGRID           43   5.05431381E-05  0.280000001    
  J  , XGRID,RGRID           44   1.58491646E-04  0.280000001    
  J  , XGRID,RGRID           45   2.71820987E-04  0.280000001    
  J  , XGRID,RGRID           46   3.90843634E-04  0.280000031    
  J  , XGRID,RGRID           47   5.15900610E-04  0.279999971    
  J  , XGRID,RGRID           48   6.47295907E-04  0.279999942    
  J  , XGRID,RGRID           49   7.85277458E-04  0.279999942    
  J  , XGRID,RGRID           50   9.30308946E-04  0.279999971    
  J  , XGRID,RGRID           51   1.08290545E-03  0.280000031    
  J  , XGRID,RGRID           52   1.24364579E-03  0.280000001    
  J  , XGRID,RGRID           53   1.41315744E-03  0.280000001    
  J  , XGRID,RGRID           54   1.59212714E-03  0.279999971    
  J  , XGRID,RGRID           55   1.78272568E-03  0.279999971    
  J  , XGRID,RGRID           56   1.98770151E-03  0.280000001    
  J  , XGRID,RGRID           57   2.20727827E-03  0.280000031    
  J  , XGRID,RGRID           58   2.44128518E-03  0.280000031    
  J  , XGRID,RGRID           59   2.68916157E-03  0.280000001    
  J  , XGRID,RGRID           60   2.94995308E-03  0.280000061    
  J  , XGRID,RGRID           61   3.22230067E-03  0.280000001    
  J  , XGRID,RGRID           62   3.50180082E-03  0.280000061    
  J  , XGRID,RGRID           63   3.78397550E-03  0.280000061    
  J  , XGRID,RGRID           64   4.06730920E-03  0.280000031    
  J  , XGRID,RGRID           65   4.35055932E-03  0.280000031    
  J  , XGRID,RGRID           66   4.63277521E-03  0.280000091    
  J  , XGRID,RGRID           67   4.91326861E-03  0.280000001    
  J  , XGRID,RGRID           68   5.19165955E-03  0.279999971    
  J  , XGRID,RGRID           69   5.46982512E-03  0.280000001    
  J  , XGRID,RGRID           70   5.74901886E-03  0.280000031    
  J  , XGRID,RGRID           71   6.02900609E-03  0.279999971    
  J  , XGRID,RGRID           72   6.30943431E-03  0.279999971    
  J  , XGRID,RGRID           73   6.58978894E-03  0.280000061    
  J  , XGRID,RGRID           74   6.86942413E-03  0.280000031    
  J  , XGRID,RGRID           75   7.14754965E-03  0.279999971    
  J  , XGRID,RGRID           76   7.42169097E-03  0.280000001    
  J  , XGRID,RGRID           77   7.69030768E-03  0.280000031    
  J  , XGRID,RGRID           78   7.95266218E-03  0.280000001    
  J  , XGRID,RGRID           79   8.20816495E-03  0.279999942    
  J  , XGRID,RGRID           80   8.45636800E-03  0.279999942    
  J  , XGRID,RGRID           81   8.69696401E-03  0.280000031    
  J  , XGRID,RGRID           82   8.92977603E-03  0.280000001    
  J  , XGRID,RGRID           83   9.15566459E-03  0.280000031    
  J  , XGRID,RGRID           84   9.37484764E-03  0.279999971    
  J  , XGRID,RGRID           85   9.58732888E-03  0.280000031    
  J  , XGRID,RGRID           86   9.79310833E-03  0.280000091    
  J  , XGRID,RGRID           87   9.99218039E-03  0.279999942    
  J  , XGRID,RGRID           88   1.01845544E-02  0.279999971    
  J  , XGRID,RGRID           89   1.03702284E-02  0.280000031    
  J  , XGRID,RGRID           90   1.05491914E-02  0.279999971    
  J  , XGRID,RGRID           91   1.07214600E-02  0.280000031    
  J  , XGRID,RGRID           92   1.08870193E-02  0.280000031    
  J  , XGRID,RGRID           93   1.10458750E-02  0.279999971    
  J  , XGRID,RGRID           94   1.11980326E-02  0.280000001    
  J  , XGRID,RGRID           95   1.13434847E-02  0.279999971    
  J  , XGRID,RGRID           96   1.14822350E-02  0.280000031    
  J  , XGRID,RGRID           97   1.16209853E-02  0.280000001    
  J  , XGRID,RGRID           98   1.17676593E-02  0.280000001    
  J  , XGRID,RGRID           99   1.19227078E-02  0.279999971    
  J  , XGRID,RGRID          100   1.20866150E-02  0.279999971    
  J  , XGRID,RGRID          101   1.22598838E-02  0.280000001    
  J  , XGRID,RGRID          102   1.24430452E-02  0.280000031    
  J  , XGRID,RGRID          103   1.26366671E-02  0.279999971    
  J  , XGRID,RGRID          104   1.28413495E-02  0.280000001    
  J  , XGRID,RGRID          105   1.30577199E-02  0.280000001    
  J  , XGRID,RGRID          106   1.32864490E-02  0.280000001    
  J  , XGRID,RGRID          107   1.35282427E-02  0.279999971    
  J  , XGRID,RGRID          108   1.37838405E-02  0.280000001    
  J  , XGRID,RGRID          109   1.40540432E-02  0.280000001    
  J  , XGRID,RGRID          110   1.43396743E-02  0.279999971    
  J  , XGRID,RGRID          111   1.46416202E-02  0.280000031    

  BLADE TRUE CHORD:AXIAL CHORD RATIO =    1.11369598    


    TKLE      TKTE      TKMAX     XTMAX     XMODLE     XMODTE    TK_TYP 
    0.0400    0.0400    0.1000    0.5000    0.0200    0.0100    2.0000


 FCHORD=    1.00000000      FPERP=    0.00000000     FTKSCALE=    1.00000000    


  CENTRELINE COORDINATES AND THICKNESS FOR INTYPE = 1

    XIN        YIN       TKIN 
   0.00000   0.00000   0.04455
   0.00006  -0.00008   0.04456
   0.00025  -0.00031   0.04461
   0.00056  -0.00069   0.04470
   0.00100  -0.00123   0.04481
   0.00156  -0.00191   0.04496
   0.00224  -0.00275   0.04515
   0.00305  -0.00374   0.04536
   0.00398  -0.00488   0.04561
   0.00504  -0.00616   0.04589
   0.00622  -0.00759   0.04620
   0.00752  -0.00917   0.04654
   0.00895  -0.01088   0.04692
   0.01049  -0.01274   0.04732
   0.01216  -0.01473   0.04776
   0.01395  -0.01685   0.04823
   0.01587  -0.01911   0.04872
   0.01790  -0.02150   0.04925
   0.02005  -0.02401   0.04980
   0.02232  -0.02664   0.05038
   0.02472  -0.02940   0.05099
   0.02723  -0.03226   0.05163
   0.02985  -0.03524   0.05229
   0.03260  -0.03833   0.05298
   0.03546  -0.04152   0.05369
   0.03844  -0.04481   0.05443
   0.04153  -0.04819   0.05519
   0.04474  -0.05167   0.05597
   0.04806  -0.05523   0.05678
   0.05149  -0.05887   0.05760
   0.05504  -0.06258   0.05845
   0.05869  -0.06637   0.05931
   0.06246  -0.07022   0.06020
   0.06633  -0.07414   0.06110
   0.07031  -0.07811   0.06202
   0.07440  -0.08212   0.06296
   0.07860  -0.08619   0.06391
   0.08290  -0.09029   0.06487
   0.08730  -0.09442   0.06585
   0.09181  -0.09859   0.06683
   0.09642  -0.10277   0.06784
   0.10113  -0.10697   0.06885
   0.10594  -0.11118   0.06986
   0.11085  -0.11539   0.07089
   0.11585  -0.11960   0.07193
   0.12095  -0.12381   0.07297
   0.12615  -0.12800   0.07401
   0.13144  -0.13217   0.07506
   0.13682  -0.13631   0.07611
   0.14229  -0.14042   0.07717
   0.14784  -0.14449   0.07822
   0.15349  -0.14851   0.07928
   0.15923  -0.15249   0.08033
   0.16504  -0.15641   0.08138
   0.17095  -0.16026   0.08243
   0.17693  -0.16405   0.08347
   0.18299  -0.16776   0.08451
   0.18914  -0.17139   0.08554
   0.19536  -0.17494   0.08656
   0.20166  -0.17839   0.08758
   0.20803  -0.18174   0.08858
   0.21447  -0.18499   0.08958
   0.22099  -0.18813   0.09056
   0.22757  -0.19116   0.09153
   0.23422  -0.19406   0.09249
   0.24094  -0.19684   0.09343
   0.24772  -0.19949   0.09436
   0.25457  -0.20200   0.09527
   0.26148  -0.20437   0.09616
   0.26845  -0.20660   0.09704
   0.27547  -0.20867   0.09789
   0.28255  -0.21059   0.09873
   0.28968  -0.21235   0.09955
   0.29687  -0.21394   0.10034
   0.30411  -0.21537   0.10111
   0.31140  -0.21662   0.10186
   0.31873  -0.21769   0.10259
   0.32611  -0.21859   0.10329
   0.33353  -0.21930   0.10396
   0.34099  -0.21983   0.10461
   0.34850  -0.22016   0.10523
   0.35604  -0.22030   0.10583
   0.36362  -0.22024   0.10640
   0.37123  -0.21999   0.10694
   0.37887  -0.21953   0.10745
   0.38654  -0.21887   0.10793
   0.39424  -0.21800   0.10838
   0.40197  -0.21693   0.10880
   0.40972  -0.21564   0.10919
   0.41750  -0.21414   0.10955
   0.42529  -0.21243   0.10988
   0.43311  -0.21051   0.11017
   0.44094  -0.20837   0.11044
   0.44878  -0.20601   0.11067
   0.45664  -0.20344   0.11087
   0.46451  -0.20065   0.11103
   0.47239  -0.19764   0.11117
   0.48027  -0.19442   0.11127
   0.48816  -0.19098   0.11133
   0.49605  -0.18733   0.11137
   0.50395  -0.18346   0.11137
   0.51184  -0.17937   0.11133
   0.51973  -0.17508   0.11127
   0.52761  -0.17057   0.11117
   0.53549  -0.16585   0.11103
   0.54336  -0.16093   0.11087
   0.55122  -0.15579   0.11067
   0.55906  -0.15046   0.11044
   0.56689  -0.14492   0.11017
   0.57471  -0.13918   0.10988
   0.58250  -0.13325   0.10955
   0.59028  -0.12713   0.10919
   0.59803  -0.12081   0.10880
   0.60576  -0.11431   0.10838
   0.61346  -0.10763   0.10793
   0.62113  -0.10077   0.10745
   0.62877  -0.09373   0.10694
   0.63638  -0.08653   0.10640
   0.64396  -0.07915   0.10583
   0.65150  -0.07162   0.10523
   0.65901  -0.06393   0.10461
   0.66647  -0.05609   0.10396
   0.67389  -0.04810   0.10329
   0.68127  -0.03997   0.10259
   0.68860  -0.03170   0.10186
   0.69589  -0.02331   0.10111
   0.70313  -0.01478   0.10034
   0.71031  -0.00614   0.09955
   0.71745   0.00261   0.09873
   0.72453   0.01147   0.09789
   0.73155   0.02043   0.09704
   0.73852   0.02949   0.09616
   0.74543   0.03863   0.09527
   0.75228   0.04785   0.09436
   0.75906   0.05715   0.09343
   0.76578   0.06652   0.09249
   0.77243   0.07595   0.09153
   0.77901   0.08543   0.09056
   0.78553   0.09495   0.08958
   0.79197   0.10452   0.08858
   0.79834   0.11412   0.08758
   0.80464   0.12375   0.08656
   0.81086   0.13339   0.08554
   0.81701   0.14305   0.08451
   0.82307   0.15270   0.08347
   0.82905   0.16236   0.08243
   0.83496   0.17200   0.08138
   0.84077   0.18162   0.08033
   0.84651   0.19122   0.07928
   0.85216   0.20078   0.07822
   0.85771   0.21030   0.07717
   0.86318   0.21978   0.07611
   0.86856   0.22919   0.07506
   0.87385   0.23855   0.07401
   0.87905   0.24783   0.07297
   0.88415   0.25703   0.07193
   0.88915   0.26615   0.07089
   0.89406   0.27517   0.06986
   0.89887   0.28410   0.06885
   0.90358   0.29292   0.06784
   0.90819   0.30162   0.06683
   0.91270   0.31020   0.06585
   0.91710   0.31866   0.06487
   0.92140   0.32697   0.06391
   0.92560   0.33515   0.06296
   0.92969   0.34318   0.06202
   0.93367   0.35105   0.06110
   0.93754   0.35877   0.06020
   0.94131   0.36631   0.05931
   0.94496   0.37368   0.05845
   0.94851   0.38087   0.05760
   0.95194   0.38788   0.05678
   0.95526   0.39469   0.05597
   0.95847   0.40131   0.05519
   0.96156   0.40773   0.05443
   0.96454   0.41394   0.05369
   0.96740   0.41993   0.05298
   0.97015   0.42571   0.05229
   0.97277   0.43127   0.05163
   0.97528   0.43659   0.05099
   0.97768   0.44169   0.05038
   0.97995   0.44655   0.04980
   0.98210   0.45118   0.04925
   0.98413   0.45556   0.04872
   0.98605   0.45969   0.04823
   0.98784   0.46357   0.04776
   0.98951   0.46720   0.04732
   0.99105   0.47057   0.04692
   0.99248   0.47368   0.04654
   0.99378   0.47653   0.04620
   0.99496   0.47912   0.04589
   0.99602   0.48144   0.04561
   0.99695   0.48349   0.04536
   0.99776   0.48527   0.04515
   0.99844   0.48678   0.04496
   0.99900   0.48802   0.04481
   0.99944   0.48898   0.04470
   0.99975   0.48967   0.04461
   0.99994   0.49009   0.04456
   1.00000   0.49022   0.04455

  BLADE SURFACE COORDINATES GENERATED USING INTYPE = 1

  XUP          YUP       XLOW      YLOW 
   0.00001   0.02227  -0.00001  -0.02227
   0.00007   0.02221   0.00005  -0.02236
   0.00026   0.02200   0.00024  -0.02261
   0.00057   0.02166   0.00055  -0.02304
   0.00101   0.02118   0.00099  -0.02363
   0.00157   0.02057   0.00155  -0.02440
   0.00225   0.01982   0.00223  -0.02533
   0.00306   0.01894   0.00304  -0.02642
   0.00399   0.01793   0.00397  -0.02768
   0.00505   0.01678   0.00503  -0.02911
   0.00623   0.01551   0.00621  -0.03069
   0.00753   0.01410   0.00751  -0.03244
   0.00896   0.01258   0.00894  -0.03434
   0.01050   0.01092   0.01048  -0.03640
   0.01217   0.00915   0.01215  -0.03861
   0.01396   0.00726   0.01394  -0.04097
   0.01588   0.00525   0.01586  -0.04347
   0.01791   0.00313   0.01789  -0.04612
   0.02006   0.00089   0.02004  -0.04891
   0.02233  -0.00145   0.02231  -0.05183
   0.02473  -0.00390   0.02471  -0.05489
   0.02724  -0.00645   0.02722  -0.05808
   0.02986  -0.00910   0.02984  -0.06139
   0.03261  -0.01184   0.03259  -0.06482
   0.03547  -0.01467   0.03545  -0.06836
   0.03845  -0.01759   0.03843  -0.07202
   0.04154  -0.02060   0.04152  -0.07579
   0.04475  -0.02368   0.04473  -0.07965
   0.04807  -0.02684   0.04805  -0.08361
   0.05150  -0.03006   0.05148  -0.08767
   0.05505  -0.03336   0.05503  -0.09181
   0.05870  -0.03671   0.05868  -0.09603
   0.06247  -0.04012   0.06245  -0.10032
   0.06634  -0.04359   0.06632  -0.10469
   0.07032  -0.04710   0.07030  -0.10912
   0.07441  -0.05065   0.07439  -0.11360
   0.07861  -0.05423   0.07859  -0.11814
   0.08291  -0.05785   0.08289  -0.12272
   0.08731  -0.06150   0.08729  -0.12735
   0.09182  -0.06517   0.09180  -0.13200
   0.09643  -0.06885   0.09641  -0.13669
   0.10114  -0.07255   0.10112  -0.14139
   0.10595  -0.07625   0.10593  -0.14611
   0.11086  -0.07995   0.11084  -0.15084
   0.11586  -0.08364   0.11584  -0.15557
   0.12096  -0.08732   0.12094  -0.16029
   0.12616  -0.09099   0.12614  -0.16500
   0.13145  -0.09463   0.13143  -0.16970
   0.13683  -0.09825   0.13681  -0.17436
   0.14230  -0.10183   0.14228  -0.17900
   0.14785  -0.10538   0.14783  -0.18360
   0.15350  -0.10888   0.15348  -0.18815
   0.15924  -0.11232   0.15922  -0.19265
   0.16505  -0.11572   0.16503  -0.19710
   0.17096  -0.11905   0.17094  -0.20148
   0.17694  -0.12231   0.17692  -0.20579
   0.18300  -0.12551   0.18298  -0.21002
   0.18915  -0.12862   0.18913  -0.21416
   0.19537  -0.13166   0.19535  -0.21822
   0.20167  -0.13460   0.20165  -0.22218
   0.20804  -0.13745   0.20802  -0.22603
   0.21448  -0.14020   0.21446  -0.22978
   0.22100  -0.14285   0.22098  -0.23341
   0.22758  -0.14539   0.22756  -0.23692
   0.23423  -0.14782   0.23421  -0.24031
   0.24095  -0.15013   0.24093  -0.24356
   0.24773  -0.15231   0.24771  -0.24667
   0.25458  -0.15437   0.25456  -0.24964
   0.26149  -0.15629   0.26147  -0.25245
   0.26846  -0.15808   0.26844  -0.25512
   0.27548  -0.15972   0.27546  -0.25762
   0.28256  -0.16122   0.28254  -0.25995
   0.28969  -0.16257   0.28967  -0.26212
   0.29688  -0.16377   0.29686  -0.26411
   0.30412  -0.16481   0.30410  -0.26592
   0.31141  -0.16569   0.31139  -0.26755
   0.31874  -0.16640   0.31872  -0.26899
   0.32612  -0.16695   0.32610  -0.27023
   0.33354  -0.16732   0.33352  -0.27128
   0.34100  -0.16752   0.34098  -0.27213
   0.34851  -0.16754   0.34849  -0.27278
   0.35605  -0.16739   0.35603  -0.27322
   0.36363  -0.16705   0.36361  -0.27344
   0.37124  -0.16652   0.37122  -0.27346
   0.37888  -0.16581   0.37886  -0.27326
   0.38655  -0.16491   0.38653  -0.27283
   0.39425  -0.16381   0.39423  -0.27219
   0.40198  -0.16253   0.40196  -0.27133
   0.40973  -0.16104   0.40971  -0.27024
   0.41751  -0.15937   0.41749  -0.26892
   0.42530  -0.15749   0.42528  -0.26737
   0.43312  -0.15542   0.43310  -0.26559
   0.44095  -0.15315   0.44093  -0.26358
   0.44879  -0.15067   0.44877  -0.26134
   0.45665  -0.14800   0.45663  -0.25887
   0.46452  -0.14513   0.46450  -0.25616
   0.47240  -0.14206   0.47238  -0.25323
   0.48028  -0.13879   0.48026  -0.25005
   0.48817  -0.13532   0.48815  -0.24665
   0.49606  -0.13164   0.49604  -0.24301
   0.50396  -0.12777   0.50394  -0.23914
   0.51185  -0.12371   0.51183  -0.23504
   0.51974  -0.11944   0.51972  -0.23071
   0.52762  -0.11499   0.52760  -0.22615
   0.53550  -0.11033   0.53548  -0.22137
   0.54337  -0.10549   0.54335  -0.21636
   0.55123  -0.10046   0.55121  -0.21113
   0.55907  -0.09524   0.55905  -0.20568
   0.56690  -0.08983   0.56688  -0.20001
   0.57472  -0.08425   0.57470  -0.19412
   0.58251  -0.07848   0.58249  -0.18803
   0.59029  -0.07253   0.59027  -0.18172
   0.59804  -0.06641   0.59802  -0.17521
   0.60577  -0.06012   0.60575  -0.16850
   0.61347  -0.05367   0.61345  -0.16159
   0.62114  -0.04705   0.62112  -0.15449
   0.62878  -0.04026   0.62876  -0.14720
   0.63639  -0.03333   0.63637  -0.13973
   0.64397  -0.02624   0.64395  -0.13207
   0.65151  -0.01900   0.65149  -0.12424
   0.65902  -0.01162   0.65900  -0.11624
   0.66648  -0.00411   0.66646  -0.10807
   0.67390   0.00354   0.67388  -0.09974
   0.68128   0.01132   0.68126  -0.09126
   0.68861   0.01923   0.68859  -0.08263
   0.69590   0.02725   0.69588  -0.07386
   0.70314   0.03539   0.70312  -0.06495
   0.71033   0.04363   0.71030  -0.05592
   0.71746   0.05198   0.71744  -0.04676
   0.72454   0.06042   0.72452  -0.03748
   0.73156   0.06895   0.73154  -0.02809
   0.73853   0.07757   0.73851  -0.01860
   0.74544   0.08626   0.74542  -0.00901
   0.75229   0.09503   0.75227   0.00067
   0.75907   0.10387   0.75905   0.01044
   0.76579   0.11276   0.76577   0.02027
   0.77244   0.12171   0.77242   0.03018
   0.77902   0.13071   0.77900   0.04015
   0.78554   0.13974   0.78552   0.05017
   0.79198   0.14881   0.79196   0.06023
   0.79835   0.15791   0.79833   0.07033
   0.80465   0.16703   0.80463   0.08047
   0.81087   0.17616   0.81085   0.09062
   0.81702   0.18530   0.81700   0.10079
   0.82308   0.19444   0.82306   0.11097
   0.82906   0.20357   0.82904   0.12114
   0.83497   0.21269   0.83495   0.13131
   0.84078   0.22179   0.84076   0.14146
   0.84652   0.23086   0.84650   0.15158
   0.85217   0.23989   0.85215   0.16167
   0.85772   0.24889   0.85770   0.17172
   0.86319   0.25783   0.86317   0.18172
   0.86857   0.26672   0.86855   0.19166
   0.87386   0.27555   0.87384   0.20154
   0.87906   0.28431   0.87904   0.21134
   0.88416   0.29299   0.88414   0.22107
   0.88916   0.30160   0.88914   0.23070
   0.89407   0.31011   0.89405   0.24024
   0.89888   0.31852   0.89886   0.24968
   0.90359   0.32683   0.90357   0.25900
   0.90820   0.33504   0.90818   0.26820
   0.91271   0.34312   0.91269   0.27728
   0.91711   0.35109   0.91709   0.28622
   0.92141   0.35893   0.92139   0.29502
   0.92561   0.36663   0.92559   0.30367
   0.92970   0.37419   0.92968   0.31217
   0.93368   0.38160   0.93366   0.32050
   0.93755   0.38887   0.93753   0.32867
   0.94132   0.39597   0.94130   0.33665
   0.94497   0.40291   0.94495   0.34446
   0.94852   0.40967   0.94850   0.35207
   0.95195   0.41627   0.95193   0.35949
   0.95527   0.42268   0.95525   0.36671
   0.95848   0.42891   0.95846   0.37372
   0.96157   0.43494   0.96155   0.38051
   0.96455   0.44078   0.96453   0.38709
   0.96741   0.44642   0.96739   0.39344
   0.97016   0.45185   0.97014   0.39957
   0.97278   0.45708   0.97276   0.40545
   0.97529   0.46209   0.97527   0.41110
   0.97769   0.46688   0.97767   0.41650
   0.97996   0.47145   0.97994   0.42165
   0.98211   0.47580   0.98209   0.42655
   0.98414   0.47992   0.98412   0.43120
   0.98606   0.48380   0.98604   0.43558
   0.98785   0.48745   0.98783   0.43969
   0.98952   0.49086   0.98950   0.44354
   0.99106   0.49403   0.99104   0.44711
   0.99249   0.49695   0.99247   0.45041
   0.99379   0.49963   0.99377   0.45343
   0.99497   0.50206   0.99495   0.45618
   0.99603   0.50424   0.99601   0.45864
   0.99696   0.50617   0.99694   0.46081
   0.99777   0.50785   0.99775   0.46270
   0.99845   0.50926   0.99843   0.46430
   0.99901   0.51043   0.99899   0.46561
   0.99945   0.51133   0.99943   0.46663
   0.99976   0.51198   0.99974   0.46736
   0.99995   0.51237   0.99993   0.46780
   1.00001   0.51250   0.99999   0.46795

XIN,   MODIFIED LEADING EDGE THICKNESS     0.00000     0.00000
XIN,   MODIFIED LEADING EDGE THICKNESS     0.00006     0.09652
XIN,   MODIFIED LEADING EDGE THICKNESS     0.00025     0.19214
XIN,   MODIFIED LEADING EDGE THICKNESS     0.00056     0.28594
XIN,   MODIFIED LEADING EDGE THICKNESS     0.00100     0.37704
XIN,   MODIFIED LEADING EDGE THICKNESS     0.00156     0.46457
XIN,   MODIFIED LEADING EDGE THICKNESS     0.00224     0.54766
XIN,   MODIFIED LEADING EDGE THICKNESS     0.00305     0.62551
XIN,   MODIFIED LEADING EDGE THICKNESS     0.00398     0.69735
XIN,   MODIFIED LEADING EDGE THICKNESS     0.00504     0.76246
XIN,   MODIFIED LEADING EDGE THICKNESS     0.00622     0.82022
XIN,   MODIFIED LEADING EDGE THICKNESS     0.00752     0.87008
XIN,   MODIFIED LEADING EDGE THICKNESS     0.00895     0.91166
XIN,   MODIFIED LEADING EDGE THICKNESS     0.01049     0.94477
XIN,   MODIFIED LEADING EDGE THICKNESS     0.01216     0.96944
XIN,   MODIFIED LEADING EDGE THICKNESS     0.01395     0.98609
XIN,   MODIFIED LEADING EDGE THICKNESS     0.01587     0.99557
XIN,   MODIFIED LEADING EDGE THICKNESS     0.01790     0.99942
 XIN,   MODIFIED TRAILING EDGE THICKNESS     0.99105     0.99442
 XIN,   MODIFIED TRAILING EDGE THICKNESS     0.99248     0.96876
 XIN,   MODIFIED TRAILING EDGE THICKNESS     0.99378     0.92571
 XIN,   MODIFIED TRAILING EDGE THICKNESS     0.99496     0.86823
 XIN,   MODIFIED TRAILING EDGE THICKNESS     0.99602     0.79867
 XIN,   MODIFIED TRAILING EDGE THICKNESS     0.99695     0.71900
 XIN,   MODIFIED TRAILING EDGE THICKNESS     0.99776     0.63090
 XIN,   MODIFIED TRAILING EDGE THICKNESS     0.99844     0.53585
 XIN,   MODIFIED TRAILING EDGE THICKNESS     0.99900     0.43519
 XIN,   MODIFIED TRAILING EDGE THICKNESS     0.99944     0.33013
 XIN,   MODIFIED TRAILING EDGE THICKNESS     0.99975     0.22186
 XIN,   MODIFIED TRAILING EDGE THICKNESS     0.99994     0.11144
 XIN,   MODIFIED TRAILING EDGE THICKNESS     1.00000     0.00000

  POINTS NEARLY PERPENDICULAR TO THE CENTRE LINE BEFORE THINNING 
        N        XUPP      YUPP        XLOW        YLOW 
         1     0.01178     0.00957    -0.01024    -0.00831
         2     0.01185     0.00950    -0.01018    -0.00839
         3     0.01205     0.00928    -0.01000    -0.00863
         4     0.01239     0.00892    -0.00971    -0.00904
         5     0.01286     0.00843    -0.00929    -0.00960
         6     0.01346     0.00779    -0.00876    -0.01033
         7     0.01420     0.00701    -0.00811    -0.01121
         8     0.01507     0.00610    -0.00735    -0.01226
         9     0.01607     0.00505    -0.00647    -0.01346
        10     0.01721     0.00386    -0.00547    -0.01482
        11     0.01848     0.00254    -0.00436    -0.01633
        12     0.01988     0.00109    -0.00314    -0.01800
        13     0.02141    -0.00050    -0.00180    -0.01983
        14     0.02308    -0.00221    -0.00035    -0.02181
        15     0.02487    -0.00405     0.00121    -0.02393
        16     0.02680    -0.00600     0.00288    -0.02621
        17     0.02885    -0.00808     0.00467    -0.02862
        18     0.03104    -0.01027     0.00657    -0.03118
        19     0.03335    -0.01257     0.00858    -0.03387
        20     0.03579    -0.01499     0.01071    -0.03670
        21     0.03836    -0.01749     0.01295    -0.03966
        22     0.04105    -0.02011     0.01530    -0.04274
        23     0.04387    -0.02282     0.01776    -0.04595
        24     0.04681    -0.02563     0.02033    -0.04928
        25     0.04987    -0.02853     0.02302    -0.05273
        26     0.05306    -0.03151     0.02581    -0.05629
        27     0.05636    -0.03457     0.02871    -0.05996
        28     0.05979    -0.03770     0.03173    -0.06373
        29     0.06334    -0.04090     0.03485    -0.06761
        30     0.06700    -0.04416     0.03808    -0.07157
        31     0.07077    -0.04748     0.04141    -0.07564
        32     0.07466    -0.05086     0.04486    -0.07980
        33     0.07866    -0.05428     0.04841    -0.08404
        34     0.08278    -0.05772     0.05207    -0.08835
        35     0.08700    -0.06122     0.05583    -0.09274
        36     0.09133    -0.06475     0.05970    -0.09719
        37     0.09577    -0.06830     0.06368    -0.10171
        38     0.10031    -0.07187     0.06776    -0.10628
        39     0.10495    -0.07545     0.07195    -0.11091
        40     0.10969    -0.07904     0.07624    -0.11559
        41     0.11452    -0.08263     0.08063    -0.12031
        42     0.11945    -0.08621     0.08513    -0.12507
        43     0.12447    -0.08978     0.08974    -0.12986
        44     0.12959    -0.09333     0.09444    -0.13468
        45     0.13478    -0.09686     0.09926    -0.13952
        46     0.14006    -0.10035     0.10417    -0.14437
        47     0.14542    -0.10381     0.10919    -0.14924
        48     0.15086    -0.10722     0.11432    -0.15411
        49     0.15637    -0.11059     0.11955    -0.15898
        50     0.16195    -0.11390     0.12489    -0.16384
        51     0.16760    -0.11714     0.13033    -0.16869
        52     0.17331    -0.12032     0.13588    -0.17352
        53     0.17908    -0.12343     0.14153    -0.17833
        54     0.18491    -0.12647     0.14730    -0.18311
        55     0.19078    -0.12942     0.15317    -0.18785
        56     0.19671    -0.13228     0.15915    -0.19255
        57     0.20267    -0.13505     0.16525    -0.19726
        58     0.20868    -0.13773     0.17146    -0.20185
        59     0.21472    -0.14030     0.17778    -0.20638
        60     0.22079    -0.14271     0.18421    -0.21084
        61     0.22690    -0.14507     0.19077    -0.21523
        62     0.23302    -0.14733     0.19744    -0.21952
        63     0.23917    -0.14947     0.20422    -0.22373
        64     0.24533    -0.15150     0.21113    -0.22783
        65     0.25149    -0.15342     0.21816    -0.23182
        66     0.25767    -0.15521     0.22531    -0.23569
        67     0.26385    -0.15689     0.23258    -0.23943
        68     0.27004    -0.15844     0.23998    -0.24303
        69     0.27622    -0.15988     0.24750    -0.24649
        70     0.28240    -0.16111     0.25515    -0.24987
        71     0.28858    -0.16230     0.26292    -0.25300
        72     0.29476    -0.16338     0.27081    -0.25595
        73     0.30092    -0.16432     0.27882    -0.25871
        74     0.30709    -0.16515     0.28696    -0.26126
        75     0.31324    -0.16586     0.29520    -0.26359
        76     0.31939    -0.16645     0.30356    -0.26570
        77     0.32554    -0.16683     0.31203    -0.26767
        78     0.33169    -0.16718     0.32060    -0.26930
        79     0.33784    -0.16741     0.32926    -0.27066
        80     0.34400    -0.16752     0.33801    -0.27176
        81     0.35016    -0.16750     0.34684    -0.27257
        82     0.35634    -0.16737     0.35574    -0.27310
        83     0.36253    -0.16703     0.36470    -0.27344
        84     0.36874    -0.16665     0.37372    -0.27338
        85     0.37497    -0.16615     0.38278    -0.27301
        86     0.38124    -0.16552     0.39186    -0.27234
        87     0.38754    -0.16476     0.40097    -0.27135
        88     0.39387    -0.16378     0.41010    -0.27017
        89     0.40025    -0.16276     0.41921    -0.26857
        90     0.40668    -0.16159     0.42832    -0.26666
        91     0.41315    -0.16029     0.43742    -0.26445
        92     0.41968    -0.15884     0.44649    -0.26194
        93     0.42627    -0.15723     0.45552    -0.25913
        94     0.43292    -0.15538     0.46452    -0.25616
        95     0.43963    -0.15346     0.47346    -0.25279
        96     0.44640    -0.15138     0.48236    -0.24914
        97     0.45323    -0.14913     0.49120    -0.24523
        98     0.46013    -0.14671     0.49998    -0.24105
        99     0.46710    -0.14411     0.50869    -0.23663
       100     0.47413    -0.14133     0.51735    -0.23195
       101     0.48123    -0.13837     0.52594    -0.22704
       102     0.48839    -0.13521     0.53447    -0.22190
       103     0.49560    -0.13177     0.54292    -0.21653
       104     0.50287    -0.12823     0.55131    -0.21106
       105     0.51020    -0.12450     0.55963    -0.20526
       106     0.51758    -0.12056     0.56788    -0.19926
       107     0.52500    -0.11642     0.57606    -0.19305
       108     0.53247    -0.11209     0.58418    -0.18666
       109     0.53998    -0.10754     0.59223    -0.18007
       110     0.54753    -0.10280     0.60021    -0.17330
       111     0.55511    -0.09785     0.60814    -0.16635
       112     0.56271    -0.09270     0.61600    -0.15922
       113     0.57034    -0.08735     0.62380    -0.15193
       114     0.57799    -0.08180     0.63153    -0.14447
       115     0.58566    -0.07606     0.63921    -0.13685
       116     0.59333    -0.07012     0.64683    -0.12907
       117     0.60101    -0.06398     0.65438    -0.12114
       118     0.60869    -0.05766     0.66188    -0.11307
       119     0.61636    -0.05115     0.66931    -0.10485
       120     0.62403    -0.04447     0.67669    -0.09650
       121     0.63169    -0.03760     0.68401    -0.08801
       122     0.63934    -0.03056     0.69127    -0.07940
       123     0.64696    -0.02336     0.69847    -0.07066
       124     0.65456    -0.01599     0.70562    -0.06180
       125     0.66214    -0.00847     0.71270    -0.05283
       126     0.66968    -0.00079     0.71972    -0.04375
       127     0.67719     0.00703     0.72669    -0.03457
       128     0.68467     0.01499     0.73359    -0.02530
       129     0.69210     0.02309     0.74043    -0.01593
       130     0.69949     0.03131     0.74721    -0.00647
       131     0.70684     0.03965     0.75392     0.00307
       132     0.71413     0.04810     0.76058     0.01268
       133     0.72137     0.05667     0.76716     0.02236
       134     0.72856     0.06533     0.77369     0.03210
       135     0.73569     0.07408     0.78014     0.04190
       136     0.74276     0.08292     0.78653     0.05175
       137     0.74977     0.09184     0.79286     0.06165
       138     0.75671     0.10083     0.79911     0.07158
       139     0.76358     0.10988     0.80529     0.08154
       140     0.77039     0.11899     0.81140     0.09153
       141     0.77712     0.12814     0.81744     0.10154
       142     0.78378     0.13734     0.82341     0.11156
       143     0.79036     0.14656     0.82930     0.12158
       144     0.79686     0.15582     0.83511     0.13160
       145     0.80328     0.16509     0.84085     0.14161
       146     0.80962     0.17437     0.84651     0.15160
       147     0.81588     0.18365     0.85209     0.16163
       148     0.82204     0.19292     0.85759     0.17157
       149     0.82812     0.20218     0.86301     0.18147
       150     0.83411     0.21141     0.86835     0.19133
       151     0.84001     0.22062     0.87360     0.20113
       152     0.84582     0.22979     0.87876     0.21087
       153     0.85153     0.23891     0.88384     0.22055
       154     0.85714     0.24798     0.88884     0.23016
       155     0.86266     0.25699     0.89374     0.23968
       156     0.86807     0.26593     0.89856     0.24912
       157     0.87339     0.27480     0.90328     0.25847
       158     0.87860     0.28358     0.90791     0.26771
       159     0.88371     0.29227     0.91245     0.27685
       160     0.88871     0.30086     0.91690     0.28587
       161     0.89361     0.30934     0.92125     0.29476
       162     0.89840     0.31771     0.92550     0.30353
       163     0.90308     0.32596     0.92966     0.31217
       164     0.90765     0.33408     0.93372     0.32063
       165     0.91211     0.34207     0.93768     0.32897
       166     0.91645     0.34992     0.94154     0.33716
       167     0.92068     0.35762     0.94530     0.34519
       168     0.92480     0.36516     0.94895     0.35305
       169     0.92880     0.37255     0.95251     0.36074
       170     0.93268     0.37977     0.95596     0.36825
       171     0.93645     0.38681     0.95930     0.37557
       172     0.94010     0.39368     0.96254     0.38270
       173     0.94363     0.40036     0.96567     0.38964
       174     0.94703     0.40685     0.96870     0.39637
       175     0.95032     0.41314     0.97162     0.40290
       176     0.95348     0.41923     0.97443     0.40921
       177     0.95652     0.42511     0.97713     0.41530
       178     0.95944     0.43079     0.97972     0.42118
       179     0.96223     0.43624     0.98221     0.42681
       180     0.96490     0.44148     0.98457     0.43223
       181     0.96744     0.44648     0.98683     0.43741
       182     0.96986     0.45127     0.98898     0.44234
       183     0.97214     0.45581     0.99101     0.44704
       184     0.97430     0.46012     0.99293     0.45148
       185     0.97633     0.46418     0.99474     0.45568
       186     0.97824     0.46799     0.99643     0.45961
       187     0.98001     0.47156     0.99800     0.46330
       188     0.98166     0.47488     0.99946     0.46672
       189     0.98317     0.47794     1.00081     0.46987
       190     0.98455     0.48075     1.00204     0.47276
       191     0.98581     0.48330     1.00316     0.47539
       192     0.98693     0.48558     1.00416     0.47774
       193     0.98792     0.48759     1.00505     0.47981
       194     0.98878     0.48935     1.00582     0.48162
       195     0.98950     0.49084     1.00647     0.48315
       196     0.99010     0.49205     1.00700     0.48440
       197     0.99056     0.49300     1.00742     0.48537
       198     0.99089     0.49368     1.00772     0.48607
       199     0.99109     0.49408     1.00789     0.48649
       200     0.99116     0.49422     1.00795     0.48663
  COORDINATES GOING ROUND THE BLADE AFTER ANY ROTATION
     N        XSURF        YSURF 
         1     0.00130     0.00106
         2     0.00190     0.00142
         3     0.00314     0.00205
         4     0.00450     0.00251
         5     0.00596     0.00281
         6     0.00751     0.00294
         7     0.00915     0.00289
         8     0.01087     0.00266
         9     0.01266     0.00225
        10     0.01451     0.00164
        11     0.01642     0.00084
        12     0.01838    -0.00015
        13     0.02039    -0.00135
        14     0.02243    -0.00275
        15     0.02451    -0.00435
        16     0.02663    -0.00614
        17     0.02880    -0.00812
        18     0.03103    -0.01027
        19     0.03335    -0.01257
        20     0.03579    -0.01499
        21     0.03836    -0.01749
        22     0.04105    -0.02011
        23     0.04387    -0.02282
        24     0.04681    -0.02563
        25     0.04987    -0.02853
        26     0.05306    -0.03151
        27     0.05636    -0.03457
        28     0.05979    -0.03770
        29     0.06334    -0.04090
        30     0.06700    -0.04416
        31     0.07077    -0.04748
        32     0.07466    -0.05086
        33     0.07866    -0.05428
        34     0.08278    -0.05772
        35     0.08700    -0.06122
        36     0.09133    -0.06475
        37     0.09577    -0.06830
        38     0.10031    -0.07187
        39     0.10495    -0.07545
        40     0.10969    -0.07904
        41     0.11452    -0.08263
        42     0.11945    -0.08621
        43     0.12447    -0.08978
        44     0.12959    -0.09333
        45     0.13478    -0.09686
        46     0.14006    -0.10035
        47     0.14542    -0.10381
        48     0.15086    -0.10722
        49     0.15637    -0.11059
        50     0.16195    -0.11390
        51     0.16760    -0.11714
        52     0.17331    -0.12032
        53     0.17908    -0.12343
        54     0.18491    -0.12647
        55     0.19078    -0.12942
        56     0.19671    -0.13228
        57     0.20267    -0.13505
        58     0.20868    -0.13773
        59     0.21472    -0.14030
        60     0.22079    -0.14271
        61     0.22690    -0.14507
        62     0.23302    -0.14733
        63     0.23917    -0.14947
        64     0.24533    -0.15150
        65     0.25149    -0.15342
        66     0.25767    -0.15521
        67     0.26385    -0.15689
        68     0.27004    -0.15844
        69     0.27622    -0.15988
        70     0.28240    -0.16111
        71     0.28858    -0.16230
        72     0.29476    -0.16338
        73     0.30092    -0.16432
        74     0.30709    -0.16515
        75     0.31324    -0.16586
        76     0.31939    -0.16645
        77     0.32554    -0.16683
        78     0.33169    -0.16718
        79     0.33784    -0.16741
        80     0.34400    -0.16752
        81     0.35016    -0.16750
        82     0.35634    -0.16737
        83     0.36253    -0.16703
        84     0.36874    -0.16665
        85     0.37497    -0.16615
        86     0.38124    -0.16552
        87     0.38754    -0.16476
        88     0.39387    -0.16378
        89     0.40025    -0.16276
        90     0.40668    -0.16159
        91     0.41315    -0.16029
        92     0.41968    -0.15884
        93     0.42627    -0.15723
        94     0.43292    -0.15538
        95     0.43963    -0.15346
        96     0.44640    -0.15138
        97     0.45323    -0.14913
        98     0.46013    -0.14671
        99     0.46710    -0.14411
       100     0.47413    -0.14133
       101     0.48123    -0.13837
       102     0.48839    -0.13521
       103     0.49560    -0.13177
       104     0.50287    -0.12823
       105     0.51020    -0.12450
       106     0.51758    -0.12056
       107     0.52500    -0.11642
       108     0.53247    -0.11209
       109     0.53998    -0.10754
       110     0.54753    -0.10280
       111     0.55511    -0.09785
       112     0.56271    -0.09270
       113     0.57034    -0.08735
       114     0.57799    -0.08180
       115     0.58566    -0.07606
       116     0.59333    -0.07012
       117     0.60101    -0.06398
       118     0.60869    -0.05766
       119     0.61636    -0.05115
       120     0.62403    -0.04447
       121     0.63169    -0.03760
       122     0.63934    -0.03056
       123     0.64696    -0.02336
       124     0.65456    -0.01599
       125     0.66214    -0.00847
       126     0.66968    -0.00079
       127     0.67719     0.00703
       128     0.68467     0.01499
       129     0.69210     0.02309
       130     0.69949     0.03131
       131     0.70684     0.03965
       132     0.71413     0.04810
       133     0.72137     0.05667
       134     0.72856     0.06533
       135     0.73569     0.07408
       136     0.74276     0.08292
       137     0.74977     0.09184
       138     0.75671     0.10083
       139     0.76358     0.10988
       140     0.77039     0.11899
       141     0.77712     0.12814
       142     0.78378     0.13734
       143     0.79036     0.14656
       144     0.79686     0.15582
       145     0.80328     0.16509
       146     0.80962     0.17437
       147     0.81588     0.18365
       148     0.82204     0.19292
       149     0.82812     0.20218
       150     0.83411     0.21141
       151     0.84001     0.22062
       152     0.84582     0.22979
       153     0.85153     0.23891
       154     0.85714     0.24798
       155     0.86266     0.25699
       156     0.86807     0.26593
       157     0.87339     0.27480
       158     0.87860     0.28358
       159     0.88371     0.29227
       160     0.88871     0.30086
       161     0.89361     0.30934
       162     0.89840     0.31771
       163     0.90308     0.32596
       164     0.90765     0.33408
       165     0.91211     0.34207
       166     0.91645     0.34992
       167     0.92068     0.35762
       168     0.92480     0.36516
       169     0.92880     0.37255
       170     0.93268     0.37977
       171     0.93645     0.38681
       172     0.94010     0.39368
       173     0.94363     0.40036
       174     0.94703     0.40685
       175     0.95032     0.41314
       176     0.95348     0.41923
       177     0.95652     0.42511
       178     0.95944     0.43079
       179     0.96223     0.43624
       180     0.96490     0.44148
       181     0.96744     0.44648
       182     0.96986     0.45127
       183     0.97214     0.45581
       184     0.97430     0.46012
       185     0.97633     0.46418
       186     0.97824     0.46799
       187     0.98001     0.47156
       188     0.98170     0.47486
       189     0.98344     0.47782
       190     0.98520     0.48045
       191     0.98695     0.48277
       192     0.98866     0.48479
       193     0.99032     0.48650
       194     0.99192     0.48792
       195     0.99344     0.48905
       196     0.99487     0.48989
       197     0.99621     0.49045
       198     0.99744     0.49072
       199     0.99856     0.49071
       200     0.99909     0.49064
       201     1.00002     0.49021
       202     1.00043     0.48986
       203     1.00117     0.48903
       204     1.00177     0.48793
       205     1.00223     0.48656
       206     1.00253     0.48493
       207     1.00267     0.48304
       208     1.00264     0.48091
       209     1.00243     0.47853
       210     1.00202     0.47591
       211     1.00139     0.47306
       212     1.00053     0.47000
       213     0.99941     0.46674
       214     0.99800     0.46330
       215     0.99643     0.45961
       216     0.99474     0.45568
       217     0.99293     0.45148
       218     0.99101     0.44704
       219     0.98898     0.44234
       220     0.98683     0.43741
       221     0.98457     0.43223
       222     0.98221     0.42681
       223     0.97972     0.42118
       224     0.97713     0.41530
       225     0.97443     0.40921
       226     0.97162     0.40290
       227     0.96870     0.39637
       228     0.96567     0.38964
       229     0.96254     0.38270
       230     0.95930     0.37557
       231     0.95596     0.36825
       232     0.95251     0.36074
       233     0.94895     0.35305
       234     0.94530     0.34519
       235     0.94154     0.33716
       236     0.93768     0.32897
       237     0.93372     0.32063
       238     0.92966     0.31217
       239     0.92550     0.30353
       240     0.92125     0.29476
       241     0.91690     0.28587
       242     0.91245     0.27685
       243     0.90791     0.26771
       244     0.90328     0.25847
       245     0.89856     0.24912
       246     0.89374     0.23968
       247     0.88884     0.23016
       248     0.88384     0.22055
       249     0.87876     0.21087
       250     0.87360     0.20113
       251     0.86835     0.19133
       252     0.86301     0.18147
       253     0.85759     0.17157
       254     0.85209     0.16163
       255     0.84651     0.15160
       256     0.84085     0.14161
       257     0.83511     0.13160
       258     0.82930     0.12158
       259     0.82341     0.11156
       260     0.81744     0.10154
       261     0.81140     0.09153
       262     0.80529     0.08154
       263     0.79911     0.07158
       264     0.79286     0.06165
       265     0.78653     0.05175
       266     0.78014     0.04190
       267     0.77369     0.03210
       268     0.76716     0.02236
       269     0.76058     0.01268
       270     0.75392     0.00307
       271     0.74721    -0.00647
       272     0.74043    -0.01593
       273     0.73359    -0.02530
       274     0.72669    -0.03457
       275     0.71972    -0.04375
       276     0.71270    -0.05283
       277     0.70562    -0.06180
       278     0.69847    -0.07066
       279     0.69127    -0.07940
       280     0.68401    -0.08801
       281     0.67669    -0.09650
       282     0.66931    -0.10485
       283     0.66188    -0.11307
       284     0.65438    -0.12114
       285     0.64683    -0.12907
       286     0.63921    -0.13685
       287     0.63153    -0.14447
       288     0.62380    -0.15193
       289     0.61600    -0.15922
       290     0.60814    -0.16635
       291     0.60021    -0.17330
       292     0.59223    -0.18007
       293     0.58418    -0.18666
       294     0.57606    -0.19305
       295     0.56788    -0.19926
       296     0.55963    -0.20526
       297     0.55131    -0.21106
       298     0.54292    -0.21653
       299     0.53447    -0.22190
       300     0.52594    -0.22704
       301     0.51735    -0.23195
       302     0.50869    -0.23663
       303     0.49998    -0.24105
       304     0.49120    -0.24523
       305     0.48236    -0.24914
       306     0.47346    -0.25279
       307     0.46452    -0.25616
       308     0.45552    -0.25913
       309     0.44649    -0.26194
       310     0.43742    -0.26445
       311     0.42832    -0.26666
       312     0.41921    -0.26857
       313     0.41010    -0.27017
       314     0.40097    -0.27135
       315     0.39186    -0.27234
       316     0.38278    -0.27301
       317     0.37372    -0.27338
       318     0.36470    -0.27344
       319     0.35574    -0.27310
       320     0.34684    -0.27257
       321     0.33801    -0.27176
       322     0.32926    -0.27066
       323     0.32060    -0.26930
       324     0.31203    -0.26767
       325     0.30356    -0.26570
       326     0.29520    -0.26359
       327     0.28696    -0.26126
       328     0.27882    -0.25871
       329     0.27081    -0.25595
       330     0.26292    -0.25300
       331     0.25515    -0.24987
       332     0.24750    -0.24649
       333     0.23998    -0.24303
       334     0.23258    -0.23943
       335     0.22531    -0.23569
       336     0.21816    -0.23182
       337     0.21113    -0.22783
       338     0.20422    -0.22373
       339     0.19744    -0.21952
       340     0.19077    -0.21523
       341     0.18421    -0.21084
       342     0.17778    -0.20638
       343     0.17146    -0.20185
       344     0.16525    -0.19726
       345     0.15915    -0.19255
       346     0.15317    -0.18785
       347     0.14730    -0.18311
       348     0.14153    -0.17833
       349     0.13588    -0.17352
       350     0.13033    -0.16869
       351     0.12489    -0.16384
       352     0.11955    -0.15898
       353     0.11432    -0.15411
       354     0.10919    -0.14924
       355     0.10417    -0.14437
       356     0.09926    -0.13952
       357     0.09444    -0.13468
       358     0.08974    -0.12986
       359     0.08513    -0.12507
       360     0.08063    -0.12031
       361     0.07624    -0.11559
       362     0.07195    -0.11091
       363     0.06776    -0.10628
       364     0.06368    -0.10171
       365     0.05970    -0.09719
       366     0.05583    -0.09274
       367     0.05207    -0.08835
       368     0.04841    -0.08404
       369     0.04486    -0.07980
       370     0.04141    -0.07564
       371     0.03808    -0.07157
       372     0.03485    -0.06761
       373     0.03173    -0.06373
       374     0.02871    -0.05996
       375     0.02581    -0.05629
       376     0.02302    -0.05273
       377     0.02033    -0.04928
       378     0.01776    -0.04595
       379     0.01530    -0.04274
       380     0.01295    -0.03966
       381     0.01071    -0.03670
       382     0.00858    -0.03387
       383     0.00658    -0.03117
       384     0.00472    -0.02858
       385     0.00305    -0.02607
       386     0.00157    -0.02363
       387     0.00029    -0.02127
       388    -0.00078    -0.01898
       389    -0.00164    -0.01676
       390    -0.00231    -0.01464
       391    -0.00278    -0.01260
       392    -0.00306    -0.01066
       393    -0.00315    -0.00882
       394    -0.00307    -0.00709
       395    -0.00281    -0.00548
       396    -0.00239    -0.00399
       397    -0.00182    -0.00262
       398    -0.00109    -0.00140
       399    -0.00023    -0.00031
       400     0.00024     0.00020
  LEADING EDGE POINT =          393  TE POINT =         207

  NO OF SUCT S POINTS         215  NO PRESS S POINTS         187
  XMIN,XMAX, XCHORD    -3.15179606E-03   1.00267267       1.00582445    

   SUCTION SURFACE POINTS FROM LE TO TE.
         1    -0.00315    -0.00882
         2    -0.00307    -0.00709
         3    -0.00281    -0.00548
         4    -0.00239    -0.00399
         5    -0.00182    -0.00262
         6    -0.00109    -0.00140
         7    -0.00023    -0.00031
         8     0.00024     0.00020
         9     0.00130     0.00106
        10     0.00190     0.00142
        11     0.00314     0.00205
        12     0.00450     0.00251
        13     0.00596     0.00281
        14     0.00751     0.00294
        15     0.00915     0.00289
        16     0.01087     0.00266
        17     0.01266     0.00225
        18     0.01451     0.00164
        19     0.01642     0.00084
        20     0.01838    -0.00015
        21     0.02039    -0.00135
        22     0.02243    -0.00275
        23     0.02451    -0.00435
        24     0.02663    -0.00614
        25     0.02880    -0.00812
        26     0.03103    -0.01027
        27     0.03335    -0.01257
        28     0.03579    -0.01499
        29     0.03836    -0.01749
        30     0.04105    -0.02011
        31     0.04387    -0.02282
        32     0.04681    -0.02563
        33     0.04987    -0.02853
        34     0.05306    -0.03151
        35     0.05636    -0.03457
        36     0.05979    -0.03770
        37     0.06334    -0.04090
        38     0.06700    -0.04416
        39     0.07077    -0.04748
        40     0.07466    -0.05086
        41     0.07866    -0.05428
        42     0.08278    -0.05772
        43     0.08700    -0.06122
        44     0.09133    -0.06475
        45     0.09577    -0.06830
        46     0.10031    -0.07187
        47     0.10495    -0.07545
        48     0.10969    -0.07904
        49     0.11452    -0.08263
        50     0.11945    -0.08621
        51     0.12447    -0.08978
        52     0.12959    -0.09333
        53     0.13478    -0.09686
        54     0.14006    -0.10035
        55     0.14542    -0.10381
        56     0.15086    -0.10722
        57     0.15637    -0.11059
        58     0.16195    -0.11390
        59     0.16760    -0.11714
        60     0.17331    -0.12032
        61     0.17908    -0.12343
        62     0.18491    -0.12647
        63     0.19078    -0.12942
        64     0.19671    -0.13228
        65     0.20267    -0.13505
        66     0.20868    -0.13773
        67     0.21472    -0.14030
        68     0.22079    -0.14271
        69     0.22690    -0.14507
        70     0.23302    -0.14733
        71     0.23917    -0.14947
        72     0.24533    -0.15150
        73     0.25149    -0.15342
        74     0.25767    -0.15521
        75     0.26385    -0.15689
        76     0.27004    -0.15844
        77     0.27622    -0.15988
        78     0.28240    -0.16111
        79     0.28858    -0.16230
        80     0.29476    -0.16338
        81     0.30092    -0.16432
        82     0.30709    -0.16515
        83     0.31324    -0.16586
        84     0.31939    -0.16645
        85     0.32554    -0.16683
        86     0.33169    -0.16718
        87     0.33784    -0.16741
        88     0.34400    -0.16752
        89     0.35016    -0.16750
        90     0.35634    -0.16737
        91     0.36253    -0.16703
        92     0.36874    -0.16665
        93     0.37497    -0.16615
        94     0.38124    -0.16552
        95     0.38754    -0.16476
        96     0.39387    -0.16378
        97     0.40025    -0.16276
        98     0.40668    -0.16159
        99     0.41315    -0.16029
       100     0.41968    -0.15884
       101     0.42627    -0.15723
       102     0.43292    -0.15538
       103     0.43963    -0.15346
       104     0.44640    -0.15138
       105     0.45323    -0.14913
       106     0.46013    -0.14671
       107     0.46710    -0.14411
       108     0.47413    -0.14133
       109     0.48123    -0.13837
       110     0.48839    -0.13521
       111     0.49560    -0.13177
       112     0.50287    -0.12823
       113     0.51020    -0.12450
       114     0.51758    -0.12056
       115     0.52500    -0.11642
       116     0.53247    -0.11209
       117     0.53998    -0.10754
       118     0.54753    -0.10280
       119     0.55511    -0.09785
       120     0.56271    -0.09270
       121     0.57034    -0.08735
       122     0.57799    -0.08180
       123     0.58566    -0.07606
       124     0.59333    -0.07012
       125     0.60101    -0.06398
       126     0.60869    -0.05766
       127     0.61636    -0.05115
       128     0.62403    -0.04447
       129     0.63169    -0.03760
       130     0.63934    -0.03056
       131     0.64696    -0.02336
       132     0.65456    -0.01599
       133     0.66214    -0.00847
       134     0.66968    -0.00079
       135     0.67719     0.00703
       136     0.68467     0.01499
       137     0.69210     0.02309
       138     0.69949     0.03131
       139     0.70684     0.03965
       140     0.71413     0.04810
       141     0.72137     0.05667
       142     0.72856     0.06533
       143     0.73569     0.07408
       144     0.74276     0.08292
       145     0.74977     0.09184
       146     0.75671     0.10083
       147     0.76358     0.10988
       148     0.77039     0.11899
       149     0.77712     0.12814
       150     0.78378     0.13734
       151     0.79036     0.14656
       152     0.79686     0.15582
       153     0.80328     0.16509
       154     0.80962     0.17437
       155     0.81588     0.18365
       156     0.82204     0.19292
       157     0.82812     0.20218
       158     0.83411     0.21141
       159     0.84001     0.22062
       160     0.84582     0.22979
       161     0.85153     0.23891
       162     0.85714     0.24798
       163     0.86266     0.25699
       164     0.86807     0.26593
       165     0.87339     0.27480
       166     0.87860     0.28358
       167     0.88371     0.29227
       168     0.88871     0.30086
       169     0.89361     0.30934
       170     0.89840     0.31771
       171     0.90308     0.32596
       172     0.90765     0.33408
       173     0.91211     0.34207
       174     0.91645     0.34992
       175     0.92068     0.35762
       176     0.92480     0.36516
       177     0.92880     0.37255
       178     0.93268     0.37977
       179     0.93645     0.38681
       180     0.94010     0.39368
       181     0.94363     0.40036
       182     0.94703     0.40685
       183     0.95032     0.41314
       184     0.95348     0.41923
       185     0.95652     0.42511
       186     0.95944     0.43079
       187     0.96223     0.43624
       188     0.96490     0.44148
       189     0.96744     0.44648
       190     0.96986     0.45127
       191     0.97214     0.45581
       192     0.97430     0.46012
       193     0.97633     0.46418
       194     0.97824     0.46799
       195     0.98001     0.47156
       196     0.98170     0.47486
       197     0.98344     0.47782
       198     0.98520     0.48045
       199     0.98695     0.48277
       200     0.98866     0.48479
       201     0.99032     0.48650
       202     0.99192     0.48792
       203     0.99344     0.48905
       204     0.99487     0.48989
       205     0.99621     0.49045
       206     0.99744     0.49072
       207     0.99856     0.49071
       208     0.99909     0.49064
       209     1.00002     0.49021
       210     1.00043     0.48986
       211     1.00117     0.48903
       212     1.00177     0.48793
       213     1.00223     0.48656
       214     1.00253     0.48493
       215     1.00267     0.48304

   PRESSURE SURFACE POINTS FROM LE TO TE.
         1    -0.00315    -0.00882
         2    -0.00306    -0.01066
         3    -0.00278    -0.01260
         4    -0.00231    -0.01464
         5    -0.00164    -0.01676
         6    -0.00078    -0.01898
         7     0.00029    -0.02127
         8     0.00157    -0.02363
         9     0.00305    -0.02607
        10     0.00472    -0.02858
        11     0.00658    -0.03117
        12     0.00858    -0.03387
        13     0.01071    -0.03670
        14     0.01295    -0.03966
        15     0.01530    -0.04274
        16     0.01776    -0.04595
        17     0.02033    -0.04928
        18     0.02302    -0.05273
        19     0.02581    -0.05629
        20     0.02871    -0.05996
        21     0.03173    -0.06373
        22     0.03485    -0.06761
        23     0.03808    -0.07157
        24     0.04141    -0.07564
        25     0.04486    -0.07980
        26     0.04841    -0.08404
        27     0.05207    -0.08835
        28     0.05583    -0.09274
        29     0.05970    -0.09719
        30     0.06368    -0.10171
        31     0.06776    -0.10628
        32     0.07195    -0.11091
        33     0.07624    -0.11559
        34     0.08063    -0.12031
        35     0.08513    -0.12507
        36     0.08974    -0.12986
        37     0.09444    -0.13468
        38     0.09926    -0.13952
        39     0.10417    -0.14437
        40     0.10919    -0.14924
        41     0.11432    -0.15411
        42     0.11955    -0.15898
        43     0.12489    -0.16384
        44     0.13033    -0.16869
        45     0.13588    -0.17352
        46     0.14153    -0.17833
        47     0.14730    -0.18311
        48     0.15317    -0.18785
        49     0.15915    -0.19255
        50     0.16525    -0.19726
        51     0.17146    -0.20185
        52     0.17778    -0.20638
        53     0.18421    -0.21084
        54     0.19077    -0.21523
        55     0.19744    -0.21952
        56     0.20422    -0.22373
        57     0.21113    -0.22783
        58     0.21816    -0.23182
        59     0.22531    -0.23569
        60     0.23258    -0.23943
        61     0.23998    -0.24303
        62     0.24750    -0.24649
        63     0.25515    -0.24987
        64     0.26292    -0.25300
        65     0.27081    -0.25595
        66     0.27882    -0.25871
        67     0.28696    -0.26126
        68     0.29520    -0.26359
        69     0.30356    -0.26570
        70     0.31203    -0.26767
        71     0.32060    -0.26930
        72     0.32926    -0.27066
        73     0.33801    -0.27176
        74     0.34684    -0.27257
        75     0.35574    -0.27310
        76     0.36470    -0.27344
        77     0.37372    -0.27338
        78     0.38278    -0.27301
        79     0.39186    -0.27234
        80     0.40097    -0.27135
        81     0.41010    -0.27017
        82     0.41921    -0.26857
        83     0.42832    -0.26666
        84     0.43742    -0.26445
        85     0.44649    -0.26194
        86     0.45552    -0.25913
        87     0.46452    -0.25616
        88     0.47346    -0.25279
        89     0.48236    -0.24914
        90     0.49120    -0.24523
        91     0.49998    -0.24105
        92     0.50869    -0.23663
        93     0.51735    -0.23195
        94     0.52594    -0.22704
        95     0.53447    -0.22190
        96     0.54292    -0.21653
        97     0.55131    -0.21106
        98     0.55963    -0.20526
        99     0.56788    -0.19926
       100     0.57606    -0.19305
       101     0.58418    -0.18666
       102     0.59223    -0.18007
       103     0.60021    -0.17330
       104     0.60814    -0.16635
       105     0.61600    -0.15922
       106     0.62380    -0.15193
       107     0.63153    -0.14447
       108     0.63921    -0.13685
       109     0.64683    -0.12907
       110     0.65438    -0.12114
       111     0.66188    -0.11307
       112     0.66931    -0.10485
       113     0.67669    -0.09650
       114     0.68401    -0.08801
       115     0.69127    -0.07940
       116     0.69847    -0.07066
       117     0.70562    -0.06180
       118     0.71270    -0.05283
       119     0.71972    -0.04375
       120     0.72669    -0.03457
       121     0.73359    -0.02530
       122     0.74043    -0.01593
       123     0.74721    -0.00647
       124     0.75392     0.00307
       125     0.76058     0.01268
       126     0.76716     0.02236
       127     0.77369     0.03210
       128     0.78014     0.04190
       129     0.78653     0.05175
       130     0.79286     0.06165
       131     0.79911     0.07158
       132     0.80529     0.08154
       133     0.81140     0.09153
       134     0.81744     0.10154
       135     0.82341     0.11156
       136     0.82930     0.12158
       137     0.83511     0.13160
       138     0.84085     0.14161
       139     0.84651     0.15160
       140     0.85209     0.16163
       141     0.85759     0.17157
       142     0.86301     0.18147
       143     0.86835     0.19133
       144     0.87360     0.20113
       145     0.87876     0.21087
       146     0.88384     0.22055
       147     0.88884     0.23016
       148     0.89374     0.23968
       149     0.89856     0.24912
       150     0.90328     0.25847
       151     0.90791     0.26771
       152     0.91245     0.27685
       153     0.91690     0.28587
       154     0.92125     0.29476
       155     0.92550     0.30353
       156     0.92966     0.31217
       157     0.93372     0.32063
       158     0.93768     0.32897
       159     0.94154     0.33716
       160     0.94530     0.34519
       161     0.94895     0.35305
       162     0.95251     0.36074
       163     0.95596     0.36825
       164     0.95930     0.37557
       165     0.96254     0.38270
       166     0.96567     0.38964
       167     0.96870     0.39637
       168     0.97162     0.40290
       169     0.97443     0.40921
       170     0.97713     0.41530
       171     0.97972     0.42118
       172     0.98221     0.42681
       173     0.98457     0.43223
       174     0.98683     0.43741
       175     0.98898     0.44234
       176     0.99101     0.44704
       177     0.99293     0.45148
       178     0.99474     0.45568
       179     0.99643     0.45961
       180     0.99800     0.46330
       181     0.99941     0.46674
       182     1.00053     0.47000
       183     1.00139     0.47306
       184     1.00202     0.47591
       185     1.00243     0.47853
       186     1.00264     0.48091
       187     1.00267     0.48304
  POINTS ON THE BLADE TO BE USED FOR PLOTTING 
  AND FINAL INTERPOLATION 
  N           X          YUP        YLOW        THICK 
    1      0.0000     -0.0088     -0.0088      0.0000
    2      0.0001     -0.0075     -0.0100      0.0025
    3      0.0002     -0.0060     -0.0117      0.0057
    4      0.0006     -0.0046     -0.0133      0.0087
    5      0.0010     -0.0034     -0.0151      0.0117
    6      0.0016     -0.0022     -0.0168      0.0146
    7      0.0022     -0.0011     -0.0186      0.0174
    8      0.0030     -0.0002     -0.0203      0.0202
    9      0.0040      0.0007     -0.0222      0.0229
   10      0.0050      0.0014     -0.0241      0.0255
   11      0.0062      0.0020     -0.0260      0.0280
   12      0.0075      0.0025     -0.0279      0.0304
   13      0.0089      0.0028     -0.0300      0.0327
   14      0.0105      0.0029     -0.0321      0.0350
   15      0.0122      0.0029     -0.0343      0.0372
   16      0.0140      0.0026     -0.0367      0.0394
   17      0.0159      0.0022     -0.0392      0.0414
   18      0.0179      0.0015     -0.0419      0.0434
   19      0.0201      0.0005     -0.0447      0.0453
   20      0.0223     -0.0007     -0.0477      0.0470
   21      0.0247     -0.0022     -0.0508      0.0485
   22      0.0272     -0.0041     -0.0540      0.0499
   23      0.0299     -0.0063     -0.0573      0.0510
   24      0.0326     -0.0089     -0.0608      0.0519
   25      0.0355     -0.0117     -0.0643      0.0527
   26      0.0384     -0.0146     -0.0680      0.0534
   27      0.0415     -0.0176     -0.0718      0.0542
   28      0.0447     -0.0208     -0.0757      0.0550
   29      0.0481     -0.0239     -0.0797      0.0558
   30      0.0515     -0.0272     -0.0838      0.0566
   31      0.0550     -0.0305     -0.0880      0.0575
   32      0.0587     -0.0339     -0.0923      0.0583
   33      0.0625     -0.0374     -0.0966      0.0592
   34      0.0663     -0.0409     -0.1010      0.0601
   35      0.0703     -0.0444     -0.1055      0.0610
   36      0.0744     -0.0480     -0.1100      0.0620
   37      0.0786     -0.0516     -0.1146      0.0629
   38      0.0829     -0.0553     -0.1192      0.0639
   39      0.0873     -0.0589     -0.1238      0.0649
   40      0.0918     -0.0626     -0.1285      0.0659
   41      0.0964     -0.0664     -0.1333      0.0669
   42      0.1011     -0.0701     -0.1380      0.0679
   43      0.1059     -0.0738     -0.1428      0.0689
   44      0.1108     -0.0776     -0.1476      0.0700
   45      0.1159     -0.0813     -0.1523      0.0710
   46      0.1210     -0.0850     -0.1571      0.0721
   47      0.1261     -0.0887     -0.1618      0.0731
   48      0.1314     -0.0924     -0.1666      0.0742
   49      0.1368     -0.0961     -0.1713      0.0752
   50      0.1423     -0.0997     -0.1760      0.0763
   51      0.1478     -0.1033     -0.1806      0.0773
   52      0.1535     -0.1068     -0.1852      0.0784
   53      0.1592     -0.1103     -0.1898      0.0794
   54      0.1650     -0.1138     -0.1943      0.0805
   55      0.1709     -0.1171     -0.1987      0.0816
   56      0.1769     -0.1204     -0.2031      0.0826
   57      0.1830     -0.1237     -0.2073      0.0837
   58      0.1891     -0.1268     -0.2115      0.0847
   59      0.1954     -0.1299     -0.2156      0.0857
   60      0.2017     -0.1329     -0.2196      0.0867
   61      0.2080     -0.1358     -0.2235      0.0878
   62      0.2145     -0.1386     -0.2273      0.0887
   63      0.2210     -0.1412     -0.2310      0.0898
   64      0.2276     -0.1438     -0.2345      0.0908
   65      0.2342     -0.1463     -0.2380      0.0917
   66      0.2409     -0.1486     -0.2412      0.0926
   67      0.2477     -0.1508     -0.2444      0.0935
   68      0.2546     -0.1529     -0.2474      0.0945
   69      0.2615     -0.1549     -0.2503      0.0954
   70      0.2684     -0.1567     -0.2530      0.0963
   71      0.2755     -0.1584     -0.2555      0.0971
   72      0.2826     -0.1599     -0.2579      0.0980
   73      0.2897     -0.1613     -0.2601      0.0988
   74      0.2969     -0.1625     -0.2621      0.0996
   75      0.3041     -0.1636     -0.2640      0.1003
   76      0.3114     -0.1645     -0.2657      0.1011
   77      0.3187     -0.1653     -0.2671      0.1018
   78      0.3261     -0.1658     -0.2684      0.1026
   79      0.3335     -0.1662     -0.2695      0.1032
   80      0.3410     -0.1665     -0.2704      0.1039
   81      0.3485     -0.1665     -0.2710      0.1045
   82      0.3560     -0.1664     -0.2715      0.1050
   83      0.3636     -0.1661     -0.2718      0.1057
   84      0.3712     -0.1656     -0.2718      0.1063
   85      0.3789     -0.1649     -0.2716      0.1067
   86      0.3865     -0.1640     -0.2712      0.1072
   87      0.3942     -0.1629     -0.2706      0.1077
   88      0.4020     -0.1617     -0.2698      0.1081
   89      0.4097     -0.1602     -0.2688      0.1086
   90      0.4175     -0.1586     -0.2674      0.1089
   91      0.4253     -0.1567     -0.2659      0.1092
   92      0.4331     -0.1546     -0.2641      0.1095
   93      0.4409     -0.1524     -0.2621      0.1098
   94      0.4488     -0.1499     -0.2599      0.1100
   95      0.4566     -0.1473     -0.2574      0.1102
   96      0.4645     -0.1444     -0.2548      0.1104
   97      0.4724     -0.1414     -0.2519      0.1105
   98      0.4803     -0.1381     -0.2487      0.1106
   99      0.4882     -0.1347     -0.2453      0.1106
  100      0.4961     -0.1309     -0.2416      0.1107
  101      0.5039     -0.1271     -0.2378      0.1107
  102      0.5118     -0.1230     -0.2337      0.1107
  103      0.5197     -0.1187     -0.2293      0.1106
  104      0.5276     -0.1143     -0.2248      0.1105
  105      0.5355     -0.1096     -0.2200      0.1103
  106      0.5434     -0.1048     -0.2150      0.1102
  107      0.5512     -0.0998     -0.2099      0.1101
  108      0.5591     -0.0946     -0.2044      0.1098
  109      0.5669     -0.0891     -0.1987      0.1096
  110      0.5747     -0.0836     -0.1928      0.1092
  111      0.5825     -0.0778     -0.1867      0.1089
  112      0.5903     -0.0718     -0.1804      0.1085
  113      0.5980     -0.0657     -0.1739      0.1081
  114      0.6058     -0.0594     -0.1671      0.1077
  115      0.6135     -0.0530     -0.1602      0.1073
  116      0.6211     -0.0463     -0.1531      0.1068
  117      0.6288     -0.0395     -0.1458      0.1063
  118      0.6364     -0.0326     -0.1383      0.1057
  119      0.6440     -0.0255     -0.1306      0.1051
  120      0.6515     -0.0182     -0.1228      0.1045
  121      0.6590     -0.0108     -0.1148      0.1039
  122      0.6665     -0.0033     -0.1066      0.1033
  123      0.6739      0.0044     -0.0982      0.1026
  124      0.6813      0.0122     -0.0897      0.1019
  125      0.6886      0.0201     -0.0811      0.1012
  126      0.6959      0.0281     -0.0723      0.1004
  127      0.7031      0.0363     -0.0633      0.0996
  128      0.7103      0.0446     -0.0543      0.0989
  129      0.7174      0.0529     -0.0451      0.0980
  130      0.7245      0.0614     -0.0358      0.0972
  131      0.7316      0.0700     -0.0264      0.0963
  132      0.7385      0.0786     -0.0169      0.0955
  133      0.7454      0.0873     -0.0072      0.0946
  134      0.7523      0.0961      0.0025      0.0937
  135      0.7591      0.1050      0.0122      0.0927
  136      0.7658      0.1139      0.0221      0.0918
  137      0.7724      0.1229      0.0321      0.0908
  138      0.7790      0.1319      0.0421      0.0899
  139      0.7855      0.1410      0.0521      0.0889
  140      0.7920      0.1501      0.0622      0.0879
  141      0.7983      0.1592      0.0723      0.0869
  142      0.8046      0.1683      0.0825      0.0858
  143      0.8109      0.1775      0.0927      0.0848
  144      0.8170      0.1867      0.1029      0.0838
  145      0.8231      0.1958      0.1131      0.0827
  146      0.8291      0.2050      0.1233      0.0817
  147      0.8350      0.2142      0.1335      0.0806
  148      0.8408      0.2233      0.1437      0.0796
  149      0.8465      0.2324      0.1539      0.0785
  150      0.8522      0.2414      0.1641      0.0774
  151      0.8577      0.2505      0.1742      0.0763
  152      0.8632      0.2594      0.1842      0.0753
  153      0.8686      0.2684      0.1942      0.0742
  154      0.8739      0.2772      0.2041      0.0732
  155      0.8790      0.2860      0.2139      0.0721
  156      0.8841      0.2947      0.2237      0.0711
  157      0.8892      0.3034      0.2333      0.0700
  158      0.8941      0.3119      0.2429      0.0690
  159      0.8989      0.3203      0.2524      0.0680
  160      0.9036      0.3287      0.2617      0.0669
  161      0.9082      0.3369      0.2710      0.0659
  162      0.9127      0.3450      0.2801      0.0649
  163      0.9171      0.3530      0.2891      0.0640
  164      0.9214      0.3609      0.2979      0.0630
  165      0.9256      0.3686      0.3066      0.0620
  166      0.9297      0.3762      0.3151      0.0611
  167      0.9337      0.3836      0.3235      0.0602
  168      0.9375      0.3909      0.3317      0.0593
  169      0.9413      0.3981      0.3397      0.0584
  170      0.9450      0.4050      0.3475      0.0575
  171      0.9485      0.4118      0.3552      0.0567
  172      0.9519      0.4184      0.3626      0.0558
  173      0.9553      0.4249      0.3699      0.0550
  174      0.9585      0.4311      0.3769      0.0542
  175      0.9616      0.4372      0.3837      0.0535
  176      0.9645      0.4430      0.3903      0.0527
  177      0.9674      0.4487      0.3967      0.0520
  178      0.9701      0.4542      0.4028      0.0513
  179      0.9728      0.4594      0.4088      0.0506
  180      0.9753      0.4644      0.4144      0.0500
  181      0.9777      0.4692      0.4199      0.0494
  182      0.9799      0.4735      0.4250      0.0484
  183      0.9821      0.4769      0.4299      0.0469
  184      0.9841      0.4797      0.4346      0.0451
  185      0.9860      0.4820      0.4390      0.0429
  186      0.9878      0.4838      0.4431      0.0406
  187      0.9895      0.4852      0.4470      0.0382
  188      0.9911      0.4864      0.4506      0.0358
  189      0.9925      0.4872      0.4539      0.0333
  190      0.9938      0.4877      0.4569      0.0307
  191      0.9950      0.4879      0.4597      0.0282
  192      0.9960      0.4879      0.4622      0.0256
  193      0.9970      0.4876      0.4646      0.0230
  194      0.9978      0.4870      0.4669      0.0201
  195      0.9984      0.4863      0.4693      0.0170
  196      0.9990      0.4853      0.4716      0.0137
  197      0.9994      0.4841      0.4737      0.0104
  198      0.9998      0.4827      0.4757      0.0070
  199      0.9999      0.4811      0.4778      0.0033
  200      1.0000      0.4802      0.4802      0.0000
 GRID EXPANSION RATIO UP=    1.12157 DOWN =    1.05711
  AXIAL,TANGENTIAL AND RADIAL COORDINATES ON THE STREAM
  SURFACE BEFORE TRANSFORMING TO R-THETA COORDINATES 
 J, XGRID,YGRID,RGRID            1  -1.09923957E-02   1.22718178E-02  0.365401059    
 J, XGRID,YGRID,RGRID            2  -9.83245298E-03   1.08419694E-02  0.365413696    
 J, XGRID,YGRID,RGRID            3  -8.79757199E-03   9.56711173E-03  0.365467072    
 J, XGRID,YGRID,RGRID            4  -7.87615310E-03   8.43044370E-03  0.365548372    
 J, XGRID,YGRID,RGRID            5  -7.05692358E-03   7.41698686E-03  0.365647644    
 J, XGRID,YGRID,RGRID            6  -6.32924726E-03   6.51338510E-03  0.365757734    
 J, XGRID,YGRID,RGRID            7  -5.68328332E-03   5.70773100E-03  0.365873039    
 J, XGRID,YGRID,RGRID            8  -5.11005241E-03   4.98940703E-03  0.365989506    
 J, XGRID,YGRID,RGRID            9  -4.60143946E-03   4.34894674E-03  0.366104275    
 J, XGRID,YGRID,RGRID           10  -4.15016245E-03   3.77791026E-03  0.366215289    
 J, XGRID,YGRID,RGRID           11  -3.74971749E-03   3.26877204E-03  0.366321206    
 J, XGRID,YGRID,RGRID           12  -3.39431805E-03   2.81482283E-03  0.366421223    
 J, XGRID,YGRID,RGRID           13  -3.07882763E-03   2.41008005E-03  0.366514742    
 J, XGRID,YGRID,RGRID           14  -2.79869302E-03   2.04921002E-03  0.366601586    
 J, XGRID,YGRID,RGRID           15  -2.54988810E-03   1.72745693E-03  0.366681904    
 J, XGRID,YGRID,RGRID           16  -2.32884684E-03   1.44058082E-03  0.366755694    
 J, XGRID,YGRID,RGRID           17  -2.13241810E-03   1.18480111E-03  0.366823256    
 J, XGRID,YGRID,RGRID           18  -1.95781374E-03   9.56747099E-04  0.366884887    
 J, XGRID,YGRID,RGRID           19  -1.80257170E-03   7.53413362E-04  0.366940975    
 J, XGRID,YGRID,RGRID           20  -1.66450883E-03   5.72120305E-04  0.366991878    
 J, XGRID,YGRID,RGRID           21  -1.54169765E-03   4.10478766E-04  0.367037952    
 J, XGRID,YGRID,RGRID           22  -1.43242953E-03   2.66358635E-04  0.367079616    
 J, XGRID,YGRID,RGRID           23  -1.33519131E-03   1.37860625E-04  0.367117226    
 J, XGRID,YGRID,RGRID           24  -1.24864362E-03   2.32913608E-05  0.367151082    
 J, XGRID,YGRID,RGRID           25  -1.17159821E-03  -7.88589969E-05  0.367181569    
 J, XGRID,YGRID,RGRID           26  -1.10300002E-03  -1.69936611E-04  0.367208987    
 J, XGRID,YGRID,RGRID           27  -1.04453694E-03   8.62619709E-06  0.367248088    
 J, XGRID,YGRID,RGRID           28  -9.83761507E-04   4.96587018E-05  0.367289543    
 J, XGRID,YGRID,RGRID           29  -9.20473714E-04   5.88807197E-05  0.367333472    
 J, XGRID,YGRID,RGRID           30  -8.54484504E-04   4.50809421E-05  0.367380261    
 J, XGRID,YGRID,RGRID           31  -7.85609183E-04   1.01194046E-05  0.367430091    
 J, XGRID,YGRID,RGRID           32  -7.13674468E-04  -4.61195232E-05  0.367483139    
 J, XGRID,YGRID,RGRID           33  -6.38513535E-04  -1.24351020E-04  0.367539823    
 J, XGRID,YGRID,RGRID           34  -5.59969572E-04  -2.22949893E-04  0.367600352    
 J, XGRID,YGRID,RGRID           35  -4.77896421E-04  -3.31005635E-04  0.367665082    
 J, XGRID,YGRID,RGRID           36  -3.92157701E-04  -4.42943361E-04  0.367734402    
 J, XGRID,YGRID,RGRID           37  -3.02624598E-04  -5.58720843E-04  0.367808491    
 J, XGRID,YGRID,RGRID           38  -2.09183912E-04  -6.78172393E-04  0.367887855    
 J, XGRID,YGRID,RGRID           39  -1.11729372E-04  -8.01149639E-04  0.367972761    
 J, XGRID,YGRID,RGRID           40  -1.01699843E-05  -9.27404035E-04  0.368063629    
 J, XGRID,YGRID,RGRID           41   9.55275464E-05  -1.05672923E-03  0.368160933    
 J, XGRID,YGRID,RGRID           42   2.05244360E-04  -1.18812791E-03  0.368264705    
 J, XGRID,YGRID,RGRID           43   3.19084676E-04  -1.32238481E-03  0.368375570    
 J, XGRID,YGRID,RGRID           44   4.37171082E-04  -1.45871949E-03  0.368493915    
 J, XGRID,YGRID,RGRID           45   5.59641048E-04  -1.59679621E-03  0.368620396    
 J, XGRID,YGRID,RGRID           46   6.86653017E-04  -1.73623697E-03  0.368755639    
 J, XGRID,YGRID,RGRID           47   8.18370027E-04  -1.87659741E-03  0.368900299    
 J, XGRID,YGRID,RGRID           48   9.54904011E-04  -2.01728125E-03  0.369055092    
 J, XGRID,YGRID,RGRID           49   1.09630136E-03  -2.15740898E-03  0.369220614    
 J, XGRID,YGRID,RGRID           50   1.24280469E-03  -2.29638536E-03  0.369397491    
 J, XGRID,YGRID,RGRID           51   1.39470398E-03  -2.43346253E-03  0.369587123    
 J, XGRID,YGRID,RGRID           52   1.55231252E-03  -2.56771571E-03  0.369790316    
 J, XGRID,YGRID,RGRID           53   1.71598361E-03  -2.69804825E-03  0.370008409    
 J, XGRID,YGRID,RGRID           54   1.88609806E-03  -2.82275048E-03  0.370242715    
 J, XGRID,YGRID,RGRID           55   2.06439872E-03  -2.94087548E-03  0.370496422    
 J, XGRID,YGRID,RGRID           56   2.25305604E-03  -3.05249379E-03  0.370773971    
 J, XGRID,YGRID,RGRID           57   2.45185196E-03  -3.15315649E-03  0.371076286    
 J, XGRID,YGRID,RGRID           58   2.66026473E-03  -3.23801208E-03  0.371403515    
 J, XGRID,YGRID,RGRID           59   2.87752156E-03  -3.30492179E-03  0.371755272    
 J, XGRID,YGRID,RGRID           60   3.10264388E-03  -3.34780407E-03  0.372130752    
 J, XGRID,YGRID,RGRID           61   3.33446614E-03  -3.36393970E-03  0.372527748    
 J, XGRID,YGRID,RGRID           62   3.56945070E-03  -3.34830768E-03  0.372939736    
 J, XGRID,YGRID,RGRID           63   3.80427414E-03  -3.30138416E-03  0.373359233    
 J, XGRID,YGRID,RGRID           64   4.03821515E-03  -3.22159450E-03  0.373783380    
 J, XGRID,YGRID,RGRID           65   4.27085953E-03  -3.10866628E-03  0.374209464    
 J, XGRID,YGRID,RGRID           66   4.50202217E-03  -2.96517625E-03  0.374635011    
 J, XGRID,YGRID,RGRID           67   4.73176222E-03  -2.79090204E-03  0.375058293    
 J, XGRID,YGRID,RGRID           68   4.96033207E-03  -2.58425134E-03  0.375477880    
 J, XGRID,YGRID,RGRID           69   5.18985745E-03  -2.34812545E-03  0.375895798    
 J, XGRID,YGRID,RGRID           70   5.42193325E-03  -2.07965705E-03  0.376312524    
 J, XGRID,YGRID,RGRID           71   5.65699907E-03  -1.77874963E-03  0.376727760    
 J, XGRID,YGRID,RGRID           72   5.89533523E-03  -1.44555490E-03  0.377139390    
 J, XGRID,YGRID,RGRID           73   6.13710936E-03  -1.08060567E-03  0.377546102    
 J, XGRID,YGRID,RGRID           74   6.38233311E-03  -6.84888044E-04  0.377946049    
 J, XGRID,YGRID,RGRID           75   6.63085002E-03  -2.59909895E-04  0.378337383    
 J, XGRID,YGRID,RGRID           76   6.88086264E-03   1.89602884E-04  0.378715992    
 J, XGRID,YGRID,RGRID           77   7.13124545E-03   6.59529062E-04  0.379079342    
 J, XGRID,YGRID,RGRID           78   7.38145458E-03   1.14665739E-03  0.379425943    
 J, XGRID,YGRID,RGRID           79   7.63097359E-03   1.64779788E-03  0.379755229    
 J, XGRID,YGRID,RGRID           80   7.87931960E-03   2.15987139E-03  0.380066901    
 J, XGRID,YGRID,RGRID           81   8.12603720E-03   2.67999549E-03  0.380360454    
 J, XGRID,YGRID,RGRID           82   8.37073196E-03   3.20556108E-03  0.380635649    
 J, XGRID,YGRID,RGRID           83   8.61408282E-03   3.73641402E-03  0.380894482    
 J, XGRID,YGRID,RGRID           84   8.85609537E-03   4.27121436E-03  0.381137341    
 J, XGRID,YGRID,RGRID           85   9.09648649E-03   4.80817910E-03  0.381364197    
 J, XGRID,YGRID,RGRID           86   9.33498610E-03   5.34558389E-03  0.381575823    
 J, XGRID,YGRID,RGRID           87   9.57125518E-03   5.88175515E-03  0.381772608    
 J, XGRID,YGRID,RGRID           88   9.80494916E-03   6.41507236E-03  0.381955206    
 J, XGRID,YGRID,RGRID           89   1.00356955E-02   6.94396766E-03  0.382123858    
 J, XGRID,YGRID,RGRID           90   1.02630965E-02   7.46692577E-03  0.382279247    
 J, XGRID,YGRID,RGRID           91   1.04867565E-02   7.98247568E-03  0.382422060    
 J, XGRID,YGRID,RGRID           92   1.07062506E-02   8.48939084E-03  0.382552713    
 J, XGRID,YGRID,RGRID           93   1.09211551E-02   8.98617320E-03  0.382671922    
 J, XGRID,YGRID,RGRID           94   1.11310389E-02   9.47149005E-03  0.382780313    
 J, XGRID,YGRID,RGRID           95   1.13354633E-02   9.79345385E-03  0.382878423    
 J, XGRID,YGRID,RGRID           96   1.15339970E-02   9.70067549E-03  0.382967025    
 J, XGRID,YGRID,RGRID           97   1.17433630E-02   1.01912525E-02  0.383039832    
 J, XGRID,YGRID,RGRID           98   1.19648241E-02   1.07099703E-02  0.383116663    
 J, XGRID,YGRID,RGRID           99   1.21990340E-02   1.12583134E-02  0.383197874    
 J, XGRID,YGRID,RGRID          100   1.24466605E-02   1.18379733E-02  0.383283734    
 J, XGRID,YGRID,RGRID          101   1.27083696E-02   1.24507379E-02  0.383374751    
 J, XGRID,YGRID,RGRID          102   1.29848607E-02   1.30984988E-02  0.383471310    
 J, XGRID,YGRID,RGRID          103   1.32769216E-02   1.37832556E-02  0.383573830    
 J, XGRID,YGRID,RGRID          104   1.35853123E-02   1.45071195E-02  0.383682787    
 J, XGRID,YGRID,RGRID          105   1.38947070E-02   1.52723249E-02  0.383823216    
 J, XGRID,YGRID,RGRID          106   1.42097762E-02   1.60812326E-02  0.383989751    
 J, XGRID,YGRID,RGRID          107   1.45319719E-02   1.69363394E-02  0.384182215    
 J, XGRID,YGRID,RGRID          108   1.48608191E-02   1.78402830E-02  0.384403348    
 J, XGRID,YGRID,RGRID          109   1.51958009E-02   1.87958516E-02  0.384656221    
 J, XGRID,YGRID,RGRID          110   1.55363241E-02   1.98059939E-02  0.384943724    
 J, XGRID,YGRID,RGRID          111   1.58817787E-02   2.08738279E-02  0.385269254    

  THE BLADE CENTROID ON THE X-Y SURFACE IS AT X, Y=    0.00516  -0.00100


  THE J VALUE OF THE CENTROID IS J =           69

  THE CENTROID ON THE STREAM SURFACE IS AT   5.15891798E-03   0.00000000    
  THE HUB SECTION CENTROID IS AT   5.16751595E-03   0.00000000    

          20          70          15
   IIN     XIN       REL SPACING 
    1       0.00000   0.50000
    2       0.10000   0.70000
    3       0.20000   1.00000
    4       0.30000   1.40000
    5       0.40000   2.00000
    6       0.50000   3.00000
    7       0.60000   3.00000
    8       0.70000   3.00000
    9       0.80000   2.50000
   10       0.90000   2.00000
   11       1.00000   1.50000

 INTERPOLATED POSITIONS OF THE GRID POINTS ON THE BLADE
 AND THE RELATIVE SPACING OF THE POINTS 

    1       0.00000   0.50000
    2       0.01449   0.52279
    3       0.02899   0.54768
    4       0.04348   0.57467
    5       0.05797   0.60376
    6       0.07246   0.63495
    7       0.08696   0.66824
    8       0.10145   0.70363
    9       0.11594   0.74113
   10       0.13043   0.78072
   11       0.14493   0.82241
   12       0.15942   0.86620
   13       0.17391   0.91210
   14       0.18841   0.96009
   15       0.20290   1.00970
   16       0.21739   1.05957
   17       0.23188   1.11190
   18       0.24638   1.16701
   19       0.26087   1.22518
   20       0.27536   1.28674
   21       0.28986   1.35198
   22       0.30435   1.42048
   23       0.31884   1.49170
   24       0.33333   1.56790
   25       0.34783   1.64971
   26       0.36232   1.73773
   27       0.37681   1.83256
   28       0.39130   1.93482
   29       0.40580   2.06053
   30       0.42029   2.21595
   31       0.43478   2.37380
   32       0.44928   2.52982
   33       0.46377   2.67976
   34       0.47826   2.81935
   35       0.49275   2.94432
   36       0.50725   3.02159
   37       0.52174   3.05055
   38       0.53623   3.06306
   39       0.55072   3.06219
   40       0.56522   3.05096
   41       0.57971   3.03242
   42       0.59420   3.00963
   43       0.60870   3.00719
   44       0.62319   3.01828
   45       0.63768   3.02694
   46       0.65217   3.03164
   47       0.66667   3.03086
   48       0.68116   3.02308
   49       0.69565   3.00678
   50       0.71014   2.96370
   51       0.72464   2.90395
   52       0.73913   2.83628
   53       0.75362   2.76222
   54       0.76812   2.68329
   55       0.78261   2.60101
   56       0.79710   2.51691
   57       0.81159   2.44203
   58       0.82609   2.36957
   59       0.84058   2.29710
   60       0.85507   2.22464
   61       0.86957   2.15217
   62       0.88406   2.07971
   63       0.89855   2.00725
   64       0.91304   1.93478
   65       0.92754   1.86232
   66       0.94203   1.78985
   67       0.95652   1.71739
   68       0.97101   1.64493
   69       0.98551   1.57246
   70       1.00000   1.50000

  BLADE TRUE CHORD:AXIAL CHORD RATIO =    1.27852547    


    TKLE      TKTE      TKMAX     XTMAX     XMODLE     XMODTE    TK_TYP 
    0.0400    0.0400    0.1000    0.4000    0.0200    0.0100    2.0000


 FCHORD=    1.00000000      FPERP=    0.00000000     FTKSCALE=    1.00000000    


  CENTRELINE COORDINATES AND THICKNESS FOR INTYPE = 1

    XIN        YIN       TKIN 
   0.00000   0.00000   0.05114
   0.00006   0.00019   0.05134
   0.00025   0.00078   0.05172
   0.00056   0.00175   0.05220
   0.00100   0.00312   0.05278
   0.00156   0.00486   0.05343
   0.00224   0.00700   0.05415
   0.00305   0.00951   0.05493
   0.00398   0.01240   0.05576
   0.00504   0.01567   0.05665
   0.00622   0.01931   0.05757
   0.00752   0.02331   0.05855
   0.00895   0.02768   0.05955
   0.01049   0.03241   0.06060
   0.01216   0.03749   0.06167
   0.01395   0.04291   0.06278
   0.01587   0.04867   0.06391
   0.01790   0.05476   0.06507
   0.02005   0.06118   0.06625
   0.02232   0.06791   0.06746
   0.02472   0.07496   0.06868
   0.02723   0.08230   0.06992
   0.02985   0.08994   0.07117
   0.03260   0.09786   0.07244
   0.03546   0.10605   0.07372
   0.03844   0.11450   0.07501
   0.04153   0.12321   0.07630
   0.04474   0.13216   0.07761
   0.04806   0.14134   0.07892
   0.05149   0.15075   0.08023
   0.05504   0.16036   0.08154
   0.05869   0.17017   0.08286
   0.06246   0.18016   0.08417
   0.06633   0.19033   0.08549
   0.07031   0.20065   0.08680
   0.07440   0.21113   0.08810
   0.07860   0.22174   0.08940
   0.08290   0.23248   0.09070
   0.08730   0.24332   0.09198
   0.09181   0.25426   0.09326
   0.09642   0.26527   0.09452
   0.10113   0.27636   0.09578
   0.10594   0.28750   0.09702
   0.11085   0.29869   0.09825
   0.11585   0.30989   0.09946
   0.12095   0.32112   0.10066
   0.12615   0.33233   0.10184
   0.13144   0.34354   0.10301
   0.13682   0.35471   0.10415
   0.14229   0.36583   0.10528
   0.14784   0.37690   0.10638
   0.15349   0.38789   0.10747
   0.15923   0.39880   0.10853
   0.16504   0.40960   0.10958
   0.17095   0.42028   0.11059
   0.17693   0.43084   0.11159
   0.18299   0.44125   0.11256
   0.18914   0.45150   0.11350
   0.19536   0.46158   0.11442
   0.20166   0.47147   0.11531
   0.20803   0.48116   0.11617
   0.21447   0.49064   0.11701
   0.22099   0.49989   0.11782
   0.22757   0.50890   0.11860
   0.23422   0.51766   0.11935
   0.24094   0.52616   0.12007
   0.24772   0.53437   0.12076
   0.25457   0.54230   0.12142
   0.26148   0.54992   0.12205
   0.26845   0.55723   0.12265
   0.27547   0.56421   0.12322
   0.28255   0.57086   0.12375
   0.28968   0.57716   0.12425
   0.29687   0.58310   0.12472
   0.30411   0.58867   0.12516
   0.31140   0.59387   0.12557
   0.31873   0.59868   0.12594
   0.32611   0.60309   0.12628
   0.33353   0.60710   0.12659
   0.34099   0.61069   0.12686
   0.34850   0.61386   0.12710
   0.35604   0.61660   0.12731
   0.36362   0.61890   0.12748
   0.37123   0.62076   0.12762
   0.37887   0.62218   0.12773
   0.38654   0.62313   0.12780
   0.39424   0.62362   0.12784
   0.40197   0.62365   0.12785
   0.40972   0.62321   0.12783
   0.41750   0.62229   0.12777
   0.42529   0.62089   0.12768
   0.43311   0.61901   0.12756
   0.44094   0.61664   0.12740
   0.44878   0.61379   0.12722
   0.45664   0.61045   0.12700
   0.46451   0.60662   0.12675
   0.47239   0.60229   0.12647
   0.48027   0.59748   0.12616
   0.48816   0.59217   0.12582
   0.49605   0.58637   0.12545
   0.50395   0.58008   0.12506
   0.51184   0.57331   0.12463
   0.51973   0.56605   0.12417
   0.52761   0.55830   0.12369
   0.53549   0.55007   0.12318
   0.54336   0.54137   0.12264
   0.55122   0.53219   0.12207
   0.55906   0.52254   0.12148
   0.56689   0.51243   0.12086
   0.57471   0.50186   0.12022
   0.58250   0.49084   0.11956
   0.59028   0.47937   0.11887
   0.59803   0.46747   0.11815
   0.60576   0.45513   0.11742
   0.61346   0.44236   0.11666
   0.62113   0.42918   0.11588
   0.62877   0.41559   0.11508
   0.63638   0.40161   0.11427
   0.64396   0.38723   0.11343
   0.65150   0.37247   0.11257
   0.65901   0.35735   0.11170
   0.66647   0.34187   0.11081
   0.67389   0.32603   0.10990
   0.68127   0.30987   0.10898
   0.68860   0.29337   0.10804
   0.69589   0.27657   0.10709
   0.70313   0.25946   0.10612
   0.71031   0.24207   0.10515
   0.71745   0.22440   0.10416
   0.72453   0.20648   0.10316
   0.73155   0.18830   0.10215
   0.73852   0.16989   0.10113
   0.74543   0.15126   0.10010
   0.75228   0.13243   0.09907
   0.75906   0.11341   0.09803
   0.76578   0.09421   0.09698
   0.77243   0.07485   0.09593
   0.77901   0.05535   0.09487
   0.78553   0.03572   0.09381
   0.79197   0.01597   0.09274
   0.79834  -0.00387   0.09168
   0.80464  -0.02380   0.09061
   0.81086  -0.04379   0.08954
   0.81701  -0.06383   0.08848
   0.82307  -0.08390   0.08741
   0.82905  -0.10399   0.08635
   0.83496  -0.12408   0.08529
   0.84077  -0.14415   0.08423
   0.84651  -0.16419   0.08318
   0.85216  -0.18418   0.08213
   0.85771  -0.20410   0.08109
   0.86318  -0.22394   0.08006
   0.86856  -0.24369   0.07903
   0.87385  -0.26331   0.07801
   0.87905  -0.28281   0.07700
   0.88415  -0.30216   0.07600
   0.88915  -0.32134   0.07502
   0.89406  -0.34034   0.07404
   0.89887  -0.35914   0.07308
   0.90358  -0.37773   0.07212
   0.90819  -0.39610   0.07119
   0.91270  -0.41422   0.07026
   0.91710  -0.43208   0.06935
   0.92140  -0.44966   0.06846
   0.92560  -0.46696   0.06758
   0.92969  -0.48395   0.06672
   0.93367  -0.50062   0.06588
   0.93754  -0.51697   0.06506
   0.94131  -0.53296   0.06425
   0.94496  -0.54859   0.06346
   0.94851  -0.56385   0.06270
   0.95194  -0.57872   0.06195
   0.95526  -0.59319   0.06123
   0.95847  -0.60725   0.06052
   0.96156  -0.62089   0.05984
   0.96454  -0.63409   0.05919
   0.96740  -0.64684   0.05855
   0.97015  -0.65913   0.05794
   0.97277  -0.67095   0.05735
   0.97528  -0.68230   0.05679
   0.97768  -0.69315   0.05625
   0.97995  -0.70351   0.05574
   0.98210  -0.71336   0.05525
   0.98413  -0.72269   0.05479
   0.98605  -0.73150   0.05435
   0.98784  -0.73977   0.05394
   0.98951  -0.74751   0.05356
   0.99105  -0.75470   0.05321
   0.99248  -0.76134   0.05288
   0.99378  -0.76742   0.05258
   0.99496  -0.77294   0.05231
   0.99602  -0.77789   0.05206
   0.99695  -0.78227   0.05185
   0.99776  -0.78607   0.05166
   0.99844  -0.78929   0.05150
   0.99900  -0.79193   0.05137
   0.99944  -0.79399   0.05127
   0.99975  -0.79546   0.05120
   0.99994  -0.79634   0.05116
   1.00000  -0.79663   0.05114

  BLADE SURFACE COORDINATES GENERATED USING INTYPE = 1

  XUP          YUP       XLOW      YLOW 
   0.00001   0.02557  -0.00001  -0.02557
   0.00007   0.02587   0.00005  -0.02548
   0.00026   0.02664   0.00024  -0.02508
   0.00057   0.02785   0.00055  -0.02435
   0.00101   0.02950   0.00099  -0.02327
   0.00157   0.03158   0.00155  -0.02185
   0.00225   0.03407   0.00223  -0.02008
   0.00306   0.03697   0.00304  -0.01796
   0.00399   0.04028   0.00397  -0.01548
   0.00505   0.04399   0.00503  -0.01265
   0.00623   0.04810   0.00621  -0.00948
   0.00753   0.05259   0.00751  -0.00596
   0.00896   0.05746   0.00894  -0.00209
   0.01050   0.06271   0.01048   0.00211
   0.01217   0.06832   0.01215   0.00665
   0.01396   0.07430   0.01394   0.01152
   0.01588   0.08063   0.01586   0.01671
   0.01791   0.08730   0.01789   0.02222
   0.02006   0.09431   0.02004   0.02805
   0.02233   0.10164   0.02231   0.03419
   0.02473   0.10930   0.02471   0.04062
   0.02724   0.11726   0.02722   0.04734
   0.02986   0.12552   0.02984   0.05435
   0.03261   0.13408   0.03259   0.06164
   0.03547   0.14291   0.03545   0.06919
   0.03845   0.15201   0.03843   0.07700
   0.04154   0.16136   0.04152   0.08506
   0.04475   0.17097   0.04473   0.09336
   0.04807   0.18080   0.04805   0.10189
   0.05150   0.19086   0.05148   0.11063
   0.05505   0.20113   0.05503   0.11959
   0.05870   0.21160   0.05868   0.12874
   0.06247   0.22225   0.06245   0.13807
   0.06634   0.23307   0.06632   0.14758
   0.07032   0.24405   0.07030   0.15726
   0.07441   0.25518   0.07439   0.16708
   0.07861   0.26644   0.07859   0.17704
   0.08291   0.27782   0.08289   0.18713
   0.08731   0.28931   0.08729   0.19733
   0.09182   0.30088   0.09180   0.20763
   0.09643   0.31254   0.09641   0.21801
   0.10114   0.32425   0.10112   0.22847
   0.10595   0.33601   0.10593   0.23899
   0.11086   0.34781   0.11084   0.24956
   0.11586   0.35963   0.11584   0.26016
   0.12096   0.37145   0.12094   0.27078
   0.12616   0.38325   0.12614   0.28141
   0.13145   0.39504   0.13143   0.29203
   0.13683   0.40678   0.13681   0.30263
   0.14230   0.41847   0.14228   0.31319
   0.14785   0.43009   0.14783   0.32371
   0.15350   0.44163   0.15348   0.33416
   0.15924   0.45306   0.15922   0.34453
   0.16505   0.46439   0.16503   0.35481
   0.17096   0.47558   0.17094   0.36499
   0.17694   0.48663   0.17692   0.37505
   0.18300   0.49753   0.18298   0.38497
   0.18915   0.50825   0.18913   0.39475
   0.19537   0.51879   0.19535   0.40437
   0.20167   0.52913   0.20165   0.41382
   0.20804   0.53925   0.20802   0.42308
   0.21448   0.54915   0.21446   0.43214
   0.22100   0.55880   0.22098   0.44098
   0.22758   0.56820   0.22756   0.44961
   0.23423   0.57734   0.23421   0.45799
   0.24095   0.58619   0.24093   0.46612
   0.24773   0.59475   0.24771   0.47399
   0.25458   0.60301   0.25456   0.48159
   0.26149   0.61095   0.26147   0.48889
   0.26846   0.61855   0.26844   0.49590
   0.27548   0.62582   0.27546   0.50260
   0.28256   0.63273   0.28254   0.50898
   0.28969   0.63929   0.28967   0.51503
   0.29688   0.64546   0.29686   0.52074
   0.30412   0.65126   0.30410   0.52609
   0.31141   0.65665   0.31139   0.53109
   0.31874   0.66165   0.31872   0.53571
   0.32612   0.66623   0.32610   0.53995
   0.33354   0.67039   0.33352   0.54380
   0.34100   0.67412   0.34098   0.54726
   0.34851   0.67741   0.34849   0.55031
   0.35605   0.68025   0.35603   0.55295
   0.36363   0.68264   0.36361   0.55516
   0.37124   0.68458   0.37122   0.55695
   0.37888   0.68604   0.37886   0.55831
   0.38655   0.68703   0.38653   0.55923
   0.39425   0.68755   0.39423   0.55970
   0.40198   0.68758   0.40196   0.55973
   0.40973   0.68712   0.40971   0.55929
   0.41751   0.68617   0.41749   0.55840
   0.42530   0.68473   0.42528   0.55705
   0.43312   0.68279   0.43310   0.55523
   0.44095   0.68035   0.44093   0.55294
   0.44879   0.67740   0.44877   0.55018
   0.45665   0.67395   0.45663   0.54695
   0.46452   0.66999   0.46450   0.54324
   0.47240   0.66553   0.47238   0.53906
   0.48028   0.66056   0.48026   0.53440
   0.48817   0.65508   0.48815   0.52926
   0.49606   0.64910   0.49604   0.52365
   0.50396   0.64261   0.50394   0.51756
   0.51185   0.63562   0.51183   0.51099
   0.51974   0.62813   0.51972   0.50396
   0.52762   0.62014   0.52760   0.49646
   0.53550   0.61166   0.53548   0.48848
   0.54337   0.60268   0.54335   0.48005
   0.55123   0.59322   0.55121   0.47115
   0.55907   0.58328   0.55905   0.46180
   0.56690   0.57286   0.56688   0.45200
   0.57472   0.56197   0.57470   0.44175
   0.58251   0.55062   0.58249   0.43106
   0.59029   0.53881   0.59027   0.41994
   0.59804   0.52654   0.59802   0.40839
   0.60577   0.51383   0.60575   0.39642
   0.61347   0.50069   0.61345   0.38403
   0.62114   0.48712   0.62112   0.37124
   0.62878   0.47314   0.62876   0.35805
   0.63639   0.45874   0.63637   0.34447
   0.64397   0.44394   0.64395   0.33052
   0.65151   0.42876   0.65149   0.31619
   0.65902   0.41320   0.65900   0.30150
   0.66648   0.39727   0.66646   0.28646
   0.67390   0.38098   0.67388   0.27108
   0.68128   0.36436   0.68126   0.25538
   0.68861   0.34739   0.68859   0.23935
   0.69590   0.33011   0.69588   0.22302
   0.70314   0.31253   0.70312   0.20640
   0.71033   0.29464   0.71030   0.18950
   0.71746   0.27648   0.71744   0.17232
   0.72454   0.25806   0.72452   0.15490
   0.73156   0.23937   0.73154   0.13722
   0.73853   0.22046   0.73851   0.11933
   0.74544   0.20131   0.74542   0.10121
   0.75229   0.18196   0.75227   0.08290
   0.75907   0.16242   0.75905   0.06439
   0.76579   0.14270   0.76577   0.04572
   0.77244   0.12281   0.77242   0.02689
   0.77902   0.10278   0.77900   0.00791
   0.78554   0.08262   0.78552  -0.01119
   0.79198   0.06234   0.79196  -0.03040
   0.79835   0.04197   0.79833  -0.04971
   0.80465   0.02151   0.80463  -0.06910
   0.81087   0.00099   0.81085  -0.08856
   0.81702  -0.01959   0.81700  -0.10806
   0.82308  -0.04019   0.82306  -0.12760
   0.82906  -0.06081   0.82904  -0.14716
   0.83497  -0.08143   0.83495  -0.16672
   0.84078  -0.10203   0.84076  -0.18626
   0.84652  -0.12260   0.84650  -0.20578
   0.85217  -0.14311   0.85215  -0.22524
   0.85772  -0.16356   0.85770  -0.24465
   0.86319  -0.18392   0.86317  -0.26397
   0.86857  -0.20417   0.86855  -0.28320
   0.87386  -0.22431   0.87384  -0.30232
   0.87906  -0.24431   0.87904  -0.32131
   0.88416  -0.26415   0.88414  -0.34016
   0.88916  -0.28383   0.88914  -0.35885
   0.89407  -0.30332   0.89405  -0.37736
   0.89888  -0.32261   0.89886  -0.39568
   0.90359  -0.34167   0.90357  -0.41380
   0.90820  -0.36051   0.90818  -0.43169
   0.91271  -0.37909   0.91269  -0.44935
   0.91711  -0.39740   0.91709  -0.46675
   0.92141  -0.41543   0.92139  -0.48389
   0.92561  -0.43317   0.92559  -0.50075
   0.92970  -0.45059   0.92968  -0.51731
   0.93368  -0.46768   0.93366  -0.53356
   0.93755  -0.48444   0.93753  -0.54949
   0.94132  -0.50083   0.94130  -0.56508
   0.94497  -0.51686   0.94495  -0.58032
   0.94852  -0.53250   0.94850  -0.59520
   0.95195  -0.54775   0.95193  -0.60970
   0.95527  -0.56258   0.95525  -0.62381
   0.95848  -0.57699   0.95846  -0.63752
   0.96157  -0.59097   0.96155  -0.65081
   0.96455  -0.60449   0.96453  -0.66368
   0.96741  -0.61756   0.96739  -0.67611
   0.97016  -0.63016   0.97014  -0.68810
   0.97278  -0.64228   0.97276  -0.69963
   0.97529  -0.65390   0.97527  -0.71069
   0.97769  -0.66503   0.97767  -0.72128
   0.97996  -0.67564   0.97994  -0.73138
   0.98211  -0.68573   0.98209  -0.74098
   0.98414  -0.69529   0.98412  -0.75008
   0.98606  -0.70432   0.98604  -0.75867
   0.98785  -0.71280   0.98783  -0.76674
   0.98952  -0.72073   0.98950  -0.77429
   0.99106  -0.72810   0.99104  -0.78130
   0.99249  -0.73490   0.99247  -0.78778
   0.99379  -0.74113   0.99377  -0.79371
   0.99497  -0.74678   0.99495  -0.79909
   0.99603  -0.75186   0.99601  -0.80392
   0.99696  -0.75634   0.99694  -0.80819
   0.99777  -0.76024   0.99775  -0.81190
   0.99845  -0.76354   0.99843  -0.81504
   0.99901  -0.76625   0.99899  -0.81762
   0.99945  -0.76835   0.99943  -0.81962
   0.99976  -0.76986   0.99974  -0.82106
   0.99995  -0.77076   0.99993  -0.82192
   1.00001  -0.77106   0.99999  -0.82221

XIN,   MODIFIED LEADING EDGE THICKNESS     0.00000     0.00000
XIN,   MODIFIED LEADING EDGE THICKNESS     0.00006     0.09652
XIN,   MODIFIED LEADING EDGE THICKNESS     0.00025     0.19214
XIN,   MODIFIED LEADING EDGE THICKNESS     0.00056     0.28594
XIN,   MODIFIED LEADING EDGE THICKNESS     0.00100     0.37704
XIN,   MODIFIED LEADING EDGE THICKNESS     0.00156     0.46457
XIN,   MODIFIED LEADING EDGE THICKNESS     0.00224     0.54766
XIN,   MODIFIED LEADING EDGE THICKNESS     0.00305     0.62551
XIN,   MODIFIED LEADING EDGE THICKNESS     0.00398     0.69735
XIN,   MODIFIED LEADING EDGE THICKNESS     0.00504     0.76246
XIN,   MODIFIED LEADING EDGE THICKNESS     0.00622     0.82022
XIN,   MODIFIED LEADING EDGE THICKNESS     0.00752     0.87008
XIN,   MODIFIED LEADING EDGE THICKNESS     0.00895     0.91166
XIN,   MODIFIED LEADING EDGE THICKNESS     0.01049     0.94477
XIN,   MODIFIED LEADING EDGE THICKNESS     0.01216     0.96944
XIN,   MODIFIED LEADING EDGE THICKNESS     0.01395     0.98609
XIN,   MODIFIED LEADING EDGE THICKNESS     0.01587     0.99557
XIN,   MODIFIED LEADING EDGE THICKNESS     0.01790     0.99942
 XIN,   MODIFIED TRAILING EDGE THICKNESS     0.99105     0.99442
 XIN,   MODIFIED TRAILING EDGE THICKNESS     0.99248     0.96876
 XIN,   MODIFIED TRAILING EDGE THICKNESS     0.99378     0.92571
 XIN,   MODIFIED TRAILING EDGE THICKNESS     0.99496     0.86823
 XIN,   MODIFIED TRAILING EDGE THICKNESS     0.99602     0.79867
 XIN,   MODIFIED TRAILING EDGE THICKNESS     0.99695     0.71900
 XIN,   MODIFIED TRAILING EDGE THICKNESS     0.99776     0.63090
 XIN,   MODIFIED TRAILING EDGE THICKNESS     0.99844     0.53585
 XIN,   MODIFIED TRAILING EDGE THICKNESS     0.99900     0.43519
 XIN,   MODIFIED TRAILING EDGE THICKNESS     0.99944     0.33013
 XIN,   MODIFIED TRAILING EDGE THICKNESS     0.99975     0.22186
 XIN,   MODIFIED TRAILING EDGE THICKNESS     0.99994     0.11144
 XIN,   MODIFIED TRAILING EDGE THICKNESS     1.00000     0.00000

  POINTS NEARLY PERPENDICULAR TO THE CENTRE LINE BEFORE THINNING 
        N        XUPP      YUPP        XLOW        YLOW 
         1    -0.00555     0.00177     0.00868    -0.00277
         2    -0.00550     0.00197     0.00876    -0.00258
         3    -0.00536     0.00257     0.00897    -0.00201
         4    -0.00512     0.00357     0.00932    -0.00105
         5    -0.00480     0.00497     0.00981     0.00029
         6    -0.00438     0.00677     0.01045     0.00201
         7    -0.00387     0.00896     0.01122     0.00411
         8    -0.00326     0.01154     0.01213     0.00659
         9    -0.00257     0.01452     0.01318     0.00943
        10    -0.00179     0.01788     0.01436     0.01265
        11    -0.00091     0.02162     0.01568     0.01623
        12     0.00005     0.02575     0.01714     0.02018
        13     0.00120     0.03021     0.01872     0.02449
        14     0.00252     0.03502     0.02045     0.02914
        15     0.00397     0.04017     0.02230     0.03414
        16     0.00554     0.04569     0.02429     0.03948
        17     0.00723     0.05153     0.02640     0.04516
        18     0.00903     0.05773     0.02865     0.05116
        19     0.01096     0.06424     0.03103     0.05748
        20     0.01300     0.07107     0.03353     0.06412
        21     0.01515     0.07821     0.03616     0.07106
        22     0.01741     0.08565     0.03892     0.07829
        23     0.01979     0.09339     0.04181     0.08581
        24     0.02227     0.10142     0.04482     0.09360
        25     0.02487     0.10976     0.04796     0.10163
        26     0.02758     0.11834     0.05123     0.10995
        27     0.03040     0.12718     0.05461     0.11851
        28     0.03332     0.13627     0.05812     0.12731
        29     0.03635     0.14559     0.06176     0.13634
        30     0.03949     0.15514     0.06551     0.14557
        31     0.04273     0.16491     0.06939     0.15500
        32     0.04607     0.17488     0.07339     0.16463
        33     0.04952     0.18505     0.07750     0.17443
        34     0.05307     0.19540     0.08174     0.18439
        35     0.05672     0.20591     0.08609     0.19450
        36     0.06047     0.21659     0.09056     0.20475
        37     0.06432     0.22741     0.09514     0.21512
        38     0.06827     0.23836     0.09985     0.22560
        39     0.07231     0.24944     0.10466     0.23617
        40     0.07644     0.26062     0.10959     0.24683
        41     0.08068     0.27189     0.11463     0.25755
        42     0.08500     0.28325     0.11979     0.26832
        43     0.08941     0.29468     0.12505     0.27913
        44     0.09392     0.30616     0.13042     0.28996
        45     0.09851     0.31769     0.13591     0.30079
        46     0.10319     0.32925     0.14150     0.31161
        47     0.10796     0.34082     0.14719     0.32241
        48     0.11281     0.35240     0.15300     0.33316
        49     0.11774     0.36397     0.15890     0.34385
        50     0.12276     0.37552     0.16491     0.35447
        51     0.12786     0.38704     0.17102     0.36513
        52     0.13304     0.39851     0.17723     0.37556
        53     0.13830     0.40992     0.18354     0.38586
        54     0.14364     0.42127     0.18995     0.39602
        55     0.14905     0.43253     0.19645     0.40601
        56     0.15454     0.44370     0.20304     0.41583
        57     0.16011     0.45476     0.20972     0.42545
        58     0.16576     0.46572     0.21648     0.43486
        59     0.17148     0.47654     0.22332     0.44403
        60     0.17728     0.48724     0.23024     0.45296
        61     0.18315     0.49779     0.23723     0.46161
        62     0.18911     0.50803     0.24429     0.46997
        63     0.19515     0.51827     0.25140     0.47803
        64     0.20128     0.52834     0.25856     0.48576
        65     0.20749     0.53824     0.26577     0.49315
        66     0.21379     0.54795     0.27300     0.50018
        67     0.22019     0.55748     0.28025     0.50683
        68     0.22670     0.56681     0.28749     0.51309
        69     0.23332     0.57595     0.29472     0.51894
        70     0.24006     0.58487     0.30191     0.52438
        71     0.24693     0.59359     0.30904     0.52939
        72     0.25395     0.60209     0.31609     0.53396
        73     0.26114     0.61037     0.32301     0.53811
        74     0.26851     0.61861     0.32980     0.54182
        75     0.27611     0.62643     0.33640     0.54510
        76     0.28393     0.63399     0.34280     0.54798
        77     0.29202     0.64126     0.34895     0.55047
        78     0.30040     0.64823     0.35487     0.55239
        79     0.30910     0.65484     0.36051     0.55418
        80     0.31814     0.66106     0.36585     0.55567
        81     0.32759     0.66704     0.37090     0.55668
        82     0.33743     0.67227     0.37569     0.55767
        83     0.34766     0.67686     0.38020     0.55846
        84     0.35831     0.68094     0.38448     0.55886
        85     0.36930     0.68395     0.38858     0.55934
        86     0.38059     0.68625     0.39254     0.55946
        87     0.39208     0.68728     0.39641     0.55969
        88     0.40368     0.68747     0.40026     0.55958
        89     0.41527     0.68632     0.40415     0.55959
        90     0.42673     0.68437     0.40814     0.55924
        91     0.43797     0.68118     0.41230     0.55897
        92     0.44893     0.67734     0.41669     0.55831
        93     0.45953     0.67247     0.42133     0.55768
        94     0.46978     0.66690     0.42631     0.55681
        95     0.47967     0.66073     0.43161     0.55542
        96     0.48921     0.65429     0.43726     0.55395
        97     0.49841     0.64715     0.44329     0.55209
        98     0.50732     0.63959     0.44968     0.54981
        99     0.51598     0.63163     0.45641     0.54682
       100     0.52441     0.62331     0.46342     0.54357
       101     0.53263     0.61465     0.47072     0.53979
       102     0.54069     0.60563    -0.00000    -0.00016
       103     0.54860     0.59628    -0.00000    -0.00008
       104     0.00000     0.00029    -0.00000    -0.00006
       105     0.00000     0.00013    -0.00000    -0.00004
       106     0.00000     0.00009    -0.00000    -0.00004
       107     0.00000     0.00007    -0.00000    -0.00003
       108     0.00000     0.00006    -0.00000    -0.00003
       109     0.00000     0.00006    -0.00000    -0.00003
       110     0.00000     0.00005    -0.00000    -0.00003
       111     0.00000     0.00005    -0.00000    -0.00003
       112     0.00000     0.00005    -0.00000    -0.00003
       113     0.00000     0.00005    -0.00000    -0.00003
       114     0.00000     0.00005    -0.00000    -0.00003
       115     0.00000     0.00006    -0.00000    -0.00003
       116     0.00000     0.00006    -0.00000    -0.00003
       117     0.00000     0.00007    -0.00000    -0.00003
       118     0.00000     0.00008    -0.00000    -0.00003
       119     0.00000     0.00010    -0.00000    -0.00004
       120     0.00000     0.00015    -0.00000    -0.00004
       121     0.00000     0.00029    -0.00000    -0.00005
       122     0.68682     0.35142    -0.00000    -0.00006
       123     0.69375     0.33511    -0.00000    -0.00007
       124     0.70064     0.31850    -0.00000    -0.00010
       125     0.70750     0.30159    -0.00000    -0.00017
       126     0.71432     0.28440    -0.00000    -0.00066
       127     0.72111     0.26693     0.68320     0.25112
       128     0.72786     0.24919     0.69092     0.23413
       129     0.73456     0.23120     0.69856     0.21683
       130     0.74122     0.21297     0.70614     0.19926
       131     0.74784     0.19450     0.71365     0.18141
       132     0.75441     0.17582     0.72108     0.16331
       133     0.76093     0.15694     0.72844     0.14497
       134     0.76740     0.13787     0.73573     0.12641
       135     0.77382     0.11861     0.74294     0.10764
       136     0.78018     0.09920     0.75007     0.08868
       137     0.78649     0.07964     0.75713     0.06955
       138     0.79273     0.05994     0.76410     0.05026
       139     0.79892     0.04012     0.77099     0.03083
       140     0.80505     0.02020     0.77780     0.01127
       141     0.81111     0.00019     0.78453    -0.00839
       142     0.81710    -0.01989     0.79117    -0.02814
       143     0.82303    -0.04017     0.79772    -0.04797
       144     0.82889    -0.06034     0.80419    -0.06786
       145     0.83468    -0.08054     0.81056    -0.08779
       146     0.84039    -0.10075     0.81685    -0.10774
       147     0.84603    -0.12096     0.82304    -0.12769
       148     0.85159    -0.14114     0.82915    -0.14750
       149     0.85708    -0.16128     0.83515    -0.16742
       150     0.86249    -0.18137     0.84107    -0.18729
       151     0.86781    -0.20139     0.84688    -0.20711
       152     0.87306    -0.22132     0.85260    -0.22685
       153     0.87822    -0.24115     0.85823    -0.24649
       154     0.88329    -0.26086     0.86375    -0.26602
       155     0.88828    -0.28043     0.86917    -0.28543
       156     0.89318    -0.29985     0.87449    -0.30469
       157     0.89799    -0.31910     0.87971    -0.32379
       158     0.90271    -0.33817     0.88482    -0.34271
       159     0.90734    -0.35704     0.88983    -0.36144
       160     0.91187    -0.37570     0.89473    -0.37997
       161     0.91631    -0.39412     0.89953    -0.39826
       162     0.92065    -0.41230     0.90422    -0.41632
       163     0.92490    -0.43021     0.90880    -0.43412
       164     0.92904    -0.44785     0.91327    -0.45165
       165     0.93309    -0.46520     0.91763    -0.46889
       166     0.93703    -0.48223     0.92187    -0.48583
       167     0.94088    -0.49895     0.92601    -0.50245
       168     0.94462    -0.51534     0.93003    -0.51874
       169     0.94825    -0.53137     0.93393    -0.53469
       170     0.95178    -0.54704     0.93772    -0.55028
       171     0.95521    -0.56234     0.94140    -0.56550
       172     0.95853    -0.57721     0.94496    -0.58033
       173     0.96174    -0.59171     0.94840    -0.59481
       174     0.96484    -0.60581     0.95172    -0.60883
       175     0.96783    -0.61947     0.95492    -0.62242
       176     0.97071    -0.63270     0.95800    -0.63559
       177     0.97347    -0.64548     0.96096    -0.64830
       178     0.97613    -0.65780     0.96380    -0.66056
       179     0.97867    -0.66965     0.96652    -0.67235
       180     0.98110    -0.68102     0.96912    -0.68367
       181     0.98342    -0.69190     0.97159    -0.69450
       182     0.98562    -0.70227     0.97394    -0.70483
       183     0.98771    -0.71214     0.97617    -0.71465
       184     0.98968    -0.72148     0.97827    -0.72396
       185     0.99153    -0.73031     0.98025    -0.73275
       186     0.99326    -0.73860     0.98210    -0.74101
       187     0.99488    -0.74636     0.98382    -0.74874
       188     0.99638    -0.75356     0.98542    -0.75592
       189     0.99776    -0.76021     0.98689    -0.76254
       190     0.99902    -0.76630     0.98824    -0.76861
       191     1.00017    -0.77183     0.98946    -0.77412
       192     1.00119    -0.77679     0.99055    -0.77906
       193     1.00210    -0.78117     0.99151    -0.78342
       194     1.00289    -0.78498     0.99235    -0.78723
       195     1.00355    -0.78821     0.99305    -0.79044
       196     1.00410    -0.79085     0.99363    -0.79308
       197     1.00453    -0.79291     0.99408    -0.79512
       198     1.00483    -0.79438     0.99440    -0.79659
       199     1.00501    -0.79527     0.99460    -0.79747
       200     1.00507    -0.79556     0.99466    -0.79777
  COORDINATES GOING ROUND THE BLADE AFTER ANY ROTATION
     N        XSURF        YSURF 
         1     0.00123    -0.00039
         2     0.00094    -0.00008
         3     0.00043     0.00072
         4     0.00003     0.00192
         5    -0.00025     0.00351
         6    -0.00041     0.00549
         7    -0.00046     0.00786
         8    -0.00038     0.01061
         9    -0.00019     0.01375
        10     0.00013     0.01726
        11     0.00058     0.02114
        12     0.00116     0.02539
        13     0.00197     0.02996
        14     0.00301     0.03486
        15     0.00425     0.04008
        16     0.00567     0.04565
        17     0.00727     0.05152
        18     0.00904     0.05773
        19     0.01096     0.06424
        20     0.01300     0.07107
        21     0.01515     0.07821
        22     0.01741     0.08565
        23     0.01979     0.09339
        24     0.02227     0.10142
        25     0.02487     0.10976
        26     0.02758     0.11834
        27     0.03040     0.12718
        28     0.03332     0.13627
        29     0.03635     0.14559
        30     0.03949     0.15514
        31     0.04273     0.16491
        32     0.04607     0.17488
        33     0.04952     0.18505
        34     0.05307     0.19540
        35     0.05672     0.20591
        36     0.06047     0.21659
        37     0.06432     0.22741
        38     0.06827     0.23836
        39     0.07231     0.24944
        40     0.07644     0.26062
        41     0.08068     0.27189
        42     0.08500     0.28325
        43     0.08941     0.29468
        44     0.09392     0.30616
        45     0.09851     0.31769
        46     0.10319     0.32925
        47     0.10796     0.34082
        48     0.11281     0.35240
        49     0.11774     0.36397
        50     0.12276     0.37552
        51     0.12786     0.38704
        52     0.13304     0.39851
        53     0.13830     0.40992
        54     0.14364     0.42127
        55     0.14905     0.43253
        56     0.15454     0.44370
        57     0.16011     0.45476
        58     0.16576     0.46572
        59     0.17148     0.47654
        60     0.17728     0.48724
        61     0.18315     0.49779
        62     0.18911     0.50803
        63     0.19515     0.51827
        64     0.20128     0.52834
        65     0.20749     0.53824
        66     0.21379     0.54795
        67     0.22019     0.55748
        68     0.22670     0.56681
        69     0.23332     0.57595
        70     0.24006     0.58487
        71     0.24693     0.59359
        72     0.25395     0.60209
        73     0.26114     0.61037
        74     0.26851     0.61861
        75     0.27611     0.62643
        76     0.28393     0.63399
        77     0.29202     0.64126
        78     0.30040     0.64823
        79     0.30910     0.65484
        80     0.31814     0.66106
        81     0.32759     0.66704
        82     0.33743     0.67227
        83     0.34766     0.67686
        84     0.35831     0.68094
        85     0.36930     0.68395
        86     0.38059     0.68625
        87     0.39208     0.68728
        88     0.40368     0.68747
        89     0.41527     0.68632
        90     0.42673     0.68437
        91     0.43797     0.68118
        92     0.44893     0.67734
        93     0.45953     0.67247
        94     0.46978     0.66690
        95     0.47967     0.66073
        96     0.48921     0.65429
        97     0.49841     0.64715
        98     0.50732     0.63959
        99     0.51598     0.63163
       100     0.52441     0.62331
       101     0.53263     0.61465
       102     0.54069     0.60563
       103     0.54860     0.59628
       104     0.00000     0.00029
       105     0.00000     0.00013
       106     0.00000     0.00009
       107     0.00000     0.00007
       108     0.00000     0.00006
       109     0.00000     0.00006
       110     0.00000     0.00005
       111     0.00000     0.00005
       112     0.00000     0.00005
       113     0.00000     0.00005
       114     0.00000     0.00005
       115     0.00000     0.00006
       116     0.00000     0.00006
       117     0.00000     0.00007
       118     0.00000     0.00008
       119     0.00000     0.00010
       120     0.00000     0.00015
       121     0.00000     0.00029
       122     0.68682     0.35142
       123     0.69375     0.33511
       124     0.70064     0.31850
       125     0.70750     0.30159
       126     0.71432     0.28440
       127     0.72111     0.26693
       128     0.72786     0.24919
       129     0.73456     0.23120
       130     0.74122     0.21297
       131     0.74784     0.19450
       132     0.75441     0.17582
       133     0.76093     0.15694
       134     0.76740     0.13787
       135     0.77382     0.11861
       136     0.78018     0.09920
       137     0.78649     0.07964
       138     0.79273     0.05994
       139     0.79892     0.04012
       140     0.80505     0.02020
       141     0.81111     0.00019
       142     0.81710    -0.01989
       143     0.82303    -0.04017
       144     0.82889    -0.06034
       145     0.83468    -0.08054
       146     0.84039    -0.10075
       147     0.84603    -0.12096
       148     0.85159    -0.14114
       149     0.85708    -0.16128
       150     0.86249    -0.18137
       151     0.86781    -0.20139
       152     0.87306    -0.22132
       153     0.87822    -0.24115
       154     0.88329    -0.26086
       155     0.88828    -0.28043
       156     0.89318    -0.29985
       157     0.89799    -0.31910
       158     0.90271    -0.33817
       159     0.90734    -0.35704
       160     0.91187    -0.37570
       161     0.91631    -0.39412
       162     0.92065    -0.41230
       163     0.92490    -0.43021
       164     0.92904    -0.44785
       165     0.93309    -0.46520
       166     0.93703    -0.48223
       167     0.94088    -0.49895
       168     0.94462    -0.51534
       169     0.94825    -0.53137
       170     0.95178    -0.54704
       171     0.95521    -0.56234
       172     0.95853    -0.57721
       173     0.96174    -0.59171
       174     0.96484    -0.60581
       175     0.96783    -0.61947
       176     0.97071    -0.63270
       177     0.97347    -0.64548
       178     0.97613    -0.65780
       179     0.97867    -0.66965
       180     0.98110    -0.68102
       181     0.98342    -0.69190
       182     0.98562    -0.70227
       183     0.98771    -0.71214
       184     0.98968    -0.72148
       185     0.99153    -0.73031
       186     0.99326    -0.73860
       187     0.99488    -0.74636
       188     0.99635    -0.75356
       189     0.99759    -0.76025
       190     0.99862    -0.76638
       191     0.99946    -0.77198
       192     1.00012    -0.77701
       193     1.00061    -0.78149
       194     1.00094    -0.78539
       195     1.00112    -0.78872
       196     1.00114    -0.79148
       197     1.00103    -0.79365
       198     1.00077    -0.79524
       199     1.00038    -0.79625
       200     1.00016    -0.79660
       201     0.99958    -0.79673
       202     0.99922    -0.79649
       203     0.99846    -0.79573
       204     0.99758    -0.79438
       205     0.99659    -0.79245
       206     0.99549    -0.78992
       207     0.99429    -0.78681
       208     0.99300    -0.78311
       209     0.99162    -0.77883
       210     0.99016    -0.77397
       211     0.98864    -0.76852
       212     0.98706    -0.76250
       213     0.98545    -0.75591
       214     0.98382    -0.74874
       215     0.98210    -0.74101
       216     0.98025    -0.73275
       217     0.97827    -0.72396
       218     0.97617    -0.71465
       219     0.97394    -0.70483
       220     0.97159    -0.69450
       221     0.96912    -0.68367
       222     0.96652    -0.67235
       223     0.96380    -0.66056
       224     0.96096    -0.64830
       225     0.95800    -0.63559
       226     0.95492    -0.62242
       227     0.95172    -0.60883
       228     0.94840    -0.59481
       229     0.94496    -0.58033
       230     0.94140    -0.56550
       231     0.93772    -0.55028
       232     0.93393    -0.53469
       233     0.93003    -0.51874
       234     0.92601    -0.50245
       235     0.92187    -0.48583
       236     0.91763    -0.46889
       237     0.91327    -0.45165
       238     0.90880    -0.43412
       239     0.90422    -0.41632
       240     0.89953    -0.39826
       241     0.89473    -0.37997
       242     0.88983    -0.36144
       243     0.88482    -0.34271
       244     0.87971    -0.32379
       245     0.87449    -0.30469
       246     0.86917    -0.28543
       247     0.86375    -0.26602
       248     0.85823    -0.24649
       249     0.85260    -0.22685
       250     0.84688    -0.20711
       251     0.84107    -0.18729
       252     0.83515    -0.16742
       253     0.82915    -0.14750
       254     0.82304    -0.12769
       255     0.81685    -0.10774
       256     0.81056    -0.08779
       257     0.80419    -0.06786
       258     0.79772    -0.04797
       259     0.79117    -0.02814
       260     0.78453    -0.00839
       261     0.77780     0.01127
       262     0.77099     0.03083
       263     0.76410     0.05026
       264     0.75713     0.06955
       265     0.75007     0.08868
       266     0.74294     0.10764
       267     0.73573     0.12641
       268     0.72844     0.14497
       269     0.72108     0.16331
       270     0.71365     0.18141
       271     0.70614     0.19926
       272     0.69856     0.21683
       273     0.69092     0.23413
       274     0.68320     0.25112
       275    -0.00000    -0.00066
       276    -0.00000    -0.00017
       277    -0.00000    -0.00010
       278     0.00000    -0.00007
       279     0.00000    -0.00006
       280    -0.00000    -0.00005
       281    -0.00000    -0.00004
       282    -0.00000    -0.00004
       283    -0.00000    -0.00003
       284    -0.00000    -0.00003
       285    -0.00000    -0.00003
       286    -0.00000    -0.00003
       287    -0.00000    -0.00003
       288    -0.00000    -0.00003
       289    -0.00000    -0.00003
       290    -0.00000    -0.00003
       291    -0.00000    -0.00003
       292    -0.00000    -0.00003
       293    -0.00000    -0.00003
       294    -0.00000    -0.00003
       295    -0.00000    -0.00004
       296    -0.00000    -0.00004
       297    -0.00000    -0.00006
       298    -0.00000    -0.00008
       299    -0.00000    -0.00016
       300     0.47072     0.53979
       301     0.46342     0.54357
       302     0.45641     0.54682
       303     0.44968     0.54981
       304     0.44329     0.55209
       305     0.43726     0.55395
       306     0.43161     0.55542
       307     0.42631     0.55681
       308     0.42133     0.55768
       309     0.41669     0.55831
       310     0.41230     0.55897
       311     0.40814     0.55924
       312     0.40415     0.55959
       313     0.40026     0.55958
       314     0.39641     0.55969
       315     0.39254     0.55946
       316     0.38858     0.55934
       317     0.38448     0.55886
       318     0.38020     0.55846
       319     0.37569     0.55767
       320     0.37090     0.55668
       321     0.36585     0.55567
       322     0.36051     0.55418
       323     0.35487     0.55239
       324     0.34895     0.55047
       325     0.34280     0.54798
       326     0.33640     0.54510
       327     0.32980     0.54182
       328     0.32301     0.53811
       329     0.31609     0.53396
       330     0.30904     0.52939
       331     0.30191     0.52438
       332     0.29472     0.51894
       333     0.28749     0.51309
       334     0.28025     0.50683
       335     0.27300     0.50018
       336     0.26577     0.49315
       337     0.25856     0.48576
       338     0.25140     0.47803
       339     0.24429     0.46997
       340     0.23723     0.46161
       341     0.23024     0.45296
       342     0.22332     0.44403
       343     0.21648     0.43486
       344     0.20972     0.42545
       345     0.20304     0.41583
       346     0.19645     0.40601
       347     0.18995     0.39602
       348     0.18354     0.38586
       349     0.17723     0.37556
       350     0.17102     0.36513
       351     0.16491     0.35447
       352     0.15890     0.34385
       353     0.15300     0.33316
       354     0.14719     0.32241
       355     0.14150     0.31161
       356     0.13591     0.30079
       357     0.13042     0.28996
       358     0.12505     0.27913
       359     0.11979     0.26832
       360     0.11463     0.25755
       361     0.10959     0.24683
       362     0.10466     0.23617
       363     0.09985     0.22560
       364     0.09514     0.21512
       365     0.09056     0.20475
       366     0.08609     0.19450
       367     0.08174     0.18439
       368     0.07750     0.17443
       369     0.07339     0.16463
       370     0.06939     0.15500
       371     0.06551     0.14557
       372     0.06176     0.13634
       373     0.05812     0.12731
       374     0.05461     0.11851
       375     0.05123     0.10995
       376     0.04796     0.10163
       377     0.04482     0.09360
       378     0.04181     0.08581
       379     0.03892     0.07829
       380     0.03616     0.07106
       381     0.03353     0.06412
       382     0.03103     0.05748
       383     0.02864     0.05116
       384     0.02636     0.04517
       385     0.02415     0.03952
       386     0.02202     0.03423
       387     0.01995     0.02930
       388     0.01795     0.02474
       389     0.01603     0.02054
       390     0.01419     0.01672
       391     0.01244     0.01327
       392     0.01079     0.01020
       393     0.00925     0.00751
       394     0.00781     0.00521
       395     0.00648     0.00329
       396     0.00526     0.00175
       397     0.00416     0.00060
       398     0.00318    -0.00016
       399     0.00232    -0.00052
       400     0.00191    -0.00061
  LEADING EDGE POINT =          299  TE POINT =         300

  NO OF SUCT S POINTS           2  NO PRESS S POINTS         400
  XMIN,XMAX, XCHORD    -5.96046448E-08  0.470719576      0.470719635    

   SUCTION SURFACE POINTS FROM LE TO TE.
         1    -0.00000    -0.00016
         2     0.47072     0.53979

   PRESSURE SURFACE POINTS FROM LE TO TE.
         1    -0.00000    -0.00016
         2    -0.00000    -0.00008
         3    -0.00000    -0.00006
         4    -0.00000    -0.00004
         5    -0.00000    -0.00004
         6    -0.00000    -0.00003
         7    -0.00000    -0.00003
         8    -0.00000    -0.00003
         9    -0.00000    -0.00003
        10    -0.00000    -0.00003
        11    -0.00000    -0.00003
        12    -0.00000    -0.00003
        13    -0.00000    -0.00003
        14    -0.00000    -0.00003
        15    -0.00000    -0.00003
        16    -0.00000    -0.00003
        17    -0.00000    -0.00003
        18    -0.00000    -0.00004
        19    -0.00000    -0.00004
        20    -0.00000    -0.00005
        21     0.00000    -0.00006
        22     0.00000    -0.00007
        23    -0.00000    -0.00010
        24    -0.00000    -0.00017
        25    -0.00000    -0.00066
        26     0.68320     0.25112
        27     0.69092     0.23413
        28     0.69856     0.21683
        29     0.70614     0.19926
        30     0.71365     0.18141
        31     0.72108     0.16331
        32     0.72844     0.14497
        33     0.73573     0.12641
        34     0.74294     0.10764
        35     0.75007     0.08868
        36     0.75713     0.06955
        37     0.76410     0.05026
        38     0.77099     0.03083
        39     0.77780     0.01127
        40     0.78453    -0.00839
        41     0.79117    -0.02814
        42     0.79772    -0.04797
        43     0.80419    -0.06786
        44     0.81056    -0.08779
        45     0.81685    -0.10774
        46     0.82304    -0.12769
        47     0.82915    -0.14750
        48     0.83515    -0.16742
        49     0.84107    -0.18729
        50     0.84688    -0.20711
        51     0.85260    -0.22685
        52     0.85823    -0.24649
        53     0.86375    -0.26602
        54     0.86917    -0.28543
        55     0.87449    -0.30469
        56     0.87971    -0.32379
        57     0.88482    -0.34271
        58     0.88983    -0.36144
        59     0.89473    -0.37997
        60     0.89953    -0.39826
        61     0.90422    -0.41632
        62     0.90880    -0.43412
        63     0.91327    -0.45165
        64     0.91763    -0.46889
        65     0.92187    -0.48583
        66     0.92601    -0.50245
        67     0.93003    -0.51874
        68     0.93393    -0.53469
        69     0.93772    -0.55028
        70     0.94140    -0.56550
        71     0.94496    -0.58033
        72     0.94840    -0.59481
        73     0.95172    -0.60883
        74     0.95492    -0.62242
        75     0.95800    -0.63559
        76     0.96096    -0.64830
        77     0.96380    -0.66056
        78     0.96652    -0.67235
        79     0.96912    -0.68367
        80     0.97159    -0.69450
        81     0.97394    -0.70483
        82     0.97617    -0.71465
        83     0.97827    -0.72396
        84     0.98025    -0.73275
        85     0.98210    -0.74101
        86     0.98382    -0.74874
        87     0.98545    -0.75591
        88     0.98706    -0.76250
        89     0.98864    -0.76852
        90     0.99016    -0.77397
        91     0.99162    -0.77883
        92     0.99300    -0.78311
        93     0.99429    -0.78681
        94     0.99549    -0.78992
        95     0.99659    -0.79245
        96     0.99758    -0.79438
        97     0.99846    -0.79573
        98     0.99922    -0.79649
        99     0.99958    -0.79673
       100     1.00016    -0.79660
       101     1.00038    -0.79625
       102     1.00077    -0.79524
       103     1.00103    -0.79365
       104     1.00114    -0.79148
       105     1.00112    -0.78872
       106     1.00094    -0.78539
       107     1.00061    -0.78149
       108     1.00012    -0.77701
       109     0.99946    -0.77198
       110     0.99862    -0.76638
       111     0.99759    -0.76025
       112     0.99635    -0.75356
       113     0.99488    -0.74636
       114     0.99326    -0.73860
       115     0.99153    -0.73031
       116     0.98968    -0.72148
       117     0.98771    -0.71214
       118     0.98562    -0.70227
       119     0.98342    -0.69190
       120     0.98110    -0.68102
       121     0.97867    -0.66965
       122     0.97613    -0.65780
       123     0.97347    -0.64548
       124     0.97071    -0.63270
       125     0.96783    -0.61947
       126     0.96484    -0.60581
       127     0.96174    -0.59171
       128     0.95853    -0.57721
       129     0.95521    -0.56234
       130     0.95178    -0.54704
       131     0.94825    -0.53137
       132     0.94462    -0.51534
       133     0.94088    -0.49895
       134     0.93703    -0.48223
       135     0.93309    -0.46520
       136     0.92904    -0.44785
       137     0.92490    -0.43021
       138     0.92065    -0.41230
       139     0.91631    -0.39412
       140     0.91187    -0.37570
       141     0.90734    -0.35704
       142     0.90271    -0.33817
       143     0.89799    -0.31910
       144     0.89318    -0.29985
       145     0.88828    -0.28043
       146     0.88329    -0.26086
       147     0.87822    -0.24115
       148     0.87306    -0.22132
       149     0.86781    -0.20139
       150     0.86249    -0.18137
       151     0.85708    -0.16128
       152     0.85159    -0.14114
       153     0.84603    -0.12096
       154     0.84039    -0.10075
       155     0.83468    -0.08054
       156     0.82889    -0.06034
       157     0.82303    -0.04017
       158     0.81710    -0.01989
       159     0.81111     0.00019
       160     0.80505     0.02020
       161     0.79892     0.04012
       162     0.79273     0.05994
       163     0.78649     0.07964
       164     0.78018     0.09920
       165     0.77382     0.11861
       166     0.76740     0.13787
       167     0.76093     0.15694
       168     0.75441     0.17582
       169     0.74784     0.19450
       170     0.74122     0.21297
       171     0.73456     0.23120
       172     0.72786     0.24919
       173     0.72111     0.26693
       174     0.71432     0.28440
       175     0.70750     0.30159
       176     0.70064     0.31850
       177     0.69375     0.33511
       178     0.68682     0.35142
       179     0.00000     0.00029
       180     0.00000     0.00015
       181     0.00000     0.00010
       182     0.00000     0.00008
       183     0.00000     0.00007
       184     0.00000     0.00006
       185     0.00000     0.00006
       186     0.00000     0.00005
       187     0.00000     0.00005
       188     0.00000     0.00005
       189     0.00000     0.00005
       190     0.00000     0.00005
       191     0.00000     0.00006
       192     0.00000     0.00006
       193     0.00000     0.00007
       194     0.00000     0.00009
       195     0.00000     0.00013
       196     0.00000     0.00029
       197     0.54860     0.59628
       198     0.54069     0.60563
       199     0.53263     0.61465
       200     0.52441     0.62331
       201     0.51598     0.63163
       202     0.50732     0.63959
       203     0.49841     0.64715
       204     0.48921     0.65429
       205     0.47967     0.66073
       206     0.46978     0.66690
       207     0.45953     0.67247
       208     0.44893     0.67734
       209     0.43797     0.68118
       210     0.42673     0.68437
       211     0.41527     0.68632
       212     0.40368     0.68747
       213     0.39208     0.68728
       214     0.38059     0.68625
       215     0.36930     0.68395
       216     0.35831     0.68094
       217     0.34766     0.67686
       218     0.33743     0.67227
       219     0.32759     0.66704
       220     0.31814     0.66106
       221     0.30910     0.65484
       222     0.30040     0.64823
       223     0.29202     0.64126
       224     0.28393     0.63399
       225     0.27611     0.62643
       226     0.26851     0.61861
       227     0.26114     0.61037
       228     0.25395     0.60209
       229     0.24693     0.59359
       230     0.24006     0.58487
       231     0.23332     0.57595
       232     0.22670     0.56681
       233     0.22019     0.55748
       234     0.21379     0.54795
       235     0.20749     0.53824
       236     0.20128     0.52834
       237     0.19515     0.51827
       238     0.18911     0.50803
       239     0.18315     0.49779
       240     0.17728     0.48724
       241     0.17148     0.47654
       242     0.16576     0.46572
       243     0.16011     0.45476
       244     0.15454     0.44370
       245     0.14905     0.43253
       246     0.14364     0.42127
       247     0.13830     0.40992
       248     0.13304     0.39851
       249     0.12786     0.38704
       250     0.12276     0.37552
       251     0.11774     0.36397
       252     0.11281     0.35240
       253     0.10796     0.34082
       254     0.10319     0.32925
       255     0.09851     0.31769
       256     0.09392     0.30616
       257     0.08941     0.29468
       258     0.08500     0.28325
       259     0.08068     0.27189
       260     0.07644     0.26062
       261     0.07231     0.24944
       262     0.06827     0.23836
       263     0.06432     0.22741
       264     0.06047     0.21659
       265     0.05672     0.20591
       266     0.05307     0.19540
       267     0.04952     0.18505
       268     0.04607     0.17488
       269     0.04273     0.16491
       270     0.03949     0.15514
       271     0.03635     0.14559
       272     0.03332     0.13627
       273     0.03040     0.12718
       274     0.02758     0.11834
       275     0.02487     0.10976
       276     0.02227     0.10142
       277     0.01979     0.09339
       278     0.01741     0.08565
       279     0.01515     0.07821
       280     0.01300     0.07107
       281     0.01096     0.06424
       282     0.00904     0.05773
       283     0.00727     0.05152
       284     0.00567     0.04565
       285     0.00425     0.04008
       286     0.00301     0.03486
       287     0.00197     0.02996
       288     0.00116     0.02539
       289     0.00058     0.02114
       290     0.00013     0.01726
       291    -0.00019     0.01375
       292    -0.00038     0.01061
       293    -0.00046     0.00786
       294    -0.00041     0.00549
       295    -0.00025     0.00351
       296     0.00003     0.00192
       297     0.00043     0.00072
       298     0.00094    -0.00008
       299     0.00123    -0.00039
       300     0.00191    -0.00061
       301     0.00232    -0.00052
       302     0.00318    -0.00016
       303     0.00416     0.00060
       304     0.00526     0.00175
       305     0.00648     0.00329
       306     0.00781     0.00521
       307     0.00925     0.00751
       308     0.01079     0.01020
       309     0.01244     0.01327
       310     0.01419     0.01672
       311     0.01603     0.02054
       312     0.01795     0.02474
       313     0.01995     0.02930
       314     0.02202     0.03423
       315     0.02415     0.03952
       316     0.02636     0.04517
       317     0.02864     0.05116
       318     0.03103     0.05748
       319     0.03353     0.06412
       320     0.03616     0.07106
       321     0.03892     0.07829
       322     0.04181     0.08581
       323     0.04482     0.09360
       324     0.04796     0.10163
       325     0.05123     0.10995
       326     0.05461     0.11851
       327     0.05812     0.12731
       328     0.06176     0.13634
       329     0.06551     0.14557
       330     0.06939     0.15500
       331     0.07339     0.16463
       332     0.07750     0.17443
       333     0.08174     0.18439
       334     0.08609     0.19450
       335     0.09056     0.20475
       336     0.09514     0.21512
       337     0.09985     0.22560
       338     0.10466     0.23617
       339     0.10959     0.24683
       340     0.11463     0.25755
       341     0.11979     0.26832
       342     0.12505     0.27913
       343     0.13042     0.28996
       344     0.13591     0.30079
       345     0.14150     0.31161
       346     0.14719     0.32241
       347     0.15300     0.33316
       348     0.15890     0.34385
       349     0.16491     0.35447
       350     0.17102     0.36513
       351     0.17723     0.37556
       352     0.18354     0.38586
       353     0.18995     0.39602
       354     0.19645     0.40601
       355     0.20304     0.41583
       356     0.20972     0.42545
       357     0.21648     0.43486
       358     0.22332     0.44403
       359     0.23024     0.45296
       360     0.23723     0.46161
       361     0.24429     0.46997
       362     0.25140     0.47803
       363     0.25856     0.48576
       364     0.26577     0.49315
       365     0.27300     0.50018
       366     0.28025     0.50683
       367     0.28749     0.51309
       368     0.29472     0.51894
       369     0.30191     0.52438
       370     0.30904     0.52939
       371     0.31609     0.53396
       372     0.32301     0.53811
       373     0.32980     0.54182
       374     0.33640     0.54510
       375     0.34280     0.54798
       376     0.34895     0.55047
       377     0.35487     0.55239
       378     0.36051     0.55418
       379     0.36585     0.55567
       380     0.37090     0.55668
       381     0.37569     0.55767
       382     0.38020     0.55846
       383     0.38448     0.55886
       384     0.38858     0.55934
       385     0.39254     0.55946
       386     0.39641     0.55969
       387     0.40026     0.55958
       388     0.40415     0.55959
       389     0.40814     0.55924
       390     0.41230     0.55897
       391     0.41669     0.55831
       392     0.42133     0.55768
       393     0.42631     0.55681
       394     0.43161     0.55542
       395     0.43726     0.55395
       396     0.44329     0.55209
       397     0.44968     0.54981
       398     0.45641     0.54682
       399     0.46342     0.54357
       400     0.47072     0.53979
  POINTS ON THE BLADE TO BE USED FOR PLOTTING 
  AND FINAL INTERPOLATION 
  N           X          YUP        YLOW        THICK 
    1      0.0000     -0.0003     -0.0002      0.0002
    2      0.0001     -0.0003     -0.0014      0.0011
    3      0.0002     -0.0001     -0.0013      0.0013
    4      0.0006      0.0003     -0.0012      0.0015
    5      0.0010      0.0008     -0.0010      0.0018
    6      0.0016      0.0014     -0.0008      0.0023
    7      0.0022      0.0022     -0.0006      0.0028
    8      0.0030      0.0032     -0.0003      0.0034
    9      0.0040      0.0042      0.0001      0.0042
   10      0.0050      0.0054      0.0005      0.0050
   11      0.0062      0.0068      0.0009      0.0059
   12      0.0075      0.0083      0.0014      0.0069
   13      0.0089      0.0099      0.0019      0.0080
   14      0.0105      0.0117      0.0025      0.0092
   15      0.0122      0.0136      0.0031      0.0105
   16      0.0140      0.0157      0.0037      0.0119
   17      0.0159      0.0179      0.0044      0.0134
   18      0.0179      0.0202      0.0052      0.0150
   19      0.0201      0.0227      0.0060      0.0167
   20      0.0223      0.0253      0.0068      0.0184
   21      0.0247      0.0280      0.0077      0.0203
   22      0.0272      0.0309      0.0086      0.0223
   23      0.0299      0.0339      0.0096      0.0243
   24      0.0326      0.0370      0.0106      0.0264
   25      0.0355      0.0403      0.0117      0.0287
   26      0.0384      0.0437      0.0128      0.0310
   27      0.0415      0.0473      0.0139      0.0334
   28      0.0447      0.0510      0.0151      0.0359
   29      0.0481      0.0548      0.0163      0.0385
   30      0.0515      0.0587      0.0176      0.0411
   31      0.0550      0.0628      0.0189      0.0439
   32      0.0587      0.0670      0.0202      0.0468
   33      0.0625      0.0713      0.0216      0.0497
   34      0.0663      0.0757      0.0230      0.0527
   35      0.0703      0.0803      0.0245      0.0558
   36      0.0744      0.0850      0.0260      0.0590
   37      0.0786      0.0898      0.0276      0.0623
   38      0.0829      0.0947      0.0291      0.0656
   39      0.0873      0.0998      0.0308      0.0690
   40      0.0918      0.1050      0.0324      0.0725
   41      0.0964      0.1103      0.0341      0.0761
   42      0.1011      0.1157      0.0359      0.0798
   43      0.1059      0.1212      0.0376      0.0835
   44      0.1108      0.1268      0.0394      0.0874
   45      0.1159      0.1325      0.0413      0.0913
   46      0.1210      0.1384      0.0432      0.0952
   47      0.1261      0.1444      0.0451      0.0993
   48      0.1314      0.1504      0.0470      0.1034
   49      0.1368      0.1566      0.0490      0.1076
   50      0.1423      0.1629      0.0510      0.1118
   51      0.1478      0.1692      0.0531      0.1162
   52      0.1535      0.1757      0.0552      0.1206
   53      0.1592      0.1823      0.0573      0.1250
   54      0.1650      0.1890      0.0594      0.1296
   55      0.1709      0.1957      0.0616      0.1341
   56      0.1769      0.2026      0.0638      0.1388
   57      0.1830      0.2096      0.0660      0.1435
   58      0.1891      0.2166      0.0683      0.1483
   59      0.1954      0.2237      0.0706      0.1532
   60      0.2017      0.2310      0.0729      0.1581
   61      0.2080      0.2383      0.0753      0.1630
   62      0.2145      0.2457      0.0776      0.1680
   63      0.2210      0.2531      0.0800      0.1731
   64      0.2276      0.2607      0.0825      0.1782
   65      0.2342      0.2683      0.0849      0.1834
   66      0.2409      0.2760      0.0874      0.1886
   67      0.2477      0.2838      0.0899      0.1939
   68      0.2546      0.2917      0.0924      0.1993
   69      0.2615      0.2996      0.0950      0.2046
   70      0.2684      0.3076      0.0975      0.2101
   71      0.2755      0.3156      0.1001      0.2155
   72      0.2826      0.3238      0.1027      0.2210
   73      0.2897      0.3319      0.1054      0.2266
   74      0.2969      0.3402      0.1080      0.2322
   75      0.3041      0.3485      0.1107      0.2378
   76      0.3114      0.3569      0.1134      0.2435
   77      0.3187      0.3653      0.1161      0.2492
   78      0.3261      0.3737      0.1188      0.2550
   79      0.3335      0.3822      0.1215      0.2607
   80      0.3410      0.3908      0.1243      0.2665
   81      0.3485      0.3994      0.1270      0.2724
   82      0.3560      0.4081      0.1298      0.2783
   83      0.3636      0.4167      0.1326      0.2842
   84      0.3712      0.4255      0.1354      0.2901
   85      0.3789      0.4342      0.1382      0.2960
   86      0.3865      0.4430      0.1410      0.3020
   87      0.3942      0.4519      0.1439      0.3080
   88      0.4020      0.4607      0.1467      0.3140
   89      0.4097      0.4696      0.1496      0.3200
   90      0.4175      0.4786      0.1525      0.3261
   91      0.4253      0.4875      0.1553      0.3322
   92      0.4331      0.4965      0.1582      0.3383
   93      0.4409      0.5054      0.1611      0.3444
   94      0.4488      0.5144      0.1640      0.3505
   95      0.4566      0.5235      0.1669      0.3566
   96      0.4645      0.5325      0.1698      0.3627
   97      0.4724      0.5415      0.1727      0.3688
   98      0.4803      0.5506      0.1756      0.3750
   99      0.4882      0.5596      0.1785      0.3811
  100      0.4961      0.5687      0.1814      0.3873
  101      0.5039      0.5777      0.1843      0.3934
  102      0.5118      0.5868      0.1872      0.3996
  103      0.5197      0.5958      0.1901      0.4057
  104      0.5276      0.6049      0.1930      0.4118
  105      0.5355      0.6139      0.1959      0.4180
  106      0.5434      0.6229      0.1988      0.4241
  107      0.5512      0.6319      0.2017      0.4302
  108      0.5591      0.6409      0.2046      0.4363
  109      0.5669      0.6499      0.2075      0.4424
  110      0.5747      0.6589      0.2104      0.4485
  111      0.5825      0.6678      0.2133      0.4546
  112      0.5903      0.6767      0.2161      0.4606
  113      0.5980      0.6856      0.2190      0.4667
  114      0.6058      0.6945      0.2218      0.4727
  115      0.6135      0.7033      0.2247      0.4787
  116      0.6211      0.7121      0.2275      0.4846
  117      0.6288      0.7209      0.2303      0.4906
  118      0.6364      0.7296      0.2331      0.4965
  119      0.6440      0.7383      0.2359      0.5024
  120      0.6515      0.7470      0.2387      0.5083
  121      0.6590      0.7556      0.2415      0.5141
  122      0.6665      0.7641      0.2442      0.5199
  123      0.6739      0.7727      0.2469      0.5257
  124      0.6813      0.7811      0.2497      0.5315
  125      0.6886      0.7895      0.2524      0.5372
  126      0.6959      0.7979      0.2551      0.5428
  127      0.7031      0.8062      0.2577      0.5485
  128      0.7103      0.8144      0.2604      0.5541
  129      0.7174      0.8226      0.2630      0.5596
  130      0.7245      0.8307      0.2656      0.5651
  131      0.7316      0.8388      0.2682      0.5706
  132      0.7385      0.8468      0.2708      0.5760
  133      0.7454      0.8547      0.2733      0.5814
  134      0.7523      0.8626      0.2758      0.5867
  135      0.7591      0.8704      0.2783      0.5920
  136      0.7658      0.8781      0.2808      0.5973
  137      0.7724      0.8857      0.2833      0.6024
  138      0.7790      0.8932      0.2857      0.6076
  139      0.7855      0.9007      0.2881      0.6126
  140      0.7920      0.9081      0.2905      0.6177
  141      0.7983      0.9154      0.2928      0.6226
  142      0.8046      0.9226      0.2951      0.6275
  143      0.8109      0.9298      0.2974      0.6324
  144      0.8170      0.9368      0.2997      0.6371
  145      0.8231      0.9438      0.3019      0.6419
  146      0.8291      0.9506      0.3041      0.6465
  147      0.8350      0.9574      0.3063      0.6511
  148      0.8408      0.9641      0.3084      0.6556
  149      0.8465      0.9707      0.3106      0.6601
  150      0.8522      0.9771      0.3126      0.6645
  151      0.8577      0.9835      0.3147      0.6688
  152      0.8632      0.9898      0.3167      0.6731
  153      0.8686      0.9960      0.3187      0.6773
  154      0.8739      1.0020      0.3206      0.6814
  155      0.8790      1.0080      0.3225      0.6854
  156      0.8841      1.0138      0.3244      0.6894
  157      0.8892      1.0196      0.3263      0.6933
  158      0.8941      1.0252      0.3281      0.6971
  159      0.8989      1.0307      0.3299      0.7009
  160      0.9036      1.0361      0.3316      0.7045
  161      0.9082      1.0414      0.3333      0.7081
  162      0.9127      1.0466      0.3349      0.7116
  163      0.9171      1.0516      0.3366      0.7151
  164      0.9214      1.0566      0.3382      0.7184
  165      0.9256      1.0614      0.3397      0.7217
  166      0.9297      1.0661      0.3412      0.7249
  167      0.9337      1.0706      0.3427      0.7280
  168      0.9375      1.0751      0.3441      0.7310
  169      0.9413      1.0794      0.3455      0.7339
  170      0.9450      1.0836      0.3468      0.7368
  171      0.9485      1.0877      0.3481      0.7395
  172      0.9519      1.0916      0.3494      0.7422
  173      0.9553      1.0954      0.3506      0.7448
  174      0.9585      1.0991      0.3518      0.7473
  175      0.9616      1.1026      0.3530      0.7497
  176      0.9645      1.1061      0.3541      0.7520
  177      0.9674      1.1093      0.3551      0.7542
  178      0.9701      1.1125      0.3561      0.7564
  179      0.9728      1.1155      0.3571      0.7584
  180      0.9753      1.1184      0.3580      0.7604
  181      0.9777      1.1211      0.3589      0.7622
  182      0.9799      1.1237      0.3597      0.7640
  183      0.9821      1.1262      0.3605      0.7657
  184      0.9841      1.1285      0.3613      0.7673
  185      0.9860      1.1307      0.3620      0.7687
  186      0.9878      1.1328      0.3626      0.7701
  187      0.9895      1.1347      0.3633      0.7714
  188      0.9911      1.1365      0.3638      0.7726
  189      0.9925      1.1381      0.3644      0.7738
  190      0.9938      1.1396      0.3648      0.7748
  191      0.9950      1.1410      0.3653      0.7757
  192      0.9960      1.1422      0.3657      0.7765
  193      0.9970      1.1432      0.3660      0.7772
  194      0.9978      1.1442      0.3663      0.7779
  195      0.9984      1.1449      0.3665      0.7784
  196      0.9990      1.1456      0.3668      0.7788
  197      0.9994      1.1461      0.3669      0.7792
  198      0.9998      1.1464      0.3670      0.7794
  199      0.9999      1.1467      0.3671      0.7796
  200      1.0000      1.1467      0.3671      0.7796
 GRID EXPANSION RATIO UP=    1.11538 DOWN =    1.05711
  AXIAL,TANGENTIAL AND RADIAL COORDINATES ON THE STREAM
  SURFACE BEFORE TRANSFORMING TO R-THETA COORDINATES 
 J, XGRID,YGRID,RGRID            1   7.64740724E-03  -2.32665986E-02  0.180221662    
 J, XGRID,YGRID,RGRID            2   8.19819607E-03  -2.05578804E-02  0.179555118    
 J, XGRID,YGRID,RGRID            3   8.71935394E-03  -1.81293618E-02  0.178996623    
 J, XGRID,YGRID,RGRID            4   9.21117328E-03  -1.59520581E-02  0.178531006    
 J, XGRID,YGRID,RGRID            5   9.67376679E-03  -1.39999837E-02  0.178144649    
 J, XGRID,YGRID,RGRID            6   1.01072527E-02  -1.22498386E-02  0.177825093    
 J, XGRID,YGRID,RGRID            7   1.05119469E-02  -1.06807342E-02  0.177561700    
 J, XGRID,YGRID,RGRID            8   1.08883800E-02  -9.27394442E-03  0.177345037    
 J, XGRID,YGRID,RGRID            9   1.12373121E-02  -8.01267847E-03  0.177167222    
 J, XGRID,YGRID,RGRID           10   1.15608871E-02  -6.88188244E-03  0.177023306    
 J, XGRID,YGRID,RGRID           11   1.18667670E-02  -5.86805958E-03  0.176917106    
 J, XGRID,YGRID,RGRID           12   1.21411914E-02  -4.95911064E-03  0.176822051    
 J, XGRID,YGRID,RGRID           13   1.23872878E-02  -4.14418662E-03  0.176736802    
 J, XGRID,YGRID,RGRID           14   1.26079125E-02  -3.41356103E-03  0.176660269    
 J, XGRID,YGRID,RGRID           15   1.28056146E-02  -2.75851414E-03  0.176591352    
 J, XGRID,YGRID,RGRID           16   1.29827969E-02  -2.17122748E-03  0.176529437    
 J, XGRID,YGRID,RGRID           17   1.31415799E-02  -1.64469215E-03  0.176473781    
 J, XGRID,YGRID,RGRID           18   1.32838637E-02  -1.17262348E-03  0.176423758    
 J, XGRID,YGRID,RGRID           19   1.34113692E-02  -7.49387313E-04  0.176378772    
 J, XGRID,YGRID,RGRID           20   1.35256201E-02  -3.69932270E-04  0.176338330    
 J, XGRID,YGRID,RGRID           21   1.36280004E-02  -2.97294591E-05  0.176302001    
 J, XGRID,YGRID,RGRID           22   1.37252705E-02   1.14426955E-04  0.176257953    
 J, XGRID,YGRID,RGRID           23   1.38259884E-02   2.44795374E-04  0.176210403    
 J, XGRID,YGRID,RGRID           24   1.39304223E-02   3.81370570E-04  0.176158950    
 J, XGRID,YGRID,RGRID           25   1.40388310E-02   5.24676347E-04  0.176103175    
 J, XGRID,YGRID,RGRID           26   1.41514475E-02   6.75236399E-04  0.176042676    
 J, XGRID,YGRID,RGRID           27   1.42684840E-02   8.33574624E-04  0.175976917    
 J, XGRID,YGRID,RGRID           28   1.43901212E-02   1.00021472E-03  0.175905362    
 J, XGRID,YGRID,RGRID           29   1.45165324E-02   1.17568055E-03  0.175827548    
 J, XGRID,YGRID,RGRID           30   1.46478415E-02   1.36049569E-03  0.175742790    
 J, XGRID,YGRID,RGRID           31   1.47841563E-02   1.55518402E-03  0.175650448    
 J, XGRID,YGRID,RGRID           32   1.49255674E-02   1.76026952E-03  0.175549969    
 J, XGRID,YGRID,RGRID           33   1.50721157E-02   1.97627535E-03  0.175440550    
 J, XGRID,YGRID,RGRID           34   1.52238132E-02   2.20372644E-03  0.175321355    
 J, XGRID,YGRID,RGRID           35   1.53806675E-02   2.44314549E-03  0.175191700    
 J, XGRID,YGRID,RGRID           36   1.55425463E-02   2.69493624E-03  0.175050721    
 J, XGRID,YGRID,RGRID           37   1.57091059E-02   2.95916246E-03  0.174897864    
 J, XGRID,YGRID,RGRID           38   1.58803221E-02   3.23643861E-03  0.174732119    
 J, XGRID,YGRID,RGRID           39   1.60561912E-02   3.52745596E-03  0.174552515    
 J, XGRID,YGRID,RGRID           40   1.62367113E-02   3.83298099E-03  0.174357772    
 J, XGRID,YGRID,RGRID           41   1.64219048E-02   4.15385608E-03  0.174146935    
 J, XGRID,YGRID,RGRID           42   1.66117698E-02   4.49099997E-03  0.173918381    
 J, XGRID,YGRID,RGRID           43   1.68062355E-02   4.84522758E-03  0.173670918    
 J, XGRID,YGRID,RGRID           44   1.70051102E-02   5.21721272E-03  0.173403293    
 J, XGRID,YGRID,RGRID           45   1.72084682E-02   5.60820103E-03  0.173113644    
 J, XGRID,YGRID,RGRID           46   1.74164623E-02   6.01959042E-03  0.172800496    
 J, XGRID,YGRID,RGRID           47   1.76292062E-02   6.45292737E-03  0.172461316    
 J, XGRID,YGRID,RGRID           48   1.78469084E-02   6.90991618E-03  0.172094196    
 J, XGRID,YGRID,RGRID           49   1.80697851E-02   7.39240414E-03  0.171696916    
 J, XGRID,YGRID,RGRID           50   1.82997864E-02   7.90623948E-03  0.171263531    
 J, XGRID,YGRID,RGRID           51   1.85392983E-02   8.45883321E-03  0.170786694    
 J, XGRID,YGRID,RGRID           52   1.87876634E-02   9.05079022E-03  0.170264766    
 J, XGRID,YGRID,RGRID           53   1.90439876E-02   9.68165416E-03  0.169697657    
 J, XGRID,YGRID,RGRID           54   1.93072259E-02   1.03499070E-02  0.169086352    
 J, XGRID,YGRID,RGRID           55   1.95763484E-02   1.10529698E-02  0.168433815    
 J, XGRID,YGRID,RGRID           56   1.98504012E-02   1.17871985E-02  0.167744428    
 J, XGRID,YGRID,RGRID           57   2.01259460E-02   1.25406962E-02  0.167031690    
 J, XGRID,YGRID,RGRID           58   2.04001050E-02   1.33014135E-02  0.166309550    
 J, XGRID,YGRID,RGRID           59   2.06731744E-02   1.40652517E-02  0.165584758    
 J, XGRID,YGRID,RGRID           60   2.09458303E-02   1.48288729E-02  0.164863646    
 J, XGRID,YGRID,RGRID           61   2.12190524E-02   1.55896936E-02  0.164151862    
 J, XGRID,YGRID,RGRID           62   2.14939695E-02   1.63458902E-02  0.163453802    
 J, XGRID,YGRID,RGRID           63   2.17719618E-02   1.70964058E-02  0.162773266    
 J, XGRID,YGRID,RGRID           64   2.20566187E-02   1.78463124E-02  0.162108436    
 J, XGRID,YGRID,RGRID           65   2.23510470E-02   1.85989812E-02  0.161459208    
 J, XGRID,YGRID,RGRID           66   2.26569232E-02   1.93538144E-02  0.160829395    
 J, XGRID,YGRID,RGRID           67   2.29757279E-02   2.01098174E-02  0.160222903    
 J, XGRID,YGRID,RGRID           68   2.33087428E-02   2.08656248E-02  0.159643844    
 J, XGRID,YGRID,RGRID           69   2.36569438E-02   2.16194969E-02  0.159096360    
 J, XGRID,YGRID,RGRID           70   2.40209699E-02   2.23693009E-02  0.158584669    
 J, XGRID,YGRID,RGRID           71   2.43987925E-02   2.31083613E-02  0.158115104    
 J, XGRID,YGRID,RGRID           72   2.47889403E-02   2.38325186E-02  0.157691181    
 J, XGRID,YGRID,RGRID           73   2.51906272E-02   2.45398041E-02  0.157314345    
 J, XGRID,YGRID,RGRID           74   2.56028473E-02   2.52286177E-02  0.156984985    
 J, XGRID,YGRID,RGRID           75   2.60244757E-02   2.58977544E-02  0.156702712    
 J, XGRID,YGRID,RGRID           76   2.64543109E-02   2.65463665E-02  0.156466573    
 J, XGRID,YGRID,RGRID           77   2.68911589E-02   2.71740165E-02  0.156274959    
 J, XGRID,YGRID,RGRID           78   2.73356773E-02   2.77829841E-02  0.156125382    
 J, XGRID,YGRID,RGRID           79   2.77890246E-02   2.83738878E-02  0.156018764    
 J, XGRID,YGRID,RGRID           80   2.82859057E-02   2.89467182E-02  0.156013981    
 J, XGRID,YGRID,RGRID           81   2.87686978E-02   2.95014773E-02  0.156012833    
 J, XGRID,YGRID,RGRID           82   2.92369202E-02   3.00381687E-02  0.156014398    
 J, XGRID,YGRID,RGRID           83   2.96901446E-02   3.05567812E-02  0.156017855    
 J, XGRID,YGRID,RGRID           84   3.01280227E-02   3.10573373E-02  0.156022459    
 J, XGRID,YGRID,RGRID           85   3.05199679E-02   3.15398127E-02  0.155978978    
 J, XGRID,YGRID,RGRID           86   3.08748856E-02   3.20042223E-02  0.155901566    
 J, XGRID,YGRID,RGRID           87   3.12058106E-02   3.24505568E-02  0.155811161    
 J, XGRID,YGRID,RGRID           88   3.15141752E-02   3.28788273E-02  0.155709893    
 J, XGRID,YGRID,RGRID           89   3.18013206E-02   3.32890227E-02  0.155599937    
 J, XGRID,YGRID,RGRID           90   3.20684910E-02   3.36811468E-02  0.155483171    
 J, XGRID,YGRID,RGRID           91   3.23168263E-02   3.40552069E-02  0.155361399    
 J, XGRID,YGRID,RGRID           92   3.25589441E-02   2.09387708E-02  0.155229732    
 J, XGRID,YGRID,RGRID           93   3.28082815E-02   1.93106420E-02  0.155079961    
 J, XGRID,YGRID,RGRID           94   3.30646597E-02   1.75895263E-02  0.154910102    
 J, XGRID,YGRID,RGRID           95   3.33278850E-02   1.57701150E-02  0.154718027    
 J, XGRID,YGRID,RGRID           96   3.35976407E-02   1.38467932E-02  0.154501244    
 J, XGRID,YGRID,RGRID           97   3.38736586E-02   1.18136266E-02  0.154257268    
 J, XGRID,YGRID,RGRID           98   3.41555290E-02   9.66434274E-03  0.153983206    
 J, XGRID,YGRID,RGRID           99   3.44428942E-02   7.39230774E-03  0.153676197    
 J, XGRID,YGRID,RGRID          100   3.47353183E-02   4.99051251E-03  0.153332978    
 J, XGRID,YGRID,RGRID          101   3.50323394E-02   2.45154649E-03  0.152950138    
 J, XGRID,YGRID,RGRID          102   3.53335068E-02  -2.32425213E-04  0.152524054    
 J, XGRID,YGRID,RGRID          103   3.56383771E-02  -3.06968368E-03  0.152050912    
 J, XGRID,YGRID,RGRID          104   3.59465778E-02  -6.06898358E-03  0.151526898    
 J, XGRID,YGRID,RGRID          105   3.62577997E-02  -9.23957955E-03  0.150947809    
 J, XGRID,YGRID,RGRID          106   3.65718640E-02  -1.25912549E-02  0.150309563    

  THE BLADE CENTROID ON THE X-Y SURFACE IS AT X, Y=    0.02611   0.01621


  THE J VALUE OF THE CENTROID IS J =           76

  THE CENTROID ON THE STREAM SURFACE IS AT   2.61109751E-02   0.00000000    
  THE HUB SECTION CENTROID IS AT   2.61109751E-02   0.00000000    


  BLADE TRUE CHORD:AXIAL CHORD RATIO =    1.22558475    


    TKLE      TKTE      TKMAX     XTMAX     XMODLE     XMODTE    TK_TYP 
    0.0400    0.0400    0.1000    0.4000    0.0200    0.0100    2.0000


 FCHORD=    1.00000000      FPERP=    0.00000000     FTKSCALE=    1.00000000    


  CENTRELINE COORDINATES AND THICKNESS FOR INTYPE = 1

    XIN        YIN       TKIN 
   0.00000   0.00000   0.04902
   0.00006   0.00010   0.04922
   0.00025   0.00040   0.04958
   0.00056   0.00090   0.05004
   0.00100   0.00160   0.05059
   0.00156   0.00250   0.05122
   0.00224   0.00360   0.05191
   0.00305   0.00489   0.05265
   0.00398   0.00638   0.05345
   0.00504   0.00806   0.05430
   0.00622   0.00993   0.05519
   0.00752   0.01198   0.05612
   0.00895   0.01422   0.05709
   0.01049   0.01665   0.05809
   0.01216   0.01925   0.05912
   0.01395   0.02203   0.06018
   0.01587   0.02497   0.06127
   0.01790   0.02809   0.06238
   0.02005   0.03137   0.06351
   0.02232   0.03481   0.06466
   0.02472   0.03840   0.06584
   0.02723   0.04214   0.06702
   0.02985   0.04602   0.06822
   0.03260   0.05005   0.06944
   0.03546   0.05421   0.07066
   0.03844   0.05849   0.07190
   0.04153   0.06290   0.07314
   0.04474   0.06742   0.07439
   0.04806   0.07206   0.07565
   0.05149   0.07679   0.07691
   0.05504   0.08163   0.07817
   0.05869   0.08655   0.07943
   0.06246   0.09156   0.08069
   0.06633   0.09664   0.08195
   0.07031   0.10180   0.08320
   0.07440   0.10701   0.08446
   0.07860   0.11228   0.08570
   0.08290   0.11760   0.08694
   0.08730   0.12296   0.08817
   0.09181   0.12834   0.08940
   0.09642   0.13376   0.09061
   0.10113   0.13919   0.09181
   0.10594   0.14462   0.09300
   0.11085   0.15006   0.09418
   0.11585   0.15549   0.09534
   0.12095   0.16090   0.09649
   0.12615   0.16629   0.09763
   0.13144   0.17165   0.09874
   0.13682   0.17697   0.09984
   0.14229   0.18224   0.10092
   0.14784   0.18746   0.10198
   0.15349   0.19261   0.10302
   0.15923   0.19768   0.10404
   0.16504   0.20268   0.10504
   0.17095   0.20759   0.10601
   0.17693   0.21240   0.10697
   0.18299   0.21711   0.10790
   0.18914   0.22170   0.10880
   0.19536   0.22617   0.10968
   0.20166   0.23052   0.11054
   0.20803   0.23473   0.11136
   0.21447   0.23879   0.11217
   0.22099   0.24271   0.11294
   0.22757   0.24646   0.11369
   0.23422   0.25005   0.11441
   0.24094   0.25347   0.11510
   0.24772   0.25671   0.11576
   0.25457   0.25976   0.11639
   0.26148   0.26262   0.11700
   0.26845   0.26528   0.11757
   0.27547   0.26773   0.11811
   0.28255   0.26998   0.11863
   0.28968   0.27200   0.11911
   0.29687   0.27380   0.11956
   0.30411   0.27537   0.11998
   0.31140   0.27670   0.12037
   0.31873   0.27780   0.12073
   0.32611   0.27865   0.12105
   0.33353   0.27925   0.12135
   0.34099   0.27960   0.12161
   0.34850   0.27968   0.12184
   0.35604   0.27951   0.12204
   0.36362   0.27907   0.12220
   0.37123   0.27835   0.12234
   0.37887   0.27737   0.12244
   0.38654   0.27611   0.12251
   0.39424   0.27456   0.12255
   0.40197   0.27274   0.12256
   0.40972   0.27063   0.12253
   0.41750   0.26824   0.12248
   0.42529   0.26556   0.12239
   0.43311   0.26259   0.12228
   0.44094   0.25933   0.12213
   0.44878   0.25578   0.12195
   0.45664   0.25193   0.12174
   0.46451   0.24780   0.12150
   0.47239   0.24337   0.12124
   0.48027   0.23865   0.12094
   0.48816   0.23363   0.12061
   0.49605   0.22833   0.12026
   0.50395   0.22274   0.11988
   0.51184   0.21686   0.11947
   0.51973   0.21069   0.11903
   0.52761   0.20424   0.11857
   0.53549   0.19750   0.11808
   0.54336   0.19049   0.11756
   0.55122   0.18320   0.11702
   0.55906   0.17563   0.11645
   0.56689   0.16780   0.11586
   0.57471   0.15969   0.11524
   0.58250   0.15133   0.11460
   0.59028   0.14270   0.11394
   0.59803   0.13382   0.11326
   0.60576   0.12470   0.11256
   0.61346   0.11532   0.11183
   0.62113   0.10571   0.11108
   0.62877   0.09587   0.11032
   0.63638   0.08579   0.10953
   0.64396   0.07550   0.10873
   0.65150   0.06499   0.10791
   0.65901   0.05427   0.10707
   0.66647   0.04334   0.10622
   0.67389   0.03222   0.10535
   0.68127   0.02092   0.10447
   0.68860   0.00943   0.10357
   0.69589  -0.00223   0.10266
   0.70313  -0.01406   0.10173
   0.71031  -0.02604   0.10079
   0.71745  -0.03818   0.09985
   0.72453  -0.05045   0.09889
   0.73155  -0.06286   0.09792
   0.73852  -0.07539   0.09694
   0.74543  -0.08804   0.09596
   0.75228  -0.10079   0.09497
   0.75906  -0.11365   0.09397
   0.76578  -0.12658   0.09296
   0.77243  -0.13960   0.09195
   0.77901  -0.15269   0.09094
   0.78553  -0.16584   0.08992
   0.79197  -0.17904   0.08890
   0.79834  -0.19227   0.08788
   0.80464  -0.20554   0.08686
   0.81086  -0.21883   0.08584
   0.81701  -0.23213   0.08481
   0.82307  -0.24543   0.08379
   0.82905  -0.25872   0.08277
   0.83496  -0.27199   0.08176
   0.84077  -0.28523   0.08074
   0.84651  -0.29844   0.07973
   0.85216  -0.31159   0.07873
   0.85771  -0.32468   0.07773
   0.86318  -0.33770   0.07674
   0.86856  -0.35065   0.07576
   0.87385  -0.36350   0.07478
   0.87905  -0.37625   0.07381
   0.88415  -0.38889   0.07286
   0.88915  -0.40141   0.07191
   0.89406  -0.41381   0.07097
   0.89887  -0.42606   0.07005
   0.90358  -0.43816   0.06914
   0.90819  -0.45011   0.06824
   0.91270  -0.46188   0.06735
   0.91710  -0.47348   0.06648
   0.92140  -0.48489   0.06562
   0.92560  -0.49611   0.06478
   0.92969  -0.50712   0.06396
   0.93367  -0.51792   0.06315
   0.93754  -0.52849   0.06236
   0.94131  -0.53884   0.06159
   0.94496  -0.54894   0.06084
   0.94851  -0.55880   0.06010
   0.95194  -0.56840   0.05939
   0.95526  -0.57774   0.05869
   0.95847  -0.58681   0.05802
   0.96156  -0.59560   0.05737
   0.96454  -0.60410   0.05673
   0.96740  -0.61231   0.05613
   0.97015  -0.62023   0.05554
   0.97277  -0.62784   0.05498
   0.97528  -0.63514   0.05444
   0.97768  -0.64212   0.05392
   0.97995  -0.64878   0.05343
   0.98210  -0.65511   0.05296
   0.98413  -0.66110   0.05252
   0.98605  -0.66676   0.05210
   0.98784  -0.67208   0.05171
   0.98951  -0.67704   0.05134
   0.99105  -0.68166   0.05100
   0.99248  -0.68592   0.05069
   0.99378  -0.68982   0.05040
   0.99496  -0.69336   0.05014
   0.99602  -0.69654   0.04991
   0.99695  -0.69935   0.04970
   0.99776  -0.70179   0.04952
   0.99844  -0.70385   0.04937
   0.99900  -0.70555   0.04925
   0.99944  -0.70686   0.04915
   0.99975  -0.70781   0.04908
   0.99994  -0.70837   0.04904
   1.00000  -0.70856   0.04902

  BLADE SURFACE COORDINATES GENERATED USING INTYPE = 1

  XUP          YUP       XLOW      YLOW 
   0.00001   0.02451  -0.00001  -0.02451
   0.00007   0.02471   0.00005  -0.02451
   0.00026   0.02519   0.00024  -0.02439
   0.00057   0.02592   0.00055  -0.02412
   0.00101   0.02690   0.00099  -0.02369
   0.00157   0.02811   0.00155  -0.02311
   0.00225   0.02955   0.00223  -0.02235
   0.00306   0.03122   0.00304  -0.02144
   0.00399   0.03310   0.00397  -0.02035
   0.00505   0.03521   0.00503  -0.01909
   0.00623   0.03752   0.00621  -0.01767
   0.00753   0.04004   0.00751  -0.01608
   0.00896   0.04277   0.00894  -0.01432
   0.01050   0.04569   0.01048  -0.01240
   0.01217   0.04881   0.01215  -0.01031
   0.01396   0.05212   0.01394  -0.00806
   0.01588   0.05561   0.01586  -0.00566
   0.01791   0.05928   0.01789  -0.00310
   0.02006   0.06312   0.02004  -0.00039
   0.02233   0.06714   0.02231   0.00247
   0.02473   0.07131   0.02471   0.00548
   0.02724   0.07565   0.02722   0.00863
   0.02986   0.08014   0.02984   0.01191
   0.03261   0.08477   0.03259   0.01533
   0.03547   0.08954   0.03545   0.01887
   0.03845   0.09444   0.03843   0.02254
   0.04154   0.09947   0.04152   0.02633
   0.04475   0.10462   0.04473   0.03023
   0.04807   0.10988   0.04805   0.03423
   0.05150   0.11525   0.05148   0.03834
   0.05505   0.12071   0.05503   0.04255
   0.05870   0.12627   0.05868   0.04684
   0.06247   0.13190   0.06245   0.05122
   0.06634   0.13762   0.06632   0.05567
   0.07032   0.14340   0.07030   0.06020
   0.07441   0.14924   0.07439   0.06478
   0.07861   0.15513   0.07859   0.06943
   0.08291   0.16107   0.08289   0.07413
   0.08731   0.16704   0.08729   0.07887
   0.09182   0.17304   0.09180   0.08364
   0.09643   0.17906   0.09641   0.08845
   0.10114   0.18509   0.10112   0.09328
   0.10595   0.19112   0.10593   0.09812
   0.11086   0.19715   0.11084   0.10297
   0.11586   0.20316   0.11584   0.10782
   0.12096   0.20915   0.12094   0.11266
   0.12616   0.21511   0.12614   0.11748
   0.13145   0.22102   0.13143   0.12228
   0.13683   0.22689   0.13681   0.12705
   0.14230   0.23270   0.14228   0.13178
   0.14785   0.23845   0.14783   0.13647
   0.15350   0.24412   0.15348   0.14110
   0.15924   0.24970   0.15922   0.14566
   0.16505   0.25520   0.16503   0.15016
   0.17096   0.26060   0.17094   0.15458
   0.17694   0.26588   0.17692   0.15892
   0.18300   0.27105   0.18298   0.16316
   0.18915   0.27610   0.18913   0.16730
   0.19537   0.28101   0.19535   0.17133
   0.20167   0.28578   0.20165   0.17525
   0.20804   0.29041   0.20802   0.17904
   0.21448   0.29487   0.21446   0.18271
   0.22100   0.29918   0.22098   0.18624
   0.22758   0.30331   0.22756   0.18962
   0.23423   0.30726   0.23421   0.19285
   0.24095   0.31102   0.24093   0.19592
   0.24773   0.31459   0.24771   0.19883
   0.25458   0.31796   0.25456   0.20157
   0.26149   0.32112   0.26147   0.20412
   0.26846   0.32407   0.26844   0.20650
   0.27548   0.32679   0.27546   0.20868
   0.28256   0.32929   0.28254   0.21066
   0.28969   0.33155   0.28967   0.21244
   0.29688   0.33358   0.29686   0.21402
   0.30412   0.33536   0.30410   0.21538
   0.31141   0.33689   0.31139   0.21652
   0.31874   0.33816   0.31872   0.21744
   0.32612   0.33917   0.32610   0.21812
   0.33354   0.33992   0.33352   0.21858
   0.34100   0.34040   0.34098   0.21879
   0.34851   0.34060   0.34849   0.21876
   0.35605   0.34052   0.35603   0.21849
   0.36363   0.34017   0.36361   0.21796
   0.37124   0.33952   0.37122   0.21718
   0.37888   0.33859   0.37886   0.21615
   0.38655   0.33736   0.38653   0.21485
   0.39425   0.33584   0.39423   0.21329
   0.40198   0.33402   0.40196   0.21146
   0.40973   0.33190   0.40971   0.20937
   0.41751   0.32948   0.41749   0.20700
   0.42530   0.32676   0.42528   0.20436
   0.43312   0.32373   0.43310   0.20145
   0.44095   0.32039   0.44093   0.19827
   0.44879   0.31675   0.44877   0.19480
   0.45665   0.31280   0.45663   0.19106
   0.46452   0.30855   0.46450   0.18705
   0.47240   0.30399   0.47238   0.18275
   0.48028   0.29912   0.48026   0.17818
   0.48817   0.29394   0.48815   0.17333
   0.49606   0.28846   0.49604   0.16820
   0.50396   0.28268   0.50394   0.16280
   0.51185   0.27659   0.51183   0.15712
   0.51974   0.27020   0.51972   0.15117
   0.52762   0.26352   0.52760   0.14495
   0.53550   0.25654   0.53548   0.13847
   0.54337   0.24927   0.54335   0.13171
   0.55123   0.24170   0.55121   0.12469
   0.55907   0.23386   0.55905   0.11741
   0.56690   0.22572   0.56688   0.10987
   0.57472   0.21731   0.57470   0.10207
   0.58251   0.20863   0.58249   0.09402
   0.59029   0.19967   0.59027   0.08573
   0.59804   0.19045   0.59802   0.07719
   0.60577   0.18097   0.60575   0.06842
   0.61347   0.17124   0.61345   0.05941
   0.62114   0.16125   0.62112   0.05017
   0.62878   0.15102   0.62876   0.04071
   0.63639   0.14056   0.63637   0.03102
   0.64397   0.12986   0.64395   0.02113
   0.65151   0.11894   0.65149   0.01103
   0.65902   0.10780   0.65900   0.00073
   0.66648   0.09645   0.66646  -0.00977
   0.67390   0.08490   0.67388  -0.02045
   0.68128   0.07315   0.68126  -0.03131
   0.68861   0.06121   0.68859  -0.04235
   0.69590   0.04910   0.69588  -0.05356
   0.70314   0.03681   0.70312  -0.06492
   0.71033   0.02436   0.71030  -0.07644
   0.71746   0.01175   0.71744  -0.08810
   0.72454  -0.00101   0.72452  -0.09990
   0.73156  -0.01390   0.73154  -0.11182
   0.73853  -0.02692   0.73851  -0.12386
   0.74544  -0.04006   0.74542  -0.13602
   0.75229  -0.05331   0.75227  -0.14828
   0.75907  -0.06666   0.75905  -0.16063
   0.76579  -0.08010   0.76577  -0.17307
   0.77244  -0.09363   0.77242  -0.18558
   0.77902  -0.10722   0.77900  -0.19816
   0.78554  -0.12088   0.78552  -0.21080
   0.79198  -0.13458   0.79196  -0.22349
   0.79835  -0.14833   0.79833  -0.23621
   0.80465  -0.16211   0.80463  -0.24897
   0.81087  -0.17591   0.81085  -0.26175
   0.81702  -0.18972   0.81700  -0.27454
   0.82308  -0.20353   0.82306  -0.28733
   0.82906  -0.21733   0.82904  -0.30011
   0.83497  -0.23111   0.83495  -0.31287
   0.84078  -0.24486   0.84076  -0.32561
   0.84652  -0.25857   0.84650  -0.33830
   0.85217  -0.27222   0.85215  -0.35095
   0.85772  -0.28582   0.85770  -0.36355
   0.86319  -0.29933   0.86317  -0.37607
   0.86857  -0.31277   0.86855  -0.38853
   0.87386  -0.32611   0.87384  -0.40089
   0.87906  -0.33934   0.87904  -0.41316
   0.88416  -0.35246   0.88414  -0.42532
   0.88916  -0.36546   0.88914  -0.43737
   0.89407  -0.37832   0.89405  -0.44929
   0.89888  -0.39103   0.89886  -0.46108
   0.90359  -0.40359   0.90357  -0.47273
   0.90820  -0.41599   0.90818  -0.48423
   0.91271  -0.42821   0.91269  -0.49556
   0.91711  -0.44024   0.91709  -0.50672
   0.92141  -0.45208   0.92139  -0.51771
   0.92561  -0.46372   0.92559  -0.52850
   0.92970  -0.47514   0.92968  -0.53910
   0.93368  -0.48634   0.93366  -0.54949
   0.93755  -0.49731   0.93753  -0.55967
   0.94132  -0.50804   0.94130  -0.56963
   0.94497  -0.51852   0.94495  -0.57936
   0.94852  -0.52875   0.94850  -0.58885
   0.95195  -0.53871   0.95193  -0.59809
   0.95527  -0.54839   0.95525  -0.60708
   0.95848  -0.55780   0.95846  -0.61582
   0.96157  -0.56691   0.96155  -0.62428
   0.96455  -0.57573   0.96453  -0.63247
   0.96741  -0.58425   0.96739  -0.64038
   0.97016  -0.59246   0.97014  -0.64800
   0.97278  -0.60035   0.97276  -0.65533
   0.97529  -0.60792   0.97527  -0.66236
   0.97769  -0.61516   0.97767  -0.66908
   0.97996  -0.62206   0.97994  -0.67549
   0.98211  -0.62863   0.98209  -0.68159
   0.98414  -0.63484   0.98412  -0.68736
   0.98606  -0.64071   0.98604  -0.69281
   0.98785  -0.64622   0.98783  -0.69793
   0.98952  -0.65137   0.98950  -0.70271
   0.99106  -0.65616   0.99104  -0.70716
   0.99249  -0.66058   0.99247  -0.71127
   0.99379  -0.66462   0.99377  -0.71502
   0.99497  -0.66829   0.99495  -0.71843
   0.99603  -0.67159   0.99601  -0.72149
   0.99696  -0.67450   0.99694  -0.72420
   0.99777  -0.67702   0.99775  -0.72655
   0.99845  -0.67917   0.99843  -0.72854
   0.99901  -0.68092   0.99899  -0.73017
   0.99945  -0.68229   0.99943  -0.73144
   0.99976  -0.68327   0.99974  -0.73235
   0.99995  -0.68385   0.99993  -0.73289
   1.00001  -0.68405   0.99999  -0.73307

XIN,   MODIFIED LEADING EDGE THICKNESS     0.00000     0.00000
XIN,   MODIFIED LEADING EDGE THICKNESS     0.00006     0.09652
XIN,   MODIFIED LEADING EDGE THICKNESS     0.00025     0.19214
XIN,   MODIFIED LEADING EDGE THICKNESS     0.00056     0.28594
XIN,   MODIFIED LEADING EDGE THICKNESS     0.00100     0.37704
XIN,   MODIFIED LEADING EDGE THICKNESS     0.00156     0.46457
XIN,   MODIFIED LEADING EDGE THICKNESS     0.00224     0.54766
XIN,   MODIFIED LEADING EDGE THICKNESS     0.00305     0.62551
XIN,   MODIFIED LEADING EDGE THICKNESS     0.00398     0.69735
XIN,   MODIFIED LEADING EDGE THICKNESS     0.00504     0.76246
XIN,   MODIFIED LEADING EDGE THICKNESS     0.00622     0.82022
XIN,   MODIFIED LEADING EDGE THICKNESS     0.00752     0.87008
XIN,   MODIFIED LEADING EDGE THICKNESS     0.00895     0.91166
XIN,   MODIFIED LEADING EDGE THICKNESS     0.01049     0.94477
XIN,   MODIFIED LEADING EDGE THICKNESS     0.01216     0.96944
XIN,   MODIFIED LEADING EDGE THICKNESS     0.01395     0.98609
XIN,   MODIFIED LEADING EDGE THICKNESS     0.01587     0.99557
XIN,   MODIFIED LEADING EDGE THICKNESS     0.01790     0.99942
 XIN,   MODIFIED TRAILING EDGE THICKNESS     0.99105     0.99442
 XIN,   MODIFIED TRAILING EDGE THICKNESS     0.99248     0.96876
 XIN,   MODIFIED TRAILING EDGE THICKNESS     0.99378     0.92571
 XIN,   MODIFIED TRAILING EDGE THICKNESS     0.99496     0.86823
 XIN,   MODIFIED TRAILING EDGE THICKNESS     0.99602     0.79867
 XIN,   MODIFIED TRAILING EDGE THICKNESS     0.99695     0.71900
 XIN,   MODIFIED TRAILING EDGE THICKNESS     0.99776     0.63090
 XIN,   MODIFIED TRAILING EDGE THICKNESS     0.99844     0.53585
 XIN,   MODIFIED TRAILING EDGE THICKNESS     0.99900     0.43519
 XIN,   MODIFIED TRAILING EDGE THICKNESS     0.99944     0.33013
 XIN,   MODIFIED TRAILING EDGE THICKNESS     0.99975     0.22186
 XIN,   MODIFIED TRAILING EDGE THICKNESS     0.99994     0.11144
 XIN,   MODIFIED TRAILING EDGE THICKNESS     1.00000     0.00000

  POINTS NEARLY PERPENDICULAR TO THE CENTRE LINE BEFORE THINNING 
        N        XUPP      YUPP        XLOW        YLOW 
         1    -0.00733     0.00455     0.01363    -0.00846
         2    -0.00729     0.00467     0.01370    -0.00837
         3    -0.00717     0.00501     0.01392    -0.00809
         4    -0.00696     0.00558     0.01429    -0.00763
         5    -0.00666     0.00637     0.01480    -0.00699
         6    -0.00629     0.00739     0.01545    -0.00616
         7    -0.00583     0.00864     0.01626    -0.00516
         8    -0.00529     0.01011     0.01720    -0.00397
         9    -0.00466     0.01181     0.01828    -0.00260
        10    -0.00396     0.01373     0.01951    -0.00106
        11    -0.00317     0.01586     0.02088     0.00066
        12    -0.00231     0.01822     0.02238     0.00255
        13    -0.00136     0.02079     0.02402     0.00462
        14    -0.00033     0.02358     0.02580     0.00685
        15     0.00084     0.02652     0.02771     0.00925
        16     0.00227     0.02958     0.02976     0.01180
        17     0.00384     0.03279     0.03194     0.01451
        18     0.00554     0.03617     0.03425     0.01738
        19     0.00737     0.03971     0.03669     0.02040
        20     0.00931     0.04344     0.03927     0.02357
        21     0.01137     0.04731     0.04197     0.02687
        22     0.01355     0.05134     0.04479     0.03031
        23     0.01584     0.05552     0.04775     0.03386
        24     0.01825     0.05988     0.05083     0.03755
        25     0.02077     0.06436     0.05403     0.04136
        26     0.02340     0.06899     0.05736     0.04528
        27     0.02614     0.07375     0.06081     0.04930
        28     0.02899     0.07863     0.06437     0.05342
        29     0.03195     0.08364     0.06806     0.05764
        30     0.03503     0.08877     0.07186     0.06194
        31     0.03821     0.09402     0.07578     0.06632
        32     0.04150     0.09937     0.07982     0.07077
        33     0.04489     0.10485     0.08396     0.07528
        34     0.04840     0.11040     0.08822     0.07985
        35     0.05202     0.11604     0.09258     0.08446
        36     0.05574     0.12176     0.09706     0.08911
        37     0.05956     0.12755     0.10164     0.09380
        38     0.06350     0.13342     0.10632     0.09850
        39     0.06753     0.13935     0.11110     0.10322
        40     0.07168     0.14533     0.11598     0.10795
        41     0.07593     0.15136     0.12096     0.11267
        42     0.08028     0.15744     0.12603     0.11733
        43     0.08474     0.16355     0.13119     0.12202
        44     0.08931     0.16969     0.13644     0.12668
        45     0.09398     0.17585     0.14177     0.13130
        46     0.09876     0.18203     0.14718     0.13587
        47     0.10365     0.18822     0.15267     0.14039
        48     0.10864     0.19441     0.15824     0.14484
        49     0.11374     0.20059     0.16387     0.14922
        50     0.11895     0.20676     0.16956     0.15351
        51     0.12427     0.21291     0.17532     0.15772
        52     0.12970     0.21904     0.18113     0.16182
        53     0.13525     0.22513     0.18699     0.16582
        54     0.14091     0.23119     0.19289     0.16971
        55     0.14669     0.23719     0.19883     0.17347
        56     0.15259     0.24314     0.20480     0.17711
        57     0.15862     0.24903     0.21079     0.18061
        58     0.16477     0.25485     0.21680     0.18397
        59     0.17105     0.26068     0.22283     0.18718
        60     0.17747     0.26633     0.22885     0.19024
        61     0.18402     0.27189     0.23488     0.19315
        62     0.19072     0.27734     0.24089     0.19581
        63     0.19757     0.28267     0.24689     0.19840
        64     0.20457     0.28787     0.25287     0.20083
        65     0.21172     0.29293     0.25882     0.20310
        66     0.21904     0.29783     0.26473     0.20521
        67     0.22652     0.30256     0.27060     0.20716
        68     0.23417     0.30711     0.27642     0.20894
        69     0.24200     0.31157     0.28219     0.21047
        70     0.25001     0.31570     0.28792     0.21194
        71     0.25819     0.31958     0.29360     0.21327
        72     0.26656     0.32320     0.29921     0.21445
        73     0.27509     0.32653     0.30478     0.21548
        74     0.28381     0.32968     0.31030     0.21627
        75     0.29270     0.33238     0.31578     0.21703
        76     0.30174     0.33471     0.32122     0.21765
        77     0.31092     0.33667     0.32662     0.21815
        78     0.32025     0.33836     0.33201     0.21841
        79     0.32969     0.33950     0.33739     0.21866
        80     0.33923     0.34021     0.34276     0.21878
        81     0.34885     0.34060     0.34815     0.21865
        82     0.35852     0.34039     0.35356     0.21852
        83     0.36822     0.33972     0.35900     0.21826
        84     0.37794     0.33859     0.36450     0.21787
        85     0.38764     0.33714     0.37006     0.21721
        86     0.39730     0.33510     0.37569     0.21653
        87     0.40691     0.33261     0.38142     0.21570
        88     0.41646     0.32970     0.38724     0.21471
        89     0.42592     0.32652     0.39317     0.21341
        90     0.43528     0.32280     0.39921     0.21206
        91     0.44454     0.31870     0.40538     0.21051
        92     0.45370     0.31423     0.41167     0.20876
        93     0.46274     0.30942     0.41811     0.20679
        94     0.47168     0.30428     0.42467     0.20446
        95     0.48051     0.29897     0.43135     0.20202
        96     0.48921     0.29321     0.43818     0.19933
        97     0.49782     0.28717     0.44513     0.19637
        98     0.50632     0.28084     0.45221     0.19314
        99     0.51472     0.27425     0.45941     0.18963
       100     0.52303     0.26739     0.46672     0.18582
       101     0.53125     0.26027     0.47414     0.18172
       102     0.53939     0.25291     0.48165     0.17732
       103     0.54745     0.24530     0.48926     0.17260
       104     0.55544     0.23745     0.49695     0.16758
       105     0.56335     0.22937     0.50471     0.16225
       106     0.57120     0.22105     0.51253     0.15660
       107     0.57899     0.21251     0.52041     0.15063
       108     0.58672     0.20374     0.52833     0.14435
       109     0.59440     0.19475     0.53630     0.13776
       110     0.60202     0.18554     0.54429     0.13086
       111     0.60959     0.17611     0.55231     0.12366
       112     0.61711     0.16647     0.56035     0.11615
       113     0.62458     0.15662     0.56840     0.10835
       114     0.63201     0.14656     0.57645     0.10025
       115     0.63939     0.13630     0.58451     0.09187
       116     0.64673     0.12584     0.59255     0.08320
       117     0.65403     0.11519     0.60058     0.07426
       118     0.66128     0.10434     0.60860     0.06506
       119     0.66849     0.09331     0.61660     0.05559
       120     0.67566     0.08209     0.62457     0.04587
       121     0.68278     0.07070     0.63251     0.03591
       122     0.68986     0.05914     0.64042     0.02571
       123     0.69690     0.04740     0.64829     0.01528
       124     0.70388     0.03551     0.65612     0.00464
       125     0.71083     0.02347     0.66390    -0.00622
       126     0.71772     0.01127     0.67164    -0.01728
       127     0.72457    -0.00107     0.67933    -0.02854
       128     0.73137    -0.01365     0.68697    -0.03998
       129     0.73812    -0.02625     0.69455    -0.05159
       130     0.74481    -0.03896     0.70207    -0.06337
       131     0.75145    -0.05179     0.70954    -0.07530
       132     0.75804    -0.06472     0.71694    -0.08738
       133     0.76457    -0.07775     0.72428    -0.09960
       134     0.77105    -0.09087     0.73155    -0.11183
       135     0.77747    -0.10407     0.73875    -0.12428
       136     0.78383    -0.11734     0.74588    -0.13684
       137     0.79013    -0.13068     0.75293    -0.14949
       138     0.79636    -0.14408     0.75991    -0.16223
       139     0.80253    -0.15752     0.76682    -0.17504
       140     0.80864    -0.17100     0.77364    -0.18792
       141     0.81468    -0.18450     0.78039    -0.20086
       142     0.82065    -0.19803     0.78706    -0.21383
       143     0.82655    -0.21156     0.79364    -0.22684
       144     0.83238    -0.22510     0.80014    -0.23988
       145     0.83814    -0.23863     0.80655    -0.25292
       146     0.84382    -0.25214     0.81288    -0.26597
       147     0.84942    -0.26562     0.81911    -0.27901
       148     0.85495    -0.27906     0.82525    -0.29202
       149     0.86040    -0.29245     0.83131    -0.30501
       150     0.86577    -0.30579     0.83727    -0.31796
       151     0.87106    -0.31906     0.84313    -0.33085
       152     0.87627    -0.33225     0.84890    -0.34369
       153     0.88139    -0.34536     0.85457    -0.35645
       154     0.88642    -0.35836     0.86014    -0.36913
       155     0.89137    -0.37127     0.86561    -0.38171
       156     0.89623    -0.38405     0.87097    -0.39420
       157     0.90100    -0.39671     0.87624    -0.40656
       158     0.90568    -0.40924     0.88140    -0.41881
       159     0.91027    -0.42161     0.88646    -0.43092
       160     0.91476    -0.43384     0.89141    -0.44289
       161     0.91916    -0.44590     0.89625    -0.45471
       162     0.92347    -0.45779     0.90099    -0.46636
       163     0.92767    -0.46949     0.90561    -0.47784
       164     0.93178    -0.48101     0.91013    -0.48914
       165     0.93579    -0.49232     0.91453    -0.50024
       166     0.93970    -0.50343     0.91882    -0.51115
       167     0.94350    -0.51431     0.92300    -0.52185
       168     0.94721    -0.52497     0.92706    -0.53232
       169     0.95081    -0.53540     0.93101    -0.54258
       170     0.95431    -0.54558     0.93484    -0.55259
       171     0.95770    -0.55552     0.93855    -0.56237
       172     0.96098    -0.56519     0.94215    -0.57189
       173     0.96416    -0.57460     0.94563    -0.58116
       174     0.96723    -0.58373     0.94898    -0.59015
       175     0.97019    -0.59257     0.95222    -0.59887
       176     0.97304    -0.60113     0.95534    -0.60732
       177     0.97578    -0.60940     0.95833    -0.61549
       178     0.97841    -0.61737     0.96120    -0.62334
       179     0.98093    -0.62503     0.96395    -0.63089
       180     0.98334    -0.63238     0.96658    -0.63814
       181     0.98563    -0.63940     0.96908    -0.64507
       182     0.98781    -0.64611     0.97145    -0.65168
       183     0.98987    -0.65247     0.97370    -0.65796
       184     0.99182    -0.65850     0.97583    -0.66391
       185     0.99365    -0.66420     0.97783    -0.66953
       186     0.99537    -0.66954     0.97970    -0.67482
       187     0.99697    -0.67454     0.98144    -0.67976
       188     0.99846    -0.67918     0.98306    -0.68434
       189     0.99982    -0.68347     0.98455    -0.68857
       190     1.00108    -0.68739     0.98591    -0.69246
       191     1.00221    -0.69095     0.98714    -0.69597
       192     1.00323    -0.69414     0.98824    -0.69912
       193     1.00413    -0.69697     0.98922    -0.70192
       194     1.00491    -0.69942     0.99006    -0.70434
       195     1.00557    -0.70149     0.99078    -0.70639
       196     1.00611    -0.70319     0.99136    -0.70807
       197     1.00653    -0.70452     0.99182    -0.70938
       198     1.00683    -0.70547     0.99214    -0.71032
       199     1.00702    -0.70603     0.99234    -0.71089
       200     1.00708    -0.70622     0.99240    -0.71107
  COORDINATES GOING ROUND THE BLADE AFTER ANY ROTATION
     N        XSURF        YSURF 
         1     0.00264    -0.00164
         2     0.00219    -0.00122
         3     0.00135    -0.00028
         4     0.00063     0.00086
         5     0.00002     0.00221
         6    -0.00047     0.00377
         7    -0.00083     0.00552
         8    -0.00108     0.00748
         9    -0.00119     0.00963
        10    -0.00117     0.01197
        11    -0.00101     0.01450
        12    -0.00070     0.01720
        13    -0.00024     0.02008
        14     0.00039     0.02312
        15     0.00125     0.02626
        16     0.00246     0.02946
        17     0.00390     0.03274
        18     0.00555     0.03617
        19     0.00737     0.03971
        20     0.00931     0.04344
        21     0.01137     0.04731
        22     0.01355     0.05134
        23     0.01584     0.05552
        24     0.01825     0.05988
        25     0.02077     0.06436
        26     0.02340     0.06899
        27     0.02614     0.07375
        28     0.02899     0.07863
        29     0.03195     0.08364
        30     0.03503     0.08877
        31     0.03821     0.09402
        32     0.04150     0.09937
        33     0.04489     0.10485
        34     0.04840     0.11040
        35     0.05202     0.11604
        36     0.05574     0.12176
        37     0.05956     0.12755
        38     0.06350     0.13342
        39     0.06753     0.13935
        40     0.07168     0.14533
        41     0.07593     0.15136
        42     0.08028     0.15744
        43     0.08474     0.16355
        44     0.08931     0.16969
        45     0.09398     0.17585
        46     0.09876     0.18203
        47     0.10365     0.18822
        48     0.10864     0.19441
        49     0.11374     0.20059
        50     0.11895     0.20676
        51     0.12427     0.21291
        52     0.12970     0.21904
        53     0.13525     0.22513
        54     0.14091     0.23119
        55     0.14669     0.23719
        56     0.15259     0.24314
        57     0.15862     0.24903
        58     0.16477     0.25485
        59     0.17105     0.26068
        60     0.17747     0.26633
        61     0.18402     0.27189
        62     0.19072     0.27734
        63     0.19757     0.28267
        64     0.20457     0.28787
        65     0.21172     0.29293
        66     0.21904     0.29783
        67     0.22652     0.30256
        68     0.23417     0.30711
        69     0.24200     0.31157
        70     0.25001     0.31570
        71     0.25819     0.31958
        72     0.26656     0.32320
        73     0.27509     0.32653
        74     0.28381     0.32968
        75     0.29270     0.33238
        76     0.30174     0.33471
        77     0.31092     0.33667
        78     0.32025     0.33836
        79     0.32969     0.33950
        80     0.33923     0.34021
        81     0.34885     0.34060
        82     0.35852     0.34039
        83     0.36822     0.33972
        84     0.37794     0.33859
        85     0.38764     0.33714
        86     0.39730     0.33510
        87     0.40691     0.33261
        88     0.41646     0.32970
        89     0.42592     0.32652
        90     0.43528     0.32280
        91     0.44454     0.31870
        92     0.45370     0.31423
        93     0.46274     0.30942
        94     0.47168     0.30428
        95     0.48051     0.29897
        96     0.48921     0.29321
        97     0.49782     0.28717
        98     0.50632     0.28084
        99     0.51472     0.27425
       100     0.52303     0.26739
       101     0.53125     0.26027
       102     0.53939     0.25291
       103     0.54745     0.24530
       104     0.55544     0.23745
       105     0.56335     0.22937
       106     0.57120     0.22105
       107     0.57899     0.21251
       108     0.58672     0.20374
       109     0.59440     0.19475
       110     0.60202     0.18554
       111     0.60959     0.17611
       112     0.61711     0.16647
       113     0.62458     0.15662
       114     0.63201     0.14656
       115     0.63939     0.13630
       116     0.64673     0.12584
       117     0.65403     0.11519
       118     0.66128     0.10434
       119     0.66849     0.09331
       120     0.67566     0.08209
       121     0.68278     0.07070
       122     0.68986     0.05914
       123     0.69690     0.04740
       124     0.70388     0.03551
       125     0.71083     0.02347
       126     0.71772     0.01127
       127     0.72457    -0.00107
       128     0.73137    -0.01365
       129     0.73812    -0.02625
       130     0.74481    -0.03896
       131     0.75145    -0.05179
       132     0.75804    -0.06472
       133     0.76457    -0.07775
       134     0.77105    -0.09087
       135     0.77747    -0.10407
       136     0.78383    -0.11734
       137     0.79013    -0.13068
       138     0.79636    -0.14408
       139     0.80253    -0.15752
       140     0.80864    -0.17100
       141     0.81468    -0.18450
       142     0.82065    -0.19803
       143     0.82655    -0.21156
       144     0.83238    -0.22510
       145     0.83814    -0.23863
       146     0.84382    -0.25214
       147     0.84942    -0.26562
       148     0.85495    -0.27906
       149     0.86040    -0.29245
       150     0.86577    -0.30579
       151     0.87106    -0.31906
       152     0.87627    -0.33225
       153     0.88139    -0.34536
       154     0.88642    -0.35836
       155     0.89137    -0.37127
       156     0.89623    -0.38405
       157     0.90100    -0.39671
       158     0.90568    -0.40924
       159     0.91027    -0.42161
       160     0.91476    -0.43384
       161     0.91916    -0.44590
       162     0.92347    -0.45779
       163     0.92767    -0.46949
       164     0.93178    -0.48101
       165     0.93579    -0.49232
       166     0.93970    -0.50343
       167     0.94350    -0.51431
       168     0.94721    -0.52497
       169     0.95081    -0.53540
       170     0.95431    -0.54558
       171     0.95770    -0.55552
       172     0.96098    -0.56519
       173     0.96416    -0.57460
       174     0.96723    -0.58373
       175     0.97019    -0.59257
       176     0.97304    -0.60113
       177     0.97578    -0.60940
       178     0.97841    -0.61737
       179     0.98093    -0.62503
       180     0.98334    -0.63238
       181     0.98563    -0.63940
       182     0.98781    -0.64611
       183     0.98987    -0.65247
       184     0.99182    -0.65850
       185     0.99365    -0.66420
       186     0.99537    -0.66954
       187     0.99697    -0.67454
       188     0.99841    -0.67920
       189     0.99959    -0.68355
       190     1.00051    -0.68758
       191     1.00122    -0.69128
       192     1.00172    -0.69464
       193     1.00203    -0.69766
       194     1.00217    -0.70032
       195     1.00214    -0.70263
       196     1.00195    -0.70457
       197     1.00160    -0.70615
       198     1.00112    -0.70736
       199     1.00049    -0.70819
       200     1.00015    -0.70851
       201     0.99933    -0.70878
       202     0.99886    -0.70873
       203     0.99786    -0.70843
       204     0.99675    -0.70775
       205     0.99553    -0.70670
       206     0.99421    -0.70526
       207     0.99280    -0.70343
       208     0.99131    -0.70122
       209     0.98975    -0.69862
       210     0.98813    -0.69564
       211     0.98647    -0.69227
       212     0.98479    -0.68849
       213     0.98310    -0.68432
       214     0.98144    -0.67976
       215     0.97970    -0.67482
       216     0.97783    -0.66953
       217     0.97583    -0.66391
       218     0.97370    -0.65796
       219     0.97145    -0.65168
       220     0.96908    -0.64507
       221     0.96658    -0.63814
       222     0.96395    -0.63089
       223     0.96120    -0.62334
       224     0.95833    -0.61549
       225     0.95534    -0.60732
       226     0.95222    -0.59887
       227     0.94898    -0.59015
       228     0.94563    -0.58116
       229     0.94215    -0.57189
       230     0.93855    -0.56237
       231     0.93484    -0.55259
       232     0.93101    -0.54258
       233     0.92706    -0.53232
       234     0.92300    -0.52185
       235     0.91882    -0.51115
       236     0.91453    -0.50024
       237     0.91013    -0.48914
       238     0.90561    -0.47784
       239     0.90099    -0.46636
       240     0.89625    -0.45471
       241     0.89141    -0.44289
       242     0.88646    -0.43092
       243     0.88140    -0.41881
       244     0.87624    -0.40656
       245     0.87097    -0.39420
       246     0.86561    -0.38171
       247     0.86014    -0.36913
       248     0.85457    -0.35645
       249     0.84890    -0.34369
       250     0.84313    -0.33085
       251     0.83727    -0.31796
       252     0.83131    -0.30501
       253     0.82525    -0.29202
       254     0.81911    -0.27901
       255     0.81288    -0.26597
       256     0.80655    -0.25292
       257     0.80014    -0.23988
       258     0.79364    -0.22684
       259     0.78706    -0.21383
       260     0.78039    -0.20086
       261     0.77364    -0.18792
       262     0.76682    -0.17504
       263     0.75991    -0.16223
       264     0.75293    -0.14949
       265     0.74588    -0.13684
       266     0.73875    -0.12428
       267     0.73155    -0.11183
       268     0.72428    -0.09960
       269     0.71694    -0.08738
       270     0.70954    -0.07530
       271     0.70207    -0.06337
       272     0.69455    -0.05159
       273     0.68697    -0.03998
       274     0.67933    -0.02854
       275     0.67164    -0.01728
       276     0.66390    -0.00622
       277     0.65612     0.00464
       278     0.64829     0.01528
       279     0.64042     0.02571
       280     0.63251     0.03591
       281     0.62457     0.04587
       282     0.61660     0.05559
       283     0.60860     0.06506
       284     0.60058     0.07426
       285     0.59255     0.08320
       286     0.58451     0.09187
       287     0.57645     0.10025
       288     0.56840     0.10835
       289     0.56035     0.11615
       290     0.55231     0.12366
       291     0.54429     0.13086
       292     0.53630     0.13776
       293     0.52833     0.14435
       294     0.52041     0.15063
       295     0.51253     0.15660
       296     0.50471     0.16225
       297     0.49695     0.16758
       298     0.48926     0.17260
       299     0.48165     0.17732
       300     0.47414     0.18172
       301     0.46672     0.18582
       302     0.45941     0.18963
       303     0.45221     0.19314
       304     0.44513     0.19637
       305     0.43818     0.19933
       306     0.43135     0.20202
       307     0.42467     0.20446
       308     0.41811     0.20679
       309     0.41167     0.20876
       310     0.40538     0.21051
       311     0.39921     0.21206
       312     0.39317     0.21341
       313     0.38724     0.21471
       314     0.38142     0.21570
       315     0.37569     0.21653
       316     0.37006     0.21721
       317     0.36450     0.21787
       318     0.35900     0.21826
       319     0.35356     0.21852
       320     0.34815     0.21865
       321     0.34276     0.21878
       322     0.33739     0.21866
       323     0.33201     0.21841
       324     0.32662     0.21815
       325     0.32122     0.21765
       326     0.31578     0.21703
       327     0.31030     0.21627
       328     0.30478     0.21548
       329     0.29921     0.21445
       330     0.29360     0.21327
       331     0.28792     0.21194
       332     0.28219     0.21047
       333     0.27642     0.20894
       334     0.27060     0.20716
       335     0.26473     0.20521
       336     0.25882     0.20310
       337     0.25287     0.20083
       338     0.24689     0.19840
       339     0.24089     0.19581
       340     0.23488     0.19315
       341     0.22885     0.19024
       342     0.22283     0.18718
       343     0.21680     0.18397
       344     0.21079     0.18061
       345     0.20480     0.17711
       346     0.19883     0.17347
       347     0.19289     0.16971
       348     0.18699     0.16582
       349     0.18113     0.16182
       350     0.17532     0.15772
       351     0.16956     0.15351
       352     0.16387     0.14922
       353     0.15824     0.14484
       354     0.15267     0.14039
       355     0.14718     0.13587
       356     0.14177     0.13130
       357     0.13644     0.12668
       358     0.13119     0.12202
       359     0.12603     0.11733
       360     0.12096     0.11267
       361     0.11598     0.10795
       362     0.11110     0.10322
       363     0.10632     0.09850
       364     0.10164     0.09380
       365     0.09706     0.08911
       366     0.09258     0.08446
       367     0.08822     0.07985
       368     0.08396     0.07528
       369     0.07982     0.07077
       370     0.07578     0.06632
       371     0.07186     0.06194
       372     0.06806     0.05764
       373     0.06437     0.05342
       374     0.06081     0.04930
       375     0.05736     0.04528
       376     0.05403     0.04136
       377     0.05083     0.03755
       378     0.04775     0.03386
       379     0.04479     0.03031
       380     0.04197     0.02687
       381     0.03927     0.02357
       382     0.03669     0.02040
       383     0.03424     0.01739
       384     0.03188     0.01455
       385     0.02957     0.01192
       386     0.02730     0.00951
       387     0.02508     0.00731
       388     0.02290     0.00533
       389     0.02078     0.00357
       390     0.01871     0.00203
       391     0.01672     0.00070
       392     0.01481    -0.00042
       393     0.01299    -0.00133
       394     0.01126    -0.00204
       395     0.00963    -0.00253
       396     0.00811    -0.00283
       397     0.00670    -0.00292
       398     0.00540    -0.00280
       399     0.00422    -0.00248
       400     0.00365    -0.00227
  LEADING EDGE POINT =            9  TE POINT =         194

  NO OF SUCT S POINTS         186  NO PRESS S POINTS         216
  XMIN,XMAX, XCHORD    -1.19201106E-03   1.00216687       1.00335884    

   SUCTION SURFACE POINTS FROM LE TO TE.
         1    -0.00119     0.00963
         2    -0.00117     0.01197
         3    -0.00101     0.01450
         4    -0.00070     0.01720
         5    -0.00024     0.02008
         6     0.00039     0.02312
         7     0.00125     0.02626
         8     0.00246     0.02946
         9     0.00390     0.03274
        10     0.00555     0.03617
        11     0.00737     0.03971
        12     0.00931     0.04344
        13     0.01137     0.04731
        14     0.01355     0.05134
        15     0.01584     0.05552
        16     0.01825     0.05988
        17     0.02077     0.06436
        18     0.02340     0.06899
        19     0.02614     0.07375
        20     0.02899     0.07863
        21     0.03195     0.08364
        22     0.03503     0.08877
        23     0.03821     0.09402
        24     0.04150     0.09937
        25     0.04489     0.10485
        26     0.04840     0.11040
        27     0.05202     0.11604
        28     0.05574     0.12176
        29     0.05956     0.12755
        30     0.06350     0.13342
        31     0.06753     0.13935
        32     0.07168     0.14533
        33     0.07593     0.15136
        34     0.08028     0.15744
        35     0.08474     0.16355
        36     0.08931     0.16969
        37     0.09398     0.17585
        38     0.09876     0.18203
        39     0.10365     0.18822
        40     0.10864     0.19441
        41     0.11374     0.20059
        42     0.11895     0.20676
        43     0.12427     0.21291
        44     0.12970     0.21904
        45     0.13525     0.22513
        46     0.14091     0.23119
        47     0.14669     0.23719
        48     0.15259     0.24314
        49     0.15862     0.24903
        50     0.16477     0.25485
        51     0.17105     0.26068
        52     0.17747     0.26633
        53     0.18402     0.27189
        54     0.19072     0.27734
        55     0.19757     0.28267
        56     0.20457     0.28787
        57     0.21172     0.29293
        58     0.21904     0.29783
        59     0.22652     0.30256
        60     0.23417     0.30711
        61     0.24200     0.31157
        62     0.25001     0.31570
        63     0.25819     0.31958
        64     0.26656     0.32320
        65     0.27509     0.32653
        66     0.28381     0.32968
        67     0.29270     0.33238
        68     0.30174     0.33471
        69     0.31092     0.33667
        70     0.32025     0.33836
        71     0.32969     0.33950
        72     0.33923     0.34021
        73     0.34885     0.34060
        74     0.35852     0.34039
        75     0.36822     0.33972
        76     0.37794     0.33859
        77     0.38764     0.33714
        78     0.39730     0.33510
        79     0.40691     0.33261
        80     0.41646     0.32970
        81     0.42592     0.32652
        82     0.43528     0.32280
        83     0.44454     0.31870
        84     0.45370     0.31423
        85     0.46274     0.30942
        86     0.47168     0.30428
        87     0.48051     0.29897
        88     0.48921     0.29321
        89     0.49782     0.28717
        90     0.50632     0.28084
        91     0.51472     0.27425
        92     0.52303     0.26739
        93     0.53125     0.26027
        94     0.53939     0.25291
        95     0.54745     0.24530
        96     0.55544     0.23745
        97     0.56335     0.22937
        98     0.57120     0.22105
        99     0.57899     0.21251
       100     0.58672     0.20374
       101     0.59440     0.19475
       102     0.60202     0.18554
       103     0.60959     0.17611
       104     0.61711     0.16647
       105     0.62458     0.15662
       106     0.63201     0.14656
       107     0.63939     0.13630
       108     0.64673     0.12584
       109     0.65403     0.11519
       110     0.66128     0.10434
       111     0.66849     0.09331
       112     0.67566     0.08209
       113     0.68278     0.07070
       114     0.68986     0.05914
       115     0.69690     0.04740
       116     0.70388     0.03551
       117     0.71083     0.02347
       118     0.71772     0.01127
       119     0.72457    -0.00107
       120     0.73137    -0.01365
       121     0.73812    -0.02625
       122     0.74481    -0.03896
       123     0.75145    -0.05179
       124     0.75804    -0.06472
       125     0.76457    -0.07775
       126     0.77105    -0.09087
       127     0.77747    -0.10407
       128     0.78383    -0.11734
       129     0.79013    -0.13068
       130     0.79636    -0.14408
       131     0.80253    -0.15752
       132     0.80864    -0.17100
       133     0.81468    -0.18450
       134     0.82065    -0.19803
       135     0.82655    -0.21156
       136     0.83238    -0.22510
       137     0.83814    -0.23863
       138     0.84382    -0.25214
       139     0.84942    -0.26562
       140     0.85495    -0.27906
       141     0.86040    -0.29245
       142     0.86577    -0.30579
       143     0.87106    -0.31906
       144     0.87627    -0.33225
       145     0.88139    -0.34536
       146     0.88642    -0.35836
       147     0.89137    -0.37127
       148     0.89623    -0.38405
       149     0.90100    -0.39671
       150     0.90568    -0.40924
       151     0.91027    -0.42161
       152     0.91476    -0.43384
       153     0.91916    -0.44590
       154     0.92347    -0.45779
       155     0.92767    -0.46949
       156     0.93178    -0.48101
       157     0.93579    -0.49232
       158     0.93970    -0.50343
       159     0.94350    -0.51431
       160     0.94721    -0.52497
       161     0.95081    -0.53540
       162     0.95431    -0.54558
       163     0.95770    -0.55552
       164     0.96098    -0.56519
       165     0.96416    -0.57460
       166     0.96723    -0.58373
       167     0.97019    -0.59257
       168     0.97304    -0.60113
       169     0.97578    -0.60940
       170     0.97841    -0.61737
       171     0.98093    -0.62503
       172     0.98334    -0.63238
       173     0.98563    -0.63940
       174     0.98781    -0.64611
       175     0.98987    -0.65247
       176     0.99182    -0.65850
       177     0.99365    -0.66420
       178     0.99537    -0.66954
       179     0.99697    -0.67454
       180     0.99841    -0.67920
       181     0.99959    -0.68355
       182     1.00051    -0.68758
       183     1.00122    -0.69128
       184     1.00172    -0.69464
       185     1.00203    -0.69766
       186     1.00217    -0.70032

   PRESSURE SURFACE POINTS FROM LE TO TE.
         1    -0.00119     0.00963
         2    -0.00108     0.00748
         3    -0.00083     0.00552
         4    -0.00047     0.00377
         5     0.00002     0.00221
         6     0.00063     0.00086
         7     0.00135    -0.00028
         8     0.00219    -0.00122
         9     0.00264    -0.00164
        10     0.00365    -0.00227
        11     0.00422    -0.00248
        12     0.00540    -0.00280
        13     0.00670    -0.00292
        14     0.00811    -0.00283
        15     0.00963    -0.00253
        16     0.01126    -0.00204
        17     0.01299    -0.00133
        18     0.01481    -0.00042
        19     0.01672     0.00070
        20     0.01871     0.00203
        21     0.02078     0.00357
        22     0.02290     0.00533
        23     0.02508     0.00731
        24     0.02730     0.00951
        25     0.02957     0.01192
        26     0.03188     0.01455
        27     0.03424     0.01739
        28     0.03669     0.02040
        29     0.03927     0.02357
        30     0.04197     0.02687
        31     0.04479     0.03031
        32     0.04775     0.03386
        33     0.05083     0.03755
        34     0.05403     0.04136
        35     0.05736     0.04528
        36     0.06081     0.04930
        37     0.06437     0.05342
        38     0.06806     0.05764
        39     0.07186     0.06194
        40     0.07578     0.06632
        41     0.07982     0.07077
        42     0.08396     0.07528
        43     0.08822     0.07985
        44     0.09258     0.08446
        45     0.09706     0.08911
        46     0.10164     0.09380
        47     0.10632     0.09850
        48     0.11110     0.10322
        49     0.11598     0.10795
        50     0.12096     0.11267
        51     0.12603     0.11733
        52     0.13119     0.12202
        53     0.13644     0.12668
        54     0.14177     0.13130
        55     0.14718     0.13587
        56     0.15267     0.14039
        57     0.15824     0.14484
        58     0.16387     0.14922
        59     0.16956     0.15351
        60     0.17532     0.15772
        61     0.18113     0.16182
        62     0.18699     0.16582
        63     0.19289     0.16971
        64     0.19883     0.17347
        65     0.20480     0.17711
        66     0.21079     0.18061
        67     0.21680     0.18397
        68     0.22283     0.18718
        69     0.22885     0.19024
        70     0.23488     0.19315
        71     0.24089     0.19581
        72     0.24689     0.19840
        73     0.25287     0.20083
        74     0.25882     0.20310
        75     0.26473     0.20521
        76     0.27060     0.20716
        77     0.27642     0.20894
        78     0.28219     0.21047
        79     0.28792     0.21194
        80     0.29360     0.21327
        81     0.29921     0.21445
        82     0.30478     0.21548
        83     0.31030     0.21627
        84     0.31578     0.21703
        85     0.32122     0.21765
        86     0.32662     0.21815
        87     0.33201     0.21841
        88     0.33739     0.21866
        89     0.34276     0.21878
        90     0.34815     0.21865
        91     0.35356     0.21852
        92     0.35900     0.21826
        93     0.36450     0.21787
        94     0.37006     0.21721
        95     0.37569     0.21653
        96     0.38142     0.21570
        97     0.38724     0.21471
        98     0.39317     0.21341
        99     0.39921     0.21206
       100     0.40538     0.21051
       101     0.41167     0.20876
       102     0.41811     0.20679
       103     0.42467     0.20446
       104     0.43135     0.20202
       105     0.43818     0.19933
       106     0.44513     0.19637
       107     0.45221     0.19314
       108     0.45941     0.18963
       109     0.46672     0.18582
       110     0.47414     0.18172
       111     0.48165     0.17732
       112     0.48926     0.17260
       113     0.49695     0.16758
       114     0.50471     0.16225
       115     0.51253     0.15660
       116     0.52041     0.15063
       117     0.52833     0.14435
       118     0.53630     0.13776
       119     0.54429     0.13086
       120     0.55231     0.12366
       121     0.56035     0.11615
       122     0.56840     0.10835
       123     0.57645     0.10025
       124     0.58451     0.09187
       125     0.59255     0.08320
       126     0.60058     0.07426
       127     0.60860     0.06506
       128     0.61660     0.05559
       129     0.62457     0.04587
       130     0.63251     0.03591
       131     0.64042     0.02571
       132     0.64829     0.01528
       133     0.65612     0.00464
       134     0.66390    -0.00622
       135     0.67164    -0.01728
       136     0.67933    -0.02854
       137     0.68697    -0.03998
       138     0.69455    -0.05159
       139     0.70207    -0.06337
       140     0.70954    -0.07530
       141     0.71694    -0.08738
       142     0.72428    -0.09960
       143     0.73155    -0.11183
       144     0.73875    -0.12428
       145     0.74588    -0.13684
       146     0.75293    -0.14949
       147     0.75991    -0.16223
       148     0.76682    -0.17504
       149     0.77364    -0.18792
       150     0.78039    -0.20086
       151     0.78706    -0.21383
       152     0.79364    -0.22684
       153     0.80014    -0.23988
       154     0.80655    -0.25292
       155     0.81288    -0.26597
       156     0.81911    -0.27901
       157     0.82525    -0.29202
       158     0.83131    -0.30501
       159     0.83727    -0.31796
       160     0.84313    -0.33085
       161     0.84890    -0.34369
       162     0.85457    -0.35645
       163     0.86014    -0.36913
       164     0.86561    -0.38171
       165     0.87097    -0.39420
       166     0.87624    -0.40656
       167     0.88140    -0.41881
       168     0.88646    -0.43092
       169     0.89141    -0.44289
       170     0.89625    -0.45471
       171     0.90099    -0.46636
       172     0.90561    -0.47784
       173     0.91013    -0.48914
       174     0.91453    -0.50024
       175     0.91882    -0.51115
       176     0.92300    -0.52185
       177     0.92706    -0.53232
       178     0.93101    -0.54258
       179     0.93484    -0.55259
       180     0.93855    -0.56237
       181     0.94215    -0.57189
       182     0.94563    -0.58116
       183     0.94898    -0.59015
       184     0.95222    -0.59887
       185     0.95534    -0.60732
       186     0.95833    -0.61549
       187     0.96120    -0.62334
       188     0.96395    -0.63089
       189     0.96658    -0.63814
       190     0.96908    -0.64507
       191     0.97145    -0.65168
       192     0.97370    -0.65796
       193     0.97583    -0.66391
       194     0.97783    -0.66953
       195     0.97970    -0.67482
       196     0.98144    -0.67976
       197     0.98310    -0.68432
       198     0.98479    -0.68849
       199     0.98647    -0.69227
       200     0.98813    -0.69564
       201     0.98975    -0.69862
       202     0.99131    -0.70122
       203     0.99280    -0.70343
       204     0.99421    -0.70526
       205     0.99553    -0.70670
       206     0.99675    -0.70775
       207     0.99786    -0.70843
       208     0.99886    -0.70873
       209     0.99933    -0.70878
       210     1.00015    -0.70851
       211     1.00049    -0.70819
       212     1.00112    -0.70736
       213     1.00160    -0.70615
       214     1.00195    -0.70457
       215     1.00214    -0.70263
       216     1.00217    -0.70032
  POINTS ON THE BLADE TO BE USED FOR PLOTTING 
  AND FINAL INTERPOLATION 
  N           X          YUP        YLOW        THICK 
    1      0.0000      0.0096      0.0096      0.0000
    2      0.0001      0.0126      0.0084      0.0042
    3      0.0002      0.0151      0.0064      0.0087
    4      0.0006      0.0176      0.0045      0.0131
    5      0.0010      0.0202      0.0029      0.0174
    6      0.0016      0.0230      0.0014      0.0215
    7      0.0022      0.0255      0.0002      0.0253
    8      0.0030      0.0278     -0.0009      0.0287
    9      0.0040      0.0301     -0.0017      0.0319
   10      0.0050      0.0325     -0.0023      0.0349
   11      0.0062      0.0350     -0.0027      0.0377
   12      0.0075      0.0376     -0.0029      0.0405
   13      0.0089      0.0404     -0.0028      0.0432
   14      0.0105      0.0433     -0.0026      0.0459
   15      0.0122      0.0465     -0.0021      0.0486
   16      0.0140      0.0498     -0.0014      0.0512
   17      0.0159      0.0533     -0.0005      0.0538
   18      0.0179      0.0570      0.0007      0.0563
   19      0.0201      0.0609      0.0022      0.0587
   20      0.0223      0.0649      0.0039      0.0610
   21      0.0247      0.0691      0.0060      0.0632
   22      0.0272      0.0735      0.0083      0.0652
   23      0.0299      0.0780      0.0110      0.0670
   24      0.0326      0.0826      0.0141      0.0685
   25      0.0355      0.0874      0.0175      0.0699
   26      0.0384      0.0923      0.0212      0.0712
   27      0.0415      0.0974      0.0250      0.0724
   28      0.0447      0.1026      0.0289      0.0737
   29      0.0481      0.1079      0.0329      0.0750
   30      0.0515      0.1133      0.0370      0.0763
   31      0.0550      0.1187      0.0412      0.0775
   32      0.0587      0.1243      0.0455      0.0788
   33      0.0625      0.1300      0.0499      0.0801
   34      0.0663      0.1357      0.0544      0.0813
   35      0.0703      0.1415      0.0589      0.0826
   36      0.0744      0.1474      0.0635      0.0839
   37      0.0786      0.1533      0.0682      0.0851
   38      0.0829      0.1592      0.0729      0.0863
   39      0.0873      0.1652      0.0776      0.0876
   40      0.0918      0.1712      0.0824      0.0888
   41      0.0964      0.1773      0.0873      0.0900
   42      0.1011      0.1833      0.0921      0.0912
   43      0.1059      0.1894      0.0970      0.0924
   44      0.1108      0.1954      0.1018      0.0936
   45      0.1159      0.2015      0.1067      0.0948
   46      0.1210      0.2075      0.1115      0.0959
   47      0.1261      0.2134      0.1163      0.0971
   48      0.1314      0.2194      0.1212      0.0982
   49      0.1368      0.2253      0.1259      0.0993
   50      0.1423      0.2311      0.1307      0.1004
   51      0.1478      0.2369      0.1354      0.1015
   52      0.1535      0.2425      0.1400      0.1025
   53      0.1592      0.2482      0.1446      0.1035
   54      0.1650      0.2537      0.1491      0.1045
   55      0.1709      0.2591      0.1536      0.1056
   56      0.1769      0.2644      0.1579      0.1065
   57      0.1830      0.2696      0.1622      0.1075
   58      0.1891      0.2747      0.1663      0.1084
   59      0.1954      0.2796      0.1704      0.1092
   60      0.2017      0.2844      0.1743      0.1101
   61      0.2080      0.2890      0.1781      0.1109
   62      0.2145      0.2935      0.1818      0.1117
   63      0.2210      0.2978      0.1853      0.1124
   64      0.2276      0.3019      0.1887      0.1132
   65      0.2342      0.3059      0.1920      0.1139
   66      0.2409      0.3097      0.1950      0.1147
   67      0.2477      0.3133      0.1979      0.1154
   68      0.2546      0.3166      0.2007      0.1160
   69      0.2615      0.3198      0.2033      0.1165
   70      0.2684      0.3227      0.2057      0.1171
   71      0.2755      0.3255      0.2079      0.1176
   72      0.2826      0.3280      0.2098      0.1182
   73      0.2897      0.3303      0.2116      0.1187
   74      0.2969      0.3323      0.2132      0.1191
   75      0.3041      0.3341      0.2146      0.1195
   76      0.3114      0.3356      0.2157      0.1199
   77      0.3187      0.3369      0.2166      0.1203
   78      0.3261      0.3379      0.2174      0.1206
   79      0.3335      0.3386      0.2177      0.1209
   80      0.3410      0.3391      0.2180      0.1211
   81      0.3485      0.3394      0.2179      0.1215
   82      0.3560      0.3393      0.2177      0.1216
   83      0.3636      0.3389      0.2172      0.1217
   84      0.3712      0.3382      0.2163      0.1219
   85      0.3789      0.3373      0.2153      0.1220
   86      0.3865      0.3362      0.2141      0.1221
   87      0.3942      0.3346      0.2124      0.1222
   88      0.4020      0.3327      0.2106      0.1221
   89      0.4097      0.3306      0.2086      0.1220
   90      0.4175      0.3282      0.2062      0.1220
   91      0.4253      0.3256      0.2035      0.1221
   92      0.4331      0.3225      0.2006      0.1219
   93      0.4409      0.3191      0.1974      0.1217
   94      0.4488      0.3154      0.1939      0.1215
   95      0.4566      0.3114      0.1902      0.1213
   96      0.4645      0.3072      0.1862      0.1210
   97      0.4724      0.3026      0.1819      0.1207
   98      0.4803      0.2978      0.1773      0.1206
   99      0.4882      0.2926      0.1724      0.1202
  100      0.4961      0.2871      0.1673      0.1198
  101      0.5039      0.2813      0.1619      0.1194
  102      0.5118      0.2752      0.1562      0.1190
  103      0.5197      0.2688      0.1502      0.1185
  104      0.5276      0.2620      0.1440      0.1181
  105      0.5355      0.2550      0.1375      0.1176
  106      0.5434      0.2477      0.1307      0.1170
  107      0.5512      0.2401      0.1236      0.1165
  108      0.5591      0.2323      0.1163      0.1159
  109      0.5669      0.2241      0.1088      0.1154
  110      0.5747      0.2157      0.1009      0.1147
  111      0.5825      0.2070      0.0928      0.1141
  112      0.5903      0.1980      0.0845      0.1135
  113      0.5980      0.1887      0.0759      0.1128
  114      0.6058      0.1792      0.0671      0.1121
  115      0.6135      0.1695      0.0581      0.1114
  116      0.6211      0.1595      0.0488      0.1106
  117      0.6288      0.1492      0.0393      0.1099
  118      0.6364      0.1387      0.0296      0.1091
  119      0.6440      0.1280      0.0197      0.1083
  120      0.6515      0.1170      0.0095      0.1075
  121      0.6590      0.1059     -0.0008      0.1067
  122      0.6665      0.0945     -0.0114      0.1058
  123      0.6739      0.0829     -0.0221      0.1050
  124      0.6813      0.0711     -0.0330      0.1041
  125      0.6886      0.0592     -0.0441      0.1032
  126      0.6959      0.0470     -0.0553      0.1023
  127      0.7031      0.0347     -0.0667      0.1014
  128      0.7103      0.0222     -0.0783      0.1004
  129      0.7174      0.0095     -0.0900      0.0995
  130      0.7245     -0.0033     -0.1018      0.0985
  131      0.7316     -0.0163     -0.1136      0.0973
  132      0.7385     -0.0294     -0.1257      0.0964
  133      0.7454     -0.0425     -0.1379      0.0954
  134      0.7523     -0.0558     -0.1502      0.0944
  135      0.7591     -0.0692     -0.1626      0.0934
  136      0.7658     -0.0827     -0.1751      0.0924
  137      0.7724     -0.0963     -0.1877      0.0914
  138      0.7790     -0.1099     -0.2003      0.0904
  139      0.7855     -0.1236     -0.2130      0.0894
  140      0.7920     -0.1373     -0.2257      0.0883
  141      0.7983     -0.1511     -0.2385      0.0873
  142      0.8046     -0.1650     -0.2513      0.0863
  143      0.8109     -0.1788     -0.2641      0.0853
  144      0.8170     -0.1926     -0.2769      0.0843
  145      0.8231     -0.2065     -0.2898      0.0833
  146      0.8291     -0.2203     -0.3026      0.0822
  147      0.8350     -0.2342     -0.3154      0.0812
  148      0.8408     -0.2479     -0.3282      0.0802
  149      0.8465     -0.2617     -0.3409      0.0792
  150      0.8522     -0.2754     -0.3536      0.0782
  151      0.8577     -0.2890     -0.3662      0.0772
  152      0.8632     -0.3026     -0.3788      0.0762
  153      0.8686     -0.3161     -0.3913      0.0752
  154      0.8739     -0.3294     -0.4037      0.0743
  155      0.8790     -0.3427     -0.4160      0.0733
  156      0.8841     -0.3559     -0.4282      0.0723
  157      0.8892     -0.3689     -0.4403      0.0714
  158      0.8941     -0.3818     -0.4523      0.0704
  159      0.8989     -0.3946     -0.4641      0.0695
  160      0.9036     -0.4072     -0.4758      0.0686
  161      0.9082     -0.4196     -0.4873      0.0677
  162      0.9127     -0.4319     -0.4987      0.0668
  163      0.9171     -0.4439     -0.5099      0.0659
  164      0.9214     -0.4558     -0.5209      0.0651
  165      0.9256     -0.4675     -0.5317      0.0642
  166      0.9297     -0.4789     -0.5423      0.0634
  167      0.9337     -0.4902     -0.5528      0.0626
  168      0.9375     -0.5012     -0.5630      0.0618
  169      0.9413     -0.5120     -0.5730      0.0610
  170      0.9450     -0.5225     -0.5827      0.0603
  171      0.9485     -0.5327     -0.5923      0.0595
  172      0.9519     -0.5427     -0.6015      0.0588
  173      0.9553     -0.5524     -0.6106      0.0581
  174      0.9585     -0.5619     -0.6193      0.0575
  175      0.9616     -0.5710     -0.6278      0.0568
  176      0.9645     -0.5799     -0.6360      0.0562
  177      0.9674     -0.5884     -0.6440      0.0556
  178      0.9701     -0.5966     -0.6516      0.0550
  179      0.9728     -0.6046     -0.6590      0.0544
  180      0.9753     -0.6121     -0.6660      0.0539
  181      0.9777     -0.6194     -0.6728      0.0533
  182      0.9799     -0.6263     -0.6791      0.0528
  183      0.9821     -0.6329     -0.6848      0.0518
  184      0.9841     -0.6392     -0.6894      0.0503
  185      0.9860     -0.6450     -0.6934      0.0483
  186      0.9878     -0.6506     -0.6966      0.0461
  187      0.9895     -0.6557     -0.6994      0.0436
  188      0.9911     -0.6605     -0.7016      0.0410
  189      0.9925     -0.6650     -0.7033      0.0384
  190      0.9938     -0.6690     -0.7047      0.0356
  191      0.9950     -0.6727     -0.7056      0.0329
  192      0.9960     -0.6761     -0.7062      0.0300
  193      0.9970     -0.6795     -0.7064      0.0269
  194      0.9978     -0.6827     -0.7062      0.0235
  195      0.9984     -0.6858     -0.7057      0.0199
  196      0.9990     -0.6887     -0.7049      0.0162
  197      0.9994     -0.6916     -0.7038      0.0122
  198      0.9998     -0.6942     -0.7023      0.0081
  199      0.9999     -0.6968     -0.7006      0.0038
  200      1.0000     -0.6980     -0.6980      0.0000
 GRID EXPANSION RATIO UP=    1.11538 DOWN =    1.05711
  AXIAL,TANGENTIAL AND RADIAL COORDINATES ON THE STREAM
  SURFACE BEFORE TRANSFORMING TO R-THETA COORDINATES 
 J, XGRID,YGRID,RGRID            1   1.00919958E-02  -5.54653443E-03  0.280000001    
 J, XGRID,YGRID,RGRID            2   1.05041871E-02  -4.88255732E-03  0.280000001    
 J, XGRID,YGRID,RGRID            3   1.08737377E-02  -4.28726431E-03  0.280000001    
 J, XGRID,YGRID,RGRID            4   1.12050651E-02  -3.75355105E-03  0.280000001    
 J, XGRID,YGRID,RGRID            5   1.15021169E-02  -3.27504706E-03  0.280000001    
 J, XGRID,YGRID,RGRID            6   1.17684398E-02  -2.84604123E-03  0.280000001    
 J, XGRID,YGRID,RGRID            7   1.20072141E-02  -2.46141315E-03  0.280000001    
 J, XGRID,YGRID,RGRID            8   1.22212861E-02  -2.11657258E-03  0.279999971    
 J, XGRID,YGRID,RGRID            9   1.24132186E-02  -1.80740340E-03  0.280000001    
 J, XGRID,YGRID,RGRID           10   1.25852916E-02  -1.53021584E-03  0.279999971    
 J, XGRID,YGRID,RGRID           11   1.27395699E-02  -1.28170161E-03  0.280000031    
 J, XGRID,YGRID,RGRID           12   1.28778843E-02  -1.05889468E-03  0.279999971    
 J, XGRID,YGRID,RGRID           13   1.30018964E-02  -8.59135529E-04  0.280000001    
 J, XGRID,YGRID,RGRID           14   1.31130768E-02  -6.80040277E-04  0.280000001    
 J, XGRID,YGRID,RGRID           15   1.32127563E-02  -5.19471301E-04  0.280000031    
 J, XGRID,YGRID,RGRID           16   1.33021222E-02  -3.75512172E-04  0.280000001    
 J, XGRID,YGRID,RGRID           17   1.33822495E-02  -2.46444717E-04  0.280000031    
 J, XGRID,YGRID,RGRID           18   1.34540843E-02  -1.30728440E-04  0.280000031    
 J, XGRID,YGRID,RGRID           19   1.35184871E-02  -2.69822813E-05  0.280000001    
 J, XGRID,YGRID,RGRID           20   1.35762291E-02   6.60319929E-05  0.280000001    
 J, XGRID,YGRID,RGRID           21   1.36280004E-02   1.49424523E-04  0.280000001    
 J, XGRID,YGRID,RGRID           22   1.36797689E-02   4.15385148E-04  0.279999942    
 J, XGRID,YGRID,RGRID           23   1.37338992E-02   5.31028898E-04  0.280000001    
 J, XGRID,YGRID,RGRID           24   1.37906047E-02   6.39744336E-04  0.280000001    
 J, XGRID,YGRID,RGRID           25   1.38501069E-02   7.49837607E-04  0.280000001    
 J, XGRID,YGRID,RGRID           26   1.39126154E-02   8.62994464E-04  0.279999942    
 J, XGRID,YGRID,RGRID           27   1.39783584E-02   9.79001634E-04  0.279999971    
 J, XGRID,YGRID,RGRID           28   1.40475491E-02   1.09833013E-03  0.280000001    
 J, XGRID,YGRID,RGRID           29   1.41204027E-02   1.22116983E-03  0.280000001    
 J, XGRID,YGRID,RGRID           30   1.41971391E-02   1.34767755E-03  0.280000031    
 J, XGRID,YGRID,RGRID           31   1.42779732E-02   1.47834746E-03  0.280000031    
 J, XGRID,YGRID,RGRID           32   1.43631250E-02   1.61247002E-03  0.280000031    
 J, XGRID,YGRID,RGRID           33   1.44528095E-02   1.75019167E-03  0.280000001    
 J, XGRID,YGRID,RGRID           34   1.45472484E-02   1.89148565E-03  0.280000061    
 J, XGRID,YGRID,RGRID           35   1.46466522E-02   2.03618384E-03  0.279999971    
 J, XGRID,YGRID,RGRID           36   1.47511931E-02   2.18399218E-03  0.279999942    
 J, XGRID,YGRID,RGRID           37   1.48609066E-02   2.33437004E-03  0.280000061    
 J, XGRID,YGRID,RGRID           38   1.49760311E-02   2.48704804E-03  0.280000031    
 J, XGRID,YGRID,RGRID           39   1.50968591E-02   2.64172140E-03  0.280000001    
 J, XGRID,YGRID,RGRID           40   1.52237155E-02   2.79803970E-03  0.280000031    
 J, XGRID,YGRID,RGRID           41   1.53569439E-02   2.95559689E-03  0.280000061    
 J, XGRID,YGRID,RGRID           42   1.54969236E-02   3.11391265E-03  0.280000031    
 J, XGRID,YGRID,RGRID           43   1.56440008E-02   3.27234389E-03  0.280000061    
 J, XGRID,YGRID,RGRID           44   1.57984477E-02   3.43007129E-03  0.279999971    
 J, XGRID,YGRID,RGRID           45   1.59607865E-02   3.58622358E-03  0.279999971    
 J, XGRID,YGRID,RGRID           46   1.61315966E-02   3.74124455E-03  0.280000031    
 J, XGRID,YGRID,RGRID           47   1.63115188E-02   3.89169110E-03  0.280000031    
 J, XGRID,YGRID,RGRID           48   1.65012572E-02   4.03764006E-03  0.280000001    
 J, XGRID,YGRID,RGRID           49   1.67015884E-02   4.17772774E-03  0.279999971    
 J, XGRID,YGRID,RGRID           50   1.69149358E-02   4.31114435E-03  0.280000091    
 J, XGRID,YGRID,RGRID           51   1.71443671E-02   4.43740329E-03  0.279999971    
 J, XGRID,YGRID,RGRID           52   1.73901524E-02   4.55049518E-03  0.280000031    
 J, XGRID,YGRID,RGRID           53   1.76520795E-02   4.64891549E-03  0.279999852    
 J, XGRID,YGRID,RGRID           54   1.79295447E-02   4.72501572E-03  0.280000031    
 J, XGRID,YGRID,RGRID           55   1.82214566E-02   4.77736304E-03  0.280000001    
 J, XGRID,YGRID,RGRID           56   1.85263064E-02   4.80029872E-03  0.279999942    
 J, XGRID,YGRID,RGRID           57   1.88391618E-02   4.78784973E-03  0.280000031    
 J, XGRID,YGRID,RGRID           58   1.91550087E-02   4.74312948E-03  0.279999912    
 J, XGRID,YGRID,RGRID           59   1.94721557E-02   4.66102082E-03  0.280000001    
 J, XGRID,YGRID,RGRID           60   1.97892133E-02   4.54622693E-03  0.279999942    
 J, XGRID,YGRID,RGRID           61   2.01050993E-02   4.39524790E-03  0.279999971    
 J, XGRID,YGRID,RGRID           62   2.04190854E-02   4.21391008E-03  0.280000091    
 J, XGRID,YGRID,RGRID           63   2.07306948E-02   3.99746653E-03  0.280000001    
 J, XGRID,YGRID,RGRID           64   2.10420620E-02   3.74811050E-03  0.280000091    
 J, XGRID,YGRID,RGRID           65   2.13545617E-02   3.46453325E-03  0.279999971    
 J, XGRID,YGRID,RGRID           66   2.16679722E-02   3.14656203E-03  0.279999971    
 J, XGRID,YGRID,RGRID           67   2.19818633E-02   2.79437611E-03  0.279999971    
 J, XGRID,YGRID,RGRID           68   2.22956780E-02   2.40856735E-03  0.280000001    
 J, XGRID,YGRID,RGRID           69   2.26086881E-02   1.99018931E-03  0.280000061    
 J, XGRID,YGRID,RGRID           70   2.29199957E-02   1.54084491E-03  0.279999912    
 J, XGRID,YGRID,RGRID           71   2.32268609E-02   1.06553431E-03  0.280000001    
 J, XGRID,YGRID,RGRID           72   2.35275328E-02   5.68473130E-04  0.279999971    
 J, XGRID,YGRID,RGRID           73   2.38212012E-02   5.29144345E-05  0.280000061    
 J, XGRID,YGRID,RGRID           74   2.41071936E-02  -4.78975504E-04  0.279999971    
 J, XGRID,YGRID,RGRID           75   2.43850183E-02  -1.02074910E-03  0.279999971    
 J, XGRID,YGRID,RGRID           76   2.46543232E-02  -1.57101534E-03  0.280000001    
 J, XGRID,YGRID,RGRID           77   2.49149222E-02  -2.12701317E-03  0.280000001    
 J, XGRID,YGRID,RGRID           78   2.51677707E-02  -2.68858229E-03  0.280000061    
 J, XGRID,YGRID,RGRID           79   2.54131146E-02  -3.25430138E-03  0.280000001    
 J, XGRID,YGRID,RGRID           80   2.56509520E-02  -3.82228987E-03  0.280000031    
 J, XGRID,YGRID,RGRID           81   2.58812886E-02  -4.39071842E-03  0.280000001    
 J, XGRID,YGRID,RGRID           82   2.61041168E-02  -4.95781982E-03  0.279999971    
 J, XGRID,YGRID,RGRID           83   2.63194535E-02  -5.52188465E-03  0.280000001    
 J, XGRID,YGRID,RGRID           84   2.65272800E-02  -6.08126726E-03  0.280000031    
 J, XGRID,YGRID,RGRID           85   2.67275982E-02  -6.63435971E-03  0.279999971    
 J, XGRID,YGRID,RGRID           86   2.69204266E-02  -7.17963092E-03  0.280000001    
 J, XGRID,YGRID,RGRID           87   2.71057468E-02  -7.71559449E-03  0.280000001    
 J, XGRID,YGRID,RGRID           88   2.72835605E-02  -8.24076124E-03  0.280000001    
 J, XGRID,YGRID,RGRID           89   2.74538789E-02  -8.75373743E-03  0.280000001    
 J, XGRID,YGRID,RGRID           90   2.76166890E-02  -9.25336778E-03  0.280000001    
 J, XGRID,YGRID,RGRID           91   2.77719982E-02  -9.87217855E-03  0.280000031    
 J, XGRID,YGRID,RGRID           92   2.79273093E-02  -1.03425421E-02  0.280000031    
 J, XGRID,YGRID,RGRID           93   2.80914847E-02  -1.08396700E-02  0.280000001    
 J, XGRID,YGRID,RGRID           94   2.82650385E-02  -1.13651901E-02  0.279999971    
 J, XGRID,YGRID,RGRID           95   2.84485109E-02  -1.19207231E-02  0.280000001    
 J, XGRID,YGRID,RGRID           96   2.86424495E-02  -1.25079835E-02  0.280000001    
 J, XGRID,YGRID,RGRID           97   2.88474746E-02  -1.31287845E-02  0.280000031    
 J, XGRID,YGRID,RGRID           98   2.90642008E-02  -1.37850400E-02  0.279999971    
 J, XGRID,YGRID,RGRID           99   2.92933136E-02  -1.44787757E-02  0.280000001    
 J, XGRID,YGRID,RGRID          100   2.95355078E-02  -1.52121317E-02  0.280000001    
 J, XGRID,YGRID,RGRID          101   2.97915321E-02  -1.59873720E-02  0.280000001    
 J, XGRID,YGRID,RGRID          102   3.00621837E-02  -1.68068875E-02  0.280000001    
 J, XGRID,YGRID,RGRID          103   3.03482860E-02  -1.76732056E-02  0.280000001    
 J, XGRID,YGRID,RGRID          104   3.06507275E-02  -1.85890030E-02  0.279999971    
 J, XGRID,YGRID,RGRID          105   3.09704486E-02  -1.95571017E-02  0.279999971    
 J, XGRID,YGRID,RGRID          106   3.13084275E-02  -2.05804911E-02  0.280000001    

  THE BLADE CENTROID ON THE X-Y SURFACE IS AT X, Y=    0.02038   0.00118


  THE J VALUE OF THE CENTROID IS J =           62

  THE CENTROID ON THE STREAM SURFACE IS AT   2.03796457E-02   0.00000000    
  THE HUB SECTION CENTROID IS AT   2.61109751E-02   0.00000000    

  AXIAL & RADIAL COORDINATES ON THE SS AFTER STACKING 
  J  , XGRID,RGRID            1   1.58233251E-02  0.280000001    
  J  , XGRID,RGRID            2   1.62355155E-02  0.280000001    
  J  , XGRID,RGRID            3   1.66050680E-02  0.280000001    
  J  , XGRID,RGRID            4   1.69363953E-02  0.280000001    
  J  , XGRID,RGRID            5   1.72334462E-02  0.280000001    
  J  , XGRID,RGRID            6   1.74997691E-02  0.280000001    
  J  , XGRID,RGRID            7   1.77385435E-02  0.280000001    
  J  , XGRID,RGRID            8   1.79526154E-02  0.279999971    
  J  , XGRID,RGRID            9   1.81445479E-02  0.280000001    
  J  , XGRID,RGRID           10   1.83166210E-02  0.279999971    
  J  , XGRID,RGRID           11   1.84708983E-02  0.280000031    
  J  , XGRID,RGRID           12   1.86092146E-02  0.279999971    
  J  , XGRID,RGRID           13   1.87332258E-02  0.280000001    
  J  , XGRID,RGRID           14   1.88444071E-02  0.280000001    
  J  , XGRID,RGRID           15   1.89440846E-02  0.280000031    
  J  , XGRID,RGRID           16   1.90334506E-02  0.280000001    
  J  , XGRID,RGRID           17   1.91135779E-02  0.280000031    
  J  , XGRID,RGRID           18   1.91854127E-02  0.280000031    
  J  , XGRID,RGRID           19   1.92498155E-02  0.280000001    
  J  , XGRID,RGRID           20   1.93075575E-02  0.280000001    
  J  , XGRID,RGRID           21   1.93593297E-02  0.280000001    
  J  , XGRID,RGRID           22   1.94110982E-02  0.279999942    
  J  , XGRID,RGRID           23   1.94652285E-02  0.280000001    
  J  , XGRID,RGRID           24   1.95219330E-02  0.280000001    
  J  , XGRID,RGRID           25   1.95814371E-02  0.280000001    
  J  , XGRID,RGRID           26   1.96439438E-02  0.279999942    
  J  , XGRID,RGRID           27   1.97096877E-02  0.279999971    
  J  , XGRID,RGRID           28   1.97788775E-02  0.280000001    
  J  , XGRID,RGRID           29   1.98517330E-02  0.280000001    
  J  , XGRID,RGRID           30   1.99284684E-02  0.280000031    
  J  , XGRID,RGRID           31   2.00093016E-02  0.280000031    
  J  , XGRID,RGRID           32   2.00944543E-02  0.280000031    
  J  , XGRID,RGRID           33   2.01841388E-02  0.280000001    
  J  , XGRID,RGRID           34   2.02785768E-02  0.280000061    
  J  , XGRID,RGRID           35   2.03779824E-02  0.279999971    
  J  , XGRID,RGRID           36   2.04825215E-02  0.279999942    
  J  , XGRID,RGRID           37   2.05922350E-02  0.280000061    
  J  , XGRID,RGRID           38   2.07073614E-02  0.280000031    
  J  , XGRID,RGRID           39   2.08281875E-02  0.280000001    
  J  , XGRID,RGRID           40   2.09550448E-02  0.280000031    
  J  , XGRID,RGRID           41   2.10882723E-02  0.280000061    
  J  , XGRID,RGRID           42   2.12282538E-02  0.280000031    
  J  , XGRID,RGRID           43   2.13753302E-02  0.280000061    
  J  , XGRID,RGRID           44   2.15297770E-02  0.279999971    
  J  , XGRID,RGRID           45   2.16921158E-02  0.279999971    
  J  , XGRID,RGRID           46   2.18629260E-02  0.280000031    
  J  , XGRID,RGRID           47   2.20428482E-02  0.280000031    
  J  , XGRID,RGRID           48   2.22325865E-02  0.280000001    
  J  , XGRID,RGRID           49   2.24329177E-02  0.279999971    
  J  , XGRID,RGRID           50   2.26462651E-02  0.280000091    
  J  , XGRID,RGRID           51   2.28756964E-02  0.279999971    
  J  , XGRID,RGRID           52   2.31214818E-02  0.280000031    
  J  , XGRID,RGRID           53   2.33834088E-02  0.279999852    
  J  , XGRID,RGRID           54   2.36608740E-02  0.280000031    
  J  , XGRID,RGRID           55   2.39527859E-02  0.280000001    
  J  , XGRID,RGRID           56   2.42576357E-02  0.279999942    
  J  , XGRID,RGRID           57   2.45704912E-02  0.280000031    
  J  , XGRID,RGRID           58   2.48863380E-02  0.279999912    
  J  , XGRID,RGRID           59   2.52034850E-02  0.280000001    
  J  , XGRID,RGRID           60   2.55205426E-02  0.279999942    
  J  , XGRID,RGRID           61   2.58364286E-02  0.279999971    
  J  , XGRID,RGRID           62   2.61504147E-02  0.280000091    
  J  , XGRID,RGRID           63   2.64620241E-02  0.280000001    
  J  , XGRID,RGRID           64   2.67733913E-02  0.280000091    
  J  , XGRID,RGRID           65   2.70858910E-02  0.279999971    
  J  , XGRID,RGRID           66   2.73993015E-02  0.279999971    
  J  , XGRID,RGRID           67   2.77131926E-02  0.279999971    
  J  , XGRID,RGRID           68   2.80270074E-02  0.280000001    
  J  , XGRID,RGRID           69   2.83400174E-02  0.280000061    
  J  , XGRID,RGRID           70   2.86513250E-02  0.279999912    
  J  , XGRID,RGRID           71   2.89581902E-02  0.280000001    
  J  , XGRID,RGRID           72   2.92588621E-02  0.279999971    
  J  , XGRID,RGRID           73   2.95525305E-02  0.280000061    
  J  , XGRID,RGRID           74   2.98385229E-02  0.279999971    
  J  , XGRID,RGRID           75   3.01163476E-02  0.279999971    
  J  , XGRID,RGRID           76   3.03856526E-02  0.280000001    
  J  , XGRID,RGRID           77   3.06462515E-02  0.280000001    
  J  , XGRID,RGRID           78   3.08991000E-02  0.280000061    
  J  , XGRID,RGRID           79   3.11444439E-02  0.280000001    
  J  , XGRID,RGRID           80   3.13822813E-02  0.280000031    
  J  , XGRID,RGRID           81   3.16126198E-02  0.280000001    
  J  , XGRID,RGRID           82   3.18354443E-02  0.279999971    
  J  , XGRID,RGRID           83   3.20507810E-02  0.280000001    
  J  , XGRID,RGRID           84   3.22586074E-02  0.280000031    
  J  , XGRID,RGRID           85   3.24589275E-02  0.279999971    
  J  , XGRID,RGRID           86   3.26517560E-02  0.280000001    
  J  , XGRID,RGRID           87   3.28370780E-02  0.280000001    
  J  , XGRID,RGRID           88   3.30148898E-02  0.280000001    
  J  , XGRID,RGRID           89   3.31852064E-02  0.280000001    
  J  , XGRID,RGRID           90   3.33480164E-02  0.280000001    
  J  , XGRID,RGRID           91   3.35033275E-02  0.280000031    
  J  , XGRID,RGRID           92   3.36586386E-02  0.280000031    
  J  , XGRID,RGRID           93   3.38228121E-02  0.280000001    
  J  , XGRID,RGRID           94   3.39963660E-02  0.279999971    
  J  , XGRID,RGRID           95   3.41798402E-02  0.280000001    
  J  , XGRID,RGRID           96   3.43737788E-02  0.280000001    
  J  , XGRID,RGRID           97   3.45788039E-02  0.280000031    
  J  , XGRID,RGRID           98   3.47955301E-02  0.279999971    
  J  , XGRID,RGRID           99   3.50246429E-02  0.280000001    
  J  , XGRID,RGRID          100   3.52668390E-02  0.280000001    
  J  , XGRID,RGRID          101   3.55228633E-02  0.280000001    
  J  , XGRID,RGRID          102   3.57935131E-02  0.280000001    
  J  , XGRID,RGRID          103   3.60796154E-02  0.280000001    
  J  , XGRID,RGRID          104   3.63820568E-02  0.279999971    
  J  , XGRID,RGRID          105   3.67017761E-02  0.279999971    
  J  , XGRID,RGRID          106   3.70397568E-02  0.280000001    

  BLADE TRUE CHORD:AXIAL CHORD RATIO =    1.33070421    


    TKLE      TKTE      TKMAX     XTMAX     XMODLE     XMODTE    TK_TYP 
    0.0400    0.0400    0.1000    0.4000    0.0200    0.0100    2.0000


 FCHORD=    1.00000000      FPERP=    0.00000000     FTKSCALE=    1.00000000    


  CENTRELINE COORDINATES AND THICKNESS FOR INTYPE = 1

    XIN        YIN       TKIN 
   0.00000   0.00000   0.05323
   0.00006   0.00005   0.05344
   0.00025   0.00020   0.05383
   0.00056   0.00044   0.05433
   0.00100   0.00079   0.05493
   0.00156   0.00123   0.05561
   0.00224   0.00177   0.05636
   0.00305   0.00240   0.05717
   0.00398   0.00313   0.05804
   0.00504   0.00395   0.05896
   0.00622   0.00486   0.05992
   0.00752   0.00586   0.06093
   0.00895   0.00695   0.06198
   0.01049   0.00812   0.06307
   0.01216   0.00938   0.06419
   0.01395   0.01072   0.06534
   0.01587   0.01214   0.06652
   0.01790   0.01363   0.06773
   0.02005   0.01520   0.06896
   0.02232   0.01684   0.07021
   0.02472   0.01854   0.07148
   0.02723   0.02031   0.07277
   0.02985   0.02214   0.07408
   0.03260   0.02403   0.07540
   0.03546   0.02597   0.07673
   0.03844   0.02796   0.07807
   0.04153   0.02999   0.07942
   0.04474   0.03207   0.08077
   0.04806   0.03418   0.08214
   0.05149   0.03633   0.08350
   0.05504   0.03850   0.08487
   0.05869   0.04070   0.08624
   0.06246   0.04292   0.08761
   0.06633   0.04515   0.08898
   0.07031   0.04740   0.09034
   0.07440   0.04965   0.09170
   0.07860   0.05190   0.09305
   0.08290   0.05414   0.09440
   0.08730   0.05638   0.09574
   0.09181   0.05860   0.09707
   0.09642   0.06079   0.09838
   0.10113   0.06297   0.09969
   0.10594   0.06511   0.10098
   0.11085   0.06722   0.10226
   0.11585   0.06929   0.10352
   0.12095   0.07131   0.10477
   0.12615   0.07328   0.10600
   0.13144   0.07519   0.10721
   0.13682   0.07704   0.10840
   0.14229   0.07882   0.10958
   0.14784   0.08053   0.11073
   0.15349   0.08215   0.11186
   0.15923   0.08370   0.11296
   0.16504   0.08515   0.11405
   0.17095   0.08652   0.11511
   0.17693   0.08778   0.11614
   0.18299   0.08893   0.11715
   0.18914   0.08998   0.11813
   0.19536   0.09091   0.11909
   0.20166   0.09172   0.12002
   0.20803   0.09240   0.12092
   0.21447   0.09296   0.12179
   0.22099   0.09338   0.12263
   0.22757   0.09366   0.12344
   0.23422   0.09380   0.12422
   0.24094   0.09379   0.12497
   0.24772   0.09362   0.12569
   0.25457   0.09330   0.12638
   0.26148   0.09282   0.12703
   0.26845   0.09217   0.12765
   0.27547   0.09135   0.12824
   0.28255   0.09036   0.12880
   0.28968   0.08919   0.12933
   0.29687   0.08784   0.12981
   0.30411   0.08630   0.13027
   0.31140   0.08458   0.13069
   0.31873   0.08267   0.13108
   0.32611   0.08057   0.13143
   0.33353   0.07827   0.13175
   0.34099   0.07578   0.13204
   0.34850   0.07308   0.13229
   0.35604   0.07018   0.13250
   0.36362   0.06707   0.13268
   0.37123   0.06376   0.13283
   0.37887   0.06024   0.13294
   0.38654   0.05650   0.13302
   0.39424   0.05256   0.13306
   0.40197   0.04841   0.13307
   0.40972   0.04404   0.13304
   0.41750   0.03945   0.13298
   0.42529   0.03466   0.13289
   0.43311   0.02964   0.13276
   0.44094   0.02442   0.13260
   0.44878   0.01897   0.13241
   0.45664   0.01331   0.13218
   0.46451   0.00744   0.13193
   0.47239   0.00136   0.13163
   0.48027  -0.00494   0.13131
   0.48816  -0.01145   0.13096
   0.49605  -0.01818   0.13057
   0.50395  -0.02511   0.13016
   0.51184  -0.03224   0.12971
   0.51973  -0.03958   0.12924
   0.52761  -0.04713   0.12874
   0.53549  -0.05488   0.12820
   0.54336  -0.06282   0.12764
   0.55122  -0.07096   0.12705
   0.55906  -0.07929   0.12644
   0.56689  -0.08781   0.12580
   0.57471  -0.09652   0.12513
   0.58250  -0.10541   0.12443
   0.59028  -0.11448   0.12372
   0.59803  -0.12372   0.12298
   0.60576  -0.13313   0.12221
   0.61346  -0.14271   0.12142
   0.62113  -0.15246   0.12061
   0.62877  -0.16235   0.11978
   0.63638  -0.17240   0.11893
   0.64396  -0.18260   0.11806
   0.65150  -0.19294   0.11717
   0.65901  -0.20342   0.11626
   0.66647  -0.21403   0.11533
   0.67389  -0.22476   0.11439
   0.68127  -0.23561   0.11343
   0.68860  -0.24658   0.11245
   0.69589  -0.25765   0.11146
   0.70313  -0.26883   0.11046
   0.71031  -0.28010   0.10944
   0.71745  -0.29146   0.10841
   0.72453  -0.30290   0.10737
   0.73155  -0.31442   0.10632
   0.73852  -0.32600   0.10526
   0.74543  -0.33764   0.10419
   0.75228  -0.34934   0.10311
   0.75906  -0.36109   0.10203
   0.76578  -0.37287   0.10094
   0.77243  -0.38469   0.09984
   0.77901  -0.39653   0.09874
   0.78553  -0.40839   0.09764
   0.79197  -0.42026   0.09653
   0.79834  -0.43214   0.09542
   0.80464  -0.44400   0.09431
   0.81086  -0.45586   0.09320
   0.81701  -0.46769   0.09209
   0.82307  -0.47949   0.09098
   0.82905  -0.49126   0.08987
   0.83496  -0.50299   0.08877
   0.84077  -0.51466   0.08767
   0.84651  -0.52627   0.08657
   0.85216  -0.53781   0.08548
   0.85771  -0.54928   0.08440
   0.86318  -0.56067   0.08332
   0.86856  -0.57196   0.08226
   0.87385  -0.58316   0.08120
   0.87905  -0.59425   0.08015
   0.88415  -0.60523   0.07911
   0.88915  -0.61608   0.07808
   0.89406  -0.62681   0.07706
   0.89887  -0.63739   0.07606
   0.90358  -0.64784   0.07507
   0.90819  -0.65813   0.07409
   0.91270  -0.66827   0.07313
   0.91710  -0.67823   0.07218
   0.92140  -0.68803   0.07125
   0.92560  -0.69765   0.07034
   0.92969  -0.70708   0.06945
   0.93367  -0.71631   0.06857
   0.93754  -0.72535   0.06771
   0.94131  -0.73418   0.06687
   0.94496  -0.74280   0.06605
   0.94851  -0.75120   0.06526
   0.95194  -0.75937   0.06448
   0.95526  -0.76732   0.06373
   0.95847  -0.77502   0.06299
   0.96156  -0.78249   0.06229
   0.96454  -0.78970   0.06160
   0.96740  -0.79667   0.06094
   0.97015  -0.80338   0.06030
   0.97277  -0.80982   0.05969
   0.97528  -0.81600   0.05911
   0.97768  -0.82190   0.05854
   0.97995  -0.82753   0.05801
   0.98210  -0.83288   0.05750
   0.98413  -0.83794   0.05702
   0.98605  -0.84272   0.05657
   0.98784  -0.84720   0.05614
   0.98951  -0.85139   0.05575
   0.99105  -0.85528   0.05538
   0.99248  -0.85888   0.05504
   0.99378  -0.86216   0.05472
   0.99496  -0.86515   0.05444
   0.99602  -0.86782   0.05419
   0.99695  -0.87018   0.05396
   0.99776  -0.87224   0.05377
   0.99844  -0.87398   0.05360
   0.99900  -0.87540   0.05347
   0.99944  -0.87651   0.05336
   0.99975  -0.87730   0.05329
   0.99994  -0.87778   0.05324
   1.00000  -0.87794   0.05323

  BLADE SURFACE COORDINATES GENERATED USING INTYPE = 1

  XUP          YUP       XLOW      YLOW 
   0.00001   0.02661  -0.00001  -0.02661
   0.00007   0.02677   0.00005  -0.02667
   0.00026   0.02711   0.00024  -0.02672
   0.00057   0.02761   0.00055  -0.02672
   0.00101   0.02825   0.00099  -0.02668
   0.00157   0.02903   0.00155  -0.02658
   0.00225   0.02995   0.00223  -0.02641
   0.00306   0.03098   0.00304  -0.02619
   0.00399   0.03214   0.00397  -0.02589
   0.00505   0.03342   0.00503  -0.02553
   0.00623   0.03482   0.00621  -0.02511
   0.00753   0.03632   0.00751  -0.02461
   0.00896   0.03794   0.00894  -0.02405
   0.01050   0.03966   0.01048  -0.02341
   0.01217   0.04147   0.01215  -0.02272
   0.01396   0.04339   0.01394  -0.02195
   0.01588   0.04540   0.01586  -0.02112
   0.01791   0.04750   0.01789  -0.02023
   0.02006   0.04968   0.02004  -0.01928
   0.02233   0.05194   0.02231  -0.01827
   0.02473   0.05428   0.02471  -0.01720
   0.02724   0.05670   0.02722  -0.01607
   0.02986   0.05918   0.02984  -0.01490
   0.03261   0.06173   0.03259  -0.01367
   0.03547   0.06433   0.03545  -0.01240
   0.03845   0.06699   0.03843  -0.01108
   0.04154   0.06970   0.04152  -0.00972
   0.04475   0.07245   0.04473  -0.00832
   0.04807   0.07525   0.04805  -0.00689
   0.05150   0.07808   0.05148  -0.00542
   0.05505   0.08094   0.05503  -0.00393
   0.05870   0.08382   0.05868  -0.00242
   0.06247   0.08673   0.06245  -0.00088
   0.06634   0.08964   0.06632   0.00067
   0.07032   0.09257   0.07030   0.00223
   0.07441   0.09550   0.07439   0.00380
   0.07861   0.09842   0.07859   0.00537
   0.08291   0.10134   0.08289   0.00694
   0.08731   0.10424   0.08729   0.00851
   0.09182   0.10713   0.09180   0.01006
   0.09643   0.10999   0.09641   0.01160
   0.10114   0.11281   0.10112   0.01313
   0.10595   0.11560   0.10593   0.01462
   0.11086   0.11835   0.11084   0.01609
   0.11586   0.12105   0.11584   0.01753
   0.12096   0.12369   0.12094   0.01892
   0.12616   0.12628   0.12614   0.02028
   0.13145   0.12879   0.13143   0.02158
   0.13683   0.13124   0.13681   0.02284
   0.14230   0.13361   0.14228   0.02403
   0.14785   0.13589   0.14783   0.02516
   0.15350   0.13808   0.15348   0.02623
   0.15924   0.14018   0.15922   0.02722
   0.16505   0.14218   0.16503   0.02813
   0.17096   0.14407   0.17094   0.02896
   0.17694   0.14585   0.17692   0.02971
   0.18300   0.14751   0.18298   0.03036
   0.18915   0.14904   0.18913   0.03091
   0.19537   0.15045   0.19535   0.03137
   0.20167   0.15173   0.20165   0.03171
   0.20804   0.15286   0.20802   0.03195
   0.21448   0.15385   0.21446   0.03207
   0.22100   0.15469   0.22098   0.03207
   0.22758   0.15538   0.22756   0.03194
   0.23423   0.15591   0.23421   0.03169
   0.24095   0.15627   0.24093   0.03130
   0.24773   0.15647   0.24771   0.03078
   0.25458   0.15649   0.25456   0.03011
   0.26149   0.15633   0.26147   0.02930
   0.26846   0.15599   0.26844   0.02834
   0.27548   0.15547   0.27546   0.02722
   0.28256   0.15476   0.28254   0.02595
   0.28969   0.15385   0.28967   0.02452
   0.29688   0.15274   0.29686   0.02293
   0.30412   0.15144   0.30410   0.02117
   0.31141   0.14993   0.31139   0.01924
   0.31874   0.14821   0.31872   0.01713
   0.32612   0.14629   0.32610   0.01485
   0.33354   0.14415   0.33352   0.01240
   0.34100   0.14179   0.34098   0.00976
   0.34851   0.13922   0.34849   0.00693
   0.35605   0.13643   0.35603   0.00392
   0.36363   0.13341   0.36361   0.00073
   0.37124   0.13017   0.37122  -0.00266
   0.37888   0.12671   0.37886  -0.00623
   0.38655   0.12301   0.38653  -0.01000
   0.39425   0.11909   0.39423  -0.01397
   0.40198   0.11494   0.40196  -0.01813
   0.40973   0.11056   0.40971  -0.02248
   0.41751   0.10595   0.41749  -0.02704
   0.42530   0.10110   0.42528  -0.03179
   0.43312   0.09603   0.43310  -0.03674
   0.44095   0.09072   0.44093  -0.04189
   0.44879   0.08518   0.44877  -0.04723
   0.45665   0.07941   0.45663  -0.05278
   0.46452   0.07340   0.46450  -0.05852
   0.47240   0.06717   0.47238  -0.06446
   0.48028   0.06071   0.48026  -0.07060
   0.48817   0.05402   0.48815  -0.07693
   0.49606   0.04711   0.49604  -0.08346
   0.50396   0.03997   0.50394  -0.09019
   0.51185   0.03261   0.51183  -0.09710
   0.51974   0.02504   0.51972  -0.10420
   0.52762   0.01724   0.52760  -0.11150
   0.53550   0.00923   0.53548  -0.11898
   0.54337   0.00100   0.54335  -0.12664
   0.55123  -0.00743   0.55121  -0.13449
   0.55907  -0.01607   0.55905  -0.14251
   0.56690  -0.02491   0.56688  -0.15071
   0.57472  -0.03396   0.57470  -0.15908
   0.58251  -0.04319   0.58249  -0.16763
   0.59029  -0.05262   0.59027  -0.17634
   0.59804  -0.06223   0.59802  -0.18521
   0.60577  -0.07203   0.60575  -0.19424
   0.61347  -0.08200   0.61345  -0.20342
   0.62114  -0.09215   0.62112  -0.21276
   0.62878  -0.10246   0.62876  -0.22224
   0.63639  -0.11294   0.63637  -0.23187
   0.64397  -0.12357   0.64395  -0.24163
   0.65151  -0.13436   0.65149  -0.25153
   0.65902  -0.14529   0.65900  -0.26155
   0.66648  -0.15636   0.66646  -0.27169
   0.67390  -0.16757   0.67388  -0.28195
   0.68128  -0.17890   0.68126  -0.29233
   0.68861  -0.19036   0.68859  -0.30280
   0.69590  -0.20192   0.69588  -0.31338
   0.70314  -0.21360   0.70312  -0.32406
   0.71033  -0.22538   0.71030  -0.33482
   0.71746  -0.23725   0.71744  -0.34566
   0.72454  -0.24921   0.72452  -0.35658
   0.73156  -0.26126   0.73154  -0.36757
   0.73853  -0.27337   0.73851  -0.37863
   0.74544  -0.28555   0.74542  -0.38974
   0.75229  -0.29779   0.75227  -0.40090
   0.75907  -0.31007   0.75905  -0.41210
   0.76579  -0.32241   0.76577  -0.42334
   0.77244  -0.33477   0.77242  -0.43461
   0.77902  -0.34716   0.77900  -0.44590
   0.78554  -0.35958   0.78552  -0.45721
   0.79198  -0.37200   0.79196  -0.46853
   0.79835  -0.38443   0.79833  -0.47985
   0.80465  -0.39685   0.80463  -0.49116
   0.81087  -0.40926   0.81085  -0.50246
   0.81702  -0.42165   0.81700  -0.51373
   0.82308  -0.43401   0.82306  -0.52498
   0.82906  -0.44633   0.82904  -0.53620
   0.83497  -0.45860   0.83495  -0.54737
   0.84078  -0.47082   0.84076  -0.55849
   0.84652  -0.48298   0.84650  -0.56956
   0.85217  -0.49507   0.85215  -0.58056
   0.85772  -0.50708   0.85770  -0.59148
   0.86319  -0.51901   0.86317  -0.60233
   0.86857  -0.53084   0.86855  -0.61309
   0.87386  -0.54256   0.87384  -0.62376
   0.87906  -0.55418   0.87904  -0.63432
   0.88416  -0.56567   0.88414  -0.64478
   0.88916  -0.57704   0.88914  -0.65512
   0.89407  -0.58827   0.89405  -0.66534
   0.89888  -0.59937   0.89886  -0.67542
   0.90359  -0.61030   0.90357  -0.68537
   0.90820  -0.62109   0.90818  -0.69518
   0.91271  -0.63170   0.91269  -0.70483
   0.91711  -0.64214   0.91709  -0.71433
   0.92141  -0.65240   0.92139  -0.72366
   0.92561  -0.66248   0.92559  -0.73282
   0.92970  -0.67235   0.92968  -0.74180
   0.93368  -0.68203   0.93366  -0.75060
   0.93755  -0.69150   0.93753  -0.75921
   0.94132  -0.70074   0.94130  -0.76762
   0.94497  -0.70977   0.94495  -0.77583
   0.94852  -0.71857   0.94850  -0.78383
   0.95195  -0.72713   0.95193  -0.79161
   0.95527  -0.73545   0.95525  -0.79918
   0.95848  -0.74352   0.95846  -0.80652
   0.96157  -0.75134   0.96155  -0.81363
   0.96455  -0.75890   0.96453  -0.82050
   0.96741  -0.76620   0.96739  -0.82714
   0.97016  -0.77322   0.97014  -0.83353
   0.97278  -0.77997   0.97276  -0.83966
   0.97529  -0.78644   0.97527  -0.84555
   0.97769  -0.79263   0.97767  -0.85117
   0.97996  -0.79852   0.97994  -0.85653
   0.98211  -0.80413   0.98209  -0.86163
   0.98414  -0.80943   0.98412  -0.86645
   0.98606  -0.81443   0.98604  -0.87100
   0.98785  -0.81913   0.98783  -0.87527
   0.98952  -0.82352   0.98950  -0.87926
   0.99106  -0.82760   0.99104  -0.88297
   0.99249  -0.83136   0.99247  -0.88639
   0.99379  -0.83480   0.99377  -0.88953
   0.99497  -0.83792   0.99495  -0.89237
   0.99603  -0.84073   0.99601  -0.89491
   0.99696  -0.84320   0.99694  -0.89717
   0.99777  -0.84535   0.99775  -0.89912
   0.99845  -0.84717   0.99843  -0.90078
   0.99901  -0.84867   0.99899  -0.90213
   0.99945  -0.84983   0.99943  -0.90319
   0.99976  -0.85066   0.99974  -0.90395
   0.99995  -0.85116   0.99993  -0.90440
   1.00001  -0.85132   0.99999  -0.90455

XIN,   MODIFIED LEADING EDGE THICKNESS     0.00000     0.00000
XIN,   MODIFIED LEADING EDGE THICKNESS     0.00006     0.09652
XIN,   MODIFIED LEADING EDGE THICKNESS     0.00025     0.19214
XIN,   MODIFIED LEADING EDGE THICKNESS     0.00056     0.28594
XIN,   MODIFIED LEADING EDGE THICKNESS     0.00100     0.37704
XIN,   MODIFIED LEADING EDGE THICKNESS     0.00156     0.46457
XIN,   MODIFIED LEADING EDGE THICKNESS     0.00224     0.54766
XIN,   MODIFIED LEADING EDGE THICKNESS     0.00305     0.62551
XIN,   MODIFIED LEADING EDGE THICKNESS     0.00398     0.69735
XIN,   MODIFIED LEADING EDGE THICKNESS     0.00504     0.76246
XIN,   MODIFIED LEADING EDGE THICKNESS     0.00622     0.82022
XIN,   MODIFIED LEADING EDGE THICKNESS     0.00752     0.87008
XIN,   MODIFIED LEADING EDGE THICKNESS     0.00895     0.91166
XIN,   MODIFIED LEADING EDGE THICKNESS     0.01049     0.94477
XIN,   MODIFIED LEADING EDGE THICKNESS     0.01216     0.96944
XIN,   MODIFIED LEADING EDGE THICKNESS     0.01395     0.98609
XIN,   MODIFIED LEADING EDGE THICKNESS     0.01587     0.99557
XIN,   MODIFIED LEADING EDGE THICKNESS     0.01790     0.99942
 XIN,   MODIFIED TRAILING EDGE THICKNESS     0.99105     0.99442
 XIN,   MODIFIED TRAILING EDGE THICKNESS     0.99248     0.96876
 XIN,   MODIFIED TRAILING EDGE THICKNESS     0.99378     0.92571
 XIN,   MODIFIED TRAILING EDGE THICKNESS     0.99496     0.86823
 XIN,   MODIFIED TRAILING EDGE THICKNESS     0.99602     0.79867
 XIN,   MODIFIED TRAILING EDGE THICKNESS     0.99695     0.71900
 XIN,   MODIFIED TRAILING EDGE THICKNESS     0.99776     0.63090
 XIN,   MODIFIED TRAILING EDGE THICKNESS     0.99844     0.53585
 XIN,   MODIFIED TRAILING EDGE THICKNESS     0.99900     0.43519
 XIN,   MODIFIED TRAILING EDGE THICKNESS     0.99944     0.33013
 XIN,   MODIFIED TRAILING EDGE THICKNESS     0.99975     0.22186
 XIN,   MODIFIED TRAILING EDGE THICKNESS     0.99994     0.11144
 XIN,   MODIFIED TRAILING EDGE THICKNESS     1.00000     0.00000

  POINTS NEARLY PERPENDICULAR TO THE CENTRE LINE BEFORE THINNING 
        N        XUPP      YUPP        XLOW        YLOW 
         1    -0.00817     0.01032     0.01650    -0.02084
         2    -0.00813     0.01040     0.01657    -0.02081
         3    -0.00801     0.01064     0.01678    -0.02072
         4    -0.00780     0.01104     0.01714    -0.02056
         5    -0.00752     0.01160     0.01765    -0.02034
         6    -0.00716     0.01232     0.01829    -0.02005
         7    -0.00672     0.01320     0.01908    -0.01971
         8    -0.00620     0.01424     0.02000    -0.01929
         9    -0.00560     0.01544     0.02106    -0.01882
        10    -0.00492     0.01680     0.02226    -0.01829
        11    -0.00415     0.01831     0.02360    -0.01769
        12    -0.00331     0.01999     0.02507    -0.01704
        13    -0.00239     0.02183     0.02667    -0.01632
        14    -0.00139     0.02383     0.02840    -0.01555
        15    -0.00031     0.02598     0.03025    -0.01471
        16     0.00095     0.02816     0.03224    -0.01383
        17     0.00249     0.03025     0.03435    -0.01289
        18     0.00418     0.03238     0.03658    -0.01190
        19     0.00602     0.03456     0.03893    -0.01086
        20     0.00798     0.03684     0.04140    -0.00977
        21     0.01008     0.03918     0.04399    -0.00865
        22     0.01230     0.04161     0.04669    -0.00747
        23     0.01465     0.04411     0.04951    -0.00627
        24     0.01713     0.04668     0.05243    -0.00502
        25     0.01973     0.04933     0.05546    -0.00375
        26     0.02245     0.05206     0.05860    -0.00246
        27     0.02531     0.05484     0.06185    -0.00114
        28     0.02829     0.05769     0.06519     0.00021
        29     0.03139     0.06059     0.06863     0.00157
        30     0.03462     0.06354     0.07217     0.00294
        31     0.03798     0.06655     0.07581     0.00432
        32     0.04146     0.06961     0.07953     0.00571
        33     0.04508     0.07273     0.08334     0.00710
        34     0.04882     0.07587     0.08723     0.00846
        35     0.05270     0.07904     0.09121     0.00984
        36     0.05670     0.08224     0.09527     0.01121
        37     0.06084     0.08546     0.09940     0.01256
        38     0.06511     0.08870     0.10361     0.01389
        39     0.06951     0.09195     0.10789     0.01520
        40     0.07405     0.09520     0.11223     0.01649
        41     0.07872     0.09850     0.11664     0.01774
        42     0.08353     0.10175     0.12110     0.01897
        43     0.08848     0.10499     0.12563     0.02012
        44     0.09357     0.10821     0.13021     0.02126
        45     0.09881     0.11140     0.13484     0.02236
        46     0.10418     0.11456     0.13951     0.02342
        47     0.10970     0.11767     0.14424     0.02442
        48     0.11536     0.12074     0.14900     0.02538
        49     0.12117     0.12379     0.15380     0.02628
        50     0.12712     0.12673     0.15864     0.02708
        51     0.13323     0.12960     0.16352     0.02787
        52     0.13948     0.13237     0.16843     0.02859
        53     0.14588     0.13505     0.17337     0.02926
        54     0.15242     0.13762     0.17834     0.02986
        55     0.15911     0.14007     0.18333     0.03039
        56     0.16595     0.14246     0.18836     0.03080
        57     0.17294     0.14465     0.19341     0.03120
        58     0.18006     0.14668     0.19849     0.03152
        59     0.18733     0.14855     0.20359     0.03178
        60     0.19473     0.15025     0.20872     0.03196
        61     0.20227     0.15183     0.21388     0.03201
        62     0.20993     0.15315     0.21906     0.03204
        63     0.21772     0.15425     0.22428     0.03199
        64     0.22562     0.15514     0.22953     0.03186
        65     0.23364     0.15579     0.23481     0.03165
        66     0.24175     0.15629     0.24013     0.03130
        67     0.24996     0.15646     0.24549     0.03092
        68     0.25826     0.15638     0.25090     0.03045
        69     0.26664     0.15603     0.25635     0.02990
        70     0.27508     0.15542     0.26185     0.02925
        71     0.28359     0.15462     0.26741     0.02843
        72     0.29214     0.15346     0.27302     0.02758
        73     0.30073     0.15202     0.27869     0.02663
        74     0.30936     0.15030     0.28444     0.02557
        75     0.31801     0.14831     0.29025     0.02440
        76     0.32667     0.14613     0.29613     0.02303
        77     0.33534     0.14358     0.30209     0.02162
        78     0.34401     0.14075     0.30813     0.02008
        79     0.35267     0.13765     0.31425     0.01840
        80     0.36132     0.13428     0.32046     0.01659
        81     0.36995     0.13065     0.32675     0.01464
        82     0.37855     0.12676     0.33313     0.01245
        83     0.38713     0.12272     0.33960     0.01019
        84     0.39567     0.11833     0.34616     0.00777
        85     0.40418     0.11369     0.35281     0.00518
        86     0.41266     0.10881     0.35956     0.00242
        87     0.42109     0.10370     0.36639    -0.00052
        88     0.42949     0.09835     0.37331    -0.00365
        89     0.43785     0.09278     0.38033    -0.00696
        90     0.44616     0.08698     0.38742    -0.01046
        91     0.45444     0.08097     0.39461    -0.01417
        92     0.46267     0.07475     0.40187    -0.01817
        93     0.47087     0.06831     0.40921    -0.02228
        94     0.47902     0.06167     0.41662    -0.02660
        95     0.48713     0.05482     0.42410    -0.03114
        96     0.49521     0.04777     0.43165    -0.03589
        97     0.50324     0.04053     0.43927    -0.04085
        98     0.51124     0.03309     0.44694    -0.04604
        99     0.51919     0.02546     0.45467    -0.05145
       100     0.52711     0.01764     0.46245    -0.05708
       101     0.53500     0.00964     0.47028    -0.06293
       102     0.54284     0.00145     0.47815    -0.06901
       103     0.55065    -0.00691     0.48606    -0.07531
       104     0.55843    -0.01546     0.49400    -0.08183
       105     0.56617    -0.02418     0.50197    -0.08857
       106     0.57388    -0.03307     0.50997    -0.09553
       107     0.58155    -0.04213     0.51798    -0.10270
       108     0.58918    -0.05136     0.52602    -0.11009
       109     0.59678    -0.06075     0.53406    -0.11769
       110     0.60435    -0.07030     0.54211    -0.12550
       111     0.61188    -0.08001     0.55017    -0.13352
       112     0.61937    -0.08987     0.55822    -0.14174
       113     0.62683    -0.09988     0.56627    -0.15015
       114     0.63425    -0.11004     0.57432    -0.15876
       115     0.64163    -0.12034     0.58235    -0.16756
       116     0.64898    -0.13078     0.59036    -0.17645
       117     0.65629    -0.14136     0.59836    -0.18561
       118     0.66356    -0.15206     0.60634    -0.19494
       119     0.67078    -0.16289     0.61429    -0.20445
       120     0.67797    -0.17385     0.62221    -0.21411
       121     0.68511    -0.18491     0.63010    -0.22394
       122     0.69221    -0.19609     0.63796    -0.23392
       123     0.69927    -0.20738     0.64578    -0.24404
       124     0.70628    -0.21877     0.65356    -0.25430
       125     0.71324    -0.23025     0.66131    -0.26469
       126     0.72016    -0.24183     0.66900    -0.27522
       127     0.72702    -0.25348     0.67665    -0.28586
       128     0.73384    -0.26522     0.68425    -0.29661
       129     0.74060    -0.27703     0.69180    -0.30747
       130     0.74731    -0.28891     0.69929    -0.31843
       131     0.75397    -0.30084     0.70672    -0.32948
       132     0.76057    -0.31283     0.71410    -0.34061
       133     0.76711    -0.32487     0.72141    -0.35182
       134     0.77360    -0.33695     0.72866    -0.36310
       135     0.78002    -0.34906     0.73585    -0.37443
       136     0.78638    -0.36120     0.74297    -0.38583
       137     0.79268    -0.37336     0.75002    -0.39726
       138     0.79892    -0.38554     0.75699    -0.40874
       139     0.80509    -0.39772     0.76389    -0.42025
       140     0.81119    -0.40989     0.77072    -0.43177
       141     0.81722    -0.42206     0.77747    -0.44332
       142     0.82318    -0.43422     0.78414    -0.45486
       143     0.82908    -0.44635     0.79073    -0.46641
       144     0.83489    -0.45851     0.79724    -0.47794
       145     0.84064    -0.47057     0.80366    -0.48946
       146     0.84631    -0.48259     0.81000    -0.50095
       147     0.85190    -0.49455     0.81625    -0.51240
       148     0.85741    -0.50645     0.82241    -0.52382
       149     0.86284    -0.51829     0.82848    -0.53518
       150     0.86820    -0.53005     0.83445    -0.54648
       151     0.87347    -0.54173     0.84033    -0.55772
       152     0.87865    -0.55331     0.84612    -0.56888
       153     0.88375    -0.56480     0.85181    -0.57995
       154     0.88877    -0.57618     0.85741    -0.59094
       155     0.89369    -0.58745     0.86290    -0.60183
       156     0.89853    -0.59860     0.86829    -0.61261
       157     0.90328    -0.60962     0.87358    -0.62327
       158     0.90794    -0.62051     0.87877    -0.63381
       159     0.91250    -0.63126     0.88385    -0.64423
       160     0.91697    -0.64185     0.88883    -0.65450
       161     0.92135    -0.65229     0.89370    -0.66463
       162     0.92563    -0.66253     0.89846    -0.67461
       163     0.92981    -0.67264     0.90311    -0.68443
       164     0.93390    -0.68256     0.90765    -0.69408
       165     0.93788    -0.69230     0.91208    -0.70355
       166     0.94177    -0.70185     0.91639    -0.71285
       167     0.94555    -0.71121     0.92060    -0.72195
       168     0.94923    -0.72035     0.92468    -0.73087
       169     0.95281    -0.72929     0.92866    -0.73958
       170     0.95629    -0.73801     0.93251    -0.74808
       171     0.95966    -0.74651     0.93625    -0.75637
       172     0.96292    -0.75478     0.93987    -0.76444
       173     0.96608    -0.76281     0.94337    -0.77228
       174     0.96913    -0.77060     0.94675    -0.77989
       175     0.97207    -0.77815     0.95001    -0.78726
       176     0.97490    -0.78544     0.95315    -0.79439
       177     0.97763    -0.79248     0.95617    -0.80128
       178     0.98024    -0.79925     0.95906    -0.80790
       179     0.98274    -0.80576     0.96183    -0.81427
       180     0.98513    -0.81200     0.96448    -0.82039
       181     0.98740    -0.81797     0.96699    -0.82623
       182     0.98957    -0.82365     0.96939    -0.83179
       183     0.99162    -0.82905     0.97166    -0.83708
       184     0.99355    -0.83417     0.97380    -0.84209
       185     0.99537    -0.83899     0.97581    -0.84681
       186     0.99708    -0.84352     0.97770    -0.85125
       187     0.99867    -0.84775     0.97945    -0.85540
       188     1.00014    -0.85167     0.98108    -0.85925
       189     1.00150    -0.85530     0.98258    -0.86280
       190     1.00274    -0.85862     0.98396    -0.86606
       191     1.00387    -0.86162     0.98520    -0.86901
       192     1.00488    -0.86432     0.98631    -0.87165
       193     1.00578    -0.86670     0.98729    -0.87399
       194     1.00655    -0.86877     0.98814    -0.87602
       195     1.00721    -0.87053     0.98886    -0.87775
       196     1.00775    -0.87196     0.98945    -0.87916
       197     1.00817    -0.87308     0.98991    -0.88025
       198     1.00847    -0.87388     0.99024    -0.88104
       199     1.00865    -0.87436     0.99043    -0.88151
       200     1.00871    -0.87452     0.99050    -0.88167
  COORDINATES GOING ROUND THE BLADE AFTER ANY ROTATION
     N        XSURF        YSURF 
         1     0.00357    -0.00451
         2     0.00303    -0.00370
         3     0.00201    -0.00203
         4     0.00110    -0.00024
         5     0.00032     0.00165
         6    -0.00035     0.00365
         7    -0.00089     0.00576
         8    -0.00129     0.00796
         9    -0.00156     0.01025
        10    -0.00169     0.01263
        11    -0.00166     0.01508
        12    -0.00147     0.01759
        13    -0.00111     0.02014
        14    -0.00057     0.02274
        15     0.00016     0.02536
        16     0.00117     0.02786
        17     0.00256     0.03015
        18     0.00419     0.03236
        19     0.00602     0.03456
        20     0.00798     0.03684
        21     0.01008     0.03918
        22     0.01230     0.04161
        23     0.01465     0.04411
        24     0.01713     0.04668
        25     0.01973     0.04933
        26     0.02245     0.05206
        27     0.02531     0.05484
        28     0.02829     0.05769
        29     0.03139     0.06059
        30     0.03462     0.06354
        31     0.03798     0.06655
        32     0.04146     0.06961
        33     0.04508     0.07273
        34     0.04882     0.07587
        35     0.05270     0.07904
        36     0.05670     0.08224
        37     0.06084     0.08546
        38     0.06511     0.08870
        39     0.06951     0.09195
        40     0.07405     0.09520
        41     0.07872     0.09850
        42     0.08353     0.10175
        43     0.08848     0.10499
        44     0.09357     0.10821
        45     0.09881     0.11140
        46     0.10418     0.11456
        47     0.10970     0.11767
        48     0.11536     0.12074
        49     0.12117     0.12379
        50     0.12712     0.12673
        51     0.13323     0.12960
        52     0.13948     0.13237
        53     0.14588     0.13505
        54     0.15242     0.13762
        55     0.15911     0.14007
        56     0.16595     0.14246
        57     0.17294     0.14465
        58     0.18006     0.14668
        59     0.18733     0.14855
        60     0.19473     0.15025
        61     0.20227     0.15183
        62     0.20993     0.15315
        63     0.21772     0.15425
        64     0.22562     0.15514
        65     0.23364     0.15579
        66     0.24175     0.15629
        67     0.24996     0.15646
        68     0.25826     0.15638
        69     0.26664     0.15603
        70     0.27508     0.15542
        71     0.28359     0.15462
        72     0.29214     0.15346
        73     0.30073     0.15202
        74     0.30936     0.15030
        75     0.31801     0.14831
        76     0.32667     0.14613
        77     0.33534     0.14358
        78     0.34401     0.14075
        79     0.35267     0.13765
        80     0.36132     0.13428
        81     0.36995     0.13065
        82     0.37855     0.12676
        83     0.38713     0.12272
        84     0.39567     0.11833
        85     0.40418     0.11369
        86     0.41266     0.10881
        87     0.42109     0.10370
        88     0.42949     0.09835
        89     0.43785     0.09278
        90     0.44616     0.08698
        91     0.45444     0.08097
        92     0.46267     0.07475
        93     0.47087     0.06831
        94     0.47902     0.06167
        95     0.48713     0.05482
        96     0.49521     0.04777
        97     0.50324     0.04053
        98     0.51124     0.03309
        99     0.51919     0.02546
       100     0.52711     0.01764
       101     0.53500     0.00964
       102     0.54284     0.00145
       103     0.55065    -0.00691
       104     0.55843    -0.01546
       105     0.56617    -0.02418
       106     0.57388    -0.03307
       107     0.58155    -0.04213
       108     0.58918    -0.05136
       109     0.59678    -0.06075
       110     0.60435    -0.07030
       111     0.61188    -0.08001
       112     0.61937    -0.08987
       113     0.62683    -0.09988
       114     0.63425    -0.11004
       115     0.64163    -0.12034
       116     0.64898    -0.13078
       117     0.65629    -0.14136
       118     0.66356    -0.15206
       119     0.67078    -0.16289
       120     0.67797    -0.17385
       121     0.68511    -0.18491
       122     0.69221    -0.19609
       123     0.69927    -0.20738
       124     0.70628    -0.21877
       125     0.71324    -0.23025
       126     0.72016    -0.24183
       127     0.72702    -0.25348
       128     0.73384    -0.26522
       129     0.74060    -0.27703
       130     0.74731    -0.28891
       131     0.75397    -0.30084
       132     0.76057    -0.31283
       133     0.76711    -0.32487
       134     0.77360    -0.33695
       135     0.78002    -0.34906
       136     0.78638    -0.36120
       137     0.79268    -0.37336
       138     0.79892    -0.38554
       139     0.80509    -0.39772
       140     0.81119    -0.40989
       141     0.81722    -0.42206
       142     0.82318    -0.43422
       143     0.82908    -0.44635
       144     0.83489    -0.45851
       145     0.84064    -0.47057
       146     0.84631    -0.48259
       147     0.85190    -0.49455
       148     0.85741    -0.50645
       149     0.86284    -0.51829
       150     0.86820    -0.53005
       151     0.87347    -0.54173
       152     0.87865    -0.55331
       153     0.88375    -0.56480
       154     0.88877    -0.57618
       155     0.89369    -0.58745
       156     0.89853    -0.59860
       157     0.90328    -0.60962
       158     0.90794    -0.62051
       159     0.91250    -0.63126
       160     0.91697    -0.64185
       161     0.92135    -0.65229
       162     0.92563    -0.66253
       163     0.92981    -0.67264
       164     0.93390    -0.68256
       165     0.93788    -0.69230
       166     0.94177    -0.70185
       167     0.94555    -0.71121
       168     0.94923    -0.72035
       169     0.95281    -0.72929
       170     0.95629    -0.73801
       171     0.95966    -0.74651
       172     0.96292    -0.75478
       173     0.96608    -0.76281
       174     0.96913    -0.77060
       175     0.97207    -0.77815
       176     0.97490    -0.78544
       177     0.97763    -0.79248
       178     0.98024    -0.79925
       179     0.98274    -0.80576
       180     0.98513    -0.81200
       181     0.98740    -0.81797
       182     0.98957    -0.82365
       183     0.99162    -0.82905
       184     0.99355    -0.83417
       185     0.99537    -0.83899
       186     0.99708    -0.84352
       187     0.99867    -0.84775
       188     1.00009    -0.85170
       189     1.00120    -0.85542
       190     1.00205    -0.85889
       191     1.00264    -0.86211
       192     1.00301    -0.86506
       193     1.00318    -0.86773
       194     1.00315    -0.87011
       195     1.00295    -0.87220
       196     1.00258    -0.87400
       197     1.00205    -0.87548
       198     1.00137    -0.87667
       199     1.00055    -0.87754
       200     1.00011    -0.87789
       201     0.99910    -0.87829
       202     0.99852    -0.87833
       203     0.99733    -0.87825
       204     0.99602    -0.87785
       205     0.99462    -0.87713
       206     0.99312    -0.87607
       207     0.99154    -0.87469
       208     0.98989    -0.87297
       209     0.98818    -0.87091
       210     0.98643    -0.86852
       211     0.98465    -0.86578
       212     0.98288    -0.86268
       213     0.98114    -0.85923
       214     0.97945    -0.85540
       215     0.97770    -0.85125
       216     0.97581    -0.84681
       217     0.97380    -0.84209
       218     0.97166    -0.83708
       219     0.96939    -0.83179
       220     0.96699    -0.82623
       221     0.96448    -0.82039
       222     0.96183    -0.81427
       223     0.95906    -0.80790
       224     0.95617    -0.80128
       225     0.95315    -0.79439
       226     0.95001    -0.78726
       227     0.94675    -0.77989
       228     0.94337    -0.77228
       229     0.93987    -0.76444
       230     0.93625    -0.75637
       231     0.93251    -0.74808
       232     0.92866    -0.73958
       233     0.92468    -0.73087
       234     0.92060    -0.72195
       235     0.91639    -0.71285
       236     0.91208    -0.70355
       237     0.90765    -0.69408
       238     0.90311    -0.68443
       239     0.89846    -0.67461
       240     0.89370    -0.66463
       241     0.88883    -0.65450
       242     0.88385    -0.64423
       243     0.87877    -0.63381
       244     0.87358    -0.62327
       245     0.86829    -0.61261
       246     0.86290    -0.60183
       247     0.85741    -0.59094
       248     0.85181    -0.57995
       249     0.84612    -0.56888
       250     0.84033    -0.55772
       251     0.83445    -0.54648
       252     0.82848    -0.53518
       253     0.82241    -0.52382
       254     0.81625    -0.51240
       255     0.81000    -0.50095
       256     0.80366    -0.48946
       257     0.79724    -0.47794
       258     0.79073    -0.46641
       259     0.78414    -0.45486
       260     0.77747    -0.44332
       261     0.77072    -0.43177
       262     0.76389    -0.42025
       263     0.75699    -0.40874
       264     0.75002    -0.39726
       265     0.74297    -0.38583
       266     0.73585    -0.37443
       267     0.72866    -0.36310
       268     0.72141    -0.35182
       269     0.71410    -0.34061
       270     0.70672    -0.32948
       271     0.69929    -0.31843
       272     0.69180    -0.30747
       273     0.68425    -0.29661
       274     0.67665    -0.28586
       275     0.66900    -0.27522
       276     0.66131    -0.26469
       277     0.65356    -0.25430
       278     0.64578    -0.24404
       279     0.63796    -0.23392
       280     0.63010    -0.22394
       281     0.62221    -0.21411
       282     0.61429    -0.20445
       283     0.60634    -0.19494
       284     0.59836    -0.18561
       285     0.59036    -0.17645
       286     0.58235    -0.16756
       287     0.57432    -0.15876
       288     0.56627    -0.15015
       289     0.55822    -0.14174
       290     0.55017    -0.13352
       291     0.54211    -0.12550
       292     0.53406    -0.11769
       293     0.52602    -0.11009
       294     0.51798    -0.10270
       295     0.50997    -0.09553
       296     0.50197    -0.08857
       297     0.49400    -0.08183
       298     0.48606    -0.07531
       299     0.47815    -0.06901
       300     0.47028    -0.06293
       301     0.46245    -0.05708
       302     0.45467    -0.05145
       303     0.44694    -0.04604
       304     0.43927    -0.04085
       305     0.43165    -0.03589
       306     0.42410    -0.03114
       307     0.41662    -0.02660
       308     0.40921    -0.02228
       309     0.40187    -0.01817
       310     0.39461    -0.01417
       311     0.38742    -0.01046
       312     0.38033    -0.00696
       313     0.37331    -0.00365
       314     0.36639    -0.00052
       315     0.35956     0.00242
       316     0.35281     0.00518
       317     0.34616     0.00777
       318     0.33960     0.01019
       319     0.33313     0.01245
       320     0.32675     0.01464
       321     0.32046     0.01659
       322     0.31425     0.01840
       323     0.30813     0.02008
       324     0.30209     0.02162
       325     0.29613     0.02303
       326     0.29025     0.02440
       327     0.28444     0.02557
       328     0.27869     0.02663
       329     0.27302     0.02758
       330     0.26741     0.02843
       331     0.26185     0.02925
       332     0.25635     0.02990
       333     0.25090     0.03045
       334     0.24549     0.03092
       335     0.24013     0.03130
       336     0.23481     0.03165
       337     0.22953     0.03186
       338     0.22428     0.03199
       339     0.21906     0.03204
       340     0.21388     0.03201
       341     0.20872     0.03196
       342     0.20359     0.03178
       343     0.19849     0.03152
       344     0.19341     0.03120
       345     0.18836     0.03080
       346     0.18333     0.03039
       347     0.17834     0.02986
       348     0.17337     0.02926
       349     0.16843     0.02859
       350     0.16352     0.02787
       351     0.15864     0.02708
       352     0.15380     0.02628
       353     0.14900     0.02538
       354     0.14424     0.02442
       355     0.13951     0.02342
       356     0.13484     0.02236
       357     0.13021     0.02126
       358     0.12563     0.02012
       359     0.12110     0.01897
       360     0.11664     0.01774
       361     0.11223     0.01649
       362     0.10789     0.01520
       363     0.10361     0.01389
       364     0.09940     0.01256
       365     0.09527     0.01121
       366     0.09121     0.00984
       367     0.08723     0.00846
       368     0.08334     0.00710
       369     0.07953     0.00571
       370     0.07581     0.00432
       371     0.07217     0.00294
       372     0.06863     0.00157
       373     0.06519     0.00021
       374     0.06185    -0.00114
       375     0.05860    -0.00246
       376     0.05546    -0.00375
       377     0.05243    -0.00502
       378     0.04951    -0.00627
       379     0.04669    -0.00747
       380     0.04399    -0.00865
       381     0.04140    -0.00977
       382     0.03893    -0.01086
       383     0.03657    -0.01188
       384     0.03428    -0.01279
       385     0.03202    -0.01354
       386     0.02979    -0.01409
       387     0.02757    -0.01446
       388     0.02538    -0.01464
       389     0.02322    -0.01463
       390     0.02110    -0.01446
       391     0.01904    -0.01412
       392     0.01703    -0.01364
       393     0.01510    -0.01302
       394     0.01324    -0.01226
       395     0.01148    -0.01139
       396     0.00981    -0.01039
       397     0.00824    -0.00928
       398     0.00677    -0.00805
       399     0.00541    -0.00671
       400     0.00476    -0.00601
  LEADING EDGE POINT =           10  TE POINT =         193

  NO OF SUCT S POINTS         184  NO PRESS S POINTS         218
  XMIN,XMAX, XCHORD    -1.68786827E-03   1.00317848       1.00486636    

   SUCTION SURFACE POINTS FROM LE TO TE.
         1    -0.00169     0.01263
         2    -0.00166     0.01508
         3    -0.00147     0.01759
         4    -0.00111     0.02014
         5    -0.00057     0.02274
         6     0.00016     0.02536
         7     0.00117     0.02786
         8     0.00256     0.03015
         9     0.00419     0.03236
        10     0.00602     0.03456
        11     0.00798     0.03684
        12     0.01008     0.03918
        13     0.01230     0.04161
        14     0.01465     0.04411
        15     0.01713     0.04668
        16     0.01973     0.04933
        17     0.02245     0.05206
        18     0.02531     0.05484
        19     0.02829     0.05769
        20     0.03139     0.06059
        21     0.03462     0.06354
        22     0.03798     0.06655
        23     0.04146     0.06961
        24     0.04508     0.07273
        25     0.04882     0.07587
        26     0.05270     0.07904
        27     0.05670     0.08224
        28     0.06084     0.08546
        29     0.06511     0.08870
        30     0.06951     0.09195
        31     0.07405     0.09520
        32     0.07872     0.09850
        33     0.08353     0.10175
        34     0.08848     0.10499
        35     0.09357     0.10821
        36     0.09881     0.11140
        37     0.10418     0.11456
        38     0.10970     0.11767
        39     0.11536     0.12074
        40     0.12117     0.12379
        41     0.12712     0.12673
        42     0.13323     0.12960
        43     0.13948     0.13237
        44     0.14588     0.13505
        45     0.15242     0.13762
        46     0.15911     0.14007
        47     0.16595     0.14246
        48     0.17294     0.14465
        49     0.18006     0.14668
        50     0.18733     0.14855
        51     0.19473     0.15025
        52     0.20227     0.15183
        53     0.20993     0.15315
        54     0.21772     0.15425
        55     0.22562     0.15514
        56     0.23364     0.15579
        57     0.24175     0.15629
        58     0.24996     0.15646
        59     0.25826     0.15638
        60     0.26664     0.15603
        61     0.27508     0.15542
        62     0.28359     0.15462
        63     0.29214     0.15346
        64     0.30073     0.15202
        65     0.30936     0.15030
        66     0.31801     0.14831
        67     0.32667     0.14613
        68     0.33534     0.14358
        69     0.34401     0.14075
        70     0.35267     0.13765
        71     0.36132     0.13428
        72     0.36995     0.13065
        73     0.37855     0.12676
        74     0.38713     0.12272
        75     0.39567     0.11833
        76     0.40418     0.11369
        77     0.41266     0.10881
        78     0.42109     0.10370
        79     0.42949     0.09835
        80     0.43785     0.09278
        81     0.44616     0.08698
        82     0.45444     0.08097
        83     0.46267     0.07475
        84     0.47087     0.06831
        85     0.47902     0.06167
        86     0.48713     0.05482
        87     0.49521     0.04777
        88     0.50324     0.04053
        89     0.51124     0.03309
        90     0.51919     0.02546
        91     0.52711     0.01764
        92     0.53500     0.00964
        93     0.54284     0.00145
        94     0.55065    -0.00691
        95     0.55843    -0.01546
        96     0.56617    -0.02418
        97     0.57388    -0.03307
        98     0.58155    -0.04213
        99     0.58918    -0.05136
       100     0.59678    -0.06075
       101     0.60435    -0.07030
       102     0.61188    -0.08001
       103     0.61937    -0.08987
       104     0.62683    -0.09988
       105     0.63425    -0.11004
       106     0.64163    -0.12034
       107     0.64898    -0.13078
       108     0.65629    -0.14136
       109     0.66356    -0.15206
       110     0.67078    -0.16289
       111     0.67797    -0.17385
       112     0.68511    -0.18491
       113     0.69221    -0.19609
       114     0.69927    -0.20738
       115     0.70628    -0.21877
       116     0.71324    -0.23025
       117     0.72016    -0.24183
       118     0.72702    -0.25348
       119     0.73384    -0.26522
       120     0.74060    -0.27703
       121     0.74731    -0.28891
       122     0.75397    -0.30084
       123     0.76057    -0.31283
       124     0.76711    -0.32487
       125     0.77360    -0.33695
       126     0.78002    -0.34906
       127     0.78638    -0.36120
       128     0.79268    -0.37336
       129     0.79892    -0.38554
       130     0.80509    -0.39772
       131     0.81119    -0.40989
       132     0.81722    -0.42206
       133     0.82318    -0.43422
       134     0.82908    -0.44635
       135     0.83489    -0.45851
       136     0.84064    -0.47057
       137     0.84631    -0.48259
       138     0.85190    -0.49455
       139     0.85741    -0.50645
       140     0.86284    -0.51829
       141     0.86820    -0.53005
       142     0.87347    -0.54173
       143     0.87865    -0.55331
       144     0.88375    -0.56480
       145     0.88877    -0.57618
       146     0.89369    -0.58745
       147     0.89853    -0.59860
       148     0.90328    -0.60962
       149     0.90794    -0.62051
       150     0.91250    -0.63126
       151     0.91697    -0.64185
       152     0.92135    -0.65229
       153     0.92563    -0.66253
       154     0.92981    -0.67264
       155     0.93390    -0.68256
       156     0.93788    -0.69230
       157     0.94177    -0.70185
       158     0.94555    -0.71121
       159     0.94923    -0.72035
       160     0.95281    -0.72929
       161     0.95629    -0.73801
       162     0.95966    -0.74651
       163     0.96292    -0.75478
       164     0.96608    -0.76281
       165     0.96913    -0.77060
       166     0.97207    -0.77815
       167     0.97490    -0.78544
       168     0.97763    -0.79248
       169     0.98024    -0.79925
       170     0.98274    -0.80576
       171     0.98513    -0.81200
       172     0.98740    -0.81797
       173     0.98957    -0.82365
       174     0.99162    -0.82905
       175     0.99355    -0.83417
       176     0.99537    -0.83899
       177     0.99708    -0.84352
       178     0.99867    -0.84775
       179     1.00009    -0.85170
       180     1.00120    -0.85542
       181     1.00205    -0.85889
       182     1.00264    -0.86211
       183     1.00301    -0.86506
       184     1.00318    -0.86773

   PRESSURE SURFACE POINTS FROM LE TO TE.
         1    -0.00169     0.01263
         2    -0.00156     0.01025
         3    -0.00129     0.00796
         4    -0.00089     0.00576
         5    -0.00035     0.00365
         6     0.00032     0.00165
         7     0.00110    -0.00024
         8     0.00201    -0.00203
         9     0.00303    -0.00370
        10     0.00357    -0.00451
        11     0.00476    -0.00601
        12     0.00541    -0.00671
        13     0.00677    -0.00805
        14     0.00824    -0.00928
        15     0.00981    -0.01039
        16     0.01148    -0.01139
        17     0.01324    -0.01226
        18     0.01510    -0.01302
        19     0.01703    -0.01364
        20     0.01904    -0.01412
        21     0.02110    -0.01446
        22     0.02322    -0.01463
        23     0.02538    -0.01464
        24     0.02757    -0.01446
        25     0.02979    -0.01409
        26     0.03202    -0.01354
        27     0.03428    -0.01279
        28     0.03657    -0.01188
        29     0.03893    -0.01086
        30     0.04140    -0.00977
        31     0.04399    -0.00865
        32     0.04669    -0.00747
        33     0.04951    -0.00627
        34     0.05243    -0.00502
        35     0.05546    -0.00375
        36     0.05860    -0.00246
        37     0.06185    -0.00114
        38     0.06519     0.00021
        39     0.06863     0.00157
        40     0.07217     0.00294
        41     0.07581     0.00432
        42     0.07953     0.00571
        43     0.08334     0.00710
        44     0.08723     0.00846
        45     0.09121     0.00984
        46     0.09527     0.01121
        47     0.09940     0.01256
        48     0.10361     0.01389
        49     0.10789     0.01520
        50     0.11223     0.01649
        51     0.11664     0.01774
        52     0.12110     0.01897
        53     0.12563     0.02012
        54     0.13021     0.02126
        55     0.13484     0.02236
        56     0.13951     0.02342
        57     0.14424     0.02442
        58     0.14900     0.02538
        59     0.15380     0.02628
        60     0.15864     0.02708
        61     0.16352     0.02787
        62     0.16843     0.02859
        63     0.17337     0.02926
        64     0.17834     0.02986
        65     0.18333     0.03039
        66     0.18836     0.03080
        67     0.19341     0.03120
        68     0.19849     0.03152
        69     0.20359     0.03178
        70     0.20872     0.03196
        71     0.21388     0.03201
        72     0.21906     0.03204
        73     0.22428     0.03199
        74     0.22953     0.03186
        75     0.23481     0.03165
        76     0.24013     0.03130
        77     0.24549     0.03092
        78     0.25090     0.03045
        79     0.25635     0.02990
        80     0.26185     0.02925
        81     0.26741     0.02843
        82     0.27302     0.02758
        83     0.27869     0.02663
        84     0.28444     0.02557
        85     0.29025     0.02440
        86     0.29613     0.02303
        87     0.30209     0.02162
        88     0.30813     0.02008
        89     0.31425     0.01840
        90     0.32046     0.01659
        91     0.32675     0.01464
        92     0.33313     0.01245
        93     0.33960     0.01019
        94     0.34616     0.00777
        95     0.35281     0.00518
        96     0.35956     0.00242
        97     0.36639    -0.00052
        98     0.37331    -0.00365
        99     0.38033    -0.00696
       100     0.38742    -0.01046
       101     0.39461    -0.01417
       102     0.40187    -0.01817
       103     0.40921    -0.02228
       104     0.41662    -0.02660
       105     0.42410    -0.03114
       106     0.43165    -0.03589
       107     0.43927    -0.04085
       108     0.44694    -0.04604
       109     0.45467    -0.05145
       110     0.46245    -0.05708
       111     0.47028    -0.06293
       112     0.47815    -0.06901
       113     0.48606    -0.07531
       114     0.49400    -0.08183
       115     0.50197    -0.08857
       116     0.50997    -0.09553
       117     0.51798    -0.10270
       118     0.52602    -0.11009
       119     0.53406    -0.11769
       120     0.54211    -0.12550
       121     0.55017    -0.13352
       122     0.55822    -0.14174
       123     0.56627    -0.15015
       124     0.57432    -0.15876
       125     0.58235    -0.16756
       126     0.59036    -0.17645
       127     0.59836    -0.18561
       128     0.60634    -0.19494
       129     0.61429    -0.20445
       130     0.62221    -0.21411
       131     0.63010    -0.22394
       132     0.63796    -0.23392
       133     0.64578    -0.24404
       134     0.65356    -0.25430
       135     0.66131    -0.26469
       136     0.66900    -0.27522
       137     0.67665    -0.28586
       138     0.68425    -0.29661
       139     0.69180    -0.30747
       140     0.69929    -0.31843
       141     0.70672    -0.32948
       142     0.71410    -0.34061
       143     0.72141    -0.35182
       144     0.72866    -0.36310
       145     0.73585    -0.37443
       146     0.74297    -0.38583
       147     0.75002    -0.39726
       148     0.75699    -0.40874
       149     0.76389    -0.42025
       150     0.77072    -0.43177
       151     0.77747    -0.44332
       152     0.78414    -0.45486
       153     0.79073    -0.46641
       154     0.79724    -0.47794
       155     0.80366    -0.48946
       156     0.81000    -0.50095
       157     0.81625    -0.51240
       158     0.82241    -0.52382
       159     0.82848    -0.53518
       160     0.83445    -0.54648
       161     0.84033    -0.55772
       162     0.84612    -0.56888
       163     0.85181    -0.57995
       164     0.85741    -0.59094
       165     0.86290    -0.60183
       166     0.86829    -0.61261
       167     0.87358    -0.62327
       168     0.87877    -0.63381
       169     0.88385    -0.64423
       170     0.88883    -0.65450
       171     0.89370    -0.66463
       172     0.89846    -0.67461
       173     0.90311    -0.68443
       174     0.90765    -0.69408
       175     0.91208    -0.70355
       176     0.91639    -0.71285
       177     0.92060    -0.72195
       178     0.92468    -0.73087
       179     0.92866    -0.73958
       180     0.93251    -0.74808
       181     0.93625    -0.75637
       182     0.93987    -0.76444
       183     0.94337    -0.77228
       184     0.94675    -0.77989
       185     0.95001    -0.78726
       186     0.95315    -0.79439
       187     0.95617    -0.80128
       188     0.95906    -0.80790
       189     0.96183    -0.81427
       190     0.96448    -0.82039
       191     0.96699    -0.82623
       192     0.96939    -0.83179
       193     0.97166    -0.83708
       194     0.97380    -0.84209
       195     0.97581    -0.84681
       196     0.97770    -0.85125
       197     0.97945    -0.85540
       198     0.98114    -0.85923
       199     0.98288    -0.86268
       200     0.98465    -0.86578
       201     0.98643    -0.86852
       202     0.98818    -0.87091
       203     0.98989    -0.87297
       204     0.99154    -0.87469
       205     0.99312    -0.87607
       206     0.99462    -0.87713
       207     0.99602    -0.87785
       208     0.99733    -0.87825
       209     0.99852    -0.87833
       210     0.99910    -0.87829
       211     1.00011    -0.87789
       212     1.00055    -0.87754
       213     1.00137    -0.87667
       214     1.00205    -0.87548
       215     1.00258    -0.87400
       216     1.00295    -0.87220
       217     1.00315    -0.87011
       218     1.00318    -0.86773
  POINTS ON THE BLADE TO BE USED FOR PLOTTING 
  AND FINAL INTERPOLATION 
  N           X          YUP        YLOW        THICK 
    1      0.0000      0.0126      0.0126      0.0000
    2      0.0001      0.0155      0.0114      0.0041
    3      0.0002      0.0177      0.0091      0.0086
    4      0.0006      0.0199      0.0070      0.0129
    5      0.0010      0.0221      0.0049      0.0171
    6      0.0016      0.0242      0.0030      0.0213
    7      0.0022      0.0262      0.0010      0.0252
    8      0.0030      0.0281     -0.0008      0.0288
    9      0.0040      0.0296     -0.0025      0.0321
   10      0.0050      0.0311     -0.0042      0.0353
   11      0.0062      0.0326     -0.0057      0.0384
   12      0.0075      0.0342     -0.0071      0.0413
   13      0.0089      0.0359     -0.0085      0.0443
   14      0.0105      0.0376     -0.0097      0.0473
   15      0.0122      0.0395     -0.0108      0.0503
   16      0.0140      0.0414     -0.0118      0.0532
   17      0.0159      0.0435     -0.0126      0.0561
   18      0.0179      0.0456     -0.0133      0.0589
   19      0.0201      0.0478     -0.0139      0.0617
   20      0.0223      0.0501     -0.0143      0.0644
   21      0.0247      0.0525     -0.0146      0.0670
   22      0.0272      0.0549     -0.0145      0.0695
   23      0.0299      0.0574     -0.0143      0.0717
   24      0.0326      0.0600     -0.0137      0.0737
   25      0.0355      0.0626     -0.0128      0.0755
   26      0.0384      0.0653     -0.0117      0.0770
   27      0.0415      0.0680     -0.0103      0.0784
   28      0.0447      0.0708     -0.0089      0.0797
   29      0.0481      0.0737     -0.0075      0.0811
   30      0.0515      0.0765     -0.0060      0.0825
   31      0.0550      0.0794     -0.0045      0.0839
   32      0.0587      0.0823     -0.0030      0.0853
   33      0.0625      0.0852     -0.0014      0.0867
   34      0.0663      0.0882      0.0001      0.0880
   35      0.0703      0.0911      0.0017      0.0894
   36      0.0744      0.0940      0.0033      0.0908
   37      0.0786      0.0970      0.0049      0.0922
   38      0.0829      0.1000      0.0064      0.0935
   39      0.0873      0.1029      0.0080      0.0949
   40      0.0918      0.1058      0.0096      0.0962
   41      0.0964      0.1087      0.0111      0.0975
   42      0.1011      0.1115      0.0127      0.0989
   43      0.1059      0.1143      0.0142      0.1002
   44      0.1108      0.1171      0.0157      0.1014
   45      0.1159      0.1198      0.0171      0.1027
   46      0.1210      0.1225      0.0185      0.1040
   47      0.1261      0.1251      0.0199      0.1052
   48      0.1314      0.1276      0.0212      0.1064
   49      0.1368      0.1301      0.0225      0.1076
   50      0.1423      0.1325      0.0237      0.1088
   51      0.1478      0.1348      0.0248      0.1100
   52      0.1535      0.1370      0.0259      0.1111
   53      0.1592      0.1391      0.0269      0.1122
   54      0.1650      0.1412      0.0278      0.1133
   55      0.1709      0.1431      0.0287      0.1144
   56      0.1769      0.1448      0.0294      0.1154
   57      0.1830      0.1465      0.0301      0.1164
   58      0.1891      0.1481      0.0307      0.1174
   59      0.1954      0.1495      0.0311      0.1184
   60      0.2017      0.1508      0.0315      0.1193
   61      0.2080      0.1520      0.0318      0.1202
   62      0.2145      0.1530      0.0319      0.1211
   63      0.2210      0.1538      0.0319      0.1219
   64      0.2276      0.1545      0.0318      0.1227
   65      0.2342      0.1550      0.0315      0.1235
   66      0.2409      0.1555      0.0311      0.1243
   67      0.2477      0.1556      0.0306      0.1250
   68      0.2546      0.1557      0.0300      0.1257
   69      0.2615      0.1555      0.0292      0.1263
   70      0.2684      0.1552      0.0282      0.1270
   71      0.2755      0.1547      0.0271      0.1276
   72      0.2826      0.1540      0.0258      0.1282
   73      0.2897      0.1531      0.0244      0.1286
   74      0.2969      0.1520      0.0228      0.1292
   75      0.3041      0.1507      0.0211      0.1296
   76      0.3114      0.1491      0.0191      0.1300
   77      0.3187      0.1474      0.0171      0.1304
   78      0.3261      0.1456      0.0148      0.1308
   79      0.3335      0.1434      0.0123      0.1312
   80      0.3410      0.1411      0.0096      0.1314
   81      0.3485      0.1385      0.0068      0.1316
   82      0.3560      0.1357      0.0038      0.1318
   83      0.3636      0.1326      0.0006      0.1320
   84      0.3712      0.1294     -0.0027      0.1321
   85      0.3789      0.1259     -0.0063      0.1322
   86      0.3865      0.1223     -0.0101      0.1324
   87      0.3942      0.1184     -0.0140      0.1324
   88      0.4020      0.1142     -0.0183      0.1325
   89      0.4097      0.1098     -0.0226      0.1324
   90      0.4175      0.1052     -0.0272      0.1324
   91      0.4253      0.1003     -0.0320      0.1323
   92      0.4331      0.0952     -0.0369      0.1321
   93      0.4409      0.0899     -0.0421      0.1320
   94      0.4488      0.0843     -0.0474      0.1318
   95      0.4566      0.0785     -0.0530      0.1315
   96      0.4645      0.0725     -0.0588      0.1313
   97      0.4724      0.0663     -0.0647      0.1310
   98      0.4803      0.0598     -0.0709      0.1306
   99      0.4882      0.0531     -0.0772      0.1303
  100      0.4961      0.0461     -0.0838      0.1299
  101      0.5039      0.0390     -0.0905      0.1295
  102      0.5118      0.0316     -0.0974      0.1290
  103      0.5197      0.0240     -0.1046      0.1286
  104      0.5276      0.0162     -0.1119      0.1281
  105      0.5355      0.0081     -0.1194      0.1275
  106      0.5434     -0.0001     -0.1271      0.1270
  107      0.5512     -0.0086     -0.1349      0.1264
  108      0.5591     -0.0172     -0.1430      0.1258
  109      0.5669     -0.0261     -0.1512      0.1251
  110      0.5747     -0.0352     -0.1596      0.1244
  111      0.5825     -0.0445     -0.1682      0.1237
  112      0.5903     -0.0539     -0.1768      0.1229
  113      0.5980     -0.0636     -0.1857      0.1222
  114      0.6058     -0.0734     -0.1948      0.1214
  115      0.6135     -0.0834     -0.2040      0.1206
  116      0.6211     -0.0936     -0.2134      0.1198
  117      0.6288     -0.1039     -0.2229      0.1190
  118      0.6364     -0.1144     -0.2326      0.1181
  119      0.6440     -0.1251     -0.2424      0.1173
  120      0.6515     -0.1359     -0.2523      0.1164
  121      0.6590     -0.1469     -0.2624      0.1155
  122      0.6665     -0.1580     -0.2726      0.1146
  123      0.6739     -0.1692     -0.2829      0.1136
  124      0.6813     -0.1806     -0.2933      0.1127
  125      0.6886     -0.1921     -0.3038      0.1117
  126      0.6959     -0.2037     -0.3144      0.1107
  127      0.7031     -0.2154     -0.3251      0.1097
  128      0.7103     -0.2272     -0.3359      0.1087
  129      0.7174     -0.2391     -0.3468      0.1077
  130      0.7245     -0.2511     -0.3578      0.1066
  131      0.7316     -0.2632     -0.3688      0.1056
  132      0.7385     -0.2754     -0.3799      0.1045
  133      0.7454     -0.2876     -0.3911      0.1035
  134      0.7523     -0.2999     -0.4023      0.1024
  135      0.7591     -0.3122     -0.4135      0.1013
  136      0.7658     -0.3246     -0.4248      0.1002
  137      0.7724     -0.3370     -0.4361      0.0991
  138      0.7790     -0.3495     -0.4475      0.0980
  139      0.7855     -0.3619     -0.4588      0.0969
  140      0.7920     -0.3744     -0.4702      0.0958
  141      0.7983     -0.3869     -0.4815      0.0947
  142      0.8046     -0.3993     -0.4929      0.0935
  143      0.8109     -0.4118     -0.5042      0.0924
  144      0.8170     -0.4242     -0.5155      0.0913
  145      0.8231     -0.4366     -0.5268      0.0902
  146      0.8291     -0.4490     -0.5381      0.0891
  147      0.8350     -0.4614     -0.5493      0.0879
  148      0.8408     -0.4737     -0.5605      0.0868
  149      0.8465     -0.4859     -0.5716      0.0857
  150      0.8522     -0.4980     -0.5826      0.0846
  151      0.8577     -0.5100     -0.5936      0.0835
  152      0.8632     -0.5220     -0.6045      0.0825
  153      0.8686     -0.5339     -0.6153      0.0814
  154      0.8739     -0.5457     -0.6260      0.0803
  155      0.8790     -0.5573     -0.6366      0.0793
  156      0.8841     -0.5689     -0.6471      0.0782
  157      0.8892     -0.5803     -0.6575      0.0772
  158      0.8941     -0.5916     -0.6677      0.0762
  159      0.8989     -0.6027     -0.6779      0.0752
  160      0.9036     -0.6137     -0.6878      0.0742
  161      0.9082     -0.6245     -0.6977      0.0732
  162      0.9127     -0.6351     -0.7074      0.0722
  163      0.9171     -0.6456     -0.7169      0.0713
  164      0.9214     -0.6559     -0.7263      0.0704
  165      0.9256     -0.6660     -0.7355      0.0694
  166      0.9297     -0.6759     -0.7445      0.0685
  167      0.9337     -0.6856     -0.7533      0.0677
  168      0.9375     -0.6952     -0.7620      0.0668
  169      0.9413     -0.7044     -0.7704      0.0660
  170      0.9450     -0.7135     -0.7786      0.0651
  171      0.9485     -0.7223     -0.7867      0.0643
  172      0.9519     -0.7309     -0.7945      0.0635
  173      0.9553     -0.7393     -0.8021      0.0628
  174      0.9585     -0.7474     -0.8094      0.0621
  175      0.9616     -0.7553     -0.8166      0.0614
  176      0.9645     -0.7628     -0.8235      0.0607
  177      0.9674     -0.7702     -0.8302      0.0600
  178      0.9701     -0.7772     -0.8366      0.0594
  179      0.9728     -0.7840     -0.8427      0.0587
  180      0.9753     -0.7905     -0.8486      0.0581
  181      0.9777     -0.7967     -0.8542      0.0575
  182      0.9799     -0.8026     -0.8588      0.0561
  183      0.9821     -0.8082     -0.8624      0.0542
  184      0.9841     -0.8136     -0.8654      0.0518
  185      0.9860     -0.8186     -0.8679      0.0493
  186      0.9878     -0.8233     -0.8698      0.0465
  187      0.9895     -0.8277     -0.8714      0.0437
  188      0.9911     -0.8318     -0.8726      0.0408
  189      0.9925     -0.8356     -0.8734      0.0378
  190      0.9938     -0.8390     -0.8739      0.0348
  191      0.9950     -0.8422     -0.8741      0.0319
  192      0.9960     -0.8450     -0.8740      0.0290
  193      0.9970     -0.8477     -0.8736      0.0260
  194      0.9978     -0.8503     -0.8729      0.0225
  195      0.9984     -0.8530     -0.8720      0.0190
  196      0.9990     -0.8554     -0.8709      0.0155
  197      0.9994     -0.8578     -0.8696      0.0118
  198      0.9998     -0.8602     -0.8681      0.0079
  199      0.9999     -0.8625     -0.8663      0.0038
  200      1.0000     -0.8635     -0.8635      0.0000
 GRID EXPANSION RATIO UP=    1.11538 DOWN =    1.05711
  AXIAL,TANGENTIAL AND RADIAL COORDINATES ON THE STREAM
  SURFACE BEFORE TRANSFORMING TO R-THETA COORDINATES 
 J, XGRID,YGRID,RGRID            1   7.64785521E-03  -5.47154620E-03  0.379777133    
 J, XGRID,YGRID,RGRID            2   8.19863193E-03  -4.78655007E-03  0.380443782    
 J, XGRID,YGRID,RGRID            3   8.71976186E-03  -4.17241268E-03  0.381002516    
 J, XGRID,YGRID,RGRID            4   9.21154954E-03  -3.62180336E-03  0.381467998    
 J, XGRID,YGRID,RGRID            5   9.67410672E-03  -3.12815118E-03  0.381854475    
 J, XGRID,YGRID,RGRID            6   1.01075545E-02  -2.68556457E-03  0.382174164    
 J, XGRID,YGRID,RGRID            7   1.05122058E-02  -2.28876038E-03  0.382437676    
 J, XGRID,YGRID,RGRID            8   1.08885979E-02  -1.93300331E-03  0.382654428    
 J, XGRID,YGRID,RGRID            9   1.12374909E-02  -1.61404710E-03  0.382832289    
 J, XGRID,YGRID,RGRID           10   1.15609858E-02  -1.32808473E-03  0.382976413    
 J, XGRID,YGRID,RGRID           11   1.18668275E-02  -1.07170339E-03  0.383082658    
 J, XGRID,YGRID,RGRID           12   1.21412240E-02  -8.41843081E-04  0.383177847    
 J, XGRID,YGRID,RGRID           13   1.23873008E-02  -6.35760312E-04  0.383263141    
 J, XGRID,YGRID,RGRID           14   1.26079116E-02  -4.50995518E-04  0.383339763    
 J, XGRID,YGRID,RGRID           15   1.28056072E-02  -2.85343471E-04  0.383408666    
 J, XGRID,YGRID,RGRID           16   1.29827857E-02  -1.36827090E-04  0.383470565    
 J, XGRID,YGRID,RGRID           17   1.31415669E-02  -3.67378220E-06  0.383526236    
 J, XGRID,YGRID,RGRID           18   1.32838534E-02   1.15705669E-04  0.383576274    
 J, XGRID,YGRID,RGRID           19   1.34113580E-02   2.22736082E-04  0.383621246    
 J, XGRID,YGRID,RGRID           20   1.35256164E-02   3.18694860E-04  0.383661658    
 J, XGRID,YGRID,RGRID           21   1.36280004E-02   4.04727325E-04  0.383697987    
 J, XGRID,YGRID,RGRID           22   1.37252696E-02   8.64790869E-04  0.383742034    
 J, XGRID,YGRID,RGRID           23   1.38259875E-02   1.01492263E-03  0.383789599    
 J, XGRID,YGRID,RGRID           24   1.39304223E-02   1.15069805E-03  0.383841068    
 J, XGRID,YGRID,RGRID           25   1.40388301E-02   1.28609815E-03  0.383896828    
 J, XGRID,YGRID,RGRID           26   1.41514465E-02   1.42188743E-03  0.383957356    
 J, XGRID,YGRID,RGRID           27   1.42684812E-02   1.56016881E-03  0.384023100    
 J, XGRID,YGRID,RGRID           28   1.43901240E-02   1.70013926E-03  0.384094626    
 J, XGRID,YGRID,RGRID           29   1.45165315E-02   1.84219575E-03  0.384172469    
 J, XGRID,YGRID,RGRID           30   1.46478433E-02   1.98669219E-03  0.384257227    
 J, XGRID,YGRID,RGRID           31   1.47841629E-02   2.13425793E-03  0.384349525    
 J, XGRID,YGRID,RGRID           32   1.49255684E-02   2.28379760E-03  0.384449959    
 J, XGRID,YGRID,RGRID           33   1.50721148E-02   2.43517780E-03  0.384559453    
 J, XGRID,YGRID,RGRID           34   1.52238179E-02   2.58826977E-03  0.384678721    
 J, XGRID,YGRID,RGRID           35   1.53806657E-02   2.74231075E-03  0.384808302    
 J, XGRID,YGRID,RGRID           36   1.55425491E-02   2.89802556E-03  0.384949327    
 J, XGRID,YGRID,RGRID           37   1.57091040E-02   3.05295247E-03  0.385102034    
 J, XGRID,YGRID,RGRID           38   1.58803239E-02   3.20689892E-03  0.385267913    
 J, XGRID,YGRID,RGRID           39   1.60561893E-02   3.35946097E-03  0.385447443    
 J, XGRID,YGRID,RGRID           40   1.62367150E-02   3.50969052E-03  0.385642171    
 J, XGRID,YGRID,RGRID           41   1.64219048E-02   3.65768606E-03  0.385853022    
 J, XGRID,YGRID,RGRID           42   1.66117754E-02   3.80042288E-03  0.386081606    
 J, XGRID,YGRID,RGRID           43   1.68062318E-02   3.93766165E-03  0.386329025    
 J, XGRID,YGRID,RGRID           44   1.70051008E-02   4.06821305E-03  0.386596560    
 J, XGRID,YGRID,RGRID           45   1.72084756E-02   4.19070432E-03  0.386886358    
 J, XGRID,YGRID,RGRID           46   1.74164604E-02   4.30231541E-03  0.387199640    
 J, XGRID,YGRID,RGRID           47   1.76292080E-02   4.40155715E-03  0.387538701    
 J, XGRID,YGRID,RGRID           48   1.78469233E-02   4.48749028E-03  0.387905866    
 J, XGRID,YGRID,RGRID           49   1.80697944E-02   4.55388846E-03  0.388303250    
 J, XGRID,YGRID,RGRID           50   1.82997938E-02   4.60028416E-03  0.388736635    
 J, XGRID,YGRID,RGRID           51   1.85393021E-02   4.62277373E-03  0.389213413    
 J, XGRID,YGRID,RGRID           52   1.87876672E-02   4.61235037E-03  0.389735132    
 J, XGRID,YGRID,RGRID           53   1.90439876E-02   4.56667645E-03  0.390302390    
 J, XGRID,YGRID,RGRID           54   1.93072278E-02   4.47410764E-03  0.390913635    
 J, XGRID,YGRID,RGRID           55   1.95763540E-02   4.33411729E-03  0.391566366    
 J, XGRID,YGRID,RGRID           56   1.98504049E-02   4.13501309E-03  0.392255396    
 J, XGRID,YGRID,RGRID           57   2.01259516E-02   3.87852313E-03  0.392968178    
 J, XGRID,YGRID,RGRID           58   2.04001106E-02   3.56902904E-03  0.393690586    
 J, XGRID,YGRID,RGRID           59   2.06731744E-02   3.19986418E-03  0.394415230    
 J, XGRID,YGRID,RGRID           60   2.09458303E-02   2.77729658E-03  0.395136058    
 J, XGRID,YGRID,RGRID           61   2.12190449E-02   2.30284245E-03  0.395848125    
 J, XGRID,YGRID,RGRID           62   2.14939695E-02   1.77839282E-03  0.396546304    
 J, XGRID,YGRID,RGRID           63   2.17719544E-02   1.20579754E-03  0.397226810    
 J, XGRID,YGRID,RGRID           64   2.20566168E-02   5.81912114E-04  0.397891700    
 J, XGRID,YGRID,RGRID           65   2.23510452E-02  -9.61966871E-05  0.398540765    
 J, XGRID,YGRID,RGRID           66   2.26569213E-02  -8.28397227E-04  0.399170607    
 J, XGRID,YGRID,RGRID           67   2.29757242E-02  -1.61396863E-03  0.399777055    
 J, XGRID,YGRID,RGRID           68   2.33087353E-02  -2.45150388E-03  0.400356174    
 J, XGRID,YGRID,RGRID           69   2.36569382E-02  -3.33876256E-03  0.400903612    
 J, XGRID,YGRID,RGRID           70   2.40209624E-02  -4.27255780E-03  0.401415378    
 J, XGRID,YGRID,RGRID           71   2.43987851E-02  -5.24299685E-03  0.401885033    
 J, XGRID,YGRID,RGRID           72   2.47889422E-02  -6.24199351E-03  0.402308911    
 J, XGRID,YGRID,RGRID           73   2.51906235E-02  -7.26366183E-03  0.402685732    
 J, XGRID,YGRID,RGRID           74   2.56028380E-02  -8.30226578E-03  0.403014958    
 J, XGRID,YGRID,RGRID           75   2.60244701E-02  -9.35273338E-03  0.403297335    
 J, XGRID,YGRID,RGRID           76   2.64543127E-02  -1.04097249E-02  0.403533429    
 J, XGRID,YGRID,RGRID           77   2.68911626E-02  -1.14687607E-02  0.403724998    
 J, XGRID,YGRID,RGRID           78   2.73356754E-02  -1.25303194E-02  0.403874606    
 J, XGRID,YGRID,RGRID           79   2.77890246E-02  -1.35939233E-02  0.403981268    
 J, XGRID,YGRID,RGRID           80   2.82859020E-02  -1.46537423E-02  0.403986037    
 J, XGRID,YGRID,RGRID           81   2.87686959E-02  -1.57080851E-02  0.403987139    
 J, XGRID,YGRID,RGRID           82   2.92369146E-02  -1.67545080E-02  0.403985560    
 J, XGRID,YGRID,RGRID           83   2.96901464E-02  -1.77903809E-02  0.403982162    
 J, XGRID,YGRID,RGRID           84   3.01280227E-02  -1.88131519E-02  0.403977484    
 J, XGRID,YGRID,RGRID           85   3.05199698E-02  -1.98194850E-02  0.404021055    
 J, XGRID,YGRID,RGRID           86   3.08748856E-02  -2.08089370E-02  0.404098362    
 J, XGRID,YGRID,RGRID           87   3.12058125E-02  -2.17781831E-02  0.404188871    
 J, XGRID,YGRID,RGRID           88   3.15141715E-02  -2.27250159E-02  0.404290080    
 J, XGRID,YGRID,RGRID           89   3.18013206E-02  -2.36470625E-02  0.404400080    
 J, XGRID,YGRID,RGRID           90   3.20684910E-02  -2.45428588E-02  0.404516786    
 J, XGRID,YGRID,RGRID           91   3.23168226E-02  -2.56445687E-02  0.404638529    
 J, XGRID,YGRID,RGRID           92   3.25589441E-02  -2.64754426E-02  0.404770195    
 J, XGRID,YGRID,RGRID           93   3.28082815E-02  -2.73535643E-02  0.404919863    
 J, XGRID,YGRID,RGRID           94   3.30646709E-02  -2.82818340E-02  0.405089885    
 J, XGRID,YGRID,RGRID           95   3.33278850E-02  -2.92631220E-02  0.405281991    
 J, XGRID,YGRID,RGRID           96   3.35976556E-02  -3.03004514E-02  0.405498832    
 J, XGRID,YGRID,RGRID           97   3.38736512E-02  -3.13970260E-02  0.405742705    
 J, XGRID,YGRID,RGRID           98   3.41555290E-02  -3.25562283E-02  0.406016678    
 J, XGRID,YGRID,RGRID           99   3.44428867E-02  -3.37816365E-02  0.406323582    
 J, XGRID,YGRID,RGRID          100   3.47353071E-02  -3.50770280E-02  0.406666964    
 J, XGRID,YGRID,RGRID          101   3.50323319E-02  -3.64464000E-02  0.407049924    
 J, XGRID,YGRID,RGRID          102   3.53335030E-02  -3.78939845E-02  0.407476038    
 J, XGRID,YGRID,RGRID          103   3.56383808E-02  -3.94242406E-02  0.407949030    
 J, XGRID,YGRID,RGRID          104   3.59465703E-02  -4.10418920E-02  0.408472985    
 J, XGRID,YGRID,RGRID          105   3.62577960E-02  -4.27519307E-02  0.409052253    
 J, XGRID,YGRID,RGRID          106   3.65718566E-02  -4.45596315E-02  0.409690291    

  THE BLADE CENTROID ON THE X-Y SURFACE IS AT X, Y=    0.02244  -0.00505


  THE J VALUE OF THE CENTROID IS J =           66

  THE CENTROID ON THE STREAM SURFACE IS AT   2.24372223E-02   0.00000000    
  THE HUB SECTION CENTROID IS AT   2.61109751E-02   0.00000000    

          20          70          15
   IIN     XIN       REL SPACING 
    1       0.00000   0.50000
    2       0.10000   0.70000
    3       0.20000   1.00000
    4       0.30000   1.40000
    5       0.40000   2.00000
    6       0.50000   3.00000
    7       0.60000   3.00000
    8       0.70000   3.00000
    9       0.80000   2.50000
   10       0.90000   2.00000
   11       1.00000   1.50000

 INTERPOLATED POSITIONS OF THE GRID POINTS ON THE BLADE
 AND THE RELATIVE SPACING OF THE POINTS 

    1       0.00000   0.50000
    2       0.01449   0.52279
    3       0.02899   0.54768
    4       0.04348   0.57467
    5       0.05797   0.60376
    6       0.07246   0.63495
    7       0.08696   0.66824
    8       0.10145   0.70363
    9       0.11594   0.74113
   10       0.13043   0.78072
   11       0.14493   0.82241
   12       0.15942   0.86620
   13       0.17391   0.91210
   14       0.18841   0.96009
   15       0.20290   1.00970
   16       0.21739   1.05957
   17       0.23188   1.11190
   18       0.24638   1.16701
   19       0.26087   1.22518
   20       0.27536   1.28674
   21       0.28986   1.35198
   22       0.30435   1.42048
   23       0.31884   1.49170
   24       0.33333   1.56790
   25       0.34783   1.64971
   26       0.36232   1.73773
   27       0.37681   1.83256
   28       0.39130   1.93482
   29       0.40580   2.06053
   30       0.42029   2.21595
   31       0.43478   2.37380
   32       0.44928   2.52982
   33       0.46377   2.67976
   34       0.47826   2.81935
   35       0.49275   2.94432
   36       0.50725   3.02159
   37       0.52174   3.05055
   38       0.53623   3.06306
   39       0.55072   3.06219
   40       0.56522   3.05096
   41       0.57971   3.03242
   42       0.59420   3.00963
   43       0.60870   3.00719
   44       0.62319   3.01828
   45       0.63768   3.02694
   46       0.65217   3.03164
   47       0.66667   3.03086
   48       0.68116   3.02308
   49       0.69565   3.00678
   50       0.71014   2.96370
   51       0.72464   2.90395
   52       0.73913   2.83628
   53       0.75362   2.76222
   54       0.76812   2.68329
   55       0.78261   2.60101
   56       0.79710   2.51691
   57       0.81159   2.44203
   58       0.82609   2.36957
   59       0.84058   2.29710
   60       0.85507   2.22464
   61       0.86957   2.15217
   62       0.88406   2.07971
   63       0.89855   2.00725
   64       0.91304   1.93478
   65       0.92754   1.86232
   66       0.94203   1.78985
   67       0.95652   1.71739
   68       0.97101   1.64493
   69       0.98551   1.57246
   70       1.00000   1.50000

  BLADE TRUE CHORD:AXIAL CHORD RATIO =    2.09749031    


    TKLE      TKTE      TKMAX     XTMAX     XMODLE     XMODTE    TK_TYP 
    0.0400    0.0400    0.1000    0.5000    0.0200    0.0100    2.0000


 FCHORD=    1.00000000      FPERP=    0.00000000     FTKSCALE=    1.00000000    


  CENTRELINE COORDINATES AND THICKNESS FOR INTYPE = 1

    XIN        YIN       TKIN 
   0.00000   0.00000   0.08390
   0.00006  -0.00018   0.08393
   0.00025  -0.00071   0.08403
   0.00056  -0.00161   0.08418
   0.00100  -0.00285   0.08440
   0.00156  -0.00445   0.08468
   0.00224  -0.00641   0.08503
   0.00305  -0.00871   0.08543
   0.00398  -0.01135   0.08590
   0.00504  -0.01433   0.08642
   0.00622  -0.01765   0.08701
   0.00752  -0.02131   0.08766
   0.00895  -0.02528   0.08836
   0.01049  -0.02958   0.08913
   0.01216  -0.03419   0.08995
   0.01395  -0.03911   0.09083
   0.01587  -0.04433   0.09176
   0.01790  -0.04984   0.09275
   0.02005  -0.05563   0.09379
   0.02232  -0.06169   0.09489
   0.02472  -0.06803   0.09603
   0.02723  -0.07461   0.09723
   0.02985  -0.08144   0.09848
   0.03260  -0.08851   0.09978
   0.03546  -0.09580   0.10112
   0.03844  -0.10331   0.10251
   0.04153  -0.11101   0.10394
   0.04474  -0.11891   0.10541
   0.04806  -0.12698   0.10693
   0.05149  -0.13522   0.10849
   0.05504  -0.14361   0.11008
   0.05869  -0.15214   0.11171
   0.06246  -0.16079   0.11338
   0.06633  -0.16955   0.11508
   0.07031  -0.17841   0.11681
   0.07440  -0.18736   0.11857
   0.07860  -0.19637   0.12036
   0.08290  -0.20543   0.12217
   0.08730  -0.21453   0.12401
   0.09181  -0.22366   0.12587
   0.09642  -0.23280   0.12776
   0.10113  -0.24192   0.12966
   0.10594  -0.25103   0.13158
   0.11085  -0.26009   0.13351
   0.11585  -0.26910   0.13546
   0.12095  -0.27804   0.13742
   0.12615  -0.28689   0.13939
   0.13144  -0.29564   0.14137
   0.13682  -0.30428   0.14335
   0.14229  -0.31277   0.14533
   0.14784  -0.32112   0.14732
   0.15349  -0.32930   0.14931
   0.15923  -0.33730   0.15129
   0.16504  -0.34510   0.15327
   0.17095  -0.35269   0.15524
   0.17693  -0.36004   0.15721
   0.18299  -0.36716   0.15916
   0.18914  -0.37401   0.16110
   0.19536  -0.38058   0.16303
   0.20166  -0.38686   0.16494
   0.20803  -0.39284   0.16684
   0.21447  -0.39850   0.16871
   0.22099  -0.40382   0.17056
   0.22757  -0.40879   0.17239
   0.23422  -0.41339   0.17419
   0.24094  -0.41762   0.17597
   0.24772  -0.42146   0.17771
   0.25457  -0.42490   0.17943
   0.26148  -0.42792   0.18111
   0.26845  -0.43050   0.18276
   0.27547  -0.43265   0.18437
   0.28255  -0.43434   0.18595
   0.28968  -0.43557   0.18748
   0.29687  -0.43632   0.18898
   0.30411  -0.43659   0.19043
   0.31140  -0.43635   0.19184
   0.31873  -0.43562   0.19321
   0.32611  -0.43436   0.19453
   0.33353  -0.43258   0.19580
   0.34099  -0.43027   0.19702
   0.34850  -0.42741   0.19819
   0.35604  -0.42401   0.19932
   0.36362  -0.42005   0.20039
   0.37123  -0.41553   0.20140
   0.37887  -0.41044   0.20236
   0.38654  -0.40477   0.20327
   0.39424  -0.39853   0.20412
   0.40197  -0.39170   0.20491
   0.40972  -0.38429   0.20565
   0.41750  -0.37628   0.20632
   0.42529  -0.36769   0.20694
   0.43311  -0.35849   0.20750
   0.44094  -0.34870   0.20799
   0.44878  -0.33832   0.20843
   0.45664  -0.32733   0.20880
   0.46451  -0.31575   0.20911
   0.47239  -0.30356   0.20937
   0.48027  -0.29079   0.20955
   0.48816  -0.27741   0.20968
   0.49605  -0.26345   0.20974
   0.50395  -0.24890   0.20974
   0.51184  -0.23376   0.20968
   0.51973  -0.21804   0.20955
   0.52761  -0.20174   0.20937
   0.53549  -0.18487   0.20911
   0.54336  -0.16744   0.20880
   0.55122  -0.14945   0.20843
   0.55906  -0.13091   0.20799
   0.56689  -0.11182   0.20750
   0.57471  -0.09220   0.20694
   0.58250  -0.07206   0.20632
   0.59028  -0.05139   0.20565
   0.59803  -0.03022   0.20491
   0.60576  -0.00855   0.20412
   0.61346   0.01361   0.20327
   0.62113   0.03624   0.20236
   0.62877   0.05933   0.20140
   0.63638   0.08287   0.20039
   0.64396   0.10685   0.19932
   0.65150   0.13125   0.19819
   0.65901   0.15607   0.19702
   0.66647   0.18128   0.19580
   0.67389   0.20687   0.19453
   0.68127   0.23282   0.19321
   0.68860   0.25912   0.19184
   0.69589   0.28576   0.19043
   0.70313   0.31272   0.18898
   0.71031   0.33997   0.18748
   0.71745   0.36751   0.18595
   0.72453   0.39531   0.18437
   0.73155   0.42336   0.18276
   0.73852   0.45164   0.18111
   0.74543   0.48013   0.17943
   0.75228   0.50881   0.17771
   0.75906   0.53766   0.17597
   0.76578   0.56666   0.17419
   0.77243   0.59580   0.17239
   0.77901   0.62505   0.17056
   0.78553   0.65440   0.16871
   0.79197   0.68382   0.16684
   0.79834   0.71329   0.16494
   0.80464   0.74279   0.16303
   0.81086   0.77231   0.16110
   0.81701   0.80181   0.15916
   0.82307   0.83128   0.15721
   0.82905   0.86071   0.15524
   0.83496   0.89006   0.15327
   0.84077   0.91931   0.15129
   0.84651   0.94845   0.14931
   0.85216   0.97746   0.14732
   0.85771   1.00631   0.14533
   0.86318   1.03498   0.14335
   0.86856   1.06345   0.14137
   0.87385   1.09170   0.13939
   0.87905   1.11970   0.13742
   0.88415   1.14745   0.13546
   0.88915   1.17492   0.13351
   0.89406   1.20208   0.13158
   0.89887   1.22891   0.12966
   0.90358   1.25541   0.12776
   0.90819   1.28154   0.12587
   0.91270   1.30729   0.12401
   0.91710   1.33263   0.12217
   0.92140   1.35756   0.12036
   0.92560   1.38204   0.11857
   0.92969   1.40607   0.11681
   0.93367   1.42961   0.11508
   0.93754   1.45266   0.11338
   0.94131   1.47520   0.11171
   0.94496   1.49721   0.11008
   0.94851   1.51867   0.10849
   0.95194   1.53956   0.10693
   0.95526   1.55988   0.10541
   0.95847   1.57960   0.10394
   0.96156   1.59871   0.10251
   0.96454   1.61720   0.10112
   0.96740   1.63504   0.09978
   0.97015   1.65223   0.09848
   0.97277   1.66875   0.09723
   0.97528   1.68460   0.09603
   0.97768   1.69975   0.09489
   0.97995   1.71419   0.09379
   0.98210   1.72792   0.09275
   0.98413   1.74093   0.09176
   0.98605   1.75320   0.09083
   0.98784   1.76472   0.08995
   0.98951   1.77549   0.08913
   0.99105   1.78549   0.08836
   0.99248   1.79473   0.08766
   0.99378   1.80318   0.08701
   0.99496   1.81085   0.08642
   0.99602   1.81773   0.08590
   0.99695   1.82381   0.08543
   0.99776   1.82909   0.08503
   0.99844   1.83357   0.08468
   0.99900   1.83723   0.08440
   0.99944   1.84009   0.08418
   0.99975   1.84213   0.08403
   0.99994   1.84336   0.08393
   1.00000   1.84376   0.08390

  BLADE SURFACE COORDINATES GENERATED USING INTYPE = 1

  XUP          YUP       XLOW      YLOW 
   0.00001   0.04195  -0.00001  -0.04195
   0.00007   0.04179   0.00005  -0.04214
   0.00026   0.04130   0.00024  -0.04273
   0.00057   0.04048   0.00055  -0.04370
   0.00101   0.03935   0.00099  -0.04505
   0.00157   0.03789   0.00155  -0.04680
   0.00225   0.03611   0.00223  -0.04892
   0.00306   0.03401   0.00304  -0.05142
   0.00399   0.03160   0.00397  -0.05430
   0.00505   0.02888   0.00503  -0.05755
   0.00623   0.02585   0.00621  -0.06116
   0.00753   0.02252   0.00751  -0.06514
   0.00896   0.01890   0.00894  -0.06947
   0.01050   0.01498   0.01048  -0.07415
   0.01217   0.01078   0.01215  -0.07917
   0.01396   0.00630   0.01394  -0.08452
   0.01588   0.00155   0.01586  -0.09021
   0.01791  -0.00346   0.01789  -0.09621
   0.02006  -0.00873   0.02004  -0.10252
   0.02233  -0.01425   0.02231  -0.10914
   0.02473  -0.02001   0.02471  -0.11604
   0.02724  -0.02600   0.02722  -0.12323
   0.02986  -0.03220   0.02984  -0.13068
   0.03261  -0.03862   0.03259  -0.13840
   0.03547  -0.04524   0.03545  -0.14636
   0.03845  -0.05205   0.03843  -0.15456
   0.04154  -0.05904   0.04152  -0.16298
   0.04475  -0.06620   0.04473  -0.17162
   0.04807  -0.07352   0.04805  -0.18045
   0.05150  -0.08098   0.05148  -0.18946
   0.05505  -0.08857   0.05503  -0.19865
   0.05870  -0.09628   0.05868  -0.20799
   0.06247  -0.10410   0.06245  -0.21748
   0.06634  -0.11201   0.06632  -0.22709
   0.07032  -0.12001   0.07030  -0.23682
   0.07441  -0.12807   0.07439  -0.24664
   0.07861  -0.13619   0.07859  -0.25655
   0.08291  -0.14435   0.08289  -0.26652
   0.08731  -0.15253   0.08729  -0.27654
   0.09182  -0.16072   0.09180  -0.28660
   0.09643  -0.16892   0.09641  -0.29667
   0.10114  -0.17709   0.10112  -0.30675
   0.10595  -0.18524   0.10593  -0.31682
   0.11086  -0.19333   0.11084  -0.32685
   0.11586  -0.20137   0.11584  -0.33683
   0.12096  -0.20933   0.12094  -0.34675
   0.12616  -0.21720   0.12614  -0.35659
   0.13145  -0.22496   0.13143  -0.36633
   0.13683  -0.23260   0.13681  -0.37595
   0.14230  -0.24011   0.14228  -0.38544
   0.14785  -0.24746   0.14783  -0.39478
   0.15350  -0.25465   0.15348  -0.40396
   0.15924  -0.26166   0.15922  -0.41295
   0.16505  -0.26847   0.16503  -0.42174
   0.17096  -0.27507   0.17094  -0.43031
   0.17694  -0.28144   0.17692  -0.43865
   0.18300  -0.28757   0.18298  -0.44674
   0.18915  -0.29345   0.18913  -0.45456
   0.19537  -0.29906   0.19535  -0.46210
   0.20167  -0.30439   0.20165  -0.46933
   0.20804  -0.30942   0.20802  -0.47626
   0.21448  -0.31414   0.21446  -0.48285
   0.22100  -0.31854   0.22098  -0.48910
   0.22758  -0.32259   0.22756  -0.49498
   0.23423  -0.32630   0.23421  -0.50049
   0.24095  -0.32964   0.24093  -0.50561
   0.24773  -0.33261   0.24771  -0.51032
   0.25458  -0.33518   0.25456  -0.51461
   0.26149  -0.33736   0.26147  -0.51847
   0.26846  -0.33912   0.26844  -0.52188
   0.27548  -0.34046   0.27546  -0.52483
   0.28256  -0.34137   0.28254  -0.52732
   0.28969  -0.34183   0.28967  -0.52931
   0.29688  -0.34183   0.29686  -0.53081
   0.30412  -0.34137   0.30410  -0.53180
   0.31141  -0.34043   0.31139  -0.53228
   0.31874  -0.33901   0.31872  -0.53222
   0.32612  -0.33710   0.32610  -0.53162
   0.33354  -0.33468   0.33352  -0.53048
   0.34100  -0.33176   0.34098  -0.52878
   0.34851  -0.32832   0.34849  -0.52651
   0.35605  -0.32435   0.35603  -0.52367
   0.36363  -0.31986   0.36361  -0.52024
   0.37124  -0.31483   0.37122  -0.51623
   0.37888  -0.30925   0.37886  -0.51162
   0.38655  -0.30314   0.38653  -0.50641
   0.39425  -0.29647   0.39423  -0.50059
   0.40198  -0.28925   0.40196  -0.49416
   0.40973  -0.28146   0.40971  -0.48711
   0.41751  -0.27312   0.41749  -0.47944
   0.42530  -0.26422   0.42528  -0.47116
   0.43312  -0.25474   0.43310  -0.46224
   0.44095  -0.24471   0.44093  -0.45270
   0.44879  -0.23410   0.44877  -0.44253
   0.45665  -0.22293   0.45663  -0.43173
   0.46452  -0.21119   0.46450  -0.42030
   0.47240  -0.19888   0.47238  -0.40825
   0.48028  -0.18601   0.48026  -0.39556
   0.48817  -0.17257   0.48815  -0.38225
   0.49606  -0.15858   0.49604  -0.36832
   0.50396  -0.14402   0.50394  -0.35377
   0.51185  -0.12892   0.51183  -0.33860
   0.51974  -0.11326   0.51972  -0.32281
   0.52762  -0.09706   0.52760  -0.30642
   0.53550  -0.08032   0.53548  -0.28943
   0.54337  -0.06304   0.54335  -0.27184
   0.55123  -0.04524   0.55121  -0.25367
   0.55907  -0.02691   0.55905  -0.23491
   0.56690  -0.00808   0.56688  -0.21557
   0.57472   0.01127   0.57470  -0.19567
   0.58251   0.03111   0.58249  -0.17522
   0.59029   0.05143   0.59027  -0.15421
   0.59804   0.07224   0.59802  -0.13267
   0.60577   0.09351   0.60575  -0.11061
   0.61347   0.11524   0.61345  -0.08803
   0.62114   0.13742   0.62112  -0.06495
   0.62878   0.16003   0.62876  -0.04137
   0.63639   0.18306   0.63637  -0.01732
   0.64397   0.20651   0.64395   0.00719
   0.65151   0.23035   0.65149   0.03216
   0.65902   0.25458   0.65900   0.05756
   0.66648   0.27918   0.66646   0.08338
   0.67390   0.30413   0.67388   0.10960
   0.68128   0.32942   0.68126   0.13622
   0.68861   0.35504   0.68859   0.16320
   0.69590   0.38098   0.69588   0.19055
   0.70314   0.40720   0.70312   0.21823
   0.71033   0.43371   0.71030   0.24623
   0.71746   0.46048   0.71744   0.27453
   0.72454   0.48749   0.72452   0.30312
   0.73156   0.51474   0.73154   0.33198
   0.73853   0.54219   0.73851   0.36108
   0.74544   0.56984   0.74542   0.39041
   0.75229   0.59766   0.75227   0.41995
   0.75907   0.62564   0.75905   0.44968
   0.76579   0.65376   0.76577   0.47957
   0.77244   0.68200   0.77242   0.50961
   0.77902   0.71033   0.77900   0.53977
   0.78554   0.73875   0.78552   0.57004
   0.79198   0.76724   0.79196   0.60040
   0.79835   0.79576   0.79833   0.63082
   0.80465   0.82431   0.80463   0.66128
   0.81087   0.85286   0.81085   0.69175
   0.81702   0.88139   0.81700   0.72223
   0.82308   0.90989   0.82306   0.75268
   0.82906   0.93833   0.82904   0.78308
   0.83497   0.96669   0.83495   0.81342
   0.84078   0.99496   0.84076   0.84367
   0.84652   1.02311   0.84650   0.87380
   0.85217   1.05112   0.85215   0.90380
   0.85772   1.07897   0.85770   0.93364
   0.86319   1.10665   0.86317   0.96330
   0.86857   1.13413   0.86855   0.99276
   0.87386   1.16139   0.87384   1.02200
   0.87906   1.18842   0.87904   1.05099
   0.88416   1.21518   0.88414   1.07972
   0.88916   1.24167   0.88914   1.10816
   0.89407   1.26787   0.89405   1.13629
   0.89888   1.29375   0.89886   1.16408
   0.90359   1.31929   0.90357   1.19153
   0.90820   1.34448   0.90818   1.21860
   0.91271   1.36929   0.91269   1.24528
   0.91711   1.39372   0.91709   1.27155
   0.92141   1.41774   0.92139   1.29738
   0.92561   1.44133   0.92559   1.32276
   0.92970   1.46447   0.92968   1.34766
   0.93368   1.48715   0.93366   1.37207
   0.93755   1.50935   0.93753   1.39598
   0.94132   1.53106   0.94130   1.41935
   0.94497   1.55225   0.94495   1.44217
   0.94852   1.57291   0.94850   1.46443
   0.95195   1.59303   0.95193   1.48610
   0.95527   1.61259   0.95525   1.50717
   0.95848   1.63157   0.95846   1.52763
   0.96157   1.64996   0.96155   1.54746
   0.96455   1.66775   0.96453   1.56664
   0.96741   1.68493   0.96739   1.58515
   0.97016   1.70147   0.97014   1.60299
   0.97278   1.71737   0.97276   1.62014
   0.97529   1.73261   0.97527   1.63658
   0.97769   1.74719   0.97767   1.65230
   0.97996   1.76109   0.97994   1.66730
   0.98211   1.77430   0.98209   1.68155
   0.98414   1.78681   0.98412   1.69505
   0.98606   1.79861   0.98604   1.70778
   0.98785   1.80969   0.98783   1.71975
   0.98952   1.82005   0.98950   1.73092
   0.99106   1.82967   0.99104   1.74131
   0.99249   1.83855   0.99247   1.75090
   0.99379   1.84669   0.99377   1.75968
   0.99497   1.85406   0.99495   1.76764
   0.99603   1.86068   0.99601   1.77478
   0.99696   1.86653   0.99694   1.78110
   0.99777   1.87161   0.99775   1.78658
   0.99845   1.87591   0.99843   1.79123
   0.99901   1.87944   0.99899   1.79503
   0.99945   1.88218   0.99943   1.79800
   0.99976   1.88414   0.99974   1.80012
   0.99995   1.88532   0.99993   1.80139
   1.00001   1.88571   0.99999   1.80181

XIN,   MODIFIED LEADING EDGE THICKNESS     0.00000     0.00000
XIN,   MODIFIED LEADING EDGE THICKNESS     0.00006     0.09652
XIN,   MODIFIED LEADING EDGE THICKNESS     0.00025     0.19214
XIN,   MODIFIED LEADING EDGE THICKNESS     0.00056     0.28594
XIN,   MODIFIED LEADING EDGE THICKNESS     0.00100     0.37704
XIN,   MODIFIED LEADING EDGE THICKNESS     0.00156     0.46457
XIN,   MODIFIED LEADING EDGE THICKNESS     0.00224     0.54766
XIN,   MODIFIED LEADING EDGE THICKNESS     0.00305     0.62551
XIN,   MODIFIED LEADING EDGE THICKNESS     0.00398     0.69735
XIN,   MODIFIED LEADING EDGE THICKNESS     0.00504     0.76246
XIN,   MODIFIED LEADING EDGE THICKNESS     0.00622     0.82022
XIN,   MODIFIED LEADING EDGE THICKNESS     0.00752     0.87008
XIN,   MODIFIED LEADING EDGE THICKNESS     0.00895     0.91166
XIN,   MODIFIED LEADING EDGE THICKNESS     0.01049     0.94477
XIN,   MODIFIED LEADING EDGE THICKNESS     0.01216     0.96944
XIN,   MODIFIED LEADING EDGE THICKNESS     0.01395     0.98609
XIN,   MODIFIED LEADING EDGE THICKNESS     0.01587     0.99557
XIN,   MODIFIED LEADING EDGE THICKNESS     0.01790     0.99942
 XIN,   MODIFIED TRAILING EDGE THICKNESS     0.99105     0.99442
 XIN,   MODIFIED TRAILING EDGE THICKNESS     0.99248     0.96876
 XIN,   MODIFIED TRAILING EDGE THICKNESS     0.99378     0.92571
 XIN,   MODIFIED TRAILING EDGE THICKNESS     0.99496     0.86823
 XIN,   MODIFIED TRAILING EDGE THICKNESS     0.99602     0.79867
 XIN,   MODIFIED TRAILING EDGE THICKNESS     0.99695     0.71900
 XIN,   MODIFIED TRAILING EDGE THICKNESS     0.99776     0.63090
 XIN,   MODIFIED TRAILING EDGE THICKNESS     0.99844     0.53585
 XIN,   MODIFIED TRAILING EDGE THICKNESS     0.99900     0.43519
 XIN,   MODIFIED TRAILING EDGE THICKNESS     0.99944     0.33013
 XIN,   MODIFIED TRAILING EDGE THICKNESS     0.99975     0.22186
 XIN,   MODIFIED TRAILING EDGE THICKNESS     0.99994     0.11144
 XIN,   MODIFIED TRAILING EDGE THICKNESS     1.00000     0.00000

  POINTS NEARLY PERPENDICULAR TO THE CENTRE LINE BEFORE THINNING 
        N        XUPP      YUPP        XLOW        YLOW 
         1     0.01447     0.00505    -0.01211    -0.00422
         2     0.01454     0.00487    -0.01205    -0.00440
         3     0.01475     0.00435    -0.01187    -0.00494
         4     0.01510     0.00348    -0.01158    -0.00585
         5     0.01559     0.00226    -0.01118    -0.00711
         6     0.01623     0.00069    -0.01066    -0.00873
         7     0.01700    -0.00122    -0.01002    -0.01071
         8     0.01791    -0.00347    -0.00928    -0.01305
         9     0.01897    -0.00605    -0.00842    -0.01573
        10     0.02016    -0.00897    -0.00744    -0.01876
        11     0.02150    -0.01221    -0.00636    -0.02213
        12     0.02297    -0.01578    -0.00517    -0.02584
        13     0.02458    -0.01965    -0.00388    -0.02989
        14     0.02634    -0.02385    -0.00247    -0.03426
        15     0.02824    -0.02835    -0.00097    -0.03896
        16     0.03027    -0.03315     0.00064    -0.04398
        17     0.03244    -0.03820     0.00235    -0.04930
        18     0.03476    -0.04357     0.00417    -0.05492
        19     0.03721    -0.04921     0.00610    -0.06083
        20     0.03980    -0.05511     0.00813    -0.06703
        21     0.04254    -0.06126     0.01027    -0.07350
        22     0.04541    -0.06765     0.01251    -0.08024
        23     0.04841    -0.07427     0.01486    -0.08724
        24     0.05156    -0.08111     0.01730    -0.09447
        25     0.05485    -0.08810     0.01985    -0.10194
        26     0.05828    -0.09535     0.02250    -0.10967
        27     0.06185    -0.10277     0.02525    -0.11759
        28     0.06555    -0.11036     0.02809    -0.12571
        29     0.06940    -0.11811     0.03103    -0.13402
        30     0.07338    -0.12599     0.03407    -0.14252
        31     0.07750    -0.13401     0.03721    -0.15118
        32     0.08176    -0.14213     0.04043    -0.16000
        33     0.08616    -0.15034     0.04375    -0.16897
        34     0.09070    -0.15864     0.04716    -0.17807
        35     0.09538    -0.16699     0.05067    -0.18729
        36     0.10020    -0.17539     0.05425    -0.19661
        37     0.10515    -0.18382     0.05793    -0.20604
        38     0.11025    -0.19225     0.06170    -0.21554
        39     0.11548    -0.20067     0.06555    -0.22512
        40     0.12086    -0.20905     0.06948    -0.23476
        41     0.12637    -0.21751     0.07350    -0.24444
        42     0.13203    -0.22579     0.07760    -0.25416
        43     0.13783    -0.23397     0.08178    -0.26389
        44     0.14376    -0.24204     0.08604    -0.27364
        45     0.14983    -0.24996     0.09038    -0.28339
        46     0.15604    -0.25772     0.09481    -0.29312
        47     0.16237    -0.26528     0.09931    -0.30283
        48     0.16884    -0.27263     0.10389    -0.31251
        49     0.17543    -0.27974     0.10855    -0.32214
        50     0.18213    -0.28657     0.11330    -0.33172
        51     0.18895    -0.29310     0.11812    -0.34124
        52     0.19588    -0.29950     0.12304    -0.35070
        53     0.20291    -0.30536     0.12804    -0.36008
        54     0.21000    -0.31085     0.13314    -0.36938
        55     0.21715    -0.31591     0.13834    -0.37860
        56     0.22432    -0.32054     0.14365    -0.38774
        57     0.23149    -0.32470     0.14908    -0.39679
        58     0.23860    -0.32838     0.15464    -0.40576
        59     0.24561    -0.33158     0.16035    -0.41465
        60     0.25246    -0.33429     0.16622    -0.42346
        61     0.25909    -0.33651     0.17229    -0.43219
        62     0.26543    -0.33829     0.17858    -0.44084
        63     0.27139    -0.33965     0.18512    -0.44943
        64     0.27690    -0.34064     0.19196    -0.45795
        65     0.28190    -0.34110     0.19914    -0.46638
        66     0.28638    -0.34155     0.20673    -0.47473
        67     0.29024    -0.34183     0.21478    -0.48316
        68     0.29356    -0.34176     0.22341    -0.49125
        69     0.29628    -0.34164     0.23266    -0.49907
        70     0.29851    -0.34172     0.24262    -0.50676
        71     0.30027    -0.34156     0.25335    -0.51369
        72     0.30164    -0.34143     0.26490    -0.52009
        73     0.30272    -0.34131     0.27724    -0.52544
        74     0.30358    -0.34120     0.29029    -0.52944
        75     0.30435    -0.34134     0.30387    -0.53153
        76     0.30510    -0.34124     0.31774    -0.53203
        77     0.30595    -0.34112     0.33160    -0.53063
        78     0.30699    -0.34097     0.34519    -0.52742
        79     0.30832    -0.34075     0.35828    -0.52262
        80     0.31005    -0.34045     0.37075    -0.51622
        81     0.31226    -0.34026     0.38249    -0.50909
        82     0.31500    -0.33968     0.39357    -0.50084
        83     0.31841    -0.33886     0.40397    -0.49231
        84     0.32242    -0.33800     0.41379    -0.48300
        85     0.32714    -0.33676     0.42312    -0.47330
        86     0.33252    -0.33483     0.43201    -0.46326
        87     0.33851    -0.33262     0.44053    -0.45291
        88     0.34510    -0.32980     0.44875    -0.44225
        89     0.00000     0.00043     0.45671    -0.43161
        90     0.00000     0.00021     0.46447    -0.42004
        91     0.00000     0.00015     0.47206    -0.40844
        92     0.00000     0.00012     0.47952    -0.39650
        93     0.00000     0.00011     0.48688    -0.38418
        94     0.00000     0.00010     0.49416    -0.37147
        95     0.00000     0.00010     0.50137    -0.35836
        96     0.00000     0.00010     0.50854    -0.34481
        97     0.00000     0.00010     0.51568    -0.33083
        98     0.00000     0.00011     0.52279    -0.31639
        99     0.00000     0.00013     0.52988    -0.30147
       100     0.00000     0.00016     0.53697    -0.28609
       101     0.00000     0.00021     0.54405    -0.27021
       102     0.00000     0.00034     0.55113    -0.25355
       103     0.00000     0.00116     0.55818    -0.23674
       104     0.48339    -0.18068     0.56524    -0.21943
       105     0.49239    -0.16501     0.57230    -0.20163
       106     0.50137    -0.14867     0.57936    -0.18332
       107     0.51031    -0.13169     0.58643    -0.16451
       108     0.51921    -0.11407     0.59349    -0.14520
       109     0.52806    -0.09613     0.60056    -0.12540
       110     0.53685    -0.07734     0.60762    -0.10510
       111     0.54560    -0.05796     0.61468    -0.08432
       112     0.55431    -0.03800     0.62173    -0.06306
       113     0.56296    -0.01748     0.62878    -0.04133
       114     0.57157     0.00358     0.63580    -0.01888
       115     0.58013     0.02518     0.64282     0.00373
       116     0.58864     0.04729     0.64982     0.02680
       117     0.59709     0.06990     0.65681     0.05030
       118     0.60549     0.09299     0.66378     0.07423
       119     0.61382     0.11627     0.67074     0.09858
       120     0.62210     0.14025     0.67767     0.12333
       121     0.63031     0.16466     0.68458     0.14847
       122     0.63847     0.18950     0.69146     0.17399
       123     0.64657     0.21474     0.69831     0.19988
       124     0.65460     0.24037     0.70514     0.22612
       125     0.66258     0.26637     0.71193     0.25270
       126     0.67049     0.29272     0.71869     0.27959
       127     0.67833     0.31940     0.72541     0.30679
       128     0.68611     0.34640     0.73209     0.33428
       129     0.69382     0.37370     0.73874     0.36204
       130     0.70146     0.40127     0.74533     0.39029
       131     0.70903     0.42911     0.75188     0.41852
       132     0.71653     0.45718     0.75839     0.44697
       133     0.72396     0.48548     0.76484     0.47562
       134     0.73132     0.51398     0.77125     0.50446
       135     0.73859     0.54243     0.77760     0.53347
       136     0.74579     0.57126     0.78390     0.56262
       137     0.75291     0.60023     0.79014     0.59189
       138     0.75995     0.62932     0.79632     0.62128
       139     0.76691     0.65851     0.80244     0.65075
       140     0.77378     0.68778     0.80850     0.68030
       141     0.78058     0.71712     0.81449     0.70989
       142     0.78729     0.74649     0.82042     0.73950
       143     0.79391     0.77587     0.82629     0.76913
       144     0.80045     0.80526     0.83208     0.79874
       145     0.80689     0.83461     0.83780     0.82831
       146     0.81325     0.86393     0.84345     0.85783
       147     0.81952     0.89317     0.84903     0.88727
       148     0.82569     0.92233     0.85453     0.91662
       149     0.83177     0.95137     0.85995     0.94585
       150     0.83776     0.98028     0.86530     0.97493
       151     0.84365     1.00904     0.87056     1.00386
       152     0.84944     1.03762     0.87574     1.03261
       153     0.85513     1.06601     0.88084     1.06115
       154     0.86072     1.09418     0.88585     1.08947
       155     0.86621     1.12211     0.89078     1.11755
       156     0.87160     1.14979     0.89562     1.14536
       157     0.87689     1.17718     0.90037     1.17289
       158     0.88207     1.20427     0.90503     1.20011
       159     0.88715     1.23105     0.90960     1.22701
       160     0.89212     1.25748     0.91407     1.25356
       161     0.89698     1.28355     0.91845     1.27975
       162     0.90173     1.30924     0.92274     1.30555
       163     0.90637     1.33453     0.92693     1.33094
       164     0.91090     1.35940     0.93102     1.35591
       165     0.91532     1.38383     0.93501     1.38044
       166     0.91963     1.40780     0.93891     1.40451
       167     0.92382     1.43130     0.94270     1.42810
       168     0.92790     1.45430     0.94639     1.45119
       169     0.93186     1.47680     0.94998     1.47377
       170     0.93570     1.49876     0.95346     1.49581
       171     0.93943     1.52018     0.95684     1.51731
       172     0.94304     1.54104     0.96011     1.53824
       173     0.94653     1.56132     0.96328     1.55859
       174     0.94990     1.58100     0.96634     1.57834
       175     0.95315     1.60008     0.96929     1.59748
       176     0.95627     1.61853     0.97213     1.61600
       177     0.95928     1.63634     0.97486     1.63387
       178     0.96216     1.65350     0.97748     1.65109
       179     0.96492     1.67000     0.97999     1.66761
       180     0.96756     1.68582     0.98238     1.68347
       181     0.97007     1.70098     0.98466     1.69865
       182     0.97245     1.71539     0.98683     1.71311
       183     0.97471     1.72910     0.98889     1.72687
       184     0.97684     1.74208     0.99083     1.73989
       185     0.97885     1.75432     0.99266     1.75217
       186     0.98073     1.76583     0.99437     1.76371
       187     0.98248     1.77658     0.99596     1.77449
       188     0.98410     1.78658     0.99744     1.78451
       189     0.98560     1.79580     0.99880     1.79375
       190     0.98696     1.80423     1.00005     1.80222
       191     0.98820     1.81189     1.00118     1.80990
       192     0.98931     1.81877     1.00219     1.81678
       193     0.99029     1.82484     1.00308     1.82287
       194     0.99113     1.83011     1.00386     1.82816
       195     0.99185     1.83458     1.00452     1.83264
       196     0.99244     1.83825     1.00506     1.83631
       197     0.99290     1.84109     1.00548     1.83917
       198     0.99322     1.84313     1.00578     1.84121
       199     0.99342     1.84435     1.00596     1.84244
       200     0.99348     1.84476     1.00602     1.84285
  COORDINATES GOING ROUND THE BLADE AFTER ANY ROTATION
     N        XSURF        YSURF 
         1     0.00182     0.00064
         2     0.00253     0.00068
         3     0.00400     0.00059
         4     0.00557     0.00015
         5     0.00725    -0.00066
         6     0.00903    -0.00184
         7     0.01089    -0.00337
         8     0.01282    -0.00526
         9     0.01482    -0.00752
        10     0.01688    -0.01014
        11     0.01899    -0.01310
        12     0.02114    -0.01644
        13     0.02333    -0.02010
        14     0.02555    -0.02414
        15     0.02779    -0.02852
        16     0.03006    -0.03323
        17     0.03238    -0.03823
        18     0.03475    -0.04358
        19     0.03721    -0.04921
        20     0.03980    -0.05511
        21     0.04254    -0.06126
        22     0.04541    -0.06765
        23     0.04841    -0.07427
        24     0.05156    -0.08111
        25     0.05485    -0.08810
        26     0.05828    -0.09535
        27     0.06185    -0.10277
        28     0.06555    -0.11036
        29     0.06940    -0.11811
        30     0.07338    -0.12599
        31     0.07750    -0.13401
        32     0.08176    -0.14213
        33     0.08616    -0.15034
        34     0.09070    -0.15864
        35     0.09538    -0.16699
        36     0.10020    -0.17539
        37     0.10515    -0.18382
        38     0.11025    -0.19225
        39     0.11548    -0.20067
        40     0.12086    -0.20905
        41     0.12637    -0.21751
        42     0.13203    -0.22579
        43     0.13783    -0.23397
        44     0.14376    -0.24204
        45     0.14983    -0.24996
        46     0.15604    -0.25772
        47     0.16237    -0.26528
        48     0.16884    -0.27263
        49     0.17543    -0.27974
        50     0.18213    -0.28657
        51     0.18895    -0.29310
        52     0.19588    -0.29950
        53     0.20291    -0.30537
        54     0.21000    -0.31085
        55     0.21715    -0.31591
        56     0.22432    -0.32054
        57     0.23149    -0.32470
        58     0.23860    -0.32838
        59     0.24561    -0.33158
        60     0.25246    -0.33429
        61     0.25909    -0.33651
        62     0.26543    -0.33829
        63     0.27139    -0.33965
        64     0.27690    -0.34064
        65     0.28190    -0.34110
        66     0.28638    -0.34155
        67     0.29024    -0.34183
        68     0.29356    -0.34176
        69     0.29628    -0.34164
        70     0.29851    -0.34172
        71     0.30027    -0.34156
        72     0.30164    -0.34143
        73     0.30272    -0.34131
        74     0.30358    -0.34120
        75     0.30435    -0.34134
        76     0.30510    -0.34124
        77     0.30595    -0.34112
        78     0.30699    -0.34097
        79     0.30832    -0.34075
        80     0.31005    -0.34045
        81     0.31226    -0.34026
        82     0.31500    -0.33968
        83     0.31841    -0.33886
        84     0.32242    -0.33800
        85     0.32714    -0.33676
        86     0.33252    -0.33483
        87     0.33851    -0.33262
        88     0.34510    -0.32980
        89     0.00000     0.00043
        90     0.00000     0.00021
        91     0.00000     0.00015
        92     0.00000     0.00012
        93     0.00000     0.00011
        94     0.00000     0.00010
        95     0.00000     0.00010
        96     0.00000     0.00010
        97     0.00000     0.00010
        98     0.00000     0.00011
        99     0.00000     0.00013
       100     0.00000     0.00016
       101     0.00000     0.00021
       102     0.00000     0.00034
       103     0.00000     0.00116
       104     0.48339    -0.18068
       105     0.49239    -0.16501
       106     0.50137    -0.14867
       107     0.51031    -0.13169
       108     0.51921    -0.11407
       109     0.52806    -0.09613
       110     0.53685    -0.07734
       111     0.54560    -0.05796
       112     0.55431    -0.03800
       113     0.56296    -0.01748
       114     0.57157     0.00358
       115     0.58013     0.02518
       116     0.58864     0.04729
       117     0.59709     0.06990
       118     0.60549     0.09299
       119     0.61382     0.11627
       120     0.62210     0.14025
       121     0.63031     0.16466
       122     0.63847     0.18950
       123     0.64657     0.21474
       124     0.65460     0.24037
       125     0.66258     0.26637
       126     0.67049     0.29272
       127     0.67833     0.31940
       128     0.68611     0.34640
       129     0.69382     0.37370
       130     0.70146     0.40127
       131     0.70903     0.42911
       132     0.71653     0.45718
       133     0.72396     0.48548
       134     0.73132     0.51398
       135     0.73859     0.54243
       136     0.74579     0.57126
       137     0.75291     0.60023
       138     0.75995     0.62932
       139     0.76691     0.65851
       140     0.77378     0.68778
       141     0.78058     0.71712
       142     0.78729     0.74649
       143     0.79391     0.77587
       144     0.80045     0.80526
       145     0.80689     0.83461
       146     0.81325     0.86393
       147     0.81952     0.89317
       148     0.82569     0.92233
       149     0.83177     0.95137
       150     0.83776     0.98028
       151     0.84365     1.00904
       152     0.84944     1.03762
       153     0.85513     1.06601
       154     0.86072     1.09418
       155     0.86621     1.12211
       156     0.87160     1.14979
       157     0.87689     1.17718
       158     0.88207     1.20427
       159     0.88715     1.23105
       160     0.89212     1.25748
       161     0.89698     1.28355
       162     0.90173     1.30924
       163     0.90637     1.33453
       164     0.91090     1.35940
       165     0.91532     1.38383
       166     0.91963     1.40780
       167     0.92382     1.43130
       168     0.92790     1.45430
       169     0.93186     1.47680
       170     0.93570     1.49876
       171     0.93943     1.52018
       172     0.94304     1.54104
       173     0.94653     1.56132
       174     0.94990     1.58100
       175     0.95315     1.60008
       176     0.95627     1.61853
       177     0.95928     1.63634
       178     0.96216     1.65350
       179     0.96492     1.67000
       180     0.96756     1.68582
       181     0.97007     1.70098
       182     0.97245     1.71539
       183     0.97471     1.72910
       184     0.97684     1.74208
       185     0.97885     1.75432
       186     0.98073     1.76583
       187     0.98248     1.77658
       188     0.98414     1.78658
       189     0.98581     1.79576
       190     0.98745     1.80416
       191     0.98906     1.81176
       192     0.99061     1.81857
       193     0.99208     1.82456
       194     0.99348     1.82975
       195     0.99479     1.83413
       196     0.99600     1.83770
       197     0.99711     1.84045
       198     0.99811     1.84238
       199     0.99899     1.84350
       200     0.99940     1.84386
       201     1.00010     1.84375
       202     1.00039     1.84329
       203     1.00089     1.84196
       204     1.00126     1.83981
       205     1.00149     1.83686
       206     1.00158     1.83309
       207     1.00151     1.82852
       208     1.00129     1.82315
       209     1.00089     1.81698
       210     1.00032     1.81003
       211     0.99956     1.80229
       212     0.99860     1.79378
       213     0.99741     1.78451
       214     0.99596     1.77449
       215     0.99437     1.76371
       216     0.99266     1.75217
       217     0.99083     1.73989
       218     0.98889     1.72687
       219     0.98683     1.71311
       220     0.98466     1.69865
       221     0.98238     1.68347
       222     0.97999     1.66761
       223     0.97748     1.65109
       224     0.97486     1.63387
       225     0.97213     1.61600
       226     0.96929     1.59748
       227     0.96634     1.57834
       228     0.96328     1.55859
       229     0.96011     1.53824
       230     0.95684     1.51731
       231     0.95346     1.49581
       232     0.94998     1.47377
       233     0.94639     1.45119
       234     0.94270     1.42810
       235     0.93891     1.40451
       236     0.93501     1.38044
       237     0.93102     1.35591
       238     0.92693     1.33094
       239     0.92274     1.30555
       240     0.91845     1.27975
       241     0.91407     1.25356
       242     0.90960     1.22701
       243     0.90503     1.20011
       244     0.90037     1.17289
       245     0.89562     1.14536
       246     0.89078     1.11755
       247     0.88585     1.08947
       248     0.88084     1.06115
       249     0.87574     1.03261
       250     0.87056     1.00386
       251     0.86530     0.97493
       252     0.85995     0.94585
       253     0.85453     0.91662
       254     0.84903     0.88727
       255     0.84345     0.85783
       256     0.83780     0.82831
       257     0.83208     0.79874
       258     0.82629     0.76913
       259     0.82042     0.73950
       260     0.81449     0.70989
       261     0.80850     0.68030
       262     0.80244     0.65075
       263     0.79632     0.62128
       264     0.79014     0.59189
       265     0.78390     0.56262
       266     0.77760     0.53347
       267     0.77125     0.50446
       268     0.76484     0.47562
       269     0.75839     0.44697
       270     0.75188     0.41852
       271     0.74533     0.39029
       272     0.73874     0.36204
       273     0.73209     0.33428
       274     0.72541     0.30679
       275     0.71869     0.27959
       276     0.71193     0.25270
       277     0.70514     0.22612
       278     0.69831     0.19988
       279     0.69146     0.17399
       280     0.68458     0.14847
       281     0.67767     0.12333
       282     0.67074     0.09858
       283     0.66378     0.07423
       284     0.65681     0.05030
       285     0.64982     0.02680
       286     0.64282     0.00373
       287     0.63580    -0.01888
       288     0.62878    -0.04133
       289     0.62173    -0.06306
       290     0.61468    -0.08432
       291     0.60762    -0.10510
       292     0.60056    -0.12540
       293     0.59349    -0.14520
       294     0.58643    -0.16451
       295     0.57936    -0.18332
       296     0.57230    -0.20163
       297     0.56524    -0.21943
       298     0.55818    -0.23674
       299     0.55113    -0.25355
       300     0.54405    -0.27021
       301     0.53697    -0.28609
       302     0.52988    -0.30147
       303     0.52279    -0.31639
       304     0.51568    -0.33083
       305     0.50854    -0.34481
       306     0.50137    -0.35836
       307     0.49416    -0.37147
       308     0.48688    -0.38418
       309     0.47952    -0.39650
       310     0.47206    -0.40844
       311     0.46447    -0.42004
       312     0.45671    -0.43161
       313     0.44875    -0.44225
       314     0.44053    -0.45291
       315     0.43201    -0.46326
       316     0.42312    -0.47330
       317     0.41379    -0.48300
       318     0.40397    -0.49231
       319     0.39357    -0.50084
       320     0.38249    -0.50909
       321     0.37075    -0.51622
       322     0.35828    -0.52262
       323     0.34519    -0.52742
       324     0.33160    -0.53063
       325     0.31774    -0.53203
       326     0.30387    -0.53153
       327     0.29029    -0.52944
       328     0.27724    -0.52544
       329     0.26490    -0.52009
       330     0.25335    -0.51369
       331     0.24262    -0.50676
       332     0.23266    -0.49907
       333     0.22341    -0.49125
       334     0.21478    -0.48316
       335     0.20673    -0.47473
       336     0.19914    -0.46638
       337     0.19196    -0.45795
       338     0.18512    -0.44943
       339     0.17858    -0.44084
       340     0.17229    -0.43219
       341     0.16622    -0.42346
       342     0.16035    -0.41465
       343     0.15464    -0.40576
       344     0.14908    -0.39679
       345     0.14365    -0.38774
       346     0.13834    -0.37860
       347     0.13314    -0.36938
       348     0.12804    -0.36008
       349     0.12304    -0.35070
       350     0.11812    -0.34124
       351     0.11330    -0.33172
       352     0.10855    -0.32214
       353     0.10389    -0.31251
       354     0.09931    -0.30283
       355     0.09481    -0.29312
       356     0.09038    -0.28339
       357     0.08604    -0.27364
       358     0.08178    -0.26389
       359     0.07760    -0.25416
       360     0.07350    -0.24444
       361     0.06948    -0.23476
       362     0.06555    -0.22512
       363     0.06170    -0.21554
       364     0.05793    -0.20604
       365     0.05425    -0.19661
       366     0.05067    -0.18729
       367     0.04716    -0.17807
       368     0.04375    -0.16897
       369     0.04043    -0.16000
       370     0.03721    -0.15118
       371     0.03407    -0.14252
       372     0.03103    -0.13402
       373     0.02809    -0.12571
       374     0.02525    -0.11759
       375     0.02250    -0.10967
       376     0.01985    -0.10194
       377     0.01730    -0.09447
       378     0.01486    -0.08724
       379     0.01251    -0.08024
       380     0.01027    -0.07350
       381     0.00813    -0.06703
       382     0.00610    -0.06083
       383     0.00418    -0.05492
       384     0.00242    -0.04927
       385     0.00085    -0.04390
       386    -0.00052    -0.03880
       387    -0.00168    -0.03398
       388    -0.00262    -0.02944
       389    -0.00335    -0.02519
       390    -0.00386    -0.02124
       391    -0.00417    -0.01760
       392    -0.00427    -0.01426
       393    -0.00419    -0.01125
       394    -0.00391    -0.00857
       395    -0.00346    -0.00621
       396    -0.00284    -0.00419
       397    -0.00206    -0.00252
       398    -0.00112    -0.00119
       399    -0.00004    -0.00021
       400     0.00054     0.00019
  LEADING EDGE POINT =          392  TE POINT =         206

  NO OF SUCT S POINTS         215  NO PRESS S POINTS         187
  XMIN,XMAX, XCHORD    -4.27237619E-03   1.00157845       1.00585079    

   SUCTION SURFACE POINTS FROM LE TO TE.
         1    -0.00427    -0.01426
         2    -0.00419    -0.01125
         3    -0.00391    -0.00857
         4    -0.00346    -0.00621
         5    -0.00284    -0.00419
         6    -0.00206    -0.00252
         7    -0.00112    -0.00119
         8    -0.00004    -0.00021
         9     0.00054     0.00019
        10     0.00182     0.00064
        11     0.00253     0.00068
        12     0.00400     0.00059
        13     0.00557     0.00015
        14     0.00725    -0.00066
        15     0.00903    -0.00184
        16     0.01089    -0.00337
        17     0.01282    -0.00526
        18     0.01482    -0.00752
        19     0.01688    -0.01014
        20     0.01899    -0.01310
        21     0.02114    -0.01644
        22     0.02333    -0.02010
        23     0.02555    -0.02414
        24     0.02779    -0.02852
        25     0.03006    -0.03323
        26     0.03238    -0.03823
        27     0.03475    -0.04358
        28     0.03721    -0.04921
        29     0.03980    -0.05511
        30     0.04254    -0.06126
        31     0.04541    -0.06765
        32     0.04841    -0.07427
        33     0.05156    -0.08111
        34     0.05485    -0.08810
        35     0.05828    -0.09535
        36     0.06185    -0.10277
        37     0.06555    -0.11036
        38     0.06940    -0.11811
        39     0.07338    -0.12599
        40     0.07750    -0.13401
        41     0.08176    -0.14213
        42     0.08616    -0.15034
        43     0.09070    -0.15864
        44     0.09538    -0.16699
        45     0.10020    -0.17539
        46     0.10515    -0.18382
        47     0.11025    -0.19225
        48     0.11548    -0.20067
        49     0.12086    -0.20905
        50     0.12637    -0.21751
        51     0.13203    -0.22579
        52     0.13783    -0.23397
        53     0.14376    -0.24204
        54     0.14983    -0.24996
        55     0.15604    -0.25772
        56     0.16237    -0.26528
        57     0.16884    -0.27263
        58     0.17543    -0.27974
        59     0.18213    -0.28657
        60     0.18895    -0.29310
        61     0.19588    -0.29950
        62     0.20291    -0.30537
        63     0.21000    -0.31085
        64     0.21715    -0.31591
        65     0.22432    -0.32054
        66     0.23149    -0.32470
        67     0.23860    -0.32838
        68     0.24561    -0.33158
        69     0.25246    -0.33429
        70     0.25909    -0.33651
        71     0.26543    -0.33829
        72     0.27139    -0.33965
        73     0.27690    -0.34064
        74     0.28190    -0.34110
        75     0.28638    -0.34155
        76     0.29024    -0.34183
        77     0.29356    -0.34176
        78     0.29628    -0.34164
        79     0.29851    -0.34172
        80     0.30027    -0.34156
        81     0.30164    -0.34143
        82     0.30272    -0.34131
        83     0.30358    -0.34120
        84     0.30435    -0.34134
        85     0.30510    -0.34124
        86     0.30595    -0.34112
        87     0.30699    -0.34097
        88     0.30832    -0.34075
        89     0.31005    -0.34045
        90     0.31226    -0.34026
        91     0.31500    -0.33968
        92     0.31841    -0.33886
        93     0.32242    -0.33800
        94     0.32714    -0.33676
        95     0.33252    -0.33483
        96     0.33851    -0.33262
        97     0.34510    -0.32980
        98     0.00000     0.00043
        99     0.00000     0.00021
       100     0.00000     0.00015
       101     0.00000     0.00012
       102     0.00000     0.00011
       103     0.00000     0.00010
       104     0.00000     0.00010
       105     0.00000     0.00010
       106     0.00000     0.00010
       107     0.00000     0.00011
       108     0.00000     0.00013
       109     0.00000     0.00016
       110     0.00000     0.00021
       111     0.00000     0.00034
       112     0.00000     0.00116
       113     0.48339    -0.18068
       114     0.49239    -0.16501
       115     0.50137    -0.14867
       116     0.51031    -0.13169
       117     0.51921    -0.11407
       118     0.52806    -0.09613
       119     0.53685    -0.07734
       120     0.54560    -0.05796
       121     0.55431    -0.03800
       122     0.56296    -0.01748
       123     0.57157     0.00358
       124     0.58013     0.02518
       125     0.58864     0.04729
       126     0.59709     0.06990
       127     0.60549     0.09299
       128     0.61382     0.11627
       129     0.62210     0.14025
       130     0.63031     0.16466
       131     0.63847     0.18950
       132     0.64657     0.21474
       133     0.65460     0.24037
       134     0.66258     0.26637
       135     0.67049     0.29272
       136     0.67833     0.31940
       137     0.68611     0.34640
       138     0.69382     0.37370
       139     0.70146     0.40127
       140     0.70903     0.42911
       141     0.71653     0.45718
       142     0.72396     0.48548
       143     0.73132     0.51398
       144     0.73859     0.54243
       145     0.74579     0.57126
       146     0.75291     0.60023
       147     0.75995     0.62932
       148     0.76691     0.65851
       149     0.77378     0.68778
       150     0.78058     0.71712
       151     0.78729     0.74649
       152     0.79391     0.77587
       153     0.80045     0.80526
       154     0.80689     0.83461
       155     0.81325     0.86393
       156     0.81952     0.89317
       157     0.82569     0.92233
       158     0.83177     0.95137
       159     0.83776     0.98028
       160     0.84365     1.00904
       161     0.84944     1.03762
       162     0.85513     1.06601
       163     0.86072     1.09418
       164     0.86621     1.12211
       165     0.87160     1.14979
       166     0.87689     1.17718
       167     0.88207     1.20427
       168     0.88715     1.23105
       169     0.89212     1.25748
       170     0.89698     1.28355
       171     0.90173     1.30924
       172     0.90637     1.33453
       173     0.91090     1.35940
       174     0.91532     1.38383
       175     0.91963     1.40780
       176     0.92382     1.43130
       177     0.92790     1.45430
       178     0.93186     1.47680
       179     0.93570     1.49876
       180     0.93943     1.52018
       181     0.94304     1.54104
       182     0.94653     1.56132
       183     0.94990     1.58100
       184     0.95315     1.60008
       185     0.95627     1.61853
       186     0.95928     1.63634
       187     0.96216     1.65350
       188     0.96492     1.67000
       189     0.96756     1.68582
       190     0.97007     1.70098
       191     0.97245     1.71539
       192     0.97471     1.72910
       193     0.97684     1.74208
       194     0.97885     1.75432
       195     0.98073     1.76583
       196     0.98248     1.77658
       197     0.98414     1.78658
       198     0.98581     1.79576
       199     0.98745     1.80416
       200     0.98906     1.81176
       201     0.99061     1.81857
       202     0.99208     1.82456
       203     0.99348     1.82975
       204     0.99479     1.83413
       205     0.99600     1.83770
       206     0.99711     1.84045
       207     0.99811     1.84238
       208     0.99899     1.84350
       209     0.99940     1.84386
       210     1.00010     1.84375
       211     1.00039     1.84329
       212     1.00089     1.84196
       213     1.00126     1.83981
       214     1.00149     1.83686
       215     1.00158     1.83309

   PRESSURE SURFACE POINTS FROM LE TO TE.
         1    -0.00427    -0.01426
         2    -0.00417    -0.01760
         3    -0.00386    -0.02124
         4    -0.00335    -0.02519
         5    -0.00262    -0.02944
         6    -0.00168    -0.03398
         7    -0.00052    -0.03880
         8     0.00085    -0.04390
         9     0.00242    -0.04927
        10     0.00418    -0.05492
        11     0.00610    -0.06083
        12     0.00813    -0.06703
        13     0.01027    -0.07350
        14     0.01251    -0.08024
        15     0.01486    -0.08724
        16     0.01730    -0.09447
        17     0.01985    -0.10194
        18     0.02250    -0.10967
        19     0.02525    -0.11759
        20     0.02809    -0.12571
        21     0.03103    -0.13402
        22     0.03407    -0.14252
        23     0.03721    -0.15118
        24     0.04043    -0.16000
        25     0.04375    -0.16897
        26     0.04716    -0.17807
        27     0.05067    -0.18729
        28     0.05425    -0.19661
        29     0.05793    -0.20604
        30     0.06170    -0.21554
        31     0.06555    -0.22512
        32     0.06948    -0.23476
        33     0.07350    -0.24444
        34     0.07760    -0.25416
        35     0.08178    -0.26389
        36     0.08604    -0.27364
        37     0.09038    -0.28339
        38     0.09481    -0.29312
        39     0.09931    -0.30283
        40     0.10389    -0.31251
        41     0.10855    -0.32214
        42     0.11330    -0.33172
        43     0.11812    -0.34124
        44     0.12304    -0.35070
        45     0.12804    -0.36008
        46     0.13314    -0.36938
        47     0.13834    -0.37860
        48     0.14365    -0.38774
        49     0.14908    -0.39679
        50     0.15464    -0.40576
        51     0.16035    -0.41465
        52     0.16622    -0.42346
        53     0.17229    -0.43219
        54     0.17858    -0.44084
        55     0.18512    -0.44943
        56     0.19196    -0.45795
        57     0.19914    -0.46638
        58     0.20673    -0.47473
        59     0.21478    -0.48316
        60     0.22341    -0.49125
        61     0.23266    -0.49907
        62     0.24262    -0.50676
        63     0.25335    -0.51369
        64     0.26490    -0.52009
        65     0.27724    -0.52544
        66     0.29029    -0.52944
        67     0.30387    -0.53153
        68     0.31774    -0.53203
        69     0.33160    -0.53063
        70     0.34519    -0.52742
        71     0.35828    -0.52262
        72     0.37075    -0.51622
        73     0.38249    -0.50909
        74     0.39357    -0.50084
        75     0.40397    -0.49231
        76     0.41379    -0.48300
        77     0.42312    -0.47330
        78     0.43201    -0.46326
        79     0.44053    -0.45291
        80     0.44875    -0.44225
        81     0.45671    -0.43161
        82     0.46447    -0.42004
        83     0.47206    -0.40844
        84     0.47952    -0.39650
        85     0.48688    -0.38418
        86     0.49416    -0.37147
        87     0.50137    -0.35836
        88     0.50854    -0.34481
        89     0.51568    -0.33083
        90     0.52279    -0.31639
        91     0.52988    -0.30147
        92     0.53697    -0.28609
        93     0.54405    -0.27021
        94     0.55113    -0.25355
        95     0.55818    -0.23674
        96     0.56524    -0.21943
        97     0.57230    -0.20163
        98     0.57936    -0.18332
        99     0.58643    -0.16451
       100     0.59349    -0.14520
       101     0.60056    -0.12540
       102     0.60762    -0.10510
       103     0.61468    -0.08432
       104     0.62173    -0.06306
       105     0.62878    -0.04133
       106     0.63580    -0.01888
       107     0.64282     0.00373
       108     0.64982     0.02680
       109     0.65681     0.05030
       110     0.66378     0.07423
       111     0.67074     0.09858
       112     0.67767     0.12333
       113     0.68458     0.14847
       114     0.69146     0.17399
       115     0.69831     0.19988
       116     0.70514     0.22612
       117     0.71193     0.25270
       118     0.71869     0.27959
       119     0.72541     0.30679
       120     0.73209     0.33428
       121     0.73874     0.36204
       122     0.74533     0.39029
       123     0.75188     0.41852
       124     0.75839     0.44697
       125     0.76484     0.47562
       126     0.77125     0.50446
       127     0.77760     0.53347
       128     0.78390     0.56262
       129     0.79014     0.59189
       130     0.79632     0.62128
       131     0.80244     0.65075
       132     0.80850     0.68030
       133     0.81449     0.70989
       134     0.82042     0.73950
       135     0.82629     0.76913
       136     0.83208     0.79874
       137     0.83780     0.82831
       138     0.84345     0.85783
       139     0.84903     0.88727
       140     0.85453     0.91662
       141     0.85995     0.94585
       142     0.86530     0.97493
       143     0.87056     1.00386
       144     0.87574     1.03261
       145     0.88084     1.06115
       146     0.88585     1.08947
       147     0.89078     1.11755
       148     0.89562     1.14536
       149     0.90037     1.17289
       150     0.90503     1.20011
       151     0.90960     1.22701
       152     0.91407     1.25356
       153     0.91845     1.27975
       154     0.92274     1.30555
       155     0.92693     1.33094
       156     0.93102     1.35591
       157     0.93501     1.38044
       158     0.93891     1.40451
       159     0.94270     1.42810
       160     0.94639     1.45119
       161     0.94998     1.47377
       162     0.95346     1.49581
       163     0.95684     1.51731
       164     0.96011     1.53824
       165     0.96328     1.55859
       166     0.96634     1.57834
       167     0.96929     1.59748
       168     0.97213     1.61600
       169     0.97486     1.63387
       170     0.97748     1.65109
       171     0.97999     1.66761
       172     0.98238     1.68347
       173     0.98466     1.69865
       174     0.98683     1.71311
       175     0.98889     1.72687
       176     0.99083     1.73989
       177     0.99266     1.75217
       178     0.99437     1.76371
       179     0.99596     1.77449
       180     0.99741     1.78451
       181     0.99860     1.79378
       182     0.99956     1.80229
       183     1.00032     1.81003
       184     1.00089     1.81698
       185     1.00129     1.82315
       186     1.00151     1.82852
       187     1.00158     1.83309
  POINTS ON THE BLADE TO BE USED FOR PLOTTING 
  AND FINAL INTERPOLATION 
  N           X          YUP        YLOW        THICK 
    1      0.0000     -0.0142     -0.0142      0.0000
    2      0.0001     -0.0120     -0.0161      0.0041
    3      0.0002     -0.0096     -0.0192      0.0096
    4      0.0006     -0.0075     -0.0223      0.0148
    5      0.0010     -0.0056     -0.0255      0.0199
    6      0.0016     -0.0039     -0.0288      0.0249
    7      0.0022     -0.0025     -0.0322      0.0297
    8      0.0030     -0.0013     -0.0357      0.0344
    9      0.0040     -0.0004     -0.0395      0.0391
   10      0.0050      0.0003     -0.0435      0.0437
   11      0.0062      0.0006     -0.0475      0.0481
   12      0.0075      0.0006     -0.0518      0.0524
   13      0.0089      0.0004     -0.0563      0.0566
   14      0.0105     -0.0002     -0.0610      0.0608
   15      0.0122     -0.0011     -0.0661      0.0650
   16      0.0140     -0.0024     -0.0715      0.0691
   17      0.0159     -0.0041     -0.0773      0.0732
   18      0.0179     -0.0063     -0.0834      0.0771
   19      0.0201     -0.0088     -0.0898      0.0810
   20      0.0223     -0.0119     -0.0965      0.0846
   21      0.0247     -0.0155     -0.1035      0.0880
   22      0.0272     -0.0196     -0.1108      0.0912
   23      0.0299     -0.0244     -0.1184      0.0939
   24      0.0326     -0.0298     -0.1262      0.0963
   25      0.0355     -0.0359     -0.1342      0.0983
   26      0.0384     -0.0425     -0.1426      0.1000
   27      0.0415     -0.0496     -0.1511      0.1015
   28      0.0447     -0.0569     -0.1599      0.1030
   29      0.0481     -0.0643     -0.1688      0.1045
   30      0.0515     -0.0719     -0.1780      0.1061
   31      0.0550     -0.0796     -0.1873      0.1077
   32      0.0587     -0.0874     -0.1968      0.1094
   33      0.0625     -0.0953     -0.2064      0.1110
   34      0.0663     -0.1034     -0.2161      0.1128
   35      0.0703     -0.1115     -0.2260      0.1145
   36      0.0744     -0.1197     -0.2360      0.1163
   37      0.0786     -0.1280     -0.2461      0.1181
   38      0.0829     -0.1363     -0.2562      0.1199
   39      0.0873     -0.1446     -0.2664      0.1218
   40      0.0918     -0.1529     -0.2766      0.1236
   41      0.0964     -0.1613     -0.2868      0.1256
   42      0.1011     -0.1696     -0.2971      0.1275
   43      0.1059     -0.1779     -0.3073      0.1294
   44      0.1108     -0.1862     -0.3175      0.1314
   45      0.1159     -0.1943     -0.3277      0.1334
   46      0.1210     -0.2025     -0.3378      0.1354
   47      0.1261     -0.2105     -0.3478      0.1373
   48      0.1314     -0.2185     -0.3578      0.1393
   49      0.1368     -0.2263     -0.3676      0.1413
   50      0.1423     -0.2340     -0.3773      0.1433
   51      0.1478     -0.2415     -0.3868      0.1453
   52      0.1535     -0.2489     -0.3962      0.1473
   53      0.1592     -0.2560     -0.4053      0.1493
   54      0.1650     -0.2630     -0.4143      0.1513
   55      0.1709     -0.2697     -0.4231      0.1533
   56      0.1769     -0.2763     -0.4316      0.1553
   57      0.1830     -0.2825     -0.4399      0.1573
   58      0.1891     -0.2886     -0.4479      0.1593
   59      0.1954     -0.2944     -0.4556      0.1612
   60      0.2017     -0.3000     -0.4630      0.1630
   61      0.2080     -0.3052     -0.4700      0.1649
   62      0.2145     -0.3101     -0.4769      0.1668
   63      0.2210     -0.3146     -0.4834      0.1687
   64      0.2276     -0.3188     -0.4894      0.1706
   65      0.2342     -0.3227     -0.4950      0.1723
   66      0.2409     -0.3262     -0.5003      0.1741
   67      0.2477     -0.3293     -0.5053      0.1760
   68      0.2546     -0.3321     -0.5097      0.1776
   69      0.2615     -0.3344     -0.5137      0.1792
   70      0.2684     -0.3364     -0.5174      0.1810
   71      0.2755     -0.3379     -0.5205      0.1826
   72      0.2826     -0.3389     -0.5232      0.1843
   73      0.2897     -0.3396     -0.5254      0.1858
   74      0.2969     -0.3397     -0.5270      0.1872
   75      0.3041     -0.3394     -0.5281      0.1886
   76      0.3114     -0.3387     -0.5286      0.1900
   77      0.3187     -0.3374     -0.5289      0.1915
   78      0.3261     -0.3357     -0.5283      0.1926
   79      0.3335     -0.3334     -0.5276      0.1942
   80      0.3410     -0.3306     -0.5259      0.1953
   81      0.3485     -0.1283     -0.5240      0.3956
   82      0.3560     -0.1312     -0.5212      0.3900
   83      0.3636     -0.1340     -0.5180      0.3839
   84      0.3712     -0.1369     -0.5140      0.3772
   85      0.3789     -0.1398     -0.5096      0.3698
   86      0.3865     -0.1427     -0.5046      0.3620
   87      0.3942     -0.1456     -0.4989      0.3533
   88      0.4020     -0.1485     -0.4926      0.3442
   89      0.4097     -0.1514     -0.4858      0.3344
   90      0.4175     -0.1543     -0.4783      0.3240
   91      0.4253     -0.1572     -0.4701      0.3129
   92      0.4331     -0.1602     -0.4613      0.3011
   93      0.4409     -0.1631     -0.4518      0.2887
   94      0.4488     -0.1661     -0.4418      0.2757
   95      0.4566     -0.1690     -0.4313      0.2623
   96      0.4645     -0.1720     -0.4198      0.2479
   97      0.4724     -0.1749     -0.4079      0.2329
   98      0.4803     -0.1779     -0.3953      0.2174
   99      0.4882     -0.1738     -0.3822      0.2084
  100      0.4961     -0.1599     -0.3684      0.2085
  101      0.5039     -0.1454     -0.3539      0.2085
  102      0.5118     -0.1304     -0.3389      0.2084
  103      0.5197     -0.1148     -0.3232      0.2084
  104      0.5276     -0.0989     -0.3069      0.2081
  105      0.5355     -0.0822     -0.2901      0.2079
  106      0.5434     -0.0650     -0.2726      0.2077
  107      0.5512     -0.0472     -0.2543      0.2071
  108      0.5591     -0.0289     -0.2357      0.2067
  109      0.5669     -0.0101     -0.2164      0.2063
  110      0.5747      0.0091     -0.1966      0.2057
  111      0.5825      0.0289     -0.1762      0.2052
  112      0.5903      0.0492     -0.1553      0.2045
  113      0.5980      0.0699     -0.1339      0.2038
  114      0.6058      0.0912     -0.1119      0.2031
  115      0.6135      0.1127     -0.0894      0.2021
  116      0.6211      0.1348     -0.0664      0.2012
  117      0.6288      0.1574     -0.0429      0.2003
  118      0.6364      0.1804     -0.0187      0.1991
  119      0.6440      0.2039      0.0058      0.1981
  120      0.6515      0.2277      0.0307      0.1970
  121      0.6590      0.2519      0.0561      0.1958
  122      0.6665      0.2765      0.0819      0.1946
  123      0.6739      0.3014      0.1080      0.1934
  124      0.6813      0.3267      0.1346      0.1921
  125      0.6886      0.3523      0.1616      0.1907
  126      0.6959      0.3782      0.1889      0.1894
  127      0.7031      0.4044      0.2165      0.1879
  128      0.7103      0.4309      0.2445      0.1865
  129      0.7174      0.4577      0.2728      0.1849
  130      0.7245      0.4847      0.3013      0.1834
  131      0.7316      0.5119      0.3302      0.1818
  132      0.7385      0.5392      0.3592      0.1800
  133      0.7454      0.5669      0.3888      0.1781
  134      0.7523      0.5947      0.4183      0.1764
  135      0.7591      0.6227      0.4481      0.1746
  136      0.7658      0.6508      0.4780      0.1729
  137      0.7724      0.6791      0.5080      0.1711
  138      0.7790      0.7075      0.5382      0.1693
  139      0.7855      0.7359      0.5685      0.1674
  140      0.7920      0.7644      0.5988      0.1656
  141      0.7983      0.7930      0.6293      0.1637
  142      0.8046      0.8215      0.6598      0.1618
  143      0.8109      0.8501      0.6903      0.1599
  144      0.8170      0.8787      0.7207      0.1579
  145      0.8231      0.9072      0.7512      0.1560
  146      0.8291      0.9357      0.7817      0.1540
  147      0.8350      0.9641      0.8120      0.1521
  148      0.8408      0.9924      0.8423      0.1501
  149      0.8465      1.0206      0.8725      0.1481
  150      0.8522      1.0486      0.9025      0.1461
  151      0.8577      1.0765      0.9324      0.1441
  152      0.8632      1.1042      0.9621      0.1421
  153      0.8686      1.1317      0.9916      0.1402
  154      0.8739      1.1590      1.0208      0.1382
  155      0.8790      1.1861      1.0499      0.1362
  156      0.8841      1.2129      1.0786      0.1343
  157      0.8892      1.2394      1.1071      0.1323
  158      0.8941      1.2656      1.1353      0.1304
  159      0.8989      1.2916      1.1631      0.1284
  160      0.9036      1.3171      1.1906      0.1265
  161      0.9082      1.3424      1.2177      0.1246
  162      0.9127      1.3672      1.2444      0.1228
  163      0.9171      1.3917      1.2708      0.1209
  164      0.9214      1.4157      1.2966      0.1191
  165      0.9256      1.4394      1.3221      0.1173
  166      0.9297      1.4625      1.3470      0.1155
  167      0.9337      1.4853      1.3715      0.1138
  168      0.9375      1.5075      1.3954      0.1121
  169      0.9413      1.5292      1.4188      0.1104
  170      0.9450      1.5505      1.4417      0.1088
  171      0.9485      1.5712      1.4640      0.1072
  172      0.9519      1.5913      1.4857      0.1056
  173      0.9553      1.6109      1.5068      0.1041
  174      0.9585      1.6299      1.5273      0.1026
  175      0.9616      1.6484      1.5472      0.1011
  176      0.9645      1.6662      1.5664      0.0997
  177      0.9674      1.6834      1.5850      0.0984
  178      0.9701      1.7000      1.6029      0.0971
  179      0.9728      1.7159      1.6200      0.0959
  180      0.9753      1.7312      1.6365      0.0947
  181      0.9777      1.7458      1.6523      0.0935
  182      0.9799      1.7597      1.6673      0.0924
  183      0.9821      1.7728      1.6816      0.0912
  184      0.9841      1.7843      1.6951      0.0892
  185      0.9860      1.7941      1.7079      0.0862
  186      0.9878      1.8025      1.7199      0.0826
  187      0.9895      1.8097      1.7311      0.0786
  188      0.9911      1.8158      1.7415      0.0743
  189      0.9925      1.8209      1.7511      0.0698
  190      0.9938      1.8250      1.7599      0.0652
  191      0.9950      1.8283      1.7679      0.0603
  192      0.9960      1.8306      1.7754      0.0552
  193      0.9970      1.8322      1.7827      0.0495
  194      0.9978      1.8331      1.7897      0.0434
  195      0.9984      1.8330      1.7964      0.0367
  196      0.9990      1.8321      1.8026      0.0295
  197      0.9994      1.8305      1.8083      0.0222
  198      0.9998      1.8283      1.8135      0.0147
  199      0.9999      1.8252      1.8182      0.0070
  200      1.0000      1.8224      1.8224      0.0000
 GRID EXPANSION RATIO UP=    1.11538 DOWN =    1.05711
  AXIAL,TANGENTIAL AND RADIAL COORDINATES ON THE STREAM
  SURFACE BEFORE TRANSFORMING TO R-THETA COORDINATES 
 J, XGRID,YGRID,RGRID            1   1.83075760E-02   5.71330041E-02  0.171248421    
 J, XGRID,YGRID,RGRID            2   1.94183160E-02   5.03459461E-02  0.168820307    
 J, XGRID,YGRID,RGRID            3   2.03173421E-02   4.42609712E-02  0.166528538    
 J, XGRID,YGRID,RGRID            4   2.10975725E-02   3.88054438E-02  0.164466545    
 J, XGRID,YGRID,RGRID            5   2.18138527E-02   3.39142568E-02  0.162673190    
 J, XGRID,YGRID,RGRID            6   2.24965215E-02   2.95290332E-02  0.161153957    
 J, XGRID,YGRID,RGRID            7   2.31605563E-02   2.55974326E-02  0.159894630    
 J, XGRID,YGRID,RGRID            8   2.38117557E-02   2.20725331E-02  0.158871397    
 J, XGRID,YGRID,RGRID            9   2.44505592E-02   1.89122595E-02  0.158055335    
 J, XGRID,YGRID,RGRID           10   2.50747707E-02   1.60788987E-02  0.157417089    
 J, XGRID,YGRID,RGRID           11   2.56810561E-02   1.35386297E-02  0.156928599    
 J, XGRID,YGRID,RGRID           12   2.62658931E-02   1.12611353E-02  0.156564012    
 J, XGRID,YGRID,RGRID           13   2.68261433E-02   9.21923295E-03  0.156300634    
 J, XGRID,YGRID,RGRID           14   2.73592453E-02   7.38855358E-03  0.156118661    
 J, XGRID,YGRID,RGRID           15   2.78729349E-02   5.74724609E-03  0.156017691    
 J, XGRID,YGRID,RGRID           16   2.83836555E-02   4.27572103E-03  0.156013489    
 J, XGRID,YGRID,RGRID           17   2.88429838E-02   2.95641623E-03  0.156012923    
 J, XGRID,YGRID,RGRID           18   2.92556919E-02   1.77358498E-03  0.156014517    
 J, XGRID,YGRID,RGRID           19   2.96262372E-02   7.13110087E-04  0.156017259    
 J, XGRID,YGRID,RGRID           20   2.99587455E-02  -2.37665430E-04  0.156020567    
 J, XGRID,YGRID,RGRID           21   3.02569997E-02  -1.09008932E-03  0.156023994    
 J, XGRID,YGRID,RGRID           22   3.05244271E-02  -5.54874459E-05  0.155978099    
 J, XGRID,YGRID,RGRID           23   3.07976622E-02   5.16900109E-05  0.155920118    
 J, XGRID,YGRID,RGRID           24   3.10770348E-02  -5.79002044E-05  0.155848488    
 J, XGRID,YGRID,RGRID           25   3.13627906E-02  -3.22192558E-04  0.155761734    
 J, XGRID,YGRID,RGRID           26   3.16550247E-02  -7.24149635E-04  0.155657917    
 J, XGRID,YGRID,RGRID           27   3.19537446E-02  -1.26411067E-03  0.155535102    
 J, XGRID,YGRID,RGRID           28   3.22588235E-02  -1.95183186E-03  0.155391023    
 J, XGRID,YGRID,RGRID           29   3.25700529E-02  -2.80081597E-03  0.155223384    
 J, XGRID,YGRID,RGRID           30   3.28870676E-02  -3.78498062E-03  0.155029535    
 J, XGRID,YGRID,RGRID           31   3.32094394E-02  -4.83777048E-03  0.154806748    
 J, XGRID,YGRID,RGRID           32   3.35366242E-02  -5.92161575E-03  0.154552087    
 J, XGRID,YGRID,RGRID           33   3.38679962E-02  -7.03086331E-03  0.154262438    
 J, XGRID,YGRID,RGRID           34   3.42028812E-02  -8.16932321E-03  0.153934628    
 J, XGRID,YGRID,RGRID           35   3.45405079E-02  -9.33296233E-03  0.153565183    
 J, XGRID,YGRID,RGRID           36   3.48799750E-02  -1.05179511E-02  0.153150931    
 J, XGRID,YGRID,RGRID           37   3.52199562E-02  -1.17186122E-02  0.152689263    
 J, XGRID,YGRID,RGRID           38   3.55599821E-02  -1.29313273E-02  0.152176753    
 J, XGRID,YGRID,RGRID           39   3.58996801E-02  -1.41520631E-02  0.151609704    
 J, XGRID,YGRID,RGRID           40   3.62388827E-02  -1.53762642E-02  0.150984481    
 J, XGRID,YGRID,RGRID           41   3.65776382E-02  -1.65991988E-02  0.150297344    
 J, XGRID,YGRID,RGRID           42   3.69162820E-02  -1.78235583E-02  0.149544552    
 J, XGRID,YGRID,RGRID           43   3.72553021E-02  -1.90234613E-02  0.148722768    
 J, XGRID,YGRID,RGRID           44   3.75955701E-02  -2.01992728E-02  0.147830009    
 J, XGRID,YGRID,RGRID           45   3.79389115E-02  -2.13392563E-02  0.146862939    
 J, XGRID,YGRID,RGRID           46   3.82879786E-02  -2.24337094E-02  0.145818859    
 J, XGRID,YGRID,RGRID           47   3.86463962E-02  -2.34725140E-02  0.144695818    
 J, XGRID,YGRID,RGRID           48   3.90191227E-02  -2.44547985E-02  0.143492773    
 J, XGRID,YGRID,RGRID           49   3.94125395E-02  -2.53364593E-02  0.142209947    
 J, XGRID,YGRID,RGRID           50   3.98384407E-02  -2.61158738E-02  0.140839666    
 J, XGRID,YGRID,RGRID           51   4.03130054E-02  -2.67668143E-02  0.139373392    
 J, XGRID,YGRID,RGRID           52   4.08509634E-02  -2.72572748E-02  0.137826487    
 J, XGRID,YGRID,RGRID           53   4.14708406E-02  -2.75342651E-02  0.136223271    
 J, XGRID,YGRID,RGRID           54   4.21952568E-02  -2.75568757E-02  0.134597972    
 J, XGRID,YGRID,RGRID           55   4.30508777E-02  -2.72802934E-02  0.132995158    
 J, XGRID,YGRID,RGRID           56   4.40676585E-02  -1.49410525E-02  0.131468564    
 J, XGRID,YGRID,RGRID           57   4.52650189E-02  -1.10283112E-02  0.130091026    
 J, XGRID,YGRID,RGRID           58   4.66612056E-02  -1.17102629E-02  0.128935695    
 J, XGRID,YGRID,RGRID           59   4.80074510E-02  -1.23950150E-02  0.127754912    
 J, XGRID,YGRID,RGRID           60   4.91597652E-02  -1.30795715E-02  0.126407310    
 J, XGRID,YGRID,RGRID           61   5.01396358E-02  -1.37616154E-02  0.124920316    
 J, XGRID,YGRID,RGRID           62   5.09663224E-02  -1.44426562E-02  0.123317152    
 J, XGRID,YGRID,RGRID           63   5.16602620E-02  -1.20751727E-02  0.121619515    
 J, XGRID,YGRID,RGRID           64   5.22462688E-02  -8.59410316E-03  0.119834170    
 J, XGRID,YGRID,RGRID           65   5.27451448E-02  -4.74390294E-03  0.117969826    
 J, XGRID,YGRID,RGRID           66   5.31742834E-02  -5.17990848E-04  0.116044067    
 J, XGRID,YGRID,RGRID           67   5.35514541E-02   4.06946335E-03  0.114076242    
 J, XGRID,YGRID,RGRID           68   5.38949296E-02   9.00063384E-03  0.112087533    
 J, XGRID,YGRID,RGRID           69   5.42226024E-02   1.42912650E-02  0.110099010    
 J, XGRID,YGRID,RGRID           70   5.45524508E-02   1.99088752E-02  0.108133703    
 J, XGRID,YGRID,RGRID           71   5.48993796E-02   2.57895719E-02  0.106225133    
 J, XGRID,YGRID,RGRID           72   5.52774444E-02   3.18829790E-02  0.104398154    
 J, XGRID,YGRID,RGRID           73   5.56991212E-02   3.81513275E-02  0.102669463    
 J, XGRID,YGRID,RGRID           74   5.61744235E-02   4.45393063E-02  0.101052441    
 J, XGRID,YGRID,RGRID           75   5.67109212E-02   5.10521680E-02   9.95569602E-02
 J, XGRID,YGRID,RGRID           76   5.73138185E-02   5.76316491E-02   9.81895998E-02
 J, XGRID,YGRID,RGRID           77   5.79862073E-02   6.42491430E-02   9.69538763E-02
 J, XGRID,YGRID,RGRID           78   5.87325841E-02   7.09055811E-02   9.58465487E-02
 J, XGRID,YGRID,RGRID           79   5.95547855E-02   7.75865912E-02   9.48670059E-02
 J, XGRID,YGRID,RGRID           80   6.04525469E-02   8.42721388E-02   9.40145031E-02
 J, XGRID,YGRID,RGRID           81   6.14243597E-02   9.09428224E-02   9.32871252E-02
 J, XGRID,YGRID,RGRID           82   6.25822917E-02   9.75798294E-02   9.27439258E-02
 J, XGRID,YGRID,RGRID           83   6.37280345E-02  0.104164928       9.22759548E-02
 J, XGRID,YGRID,RGRID           84   6.48522824E-02  0.110680483       9.18759555E-02
 J, XGRID,YGRID,RGRID           85   6.59515485E-02  0.117109381       9.15395990E-02
 J, XGRID,YGRID,RGRID           86   6.70227930E-02  0.123435214       9.12624076E-02
 J, XGRID,YGRID,RGRID           87   6.80632740E-02  0.129642472       9.10399556E-02
 J, XGRID,YGRID,RGRID           88   6.90706670E-02  0.135717168       9.08677876E-02
 J, XGRID,YGRID,RGRID           89   7.00428784E-02  0.141643733       9.07414854E-02
 J, XGRID,YGRID,RGRID           90   7.09781423E-02  0.146748900       9.06566605E-02
 J, XGRID,YGRID,RGRID           91   7.18749836E-02  0.147950202       9.06089991E-02
 J, XGRID,YGRID,RGRID           92   7.27756843E-02  0.153793663       9.05942991E-02
 J, XGRID,YGRID,RGRID           93   7.37312734E-02  0.159971923       9.06151310E-02
 J, XGRID,YGRID,RGRID           94   7.47444704E-02  0.166503012       9.06784460E-02
 J, XGRID,YGRID,RGRID           95   7.58178830E-02  0.173407122       9.07922685E-02
 J, XGRID,YGRID,RGRID           96   7.69540519E-02  0.180705547       9.09658819E-02
 J, XGRID,YGRID,RGRID           97   7.81552419E-02  0.188420787       9.12099257E-02
 J, XGRID,YGRID,RGRID           98   7.94236287E-02  0.196576670       9.15368944E-02
 J, XGRID,YGRID,RGRID           99   8.07608739E-02  0.205198333       9.19610038E-02
 J, XGRID,YGRID,RGRID          100   8.21681544E-02  0.214312419       9.24988315E-02
 J, XGRID,YGRID,RGRID          101   8.36459547E-02  0.223947018       9.31692198E-02
 J, XGRID,YGRID,RGRID          102   8.51938650E-02  0.234131858       9.39942226E-02
 J, XGRID,YGRID,RGRID          103   8.68103281E-02  0.244898379       9.49990451E-02
 J, XGRID,YGRID,RGRID          104   8.84928033E-02  0.256279796       9.62135270E-02
 J, XGRID,YGRID,RGRID          105   9.02359635E-02  0.268311203       9.76703241E-02
 J, XGRID,YGRID,RGRID          106   9.20334682E-02  0.281029791       9.94095877E-02

  THE BLADE CENTROID ON THE X-Y SURFACE IS AT X, Y=    0.05003   0.00981


  THE J VALUE OF THE CENTROID IS J =           61

  THE CENTROID ON THE STREAM SURFACE IS AT   5.00303097E-02   0.00000000    
  THE HUB SECTION CENTROID IS AT   5.00303097E-02   0.00000000    


  BLADE TRUE CHORD:AXIAL CHORD RATIO =    1.22558475    


    TKLE      TKTE      TKMAX     XTMAX     XMODLE     XMODTE    TK_TYP 
    0.0400    0.0400    0.1000    0.5000    0.0200    0.0100    2.0000


 FCHORD=    1.00000000      FPERP=    0.00000000     FTKSCALE=    1.00000000    


  CENTRELINE COORDINATES AND THICKNESS FOR INTYPE = 1

    XIN        YIN       TKIN 
   0.00000   0.00000   0.04902
   0.00006  -0.00010   0.04904
   0.00025  -0.00040   0.04910
   0.00056  -0.00090   0.04919
   0.00100  -0.00160   0.04932
   0.00156  -0.00250   0.04948
   0.00224  -0.00360   0.04968
   0.00305  -0.00489   0.04992
   0.00398  -0.00638   0.05019
   0.00504  -0.00806   0.05050
   0.00622  -0.00993   0.05084
   0.00752  -0.01198   0.05122
   0.00895  -0.01422   0.05163
   0.01049  -0.01665   0.05208
   0.01216  -0.01925   0.05256
   0.01395  -0.02203   0.05307
   0.01587  -0.02497   0.05362
   0.01790  -0.02809   0.05419
   0.02005  -0.03137   0.05480
   0.02232  -0.03481   0.05544
   0.02472  -0.03840   0.05611
   0.02723  -0.04214   0.05681
   0.02985  -0.04602   0.05754
   0.03260  -0.05005   0.05830
   0.03546  -0.05421   0.05908
   0.03844  -0.05849   0.05990
   0.04153  -0.06290   0.06073
   0.04474  -0.06742   0.06159
   0.04806  -0.07206   0.06248
   0.05149  -0.07679   0.06339
   0.05504  -0.08163   0.06432
   0.05869  -0.08655   0.06527
   0.06246  -0.09156   0.06625
   0.06633  -0.09664   0.06724
   0.07031  -0.10180   0.06825
   0.07440  -0.10701   0.06928
   0.07860  -0.11228   0.07033
   0.08290  -0.11760   0.07139
   0.08730  -0.12296   0.07246
   0.09181  -0.12834   0.07355
   0.09642  -0.13376   0.07465
   0.10113  -0.13919   0.07576
   0.10594  -0.14462   0.07688
   0.11085  -0.15006   0.07801
   0.11585  -0.15549   0.07915
   0.12095  -0.16090   0.08030
   0.12615  -0.16629   0.08145
   0.13144  -0.17165   0.08260
   0.13682  -0.17697   0.08376
   0.14229  -0.18224   0.08492
   0.14784  -0.18746   0.08608
   0.15349  -0.19261   0.08724
   0.15923  -0.19768   0.08840
   0.16504  -0.20268   0.08956
   0.17095  -0.20759   0.09071
   0.17693  -0.21240   0.09186
   0.18299  -0.21711   0.09300
   0.18914  -0.22170   0.09413
   0.19536  -0.22617   0.09526
   0.20166  -0.23052   0.09638
   0.20803  -0.23473   0.09748
   0.21447  -0.23879   0.09858
   0.22099  -0.24271   0.09966
   0.22757  -0.24646   0.10073
   0.23422  -0.25005   0.10178
   0.24094  -0.25347   0.10282
   0.24772  -0.25671   0.10384
   0.25457  -0.25976   0.10484
   0.26148  -0.26262   0.10582
   0.26845  -0.26528   0.10679
   0.27547  -0.26773   0.10773
   0.28255  -0.26998   0.10865
   0.28968  -0.27200   0.10955
   0.29687  -0.27380   0.11042
   0.30411  -0.27537   0.11127
   0.31140  -0.27670   0.11210
   0.31873  -0.27780   0.11289
   0.32611  -0.27865   0.11366
   0.33353  -0.27925   0.11441
   0.34099  -0.27960   0.11512
   0.34850  -0.27968   0.11581
   0.35604  -0.27951   0.11646
   0.36362  -0.27907   0.11709
   0.37123  -0.27835   0.11768
   0.37887  -0.27737   0.11824
   0.38654  -0.27611   0.11877
   0.39424  -0.27456   0.11927
   0.40197  -0.27274   0.11973
   0.40972  -0.27063   0.12016
   0.41750  -0.26824   0.12056
   0.42529  -0.26556   0.12092
   0.43311  -0.26259   0.12124
   0.44094  -0.25933   0.12153
   0.44878  -0.25578   0.12179
   0.45664  -0.25193   0.12201
   0.46451  -0.24780   0.12219
   0.47239  -0.24337   0.12233
   0.48027  -0.23865   0.12244
   0.48816  -0.23363   0.12252
   0.49605  -0.22833   0.12255
   0.50395  -0.22274   0.12255
   0.51184  -0.21686   0.12252
   0.51973  -0.21069   0.12244
   0.52761  -0.20424   0.12233
   0.53549  -0.19750   0.12219
   0.54336  -0.19049   0.12201
   0.55122  -0.18320   0.12179
   0.55906  -0.17563   0.12153
   0.56689  -0.16780   0.12124
   0.57471  -0.15969   0.12092
   0.58250  -0.15133   0.12056
   0.59028  -0.14270   0.12016
   0.59803  -0.13382   0.11973
   0.60576  -0.12470   0.11927
   0.61346  -0.11532   0.11877
   0.62113  -0.10571   0.11824
   0.62877  -0.09587   0.11768
   0.63638  -0.08579   0.11709
   0.64396  -0.07550   0.11646
   0.65150  -0.06499   0.11581
   0.65901  -0.05427   0.11512
   0.66647  -0.04334   0.11441
   0.67389  -0.03222   0.11366
   0.68127  -0.02092   0.11289
   0.68860  -0.00943   0.11210
   0.69589   0.00223   0.11127
   0.70313   0.01406   0.11042
   0.71031   0.02604   0.10955
   0.71745   0.03818   0.10865
   0.72453   0.05045   0.10773
   0.73155   0.06286   0.10679
   0.73852   0.07539   0.10582
   0.74543   0.08804   0.10484
   0.75228   0.10079   0.10384
   0.75906   0.11365   0.10282
   0.76578   0.12658   0.10178
   0.77243   0.13960   0.10073
   0.77901   0.15269   0.09966
   0.78553   0.16584   0.09858
   0.79197   0.17904   0.09748
   0.79834   0.19227   0.09638
   0.80464   0.20554   0.09526
   0.81086   0.21883   0.09413
   0.81701   0.23213   0.09300
   0.82307   0.24543   0.09186
   0.82905   0.25872   0.09071
   0.83496   0.27199   0.08956
   0.84077   0.28523   0.08840
   0.84651   0.29844   0.08724
   0.85216   0.31159   0.08608
   0.85771   0.32468   0.08492
   0.86318   0.33770   0.08376
   0.86856   0.35065   0.08260
   0.87385   0.36350   0.08145
   0.87905   0.37625   0.08030
   0.88415   0.38889   0.07915
   0.88915   0.40141   0.07801
   0.89406   0.41381   0.07688
   0.89887   0.42606   0.07576
   0.90358   0.43816   0.07465
   0.90819   0.45011   0.07355
   0.91270   0.46188   0.07246
   0.91710   0.47348   0.07139
   0.92140   0.48489   0.07033
   0.92560   0.49611   0.06928
   0.92969   0.50712   0.06825
   0.93367   0.51792   0.06724
   0.93754   0.52849   0.06625
   0.94131   0.53884   0.06527
   0.94496   0.54894   0.06432
   0.94851   0.55880   0.06339
   0.95194   0.56840   0.06248
   0.95526   0.57774   0.06159
   0.95847   0.58681   0.06073
   0.96156   0.59560   0.05990
   0.96454   0.60410   0.05908
   0.96740   0.61231   0.05830
   0.97015   0.62023   0.05754
   0.97277   0.62784   0.05681
   0.97528   0.63514   0.05611
   0.97768   0.64212   0.05544
   0.97995   0.64878   0.05480
   0.98210   0.65511   0.05419
   0.98413   0.66110   0.05362
   0.98605   0.66676   0.05307
   0.98784   0.67208   0.05256
   0.98951   0.67704   0.05208
   0.99105   0.68166   0.05163
   0.99248   0.68592   0.05122
   0.99378   0.68982   0.05084
   0.99496   0.69336   0.05050
   0.99602   0.69654   0.05019
   0.99695   0.69935   0.04992
   0.99776   0.70179   0.04968
   0.99844   0.70385   0.04948
   0.99900   0.70555   0.04932
   0.99944   0.70686   0.04919
   0.99975   0.70781   0.04910
   0.99994   0.70837   0.04904
   1.00000   0.70856   0.04902

  BLADE SURFACE COORDINATES GENERATED USING INTYPE = 1

  XUP          YUP       XLOW      YLOW 
   0.00001   0.02451  -0.00001  -0.02451
   0.00007   0.02442   0.00005  -0.02462
   0.00026   0.02415   0.00024  -0.02495
   0.00057   0.02369   0.00055  -0.02550
   0.00101   0.02306   0.00099  -0.02626
   0.00157   0.02224   0.00155  -0.02724
   0.00225   0.02124   0.00223  -0.02844
   0.00306   0.02007   0.00304  -0.02985
   0.00399   0.01872   0.00397  -0.03147
   0.00505   0.01719   0.00503  -0.03331
   0.00623   0.01549   0.00621  -0.03535
   0.00753   0.01363   0.00751  -0.03759
   0.00896   0.01159   0.00894  -0.04004
   0.01050   0.00939   0.01048  -0.04269
   0.01217   0.00703   0.01215  -0.04553
   0.01396   0.00451   0.01394  -0.04856
   0.01588   0.00183   0.01586  -0.05178
   0.01791  -0.00099   0.01789  -0.05519
   0.02006  -0.00397   0.02004  -0.05877
   0.02233  -0.00708   0.02231  -0.06253
   0.02473  -0.01034   0.02471  -0.06645
   0.02724  -0.01373   0.02722  -0.07055
   0.02986  -0.01725   0.02984  -0.07479
   0.03261  -0.02090   0.03259  -0.07920
   0.03547  -0.02466   0.03545  -0.08375
   0.03845  -0.02854   0.03843  -0.08844
   0.04154  -0.03253   0.04152  -0.09327
   0.04475  -0.03663   0.04473  -0.09822
   0.04807  -0.04082   0.04805  -0.10330
   0.05150  -0.04510   0.05148  -0.10849
   0.05505  -0.04947   0.05503  -0.11379
   0.05870  -0.05392   0.05868  -0.11919
   0.06247  -0.05844   0.06245  -0.12468
   0.06634  -0.06302   0.06632  -0.13026
   0.07032  -0.06767   0.07030  -0.13592
   0.07441  -0.07237   0.07439  -0.14165
   0.07861  -0.07712   0.07859  -0.14744
   0.08291  -0.08191   0.08289  -0.15329
   0.08731  -0.08672   0.08729  -0.15919
   0.09182  -0.09157   0.09180  -0.16512
   0.09643  -0.09643   0.09641  -0.17108
   0.10114  -0.10130   0.10112  -0.17707
   0.10595  -0.10618   0.10593  -0.18306
   0.11086  -0.11105   0.11084  -0.18907
   0.11586  -0.11591   0.11584  -0.19507
   0.12096  -0.12076   0.12094  -0.20105
   0.12616  -0.12557   0.12614  -0.20702
   0.13145  -0.13035   0.13143  -0.21295
   0.13683  -0.13509   0.13681  -0.21885
   0.14230  -0.13978   0.14228  -0.22470
   0.14785  -0.14442   0.14783  -0.23050
   0.15350  -0.14899   0.15348  -0.23623
   0.15924  -0.15348   0.15922  -0.24188
   0.16505  -0.15790   0.16503  -0.24746
   0.17096  -0.16223   0.17094  -0.25294
   0.17694  -0.16647   0.17692  -0.25833
   0.18300  -0.17061   0.18298  -0.26361
   0.18915  -0.17463   0.18913  -0.26877
   0.19537  -0.17854   0.19535  -0.27380
   0.20167  -0.18233   0.20165  -0.27871
   0.20804  -0.18598   0.20802  -0.28347
   0.21448  -0.18950   0.21446  -0.28808
   0.22100  -0.19288   0.22098  -0.29254
   0.22758  -0.19610   0.22756  -0.29683
   0.23423  -0.19916   0.23421  -0.30094
   0.24095  -0.20206   0.24093  -0.30488
   0.24773  -0.20479   0.24771  -0.30863
   0.25458  -0.20734   0.25456  -0.31218
   0.26149  -0.20971   0.26147  -0.31553
   0.26846  -0.21189   0.26844  -0.31867
   0.27548  -0.21387   0.27546  -0.32160
   0.28256  -0.21565   0.28254  -0.32430
   0.28969  -0.21723   0.28967  -0.32677
   0.29688  -0.21859   0.29686  -0.32901
   0.30412  -0.21973   0.30410  -0.33100
   0.31141  -0.22066   0.31139  -0.33275
   0.31874  -0.22135   0.31872  -0.33425
   0.32612  -0.22182   0.32610  -0.33548
   0.33354  -0.22205   0.33352  -0.33645
   0.34100  -0.22203   0.34098  -0.33716
   0.34851  -0.22178   0.34849  -0.33759
   0.35605  -0.22128   0.35603  -0.33774
   0.36363  -0.22052   0.36361  -0.33761
   0.37124  -0.21951   0.37122  -0.33719
   0.37888  -0.21825   0.37886  -0.33649
   0.38655  -0.21672   0.38653  -0.33549
   0.39425  -0.21493   0.39423  -0.33420
   0.40198  -0.21288   0.40196  -0.33261
   0.40973  -0.21055   0.40971  -0.33072
   0.41751  -0.20796   0.41749  -0.32852
   0.42530  -0.20510   0.42528  -0.32602
   0.43312  -0.20197   0.43310  -0.32321
   0.44095  -0.19856   0.44093  -0.32010
   0.44879  -0.19488   0.44877  -0.31667
   0.45665  -0.19093   0.45663  -0.31294
   0.46452  -0.18670   0.46450  -0.30889
   0.47240  -0.18220   0.47238  -0.30454
   0.48028  -0.17743   0.48026  -0.29987
   0.48817  -0.17238   0.48815  -0.29489
   0.49606  -0.16705   0.49604  -0.28961
   0.50396  -0.16146   0.50394  -0.28402
   0.51185  -0.15560   0.51183  -0.27812
   0.51974  -0.14947   0.51972  -0.27191
   0.52762  -0.14307   0.52760  -0.26540
   0.53550  -0.13641   0.53548  -0.25860
   0.54337  -0.12949   0.54335  -0.25149
   0.55123  -0.12230   0.55121  -0.24409
   0.55907  -0.11486   0.55905  -0.23640
   0.56690  -0.10717   0.56688  -0.22842
   0.57472  -0.09923   0.57470  -0.22015
   0.58251  -0.09105   0.58249  -0.21160
   0.59029  -0.08262   0.59027  -0.20278
   0.59804  -0.07396   0.59802  -0.19369
   0.60577  -0.06506   0.60575  -0.18433
   0.61347  -0.05594   0.61345  -0.17471
   0.62114  -0.04659   0.62112  -0.16483
   0.62878  -0.03702   0.62876  -0.15471
   0.63639  -0.02725   0.63637  -0.14434
   0.64397  -0.01727   0.64395  -0.13373
   0.65151  -0.00708   0.65149  -0.12289
   0.65902   0.00330   0.65900  -0.11183
   0.66648   0.01386   0.66646  -0.10055
   0.67390   0.02461   0.67388  -0.08906
   0.68128   0.03553   0.68126  -0.07736
   0.68861   0.04662   0.68859  -0.06548
   0.69590   0.05787   0.69588  -0.05340
   0.70314   0.06927   0.70312  -0.04115
   0.71033   0.08082   0.71030  -0.02873
   0.71746   0.09250   0.71744  -0.01615
   0.72454   0.10432   0.72452  -0.00341
   0.73156   0.11625   0.73154   0.00947
   0.73853   0.12830   0.73851   0.02248
   0.74544   0.14046   0.74542   0.03562
   0.75229   0.15271   0.75227   0.04887
   0.75907   0.16505   0.75905   0.06224
   0.76579   0.17748   0.76577   0.07569
   0.77244   0.18997   0.77242   0.08924
   0.77902   0.20252   0.77900   0.10286
   0.78554   0.21513   0.78552   0.11655
   0.79198   0.22778   0.79196   0.13029
   0.79835   0.24046   0.79833   0.14408
   0.80465   0.25317   0.80463   0.15791
   0.81087   0.26590   0.81085   0.17176
   0.81702   0.27863   0.81700   0.18563
   0.82308   0.29136   0.82306   0.19950
   0.82906   0.30408   0.82904   0.21337
   0.83497   0.31677   0.83495   0.22721
   0.84078   0.32943   0.84076   0.24103
   0.84652   0.34206   0.84650   0.25482
   0.85217   0.35463   0.85215   0.26855
   0.85772   0.36714   0.85770   0.28222
   0.86319   0.37958   0.86317   0.29582
   0.86857   0.39195   0.86855   0.30935
   0.87386   0.40422   0.87384   0.32277
   0.87906   0.41640   0.87904   0.33610
   0.88416   0.42847   0.88414   0.34932
   0.88916   0.44042   0.88914   0.36241
   0.89407   0.45225   0.89405   0.37537
   0.89888   0.46394   0.89886   0.38818
   0.90359   0.47549   0.90357   0.40084
   0.90820   0.48688   0.90818   0.41333
   0.91271   0.49811   0.91269   0.42565
   0.91711   0.50918   0.91709   0.43779
   0.92141   0.52006   0.92139   0.44973
   0.92561   0.53075   0.92559   0.46147
   0.92970   0.54125   0.92968   0.47299
   0.93368   0.55154   0.93366   0.48430
   0.93755   0.56162   0.93753   0.49537
   0.94132   0.57147   0.94130   0.50620
   0.94497   0.58110   0.94495   0.51678
   0.94852   0.59049   0.94850   0.52710
   0.95195   0.59964   0.95193   0.53716
   0.95527   0.60853   0.95525   0.54694
   0.95848   0.61717   0.95846   0.55644
   0.96157   0.62554   0.96155   0.56565
   0.96455   0.63364   0.96453   0.57456
   0.96741   0.64146   0.96739   0.58316
   0.97016   0.64900   0.97014   0.59146
   0.97278   0.65625   0.97276   0.59943
   0.97529   0.66319   0.97527   0.60708
   0.97769   0.66984   0.97767   0.61440
   0.97996   0.67618   0.97994   0.62138
   0.98211   0.68220   0.98209   0.62801
   0.98414   0.68791   0.98412   0.63429
   0.98606   0.69330   0.98604   0.64023
   0.98785   0.69835   0.98783   0.64580
   0.98952   0.70308   0.98950   0.65100
   0.99106   0.70748   0.99104   0.65584
   0.99249   0.71153   0.99247   0.66031
   0.99379   0.71524   0.99377   0.66440
   0.99497   0.71861   0.99495   0.66811
   0.99603   0.72163   0.99601   0.67144
   0.99696   0.72431   0.99694   0.67439
   0.99777   0.72663   0.99775   0.67694
   0.99845   0.72859   0.99843   0.67911
   0.99901   0.73020   0.99899   0.68089
   0.99945   0.73146   0.99943   0.68227
   0.99976   0.73235   0.99974   0.68326
   0.99995   0.73289   0.99993   0.68385
   1.00001   0.73307   0.99999   0.68405

XIN,   MODIFIED LEADING EDGE THICKNESS     0.00000     0.00000
XIN,   MODIFIED LEADING EDGE THICKNESS     0.00006     0.09652
XIN,   MODIFIED LEADING EDGE THICKNESS     0.00025     0.19214
XIN,   MODIFIED LEADING EDGE THICKNESS     0.00056     0.28594
XIN,   MODIFIED LEADING EDGE THICKNESS     0.00100     0.37704
XIN,   MODIFIED LEADING EDGE THICKNESS     0.00156     0.46457
XIN,   MODIFIED LEADING EDGE THICKNESS     0.00224     0.54766
XIN,   MODIFIED LEADING EDGE THICKNESS     0.00305     0.62551
XIN,   MODIFIED LEADING EDGE THICKNESS     0.00398     0.69735
XIN,   MODIFIED LEADING EDGE THICKNESS     0.00504     0.76246
XIN,   MODIFIED LEADING EDGE THICKNESS     0.00622     0.82022
XIN,   MODIFIED LEADING EDGE THICKNESS     0.00752     0.87008
XIN,   MODIFIED LEADING EDGE THICKNESS     0.00895     0.91166
XIN,   MODIFIED LEADING EDGE THICKNESS     0.01049     0.94477
XIN,   MODIFIED LEADING EDGE THICKNESS     0.01216     0.96944
XIN,   MODIFIED LEADING EDGE THICKNESS     0.01395     0.98609
XIN,   MODIFIED LEADING EDGE THICKNESS     0.01587     0.99557
XIN,   MODIFIED LEADING EDGE THICKNESS     0.01790     0.99942
 XIN,   MODIFIED TRAILING EDGE THICKNESS     0.99105     0.99442
 XIN,   MODIFIED TRAILING EDGE THICKNESS     0.99248     0.96876
 XIN,   MODIFIED TRAILING EDGE THICKNESS     0.99378     0.92571
 XIN,   MODIFIED TRAILING EDGE THICKNESS     0.99496     0.86823
 XIN,   MODIFIED TRAILING EDGE THICKNESS     0.99602     0.79867
 XIN,   MODIFIED TRAILING EDGE THICKNESS     0.99695     0.71900
 XIN,   MODIFIED TRAILING EDGE THICKNESS     0.99776     0.63090
 XIN,   MODIFIED TRAILING EDGE THICKNESS     0.99844     0.53585
 XIN,   MODIFIED TRAILING EDGE THICKNESS     0.99900     0.43519
 XIN,   MODIFIED TRAILING EDGE THICKNESS     0.99944     0.33013
 XIN,   MODIFIED TRAILING EDGE THICKNESS     0.99975     0.22186
 XIN,   MODIFIED TRAILING EDGE THICKNESS     0.99994     0.11144
 XIN,   MODIFIED TRAILING EDGE THICKNESS     1.00000     0.00000

  POINTS NEARLY PERPENDICULAR TO THE CENTRE LINE BEFORE THINNING 
        N        XUPP      YUPP        XLOW        YLOW 
         1     0.01191     0.00740    -0.01031    -0.00640
         2     0.01198     0.00730    -0.01026    -0.00651
         3     0.01218     0.00701    -0.01008    -0.00682
         4     0.01252     0.00654    -0.00978    -0.00733
         5     0.01300     0.00587    -0.00937    -0.00806
         6     0.01361     0.00502    -0.00884    -0.00899
         7     0.01435     0.00397    -0.00820    -0.01012
         8     0.01523     0.00274    -0.00744    -0.01146
         9     0.01624     0.00132    -0.00656    -0.01300
        10     0.01739    -0.00027    -0.00557    -0.01474
        11     0.01868    -0.00205    -0.00447    -0.01668
        12     0.02009    -0.00401    -0.00325    -0.01882
        13     0.02164    -0.00613    -0.00192    -0.02115
        14     0.02333    -0.00843    -0.00049    -0.02368
        15     0.02514    -0.01090     0.00106    -0.02639
        16     0.02709    -0.01352     0.00272    -0.02929
        17     0.02917    -0.01631     0.00449    -0.03237
        18     0.03138    -0.01926     0.00637    -0.03563
        19     0.03372    -0.02236     0.00837    -0.03906
        20     0.03619    -0.02560     0.01047    -0.04266
        21     0.03879    -0.02899     0.01269    -0.04644
        22     0.04152    -0.03249     0.01501    -0.05036
        23     0.04438    -0.03614     0.01745    -0.05444
        24     0.04737    -0.03992     0.01999    -0.05867
        25     0.05048    -0.04381     0.02264    -0.06307
        26     0.05371    -0.04782     0.02540    -0.06759
        27     0.05708    -0.05193     0.02827    -0.07225
        28     0.06056    -0.05614     0.03124    -0.07703
        29     0.06417    -0.06044     0.03432    -0.08195
        30     0.06790    -0.06483     0.03751    -0.08698
        31     0.07174    -0.06930     0.04080    -0.09212
        32     0.07571    -0.07384     0.04419    -0.09737
        33     0.07979    -0.07843     0.04768    -0.10272
        34     0.08399    -0.08309     0.05128    -0.10817
        35     0.08831    -0.08779     0.05499    -0.11370
        36     0.09273    -0.09253     0.05879    -0.11935
        37     0.09727    -0.09730     0.06270    -0.12504
        38     0.10192    -0.10209     0.06670    -0.13081
        39     0.10667    -0.10689     0.07081    -0.13663
        40     0.11153    -0.11170     0.07502    -0.14251
        41     0.11649    -0.11651     0.07933    -0.14845
        42     0.12155    -0.12130     0.08373    -0.15442
        43     0.12671    -0.12607     0.08824    -0.16043
        44     0.13196    -0.13081     0.09285    -0.16647
        45     0.13731    -0.13550     0.09756    -0.17253
        46     0.14274    -0.14015     0.10236    -0.17861
        47     0.14826    -0.14474     0.10727    -0.18470
        48     0.15385    -0.14926     0.11228    -0.19079
        49     0.15953    -0.15371     0.11738    -0.19687
        50     0.16527    -0.15806     0.12260    -0.20294
        51     0.17109    -0.16233     0.12791    -0.20900
        52     0.17697    -0.16649     0.13333    -0.21503
        53     0.18290    -0.17046     0.13885    -0.22103
        54     0.18889    -0.17439     0.14448    -0.22699
        55     0.19493    -0.17819     0.15023    -0.23291
        56     0.20100    -0.18186     0.15608    -0.23877
        57     0.20711    -0.18539     0.16205    -0.24458
        58     0.21325    -0.18877     0.16813    -0.25031
        59     0.21940    -0.19200     0.17434    -0.25598
        60     0.22557    -0.19507     0.18067    -0.26156
        61     0.23174    -0.19798     0.18713    -0.26704
        62     0.23790    -0.20072     0.19372    -0.27243
        63     0.24406    -0.20329     0.20045    -0.27771
        64     0.25020    -0.20569     0.20732    -0.28286
        65     0.25631    -0.20793     0.21433    -0.28789
        66     0.26239    -0.20999     0.22151    -0.29288
        67     0.26842    -0.21177     0.22884    -0.29761
        68     0.27443    -0.21350     0.23633    -0.30217
        69     0.28039    -0.21505     0.24399    -0.30655
        70     0.28629    -0.21644     0.25182    -0.31072
        71     0.29213    -0.21767     0.25982    -0.31467
        72     0.29792    -0.21875     0.26799    -0.31837
        73     0.30366    -0.21956     0.27635    -0.32194
        74     0.30935    -0.22034     0.28488    -0.32510
        75     0.31499    -0.22097     0.29358    -0.32795
        76     0.32058    -0.22146     0.30244    -0.33047
        77     0.32614    -0.22182     0.31146    -0.33277
        78     0.33167    -0.22192     0.32062    -0.33456
        79     0.33717    -0.22201     0.32992    -0.33595
        80     0.34267    -0.22197     0.33933    -0.33692
        81     0.34816    -0.22168     0.34883    -0.33759
        82     0.35367    -0.22138     0.35841    -0.33768
        83     0.35921    -0.22094     0.36804    -0.33732
        84     0.36478    -0.22037     0.37770    -0.33649
        85     0.37040    -0.21952     0.38737    -0.33535
        86     0.37608    -0.21866     0.39702    -0.33361
        87     0.38184    -0.21764     0.40665    -0.33141
        88     0.38768    -0.21645     0.41622    -0.32877
        89     0.39362    -0.21497     0.42573    -0.32586
        90     0.39966    -0.21343     0.43514    -0.32239
        91     0.40581    -0.21170     0.44447    -0.31852
        92     0.41207    -0.20976     0.45371    -0.31426
        93     0.41846    -0.20761     0.46285    -0.30965
        94     0.42497    -0.20510     0.47188    -0.30468
        95     0.43160    -0.20249     0.48079    -0.29953
        96     0.43835    -0.19964     0.48960    -0.29392
        97     0.44522    -0.19652     0.49830    -0.28800
        98     0.45221    -0.19314     0.50690    -0.28178
        99     0.45931    -0.18948     0.51540    -0.27528
       100     0.46653    -0.18555     0.52381    -0.26850
       101     0.47384    -0.18132     0.53212    -0.26145
       102     0.48126    -0.17680     0.54035    -0.25414
       103     0.48876    -0.17198     0.54849    -0.24658
       104     0.49634    -0.16686     0.55656    -0.23877
       105     0.50400    -0.16143     0.56456    -0.23071
       106     0.51171    -0.15557     0.57248    -0.22242
       107     0.51949    -0.14954     0.58033    -0.21389
       108     0.52732    -0.14320     0.58813    -0.20513
       109     0.53519    -0.13655     0.59586    -0.19615
       110     0.54309    -0.12960     0.60353    -0.18694
       111     0.55103    -0.12236     0.61115    -0.17751
       112     0.55899    -0.11482     0.61872    -0.16786
       113     0.56696    -0.10712     0.62623    -0.15800
       114     0.57494    -0.09900     0.63369    -0.14793
       115     0.58293    -0.09060     0.64111    -0.13766
       116     0.59091    -0.08192     0.64847    -0.12718
       117     0.59889    -0.07298     0.65579    -0.11651
       118     0.60685    -0.06377     0.66306    -0.10564
       119     0.61480    -0.05431     0.67029    -0.09459
       120     0.62273    -0.04459     0.67746    -0.08335
       121     0.63063    -0.03464     0.68459    -0.07193
       122     0.63851    -0.02445     0.69168    -0.06034
       123     0.64635    -0.01404     0.69871    -0.04859
       124     0.65416    -0.00341     0.70570    -0.03667
       125     0.66193     0.00744     0.71264    -0.02460
       126     0.66965     0.01848     0.71953    -0.01238
       127     0.67733     0.02971     0.72637    -0.00001
       128     0.68496     0.04113     0.73316     0.01249
       129     0.69254     0.05271     0.73989     0.02511
       130     0.70007     0.06447     0.74657     0.03786
       131     0.70754     0.07638     0.75320     0.05072
       132     0.71494     0.08843     0.75977     0.06369
       133     0.72229     0.10062     0.76629     0.07675
       134     0.72958     0.11293     0.77274     0.08990
       135     0.73679     0.12536     0.77914     0.10314
       136     0.74394     0.13789     0.78547     0.11655
       137     0.75102     0.15052     0.79174     0.12991
       138     0.75803     0.16324     0.79794     0.14333
       139     0.76496     0.17603     0.80409     0.15679
       140     0.77182     0.18888     0.81016     0.17030
       141     0.77860     0.20179     0.81617     0.18383
       142     0.78530     0.21474     0.82210     0.19738
       143     0.79191     0.22773     0.82797     0.21093
       144     0.79845     0.24065     0.83376     0.22449
       145     0.80489     0.25367     0.83948     0.23804
       146     0.81125     0.26669     0.84513     0.25157
       147     0.81752     0.27970     0.85070     0.26508
       148     0.82371     0.29269     0.85619     0.27854
       149     0.82980     0.30565     0.86160     0.29196
       150     0.83579     0.31858     0.86694     0.30531
       151     0.84170     0.33145     0.87219     0.31860
       152     0.84751     0.34426     0.87735     0.33181
       153     0.85322     0.35700     0.88244     0.34494
       154     0.85883     0.36965     0.88743     0.35797
       155     0.86434     0.38222     0.89234     0.37089
       156     0.86975     0.39468     0.89716     0.38369
       157     0.87506     0.40703     0.90190     0.39637
       158     0.88026     0.41925     0.90654     0.40891
       159     0.88536     0.43134     0.91109     0.42131
       160     0.89035     0.44329     0.91554     0.43355
       161     0.89524     0.45509     0.91990     0.44562
       162     0.90001     0.46672     0.92417     0.45753
       163     0.90468     0.47818     0.92834     0.46925
       164     0.90923     0.48946     0.93241     0.48078
       165     0.91368     0.50055     0.93639     0.49211
       166     0.91801     0.51144     0.94026     0.50323
       167     0.92222     0.52213     0.94403     0.51413
       168     0.92632     0.53259     0.94770     0.52480
       169     0.93031     0.54283     0.95127     0.53524
       170     0.93418     0.55283     0.95473     0.54544
       171     0.93793     0.56259     0.95809     0.55538
       172     0.94156     0.57210     0.96135     0.56507
       173     0.94507     0.58135     0.96450     0.57448
       174     0.94846     0.59036     0.96754     0.58361
       175     0.95173     0.59907     0.97047     0.59247
       176     0.95488     0.60749     0.97329     0.60105
       177     0.95790     0.61563     0.97601     0.60932
       178     0.96080     0.62347     0.97861     0.61730
       179     0.96358     0.63102     0.98110     0.62497
       180     0.96623     0.63825     0.98349     0.63233
       181     0.96876     0.64517     0.98576     0.63936
       182     0.97116     0.65177     0.98791     0.64606
       183     0.97344     0.65805     0.98996     0.65244
       184     0.97558     0.66400     0.99189     0.65848
       185     0.97760     0.66962     0.99370     0.66418
       186     0.97949     0.67489     0.99540     0.66953
       187     0.98126     0.67982     0.99699     0.67453
       188     0.98289     0.68439     0.99846     0.67918
       189     0.98440     0.68862     0.99981     0.68347
       190     0.98577     0.69250     1.00105     0.68740
       191     0.98702     0.69601     1.00217     0.69096
       192     0.98813     0.69916     1.00318     0.69416
       193     0.98912     0.70195     1.00407     0.69699
       194     0.98997     0.70437     1.00484     0.69944
       195     0.99069     0.70642     1.00549     0.70152
       196     0.99128     0.70810     1.00603     0.70322
       197     0.99174     0.70941     1.00645     0.70455
       198     0.99207     0.71035     1.00675     0.70549
       199     0.99227     0.71091     1.00693     0.70606
       200     0.99234     0.71110     1.00699     0.70625
  COORDINATES GOING ROUND THE BLADE AFTER ANY ROTATION
     N        XSURF        YSURF 
         1     0.00134     0.00083
         2     0.00194     0.00107
         3     0.00319     0.00143
         4     0.00456     0.00158
         5     0.00603     0.00153
         6     0.00760     0.00127
         7     0.00925     0.00078
         8     0.01099     0.00008
         9     0.01279    -0.00084
        10     0.01467    -0.00199
        11     0.01660    -0.00337
        12     0.01857    -0.00497
        13     0.02060    -0.00679
        14     0.02267    -0.00885
        15     0.02477    -0.01114
        16     0.02692    -0.01363
        17     0.02911    -0.01635
        18     0.03137    -0.01926
        19     0.03372    -0.02236
        20     0.03619    -0.02560
        21     0.03879    -0.02899
        22     0.04152    -0.03249
        23     0.04438    -0.03614
        24     0.04737    -0.03992
        25     0.05048    -0.04381
        26     0.05371    -0.04782
        27     0.05708    -0.05193
        28     0.06056    -0.05614
        29     0.06417    -0.06044
        30     0.06790    -0.06483
        31     0.07174    -0.06930
        32     0.07571    -0.07384
        33     0.07979    -0.07843
        34     0.08399    -0.08309
        35     0.08831    -0.08779
        36     0.09273    -0.09253
        37     0.09727    -0.09730
        38     0.10192    -0.10209
        39     0.10667    -0.10689
        40     0.11153    -0.11170
        41     0.11649    -0.11651
        42     0.12155    -0.12130
        43     0.12671    -0.12607
        44     0.13196    -0.13081
        45     0.13731    -0.13550
        46     0.14274    -0.14015
        47     0.14826    -0.14474
        48     0.15385    -0.14926
        49     0.15953    -0.15371
        50     0.16527    -0.15806
        51     0.17109    -0.16233
        52     0.17697    -0.16649
        53     0.18290    -0.17046
        54     0.18889    -0.17439
        55     0.19493    -0.17819
        56     0.20100    -0.18186
        57     0.20711    -0.18539
        58     0.21325    -0.18877
        59     0.21940    -0.19200
        60     0.22557    -0.19507
        61     0.23174    -0.19798
        62     0.23790    -0.20072
        63     0.24406    -0.20329
        64     0.25020    -0.20569
        65     0.25631    -0.20793
        66     0.26239    -0.20999
        67     0.26842    -0.21177
        68     0.27443    -0.21350
        69     0.28039    -0.21505
        70     0.28629    -0.21644
        71     0.29213    -0.21767
        72     0.29792    -0.21875
        73     0.30366    -0.21956
        74     0.30935    -0.22034
        75     0.31499    -0.22097
        76     0.32058    -0.22146
        77     0.32614    -0.22182
        78     0.33167    -0.22192
        79     0.33717    -0.22201
        80     0.34267    -0.22197
        81     0.34816    -0.22168
        82     0.35367    -0.22138
        83     0.35921    -0.22094
        84     0.36478    -0.22037
        85     0.37040    -0.21952
        86     0.37608    -0.21866
        87     0.38184    -0.21764
        88     0.38768    -0.21645
        89     0.39362    -0.21497
        90     0.39966    -0.21343
        91     0.40581    -0.21170
        92     0.41207    -0.20976
        93     0.41846    -0.20761
        94     0.42497    -0.20510
        95     0.43160    -0.20249
        96     0.43835    -0.19964
        97     0.44522    -0.19652
        98     0.45221    -0.19314
        99     0.45931    -0.18948
       100     0.46653    -0.18555
       101     0.47384    -0.18132
       102     0.48126    -0.17680
       103     0.48876    -0.17198
       104     0.49634    -0.16686
       105     0.50400    -0.16143
       106     0.51171    -0.15557
       107     0.51949    -0.14954
       108     0.52732    -0.14320
       109     0.53519    -0.13655
       110     0.54309    -0.12960
       111     0.55103    -0.12236
       112     0.55899    -0.11482
       113     0.56696    -0.10712
       114     0.57494    -0.09900
       115     0.58293    -0.09060
       116     0.59091    -0.08192
       117     0.59889    -0.07298
       118     0.60685    -0.06377
       119     0.61480    -0.05431
       120     0.62273    -0.04459
       121     0.63064    -0.03464
       122     0.63851    -0.02445
       123     0.64635    -0.01404
       124     0.65416    -0.00341
       125     0.66193     0.00744
       126     0.66965     0.01848
       127     0.67733     0.02971
       128     0.68496     0.04113
       129     0.69254     0.05271
       130     0.70007     0.06447
       131     0.70754     0.07638
       132     0.71494     0.08843
       133     0.72229     0.10062
       134     0.72958     0.11293
       135     0.73679     0.12536
       136     0.74394     0.13789
       137     0.75102     0.15052
       138     0.75803     0.16324
       139     0.76496     0.17603
       140     0.77182     0.18888
       141     0.77860     0.20179
       142     0.78530     0.21474
       143     0.79191     0.22773
       144     0.79845     0.24065
       145     0.80489     0.25367
       146     0.81125     0.26669
       147     0.81752     0.27970
       148     0.82371     0.29269
       149     0.82980     0.30565
       150     0.83579     0.31858
       151     0.84170     0.33145
       152     0.84751     0.34426
       153     0.85322     0.35700
       154     0.85883     0.36965
       155     0.86434     0.38222
       156     0.86975     0.39468
       157     0.87506     0.40703
       158     0.88026     0.41925
       159     0.88536     0.43134
       160     0.89035     0.44329
       161     0.89524     0.45509
       162     0.90001     0.46672
       163     0.90468     0.47818
       164     0.90923     0.48946
       165     0.91368     0.50055
       166     0.91801     0.51144
       167     0.92222     0.52213
       168     0.92632     0.53259
       169     0.93031     0.54283
       170     0.93418     0.55283
       171     0.93793     0.56259
       172     0.94156     0.57210
       173     0.94507     0.58135
       174     0.94846     0.59036
       175     0.95173     0.59907
       176     0.95488     0.60749
       177     0.95790     0.61563
       178     0.96080     0.62347
       179     0.96358     0.63102
       180     0.96623     0.63825
       181     0.96876     0.64517
       182     0.97116     0.65177
       183     0.97344     0.65805
       184     0.97558     0.66400
       185     0.97760     0.66962
       186     0.97949     0.67489
       187     0.98126     0.67982
       188     0.98293     0.68438
       189     0.98464     0.68854
       190     0.98634     0.69231
       191     0.98801     0.69568
       192     0.98965     0.69866
       193     0.99122     0.70125
       194     0.99271     0.70346
       195     0.99413     0.70528
       196     0.99545     0.70672
       197     0.99667     0.70778
       198     0.99778     0.70846
       199     0.99878     0.70876
       200     0.99925     0.70881
       201     1.00007     0.70854
       202     1.00041     0.70822
       203     1.00104     0.70738
       204     1.00152     0.70618
       205     1.00187     0.70460
       206     1.00206     0.70266
       207     1.00209     0.70035
       208     1.00197     0.69768
       209     1.00166     0.69466
       210     1.00117     0.69130
       211     1.00048     0.68759
       212     0.99957     0.68355
       213     0.99841     0.67920
       214     0.99699     0.67453
       215     0.99540     0.66953
       216     0.99370     0.66418
       217     0.99189     0.65848
       218     0.98996     0.65244
       219     0.98791     0.64606
       220     0.98576     0.63936
       221     0.98349     0.63233
       222     0.98110     0.62497
       223     0.97861     0.61730
       224     0.97601     0.60932
       225     0.97329     0.60105
       226     0.97047     0.59247
       227     0.96754     0.58361
       228     0.96450     0.57448
       229     0.96135     0.56507
       230     0.95809     0.55538
       231     0.95473     0.54544
       232     0.95127     0.53524
       233     0.94770     0.52480
       234     0.94403     0.51413
       235     0.94026     0.50323
       236     0.93639     0.49211
       237     0.93241     0.48078
       238     0.92834     0.46925
       239     0.92417     0.45753
       240     0.91990     0.44562
       241     0.91554     0.43355
       242     0.91109     0.42131
       243     0.90654     0.40891
       244     0.90190     0.39637
       245     0.89716     0.38369
       246     0.89234     0.37089
       247     0.88743     0.35797
       248     0.88244     0.34494
       249     0.87735     0.33181
       250     0.87219     0.31860
       251     0.86694     0.30531
       252     0.86160     0.29196
       253     0.85619     0.27854
       254     0.85070     0.26508
       255     0.84513     0.25157
       256     0.83948     0.23804
       257     0.83376     0.22449
       258     0.82797     0.21093
       259     0.82210     0.19738
       260     0.81617     0.18383
       261     0.81016     0.17030
       262     0.80409     0.15679
       263     0.79794     0.14333
       264     0.79174     0.12991
       265     0.78547     0.11655
       266     0.77914     0.10314
       267     0.77274     0.08990
       268     0.76629     0.07675
       269     0.75977     0.06369
       270     0.75320     0.05072
       271     0.74657     0.03786
       272     0.73989     0.02511
       273     0.73316     0.01249
       274     0.72637    -0.00001
       275     0.71953    -0.01238
       276     0.71264    -0.02460
       277     0.70570    -0.03667
       278     0.69871    -0.04859
       279     0.69168    -0.06034
       280     0.68459    -0.07193
       281     0.67746    -0.08335
       282     0.67029    -0.09459
       283     0.66306    -0.10564
       284     0.65579    -0.11651
       285     0.64847    -0.12718
       286     0.64111    -0.13766
       287     0.63369    -0.14793
       288     0.62623    -0.15800
       289     0.61872    -0.16786
       290     0.61115    -0.17751
       291     0.60353    -0.18694
       292     0.59586    -0.19615
       293     0.58813    -0.20513
       294     0.58033    -0.21389
       295     0.57248    -0.22242
       296     0.56456    -0.23071
       297     0.55656    -0.23877
       298     0.54849    -0.24658
       299     0.54035    -0.25414
       300     0.53212    -0.26145
       301     0.52381    -0.26850
       302     0.51540    -0.27528
       303     0.50690    -0.28178
       304     0.49830    -0.28800
       305     0.48960    -0.29392
       306     0.48079    -0.29953
       307     0.47188    -0.30468
       308     0.46285    -0.30965
       309     0.45371    -0.31426
       310     0.44447    -0.31852
       311     0.43514    -0.32239
       312     0.42573    -0.32586
       313     0.41622    -0.32877
       314     0.40665    -0.33141
       315     0.39702    -0.33361
       316     0.38737    -0.33535
       317     0.37770    -0.33649
       318     0.36804    -0.33732
       319     0.35841    -0.33768
       320     0.34883    -0.33759
       321     0.33933    -0.33692
       322     0.32992    -0.33595
       323     0.32062    -0.33456
       324     0.31146    -0.33277
       325     0.30244    -0.33047
       326     0.29358    -0.32795
       327     0.28488    -0.32510
       328     0.27635    -0.32194
       329     0.26799    -0.31837
       330     0.25982    -0.31467
       331     0.25182    -0.31072
       332     0.24399    -0.30655
       333     0.23633    -0.30217
       334     0.22884    -0.29761
       335     0.22151    -0.29288
       336     0.21433    -0.28789
       337     0.20732    -0.28286
       338     0.20045    -0.27771
       339     0.19372    -0.27243
       340     0.18713    -0.26704
       341     0.18067    -0.26156
       342     0.17434    -0.25598
       343     0.16813    -0.25031
       344     0.16205    -0.24458
       345     0.15608    -0.23877
       346     0.15023    -0.23291
       347     0.14448    -0.22699
       348     0.13885    -0.22103
       349     0.13333    -0.21503
       350     0.12791    -0.20900
       351     0.12260    -0.20294
       352     0.11738    -0.19687
       353     0.11228    -0.19079
       354     0.10727    -0.18470
       355     0.10236    -0.17861
       356     0.09756    -0.17253
       357     0.09285    -0.16647
       358     0.08824    -0.16043
       359     0.08373    -0.15442
       360     0.07933    -0.14845
       361     0.07502    -0.14251
       362     0.07081    -0.13663
       363     0.06670    -0.13081
       364     0.06270    -0.12504
       365     0.05879    -0.11935
       366     0.05499    -0.11370
       367     0.05128    -0.10817
       368     0.04768    -0.10272
       369     0.04419    -0.09737
       370     0.04080    -0.09212
       371     0.03751    -0.08698
       372     0.03432    -0.08195
       373     0.03124    -0.07703
       374     0.02827    -0.07225
       375     0.02540    -0.06759
       376     0.02264    -0.06307
       377     0.01999    -0.05867
       378     0.01745    -0.05444
       379     0.01501    -0.05036
       380     0.01269    -0.04644
       381     0.01047    -0.04266
       382     0.00837    -0.03906
       383     0.00638    -0.03563
       384     0.00455    -0.03234
       385     0.00289    -0.02918
       386     0.00143    -0.02615
       387     0.00017    -0.02325
       388    -0.00088    -0.02049
       389    -0.00173    -0.01785
       390    -0.00239    -0.01536
       391    -0.00284    -0.01302
       392    -0.00311    -0.01083
       393    -0.00319    -0.00880
       394    -0.00310    -0.00694
       395    -0.00283    -0.00524
       396    -0.00240    -0.00372
       397    -0.00182    -0.00238
       398    -0.00109    -0.00123
       399    -0.00021    -0.00027
       400     0.00026     0.00017
  LEADING EDGE POINT =          393  TE POINT =         207

  NO OF SUCT S POINTS         215  NO PRESS S POINTS         187
  XMIN,XMAX, XCHORD    -3.19300639E-03   1.00209427       1.00528729    

   SUCTION SURFACE POINTS FROM LE TO TE.
         1    -0.00319    -0.00880
         2    -0.00310    -0.00694
         3    -0.00283    -0.00524
         4    -0.00240    -0.00372
         5    -0.00182    -0.00238
         6    -0.00109    -0.00123
         7    -0.00021    -0.00027
         8     0.00026     0.00017
         9     0.00134     0.00083
        10     0.00194     0.00107
        11     0.00319     0.00143
        12     0.00456     0.00158
        13     0.00603     0.00153
        14     0.00760     0.00127
        15     0.00925     0.00078
        16     0.01099     0.00008
        17     0.01279    -0.00084
        18     0.01467    -0.00199
        19     0.01660    -0.00337
        20     0.01857    -0.00497
        21     0.02060    -0.00679
        22     0.02267    -0.00885
        23     0.02477    -0.01114
        24     0.02692    -0.01363
        25     0.02911    -0.01635
        26     0.03137    -0.01926
        27     0.03372    -0.02236
        28     0.03619    -0.02560
        29     0.03879    -0.02899
        30     0.04152    -0.03249
        31     0.04438    -0.03614
        32     0.04737    -0.03992
        33     0.05048    -0.04381
        34     0.05371    -0.04782
        35     0.05708    -0.05193
        36     0.06056    -0.05614
        37     0.06417    -0.06044
        38     0.06790    -0.06483
        39     0.07174    -0.06930
        40     0.07571    -0.07384
        41     0.07979    -0.07843
        42     0.08399    -0.08309
        43     0.08831    -0.08779
        44     0.09273    -0.09253
        45     0.09727    -0.09730
        46     0.10192    -0.10209
        47     0.10667    -0.10689
        48     0.11153    -0.11170
        49     0.11649    -0.11651
        50     0.12155    -0.12130
        51     0.12671    -0.12607
        52     0.13196    -0.13081
        53     0.13731    -0.13550
        54     0.14274    -0.14015
        55     0.14826    -0.14474
        56     0.15385    -0.14926
        57     0.15953    -0.15371
        58     0.16527    -0.15806
        59     0.17109    -0.16233
        60     0.17697    -0.16649
        61     0.18290    -0.17046
        62     0.18889    -0.17439
        63     0.19493    -0.17819
        64     0.20100    -0.18186
        65     0.20711    -0.18539
        66     0.21325    -0.18877
        67     0.21940    -0.19200
        68     0.22557    -0.19507
        69     0.23174    -0.19798
        70     0.23790    -0.20072
        71     0.24406    -0.20329
        72     0.25020    -0.20569
        73     0.25631    -0.20793
        74     0.26239    -0.20999
        75     0.26842    -0.21177
        76     0.27443    -0.21350
        77     0.28039    -0.21505
        78     0.28629    -0.21644
        79     0.29213    -0.21767
        80     0.29792    -0.21875
        81     0.30366    -0.21956
        82     0.30935    -0.22034
        83     0.31499    -0.22097
        84     0.32058    -0.22146
        85     0.32614    -0.22182
        86     0.33167    -0.22192
        87     0.33717    -0.22201
        88     0.34267    -0.22197
        89     0.34816    -0.22168
        90     0.35367    -0.22138
        91     0.35921    -0.22094
        92     0.36478    -0.22037
        93     0.37040    -0.21952
        94     0.37608    -0.21866
        95     0.38184    -0.21764
        96     0.38768    -0.21645
        97     0.39362    -0.21497
        98     0.39966    -0.21343
        99     0.40581    -0.21170
       100     0.41207    -0.20976
       101     0.41846    -0.20761
       102     0.42497    -0.20510
       103     0.43160    -0.20249
       104     0.43835    -0.19964
       105     0.44522    -0.19652
       106     0.45221    -0.19314
       107     0.45931    -0.18948
       108     0.46653    -0.18555
       109     0.47384    -0.18132
       110     0.48126    -0.17680
       111     0.48876    -0.17198
       112     0.49634    -0.16686
       113     0.50400    -0.16143
       114     0.51171    -0.15557
       115     0.51949    -0.14954
       116     0.52732    -0.14320
       117     0.53519    -0.13655
       118     0.54309    -0.12960
       119     0.55103    -0.12236
       120     0.55899    -0.11482
       121     0.56696    -0.10712
       122     0.57494    -0.09900
       123     0.58293    -0.09060
       124     0.59091    -0.08192
       125     0.59889    -0.07298
       126     0.60685    -0.06377
       127     0.61480    -0.05431
       128     0.62273    -0.04459
       129     0.63064    -0.03464
       130     0.63851    -0.02445
       131     0.64635    -0.01404
       132     0.65416    -0.00341
       133     0.66193     0.00744
       134     0.66965     0.01848
       135     0.67733     0.02971
       136     0.68496     0.04113
       137     0.69254     0.05271
       138     0.70007     0.06447
       139     0.70754     0.07638
       140     0.71494     0.08843
       141     0.72229     0.10062
       142     0.72958     0.11293
       143     0.73679     0.12536
       144     0.74394     0.13789
       145     0.75102     0.15052
       146     0.75803     0.16324
       147     0.76496     0.17603
       148     0.77182     0.18888
       149     0.77860     0.20179
       150     0.78530     0.21474
       151     0.79191     0.22773
       152     0.79845     0.24065
       153     0.80489     0.25367
       154     0.81125     0.26669
       155     0.81752     0.27970
       156     0.82371     0.29269
       157     0.82980     0.30565
       158     0.83579     0.31858
       159     0.84170     0.33145
       160     0.84751     0.34426
       161     0.85322     0.35700
       162     0.85883     0.36965
       163     0.86434     0.38222
       164     0.86975     0.39468
       165     0.87506     0.40703
       166     0.88026     0.41925
       167     0.88536     0.43134
       168     0.89035     0.44329
       169     0.89524     0.45509
       170     0.90001     0.46672
       171     0.90468     0.47818
       172     0.90923     0.48946
       173     0.91368     0.50055
       174     0.91801     0.51144
       175     0.92222     0.52213
       176     0.92632     0.53259
       177     0.93031     0.54283
       178     0.93418     0.55283
       179     0.93793     0.56259
       180     0.94156     0.57210
       181     0.94507     0.58135
       182     0.94846     0.59036
       183     0.95173     0.59907
       184     0.95488     0.60749
       185     0.95790     0.61563
       186     0.96080     0.62347
       187     0.96358     0.63102
       188     0.96623     0.63825
       189     0.96876     0.64517
       190     0.97116     0.65177
       191     0.97344     0.65805
       192     0.97558     0.66400
       193     0.97760     0.66962
       194     0.97949     0.67489
       195     0.98126     0.67982
       196     0.98293     0.68438
       197     0.98464     0.68854
       198     0.98634     0.69231
       199     0.98801     0.69568
       200     0.98965     0.69866
       201     0.99122     0.70125
       202     0.99271     0.70346
       203     0.99413     0.70528
       204     0.99545     0.70672
       205     0.99667     0.70778
       206     0.99778     0.70846
       207     0.99878     0.70876
       208     0.99925     0.70881
       209     1.00007     0.70854
       210     1.00041     0.70822
       211     1.00104     0.70738
       212     1.00152     0.70618
       213     1.00187     0.70460
       214     1.00206     0.70266
       215     1.00209     0.70035

   PRESSURE SURFACE POINTS FROM LE TO TE.
         1    -0.00319    -0.00880
         2    -0.00311    -0.01083
         3    -0.00284    -0.01302
         4    -0.00239    -0.01536
         5    -0.00173    -0.01785
         6    -0.00088    -0.02049
         7     0.00017    -0.02325
         8     0.00143    -0.02615
         9     0.00289    -0.02918
        10     0.00455    -0.03234
        11     0.00638    -0.03563
        12     0.00837    -0.03906
        13     0.01047    -0.04266
        14     0.01269    -0.04644
        15     0.01501    -0.05036
        16     0.01745    -0.05444
        17     0.01999    -0.05867
        18     0.02264    -0.06307
        19     0.02540    -0.06759
        20     0.02827    -0.07225
        21     0.03124    -0.07703
        22     0.03432    -0.08195
        23     0.03751    -0.08698
        24     0.04080    -0.09212
        25     0.04419    -0.09737
        26     0.04768    -0.10272
        27     0.05128    -0.10817
        28     0.05499    -0.11370
        29     0.05879    -0.11935
        30     0.06270    -0.12504
        31     0.06670    -0.13081
        32     0.07081    -0.13663
        33     0.07502    -0.14251
        34     0.07933    -0.14845
        35     0.08373    -0.15442
        36     0.08824    -0.16043
        37     0.09285    -0.16647
        38     0.09756    -0.17253
        39     0.10236    -0.17861
        40     0.10727    -0.18470
        41     0.11228    -0.19079
        42     0.11738    -0.19687
        43     0.12260    -0.20294
        44     0.12791    -0.20900
        45     0.13333    -0.21503
        46     0.13885    -0.22103
        47     0.14448    -0.22699
        48     0.15023    -0.23291
        49     0.15608    -0.23877
        50     0.16205    -0.24458
        51     0.16813    -0.25031
        52     0.17434    -0.25598
        53     0.18067    -0.26156
        54     0.18713    -0.26704
        55     0.19372    -0.27243
        56     0.20045    -0.27771
        57     0.20732    -0.28286
        58     0.21433    -0.28789
        59     0.22151    -0.29288
        60     0.22884    -0.29761
        61     0.23633    -0.30217
        62     0.24399    -0.30655
        63     0.25182    -0.31072
        64     0.25982    -0.31467
        65     0.26799    -0.31837
        66     0.27635    -0.32194
        67     0.28488    -0.32510
        68     0.29358    -0.32795
        69     0.30244    -0.33047
        70     0.31146    -0.33277
        71     0.32062    -0.33456
        72     0.32992    -0.33595
        73     0.33933    -0.33692
        74     0.34883    -0.33759
        75     0.35841    -0.33768
        76     0.36804    -0.33732
        77     0.37770    -0.33649
        78     0.38737    -0.33535
        79     0.39702    -0.33361
        80     0.40665    -0.33141
        81     0.41622    -0.32877
        82     0.42573    -0.32586
        83     0.43514    -0.32239
        84     0.44447    -0.31852
        85     0.45371    -0.31426
        86     0.46285    -0.30965
        87     0.47188    -0.30468
        88     0.48079    -0.29953
        89     0.48960    -0.29392
        90     0.49830    -0.28800
        91     0.50690    -0.28178
        92     0.51540    -0.27528
        93     0.52381    -0.26850
        94     0.53212    -0.26145
        95     0.54035    -0.25414
        96     0.54849    -0.24658
        97     0.55656    -0.23877
        98     0.56456    -0.23071
        99     0.57248    -0.22242
       100     0.58033    -0.21389
       101     0.58813    -0.20513
       102     0.59586    -0.19615
       103     0.60353    -0.18694
       104     0.61115    -0.17751
       105     0.61872    -0.16786
       106     0.62623    -0.15800
       107     0.63369    -0.14793
       108     0.64111    -0.13766
       109     0.64847    -0.12718
       110     0.65579    -0.11651
       111     0.66306    -0.10564
       112     0.67029    -0.09459
       113     0.67746    -0.08335
       114     0.68459    -0.07193
       115     0.69168    -0.06034
       116     0.69871    -0.04859
       117     0.70570    -0.03667
       118     0.71264    -0.02460
       119     0.71953    -0.01238
       120     0.72637    -0.00001
       121     0.73316     0.01249
       122     0.73989     0.02511
       123     0.74657     0.03786
       124     0.75320     0.05072
       125     0.75977     0.06369
       126     0.76629     0.07675
       127     0.77274     0.08990
       128     0.77914     0.10314
       129     0.78547     0.11655
       130     0.79174     0.12991
       131     0.79794     0.14333
       132     0.80409     0.15679
       133     0.81016     0.17030
       134     0.81617     0.18383
       135     0.82210     0.19738
       136     0.82797     0.21093
       137     0.83376     0.22449
       138     0.83948     0.23804
       139     0.84513     0.25157
       140     0.85070     0.26508
       141     0.85619     0.27854
       142     0.86160     0.29196
       143     0.86694     0.30531
       144     0.87219     0.31860
       145     0.87735     0.33181
       146     0.88244     0.34494
       147     0.88743     0.35797
       148     0.89234     0.37089
       149     0.89716     0.38369
       150     0.90190     0.39637
       151     0.90654     0.40891
       152     0.91109     0.42131
       153     0.91554     0.43355
       154     0.91990     0.44562
       155     0.92417     0.45753
       156     0.92834     0.46925
       157     0.93241     0.48078
       158     0.93639     0.49211
       159     0.94026     0.50323
       160     0.94403     0.51413
       161     0.94770     0.52480
       162     0.95127     0.53524
       163     0.95473     0.54544
       164     0.95809     0.55538
       165     0.96135     0.56507
       166     0.96450     0.57448
       167     0.96754     0.58361
       168     0.97047     0.59247
       169     0.97329     0.60105
       170     0.97601     0.60932
       171     0.97861     0.61730
       172     0.98110     0.62497
       173     0.98349     0.63233
       174     0.98576     0.63936
       175     0.98791     0.64606
       176     0.98996     0.65244
       177     0.99189     0.65848
       178     0.99370     0.66418
       179     0.99540     0.66953
       180     0.99699     0.67453
       181     0.99841     0.67920
       182     0.99957     0.68355
       183     1.00048     0.68759
       184     1.00117     0.69130
       185     1.00166     0.69466
       186     1.00197     0.69768
       187     1.00209     0.70035
  POINTS ON THE BLADE TO BE USED FOR PLOTTING 
  AND FINAL INTERPOLATION 
  N           X          YUP        YLOW        THICK 
    1      0.0000     -0.0088     -0.0088      0.0000
    2      0.0001     -0.0075     -0.0103      0.0028
    3      0.0002     -0.0059     -0.0121      0.0062
    4      0.0006     -0.0045     -0.0140      0.0096
    5      0.0010     -0.0032     -0.0160      0.0128
    6      0.0016     -0.0021     -0.0181      0.0160
    7      0.0022     -0.0011     -0.0202      0.0191
    8      0.0030     -0.0002     -0.0224      0.0222
    9      0.0040      0.0005     -0.0246      0.0251
   10      0.0050      0.0010     -0.0269      0.0280
   11      0.0062      0.0014     -0.0293      0.0307
   12      0.0075      0.0016     -0.0318      0.0334
   13      0.0089      0.0015     -0.0344      0.0359
   14      0.0105      0.0013     -0.0371      0.0384
   15      0.0122      0.0008     -0.0400      0.0408
   16      0.0140      0.0001     -0.0431      0.0432
   17      0.0159     -0.0008     -0.0463      0.0455
   18      0.0179     -0.0021     -0.0497      0.0477
   19      0.0201     -0.0036     -0.0533      0.0497
   20      0.0223     -0.0055     -0.0571      0.0516
   21      0.0247     -0.0078     -0.0611      0.0533
   22      0.0272     -0.0104     -0.0652      0.0548
   23      0.0299     -0.0134     -0.0695      0.0561
   24      0.0326     -0.0169     -0.0740      0.0571
   25      0.0355     -0.0206     -0.0786      0.0580
   26      0.0384     -0.0245     -0.0833      0.0588
   27      0.0415     -0.0285     -0.0882      0.0596
   28      0.0447     -0.0326     -0.0932      0.0605
   29      0.0481     -0.0369     -0.0983      0.0614
   30      0.0515     -0.0412     -0.1035      0.0623
   31      0.0550     -0.0456     -0.1089      0.0632
   32      0.0587     -0.0501     -0.1143      0.0642
   33      0.0625     -0.0547     -0.1199      0.0652
   34      0.0663     -0.0593     -0.1255      0.0662
   35      0.0703     -0.0640     -0.1312      0.0672
   36      0.0744     -0.0688     -0.1370      0.0682
   37      0.0786     -0.0736     -0.1429      0.0693
   38      0.0829     -0.0784     -0.1488      0.0704
   39      0.0873     -0.0833     -0.1547      0.0714
   40      0.0918     -0.0882     -0.1607      0.0725
   41      0.0964     -0.0931     -0.1667      0.0736
   42      0.1011     -0.0980     -0.1728      0.0748
   43      0.1059     -0.1030     -0.1788      0.0759
   44      0.1108     -0.1079     -0.1849      0.0770
   45      0.1159     -0.1128     -0.1910      0.0782
   46      0.1210     -0.1177     -0.1970      0.0793
   47      0.1261     -0.1226     -0.2030      0.0805
   48      0.1314     -0.1274     -0.2090      0.0816
   49      0.1368     -0.1322     -0.2150      0.0828
   50      0.1423     -0.1370     -0.2209      0.0840
   51      0.1478     -0.1416     -0.2268      0.0851
   52      0.1535     -0.1463     -0.2326      0.0863
   53      0.1592     -0.1508     -0.2383      0.0875
   54      0.1650     -0.1553     -0.2439      0.0886
   55      0.1709     -0.1597     -0.2495      0.0898
   56      0.1769     -0.1640     -0.2549      0.0909
   57      0.1830     -0.1681     -0.2603      0.0921
   58      0.1891     -0.1722     -0.2655      0.0933
   59      0.1954     -0.1762     -0.2706      0.0944
   60      0.2017     -0.1800     -0.2755      0.0955
   61      0.2080     -0.1837     -0.2803      0.0966
   62      0.2145     -0.1873     -0.2850      0.0977
   63      0.2210     -0.1908     -0.2896      0.0988
   64      0.2276     -0.1940     -0.2940      0.0999
   65      0.2342     -0.1972     -0.2981      0.1010
   66      0.2409     -0.2001     -0.3021      0.1020
   67      0.2477     -0.2029     -0.3059      0.1030
   68      0.2546     -0.2055     -0.3095      0.1040
   69      0.2615     -0.2080     -0.3129      0.1050
   70      0.2684     -0.2101     -0.3161      0.1060
   71      0.2755     -0.2122     -0.3191      0.1070
   72      0.2826     -0.2140     -0.3219      0.1079
   73      0.2897     -0.2157     -0.3244      0.1087
   74      0.2969     -0.2171     -0.3267      0.1096
   75      0.3041     -0.2182     -0.3288      0.1105
   76      0.3114     -0.2192     -0.3306      0.1114
   77      0.3187     -0.2200     -0.3321      0.1121
   78      0.3261     -0.2206     -0.3334      0.1128
   79      0.3335     -0.2208     -0.3344      0.1136
   80      0.3410     -0.2208     -0.3352      0.1143
   81      0.3485     -0.2206     -0.3357      0.1151
   82      0.3560     -0.2201     -0.3359      0.1157
   83      0.3636     -0.2195     -0.3358      0.1163
   84      0.3712     -0.2184     -0.3354      0.1169
   85      0.3789     -0.2172     -0.3347      0.1175
   86      0.3865     -0.2158     -0.3338      0.1180
   87      0.3942     -0.2140     -0.3325      0.1186
   88      0.4020     -0.2120     -0.3310      0.1190
   89      0.4097     -0.2097     -0.3291      0.1194
   90      0.4175     -0.2072     -0.3270      0.1198
   91      0.4253     -0.2043     -0.3246      0.1203
   92      0.4331     -0.2012     -0.3218      0.1206
   93      0.4409     -0.1978     -0.3187      0.1209
   94      0.4488     -0.1942     -0.3152      0.1211
   95      0.4566     -0.1903     -0.3115      0.1213
   96      0.4645     -0.1861     -0.3075      0.1214
   97      0.4724     -0.1816     -0.3032      0.1216
   98      0.4803     -0.1769     -0.2986      0.1218
   99      0.4882     -0.1718     -0.2937      0.1218
  100      0.4961     -0.1666     -0.2884      0.1218
  101      0.5039     -0.1610     -0.2828      0.1218
  102      0.5118     -0.1550     -0.2769      0.1219
  103      0.5197     -0.1489     -0.2707      0.1218
  104      0.5276     -0.1425     -0.2642      0.1217
  105      0.5355     -0.1359     -0.2574      0.1215
  106      0.5434     -0.1290     -0.2503      0.1214
  107      0.5512     -0.1218     -0.2429      0.1211
  108      0.5591     -0.1144     -0.2352      0.1209
  109      0.5669     -0.1068     -0.2273      0.1205
  110      0.5747     -0.0989     -0.2190      0.1201
  111      0.5825     -0.0907     -0.2105      0.1198
  112      0.5903     -0.0823     -0.2017      0.1194
  113      0.5980     -0.0736     -0.1926      0.1190
  114      0.6058     -0.0647     -0.1832      0.1185
  115      0.6135     -0.0556     -0.1736      0.1180
  116      0.6211     -0.0462     -0.1637      0.1175
  117      0.6288     -0.0366     -0.1536      0.1170
  118      0.6364     -0.0268     -0.1432      0.1164
  119      0.6440     -0.0168     -0.1326      0.1158
  120      0.6515     -0.0066     -0.1217      0.1151
  121      0.6590      0.0037     -0.1107      0.1144
  122      0.6665      0.0143     -0.0994      0.1137
  123      0.6739      0.0251     -0.0879      0.1130
  124      0.6813      0.0360     -0.0762      0.1122
  125      0.6886      0.0471     -0.0643      0.1114
  126      0.6959      0.0584     -0.0522      0.1106
  127      0.7031      0.0698     -0.0400      0.1098
  128      0.7103      0.0814     -0.0275      0.1089
  129      0.7174      0.0931     -0.0149      0.1080
  130      0.7245      0.1049     -0.0022      0.1071
  131      0.7316      0.1169      0.0107      0.1062
  132      0.7385      0.1290      0.0238      0.1052
  133      0.7454      0.1411      0.0369      0.1042
  134      0.7523      0.1534      0.0502      0.1032
  135      0.7591      0.1658      0.0636      0.1022
  136      0.7658      0.1782      0.0771      0.1012
  137      0.7724      0.1907      0.0906      0.1001
  138      0.7790      0.2033      0.1043      0.0990
  139      0.7855      0.2159      0.1181      0.0978
  140      0.7920      0.2286      0.1319      0.0967
  141      0.7983      0.2412      0.1457      0.0956
  142      0.8046      0.2540      0.1595      0.0944
  143      0.8109      0.2667      0.1734      0.0933
  144      0.8170      0.2795      0.1873      0.0922
  145      0.8231      0.2923      0.2012      0.0910
  146      0.8291      0.3050      0.2151      0.0899
  147      0.8350      0.3177      0.2290      0.0887
  148      0.8408      0.3304      0.2429      0.0876
  149      0.8465      0.3431      0.2567      0.0864
  150      0.8522      0.3557      0.2704      0.0853
  151      0.8577      0.3682      0.2841      0.0841
  152      0.8632      0.3807      0.2978      0.0829
  153      0.8686      0.3931      0.3113      0.0818
  154      0.8739      0.4054      0.3248      0.0806
  155      0.8790      0.4176      0.3382      0.0795
  156      0.8841      0.4297      0.3514      0.0783
  157      0.8892      0.4417      0.3645      0.0772
  158      0.8941      0.4536      0.3775      0.0760
  159      0.8989      0.4653      0.3904      0.0749
  160      0.9036      0.4769      0.4031      0.0738
  161      0.9082      0.4883      0.4156      0.0727
  162      0.9127      0.4996      0.4279      0.0716
  163      0.9171      0.5106      0.4401      0.0705
  164      0.9214      0.5216      0.4521      0.0695
  165      0.9256      0.5323      0.4639      0.0684
  166      0.9297      0.5428      0.4754      0.0674
  167      0.9337      0.5531      0.4868      0.0664
  168      0.9375      0.5632      0.4979      0.0654
  169      0.9413      0.5731      0.5087      0.0644
  170      0.9450      0.5828      0.5193      0.0634
  171      0.9485      0.5922      0.5297      0.0625
  172      0.9519      0.6014      0.5398      0.0616
  173      0.9553      0.6103      0.5496      0.0607
  174      0.9585      0.6190      0.5591      0.0598
  175      0.9616      0.6274      0.5684      0.0590
  176      0.9645      0.6355      0.5773      0.0582
  177      0.9674      0.6433      0.5859      0.0574
  178      0.9701      0.6509      0.5942      0.0566
  179      0.9728      0.6581      0.6022      0.0559
  180      0.9753      0.6651      0.6099      0.0552
  181      0.9777      0.6718      0.6172      0.0545
  182      0.9799      0.6781      0.6242      0.0538
  183      0.9821      0.6836      0.6309      0.0527
  184      0.9841      0.6882      0.6372      0.0510
  185      0.9860      0.6921      0.6431      0.0490
  186      0.9878      0.6953      0.6487      0.0466
  187      0.9895      0.6980      0.6540      0.0441
  188      0.9911      0.7003      0.6588      0.0414
  189      0.9925      0.7020      0.6633      0.0387
  190      0.9938      0.7033      0.6674      0.0359
  191      0.9950      0.7043      0.6711      0.0331
  192      0.9960      0.7048      0.6746      0.0302
  193      0.9970      0.7051      0.6779      0.0271
  194      0.9978      0.7049      0.6812      0.0237
  195      0.9984      0.7043      0.6842      0.0201
  196      0.9990      0.7035      0.6872      0.0163
  197      0.9994      0.7024      0.6901      0.0123
  198      0.9998      0.7010      0.6928      0.0082
  199      0.9999      0.6992      0.6954      0.0038
  200      1.0000      0.6967      0.6967      0.0000
 GRID EXPANSION RATIO UP=    1.11538 DOWN =    1.05711
  AXIAL,TANGENTIAL AND RADIAL COORDINATES ON THE STREAM
  SURFACE BEFORE TRANSFORMING TO R-THETA COORDINATES 
 J, XGRID,YGRID,RGRID            1  -3.19037586E-02   9.80316550E-02  0.280001163    
 J, XGRID,YGRID,RGRID            2  -2.46576127E-02   8.63593742E-02  0.279999048    
 J, XGRID,YGRID,RGRID            3  -1.81611273E-02   7.58945271E-02  0.280000150    
 J, XGRID,YGRID,RGRID            4  -1.23366462E-02   6.65121898E-02  0.280000001    
 J, XGRID,YGRID,RGRID            5  -7.11467210E-03   5.81004024E-02  0.280000001    
 J, XGRID,YGRID,RGRID            6  -2.43287743E-03   5.05587608E-02  0.280000031    
 J, XGRID,YGRID,RGRID            7   1.76461635E-03   4.37972546E-02  0.280000001    
 J, XGRID,YGRID,RGRID            8   5.52790239E-03   3.77351828E-02  0.279999942    
 J, XGRID,YGRID,RGRID            9   8.90190341E-03   3.23001966E-02  0.280000001    
 J, XGRID,YGRID,RGRID           10   1.19268838E-02   2.74274219E-02  0.280000001    
 J, XGRID,YGRID,RGRID           11   1.46389464E-02   2.30587050E-02  0.279999971    
 J, XGRID,YGRID,RGRID           12   1.70704667E-02   1.91419050E-02  0.280000001    
 J, XGRID,YGRID,RGRID           13   1.92504600E-02   1.56302731E-02  0.280000031    
 J, XGRID,YGRID,RGRID           14   2.12049540E-02   1.24818962E-02  0.280000061    
 J, XGRID,YGRID,RGRID           15   2.29572598E-02   9.65920091E-03  0.280000001    
 J, XGRID,YGRID,RGRID           16   2.45282948E-02   7.12849433E-03  0.279999971    
 J, XGRID,YGRID,RGRID           17   2.59368289E-02   4.85957321E-03  0.280000001    
 J, XGRID,YGRID,RGRID           18   2.71996576E-02   2.82535772E-03  0.279999971    
 J, XGRID,YGRID,RGRID           19   2.83318516E-02   1.00156886E-03  0.280000001    
 J, XGRID,YGRID,RGRID           20   2.93469261E-02  -6.33560587E-04  0.280000001    
 J, XGRID,YGRID,RGRID           21   3.02569997E-02  -2.09954637E-03  0.280000001    
 J, XGRID,YGRID,RGRID           22   3.11670695E-02   7.30946704E-05  0.279999971    
 J, XGRID,YGRID,RGRID           23   3.21186222E-02   3.85798106E-04  0.280000001    
 J, XGRID,YGRID,RGRID           24   3.31154838E-02   2.60682486E-04  0.279999971    
 J, XGRID,YGRID,RGRID           25   3.41614559E-02  -1.81817770E-04  0.279999942    
 J, XGRID,YGRID,RGRID           26   3.52603942E-02  -9.20206716E-04  0.280000001    
 J, XGRID,YGRID,RGRID           27   3.64160985E-02  -1.95294234E-03  0.279999971    
 J, XGRID,YGRID,RGRID           28   3.76324058E-02  -3.28555517E-03  0.280000120    
 J, XGRID,YGRID,RGRID           29   3.89131308E-02  -4.90612956E-03  0.280000120    
 J, XGRID,YGRID,RGRID           30   4.02620472E-02  -6.67629577E-03  0.279999822    
 J, XGRID,YGRID,RGRID           31   4.16830815E-02  -8.50398187E-03  0.279999912    
 J, XGRID,YGRID,RGRID           32   4.31800038E-02  -1.03958547E-02  0.280000091    
 J, XGRID,YGRID,RGRID           33   4.47566174E-02  -1.23461587E-02  0.280000001    
 J, XGRID,YGRID,RGRID           34   4.64167669E-02  -1.43530061E-02  0.280000001    
 J, XGRID,YGRID,RGRID           35   4.81642783E-02  -1.64134651E-02  0.280000061    
 J, XGRID,YGRID,RGRID           36   5.00020906E-02  -1.85219981E-02  0.280000120    
 J, XGRID,YGRID,RGRID           37   5.19306660E-02  -2.06697453E-02  0.280000120    
 J, XGRID,YGRID,RGRID           38   5.39544858E-02  -2.28534602E-02  0.280000001    
 J, XGRID,YGRID,RGRID           39   5.60785979E-02  -2.50680912E-02  0.280000001    
 J, XGRID,YGRID,RGRID           40   5.83086088E-02  -2.73078941E-02  0.280000001    
 J, XGRID,YGRID,RGRID           41   6.06506690E-02  -2.95662414E-02  0.280000031    
 J, XGRID,YGRID,RGRID           42   6.31114617E-02  -3.18353288E-02  0.280000001    
 J, XGRID,YGRID,RGRID           43   6.56969473E-02  -3.41048762E-02  0.280000031    
 J, XGRID,YGRID,RGRID           44   6.84120432E-02  -3.63619365E-02  0.280000001    
 J, XGRID,YGRID,RGRID           45   7.12658539E-02  -3.85949053E-02  0.280000001    
 J, XGRID,YGRID,RGRID           46   7.42685720E-02  -4.07901891E-02  0.280000031    
 J, XGRID,YGRID,RGRID           47   7.74315149E-02  -4.29117754E-02  0.280000180    
 J, XGRID,YGRID,RGRID           48   8.07669237E-02  -4.49801609E-02  0.279999733    
 J, XGRID,YGRID,RGRID           49   8.42885897E-02  -4.69533727E-02  0.279999912    
 J, XGRID,YGRID,RGRID           50   8.80394727E-02  -4.88157608E-02  0.280001193    
 J, XGRID,YGRID,RGRID           51   9.20723006E-02  -5.05406559E-02  0.279998869    
 J, XGRID,YGRID,RGRID           52   9.63937119E-02  -5.20659015E-02  0.280002266    
 J, XGRID,YGRID,RGRID           53  0.100997746      -5.33341058E-02  0.280000210    
 J, XGRID,YGRID,RGRID           54  0.105876133      -5.42657524E-02  0.280001998    
 J, XGRID,YGRID,RGRID           55  0.111008465      -5.48197515E-02  0.280006737    
 J, XGRID,YGRID,RGRID           56  0.116366684      -5.48671894E-02  0.280001968    
 J, XGRID,YGRID,RGRID           57  0.121863700      -5.44116646E-02  0.279986292    
 J, XGRID,YGRID,RGRID           58  0.127414450      -5.34115471E-02  0.279992312    
 J, XGRID,YGRID,RGRID           59  0.132994264      -5.18692546E-02  0.280009776    
 J, XGRID,YGRID,RGRID           60  0.138563439      -4.97599207E-02  0.279984832    
 J, XGRID,YGRID,RGRID           61  0.144121349      -4.71379533E-02  0.280001700    
 J, XGRID,YGRID,RGRID           62  0.149643764      -4.39961776E-02  0.280022532    
 J, XGRID,YGRID,RGRID           63  0.155115232      -4.03481834E-02  0.279984206    
 J, XGRID,YGRID,RGRID           64  0.160592601      -3.61364670E-02  0.280022770    
 J, XGRID,YGRID,RGRID           65  0.166083500      -3.14123034E-02  0.280003995    
 J, XGRID,YGRID,RGRID           66  0.171592310      -2.61731986E-02  0.280027330    
 J, XGRID,YGRID,RGRID           67  0.177085459      -2.03555096E-02  0.279899925    
 J, XGRID,YGRID,RGRID           68  0.182634085      -1.40046133E-02  0.280078351    
 J, XGRID,YGRID,RGRID           69  0.188144162      -7.13751744E-03  0.280102938    
 J, XGRID,YGRID,RGRID           70  0.193617985       2.19650392E-04  0.280084848    
 J, XGRID,YGRID,RGRID           71  0.199046016       7.98555557E-03  0.280231565    
 J, XGRID,YGRID,RGRID           72  0.204290912       1.60898622E-02  0.280060917    
 J, XGRID,YGRID,RGRID           73  0.209425941       2.44782660E-02  0.279978156    
 J, XGRID,YGRID,RGRID           74  0.214485422       3.30969244E-02  0.280032158    
 J, XGRID,YGRID,RGRID           75  0.219310671       4.18938249E-02  0.279776067    
 J, XGRID,YGRID,RGRID           76  0.224095479       5.08205257E-02  0.280000955    
 J, XGRID,YGRID,RGRID           77  0.228675798       5.98119423E-02  0.279986620    
 J, XGRID,YGRID,RGRID           78  0.233047828       6.89089075E-02  0.279745191    
 J, XGRID,YGRID,RGRID           79  0.237530485       7.80683309E-02  0.280480385    
 J, XGRID,YGRID,RGRID           80  0.241592750       8.72594714E-02  0.280029029    
 J, XGRID,YGRID,RGRID           81  0.245704606       9.64533165E-02  0.280224651    
 J, XGRID,YGRID,RGRID           82  0.249694392      0.105621733      0.280444682    
 J, XGRID,YGRID,RGRID           83  0.253412545      0.114737451      0.280112982    
 J, XGRID,YGRID,RGRID           84  0.257141411      0.123774111      0.280499041    
 J, XGRID,YGRID,RGRID           85  0.260552883      0.132706136      0.280015945    
 J, XGRID,YGRID,RGRID           86  0.263907880      0.141508758      0.279840499    
 J, XGRID,YGRID,RGRID           87  0.267166764      0.150164708      0.280016571    
 J, XGRID,YGRID,RGRID           88  0.270259351      0.158637449      0.279709280    
 J, XGRID,YGRID,RGRID           89  0.273252726      0.166917101      0.279572874    
 J, XGRID,YGRID,RGRID           90  0.276243091      0.173375905      0.280134678    
 J, XGRID,YGRID,RGRID           91  0.278778732      0.173222691      0.279632062    
 J, XGRID,YGRID,RGRID           92  0.281599700      0.181488052      0.279896021    
 J, XGRID,YGRID,RGRID           93  0.284371823      0.190227225      0.279515505    
 J, XGRID,YGRID,RGRID           94  0.287519246      0.199465513      0.279969960    
 J, XGRID,YGRID,RGRID           95  0.290857404      0.209231421      0.280400008    
 J, XGRID,YGRID,RGRID           96  0.294522017      0.219555080      0.281289101    
 J, XGRID,YGRID,RGRID           97  0.297692239      0.230468333      0.279473156    
 J, XGRID,YGRID,RGRID           98  0.301536828      0.242004871      0.279522479    
 J, XGRID,YGRID,RGRID           99  0.305454612      0.254200310      0.279171467    
 J, XGRID,YGRID,RGRID          100  0.309878916      0.267092198      0.280002147    
 J, XGRID,YGRID,RGRID          101  0.314184129      0.280720413      0.278889507    
 J, XGRID,YGRID,RGRID          102  0.319304079      0.295126945      0.280189067    
 J, XGRID,YGRID,RGRID          103  0.324069947      0.310356289      0.279281646    
 J, XGRID,YGRID,RGRID          104  0.329266012      0.326455384      0.279116482    
 J, XGRID,YGRID,RGRID          105  0.335258484      0.343473911      0.280133039    
 J, XGRID,YGRID,RGRID          106  0.341232538      0.361464441      0.280651659    

  THE BLADE CENTROID ON THE X-Y SURFACE IS AT X, Y=    0.15464  -0.01802


  THE J VALUE OF THE CENTROID IS J =           63

  THE CENTROID ON THE STREAM SURFACE IS AT  0.154640585       0.00000000    
  THE HUB SECTION CENTROID IS AT   5.00303097E-02   0.00000000    


  BLADE TRUE CHORD:AXIAL CHORD RATIO =    1.08632016    


    TKLE      TKTE      TKMAX     XTMAX     XMODLE     XMODTE    TK_TYP 
    0.0400    0.0400    0.1000    0.5000    0.0200    0.0100    2.0000


 FCHORD=    1.00000000      FPERP=    0.00000000     FTKSCALE=    1.00000000    


  CENTRELINE COORDINATES AND THICKNESS FOR INTYPE = 1

    XIN        YIN       TKIN 
   0.00000   0.00000   0.04345
   0.00006  -0.00007   0.04347
   0.00025  -0.00028   0.04352
   0.00056  -0.00063   0.04360
   0.00100  -0.00111   0.04371
   0.00156  -0.00174   0.04386
   0.00224  -0.00250   0.04404
   0.00305  -0.00340   0.04425
   0.00398  -0.00444   0.04449
   0.00504  -0.00560   0.04476
   0.00622  -0.00690   0.04506
   0.00752  -0.00833   0.04540
   0.00895  -0.00989   0.04576
   0.01049  -0.01158   0.04616
   0.01216  -0.01339   0.04659
   0.01395  -0.01532   0.04704
   0.01587  -0.01738   0.04752
   0.01790  -0.01955   0.04804
   0.02005  -0.02183   0.04858
   0.02232  -0.02423   0.04914
   0.02472  -0.02673   0.04974
   0.02723  -0.02934   0.05036
   0.02985  -0.03206   0.05100
   0.03260  -0.03486   0.05168
   0.03546  -0.03777   0.05237
   0.03844  -0.04076   0.05309
   0.04153  -0.04384   0.05383
   0.04474  -0.04701   0.05459
   0.04806  -0.05025   0.05538
   0.05149  -0.05357   0.05619
   0.05504  -0.05695   0.05701
   0.05869  -0.06040   0.05786
   0.06246  -0.06392   0.05872
   0.06633  -0.06748   0.05960
   0.07031  -0.07110   0.06050
   0.07440  -0.07477   0.06141
   0.07860  -0.07848   0.06233
   0.08290  -0.08222   0.06327
   0.08730  -0.08600   0.06423
   0.09181  -0.08980   0.06519
   0.09642  -0.09362   0.06617
   0.10113  -0.09746   0.06715
   0.10594  -0.10130   0.06815
   0.11085  -0.10516   0.06915
   0.11585  -0.10901   0.07016
   0.12095  -0.11285   0.07117
   0.12615  -0.11669   0.07219
   0.13144  -0.12051   0.07322
   0.13682  -0.12430   0.07424
   0.14229  -0.12807   0.07527
   0.14784  -0.13181   0.07630
   0.15349  -0.13550   0.07733
   0.15923  -0.13915   0.07836
   0.16504  -0.14276   0.07938
   0.17095  -0.14630   0.08040
   0.17693  -0.14979   0.08142
   0.18299  -0.15321   0.08243
   0.18914  -0.15656   0.08344
   0.19536  -0.15983   0.08444
   0.20166  -0.16302   0.08543
   0.20803  -0.16613   0.08641
   0.21447  -0.16914   0.08738
   0.22099  -0.17205   0.08834
   0.22757  -0.17487   0.08928
   0.23422  -0.17757   0.09022
   0.24094  -0.18017   0.09113
   0.24772  -0.18264   0.09204
   0.25457  -0.18500   0.09293
   0.26148  -0.18723   0.09380
   0.26845  -0.18933   0.09465
   0.27547  -0.19130   0.09549
   0.28255  -0.19313   0.09630
   0.28968  -0.19481   0.09710
   0.29687  -0.19635   0.09787
   0.30411  -0.19774   0.09863
   0.31140  -0.19897   0.09936
   0.31873  -0.20005   0.10007
   0.32611  -0.20096   0.10075
   0.33353  -0.20171   0.10141
   0.34099  -0.20230   0.10204
   0.34850  -0.20271   0.10265
   0.35604  -0.20295   0.10323
   0.36362  -0.20302   0.10378
   0.37123  -0.20290   0.10431
   0.37887  -0.20261   0.10481
   0.38654  -0.20213   0.10528
   0.39424  -0.20147   0.10572
   0.40197  -0.20062   0.10613
   0.40972  -0.19959   0.10651
   0.41750  -0.19836   0.10686
   0.42529  -0.19695   0.10718
   0.43311  -0.19534   0.10747
   0.44094  -0.19354   0.10772
   0.44878  -0.19155   0.10795
   0.45664  -0.18936   0.10814
   0.46451  -0.18698   0.10830
   0.47239  -0.18440   0.10843
   0.48027  -0.18163   0.10853
   0.48816  -0.17867   0.10860
   0.49605  -0.17551   0.10863
   0.50395  -0.17216   0.10863
   0.51184  -0.16862   0.10860
   0.51973  -0.16489   0.10853
   0.52761  -0.16097   0.10843
   0.53549  -0.15686   0.10830
   0.54336  -0.15256   0.10814
   0.55122  -0.14808   0.10795
   0.55906  -0.14341   0.10772
   0.56689  -0.13857   0.10747
   0.57471  -0.13354   0.10718
   0.58250  -0.12834   0.10686
   0.59028  -0.12297   0.10651
   0.59803  -0.11742   0.10613
   0.60576  -0.11171   0.10572
   0.61346  -0.10584   0.10528
   0.62113  -0.09980   0.10481
   0.62877  -0.09361   0.10431
   0.63638  -0.08726   0.10378
   0.64396  -0.08077   0.10323
   0.65150  -0.07413   0.10265
   0.65901  -0.06734   0.10204
   0.66647  -0.06043   0.10141
   0.67389  -0.05337   0.10075
   0.68127  -0.04620   0.10007
   0.68860  -0.03890   0.09936
   0.69589  -0.03148   0.09863
   0.70313  -0.02395   0.09787
   0.71031  -0.01631   0.09710
   0.71745  -0.00857   0.09630
   0.72453  -0.00073   0.09549
   0.73155   0.00720   0.09465
   0.73852   0.01521   0.09380
   0.74543   0.02331   0.09293
   0.75228   0.03147   0.09204
   0.75906   0.03971   0.09113
   0.76578   0.04800   0.09022
   0.77243   0.05636   0.08928
   0.77901   0.06476   0.08834
   0.78553   0.07320   0.08738
   0.79197   0.08168   0.08641
   0.79834   0.09019   0.08543
   0.80464   0.09873   0.08444
   0.81086   0.10728   0.08344
   0.81701   0.11585   0.08243
   0.82307   0.12441   0.08142
   0.82905   0.13298   0.08040
   0.83496   0.14153   0.07938
   0.84077   0.15008   0.07836
   0.84651   0.15859   0.07733
   0.85216   0.16708   0.07630
   0.85771   0.17554   0.07527
   0.86318   0.18395   0.07424
   0.86856   0.19231   0.07322
   0.87385   0.20061   0.07219
   0.87905   0.20886   0.07117
   0.88415   0.21703   0.07016
   0.88915   0.22513   0.06915
   0.89406   0.23315   0.06815
   0.89887   0.24108   0.06715
   0.90358   0.24892   0.06617
   0.90819   0.25665   0.06519
   0.91270   0.26428   0.06423
   0.91710   0.27179   0.06327
   0.92140   0.27918   0.06233
   0.92560   0.28645   0.06141
   0.92969   0.29359   0.06050
   0.93367   0.30059   0.05960
   0.93754   0.30745   0.05872
   0.94131   0.31415   0.05786
   0.94496   0.32071   0.05701
   0.94851   0.32710   0.05619
   0.95194   0.33333   0.05538
   0.95526   0.33939   0.05459
   0.95847   0.34528   0.05383
   0.96156   0.35098   0.05309
   0.96454   0.35651   0.05237
   0.96740   0.36184   0.05168
   0.97015   0.36698   0.05100
   0.97277   0.37192   0.05036
   0.97528   0.37666   0.04974
   0.97768   0.38119   0.04914
   0.97995   0.38552   0.04858
   0.98210   0.38963   0.04804
   0.98413   0.39353   0.04752
   0.98605   0.39720   0.04704
   0.98784   0.40066   0.04659
   0.98951   0.40389   0.04616
   0.99105   0.40689   0.04576
   0.99248   0.40966   0.04540
   0.99378   0.41219   0.04506
   0.99496   0.41449   0.04476
   0.99602   0.41656   0.04449
   0.99695   0.41838   0.04425
   0.99776   0.41997   0.04404
   0.99844   0.42131   0.04386
   0.99900   0.42241   0.04371
   0.99944   0.42327   0.04360
   0.99975   0.42388   0.04352
   0.99994   0.42425   0.04347
   1.00000   0.42437   0.04345

  BLADE SURFACE COORDINATES GENERATED USING INTYPE = 1

  XUP          YUP       XLOW      YLOW 
   0.00001   0.02173  -0.00001  -0.02173
   0.00007   0.02166   0.00005  -0.02180
   0.00026   0.02148   0.00024  -0.02204
   0.00057   0.02117   0.00055  -0.02243
   0.00101   0.02074   0.00099  -0.02297
   0.00157   0.02019   0.00155  -0.02367
   0.00225   0.01952   0.00223  -0.02452
   0.00306   0.01872   0.00304  -0.02552
   0.00399   0.01781   0.00397  -0.02668
   0.00505   0.01678   0.00503  -0.02798
   0.00623   0.01563   0.00621  -0.02943
   0.00753   0.01437   0.00751  -0.03103
   0.00896   0.01299   0.00894  -0.03278
   0.01050   0.01150   0.01048  -0.03466
   0.01217   0.00990   0.01215  -0.03668
   0.01396   0.00820   0.01394  -0.03884
   0.01588   0.00638   0.01586  -0.04114
   0.01791   0.00447   0.01789  -0.04357
   0.02006   0.00245   0.02004  -0.04612
   0.02233   0.00034   0.02231  -0.04880
   0.02473  -0.00187   0.02471  -0.05160
   0.02724  -0.00417   0.02722  -0.05452
   0.02986  -0.00655   0.02984  -0.05756
   0.03261  -0.00903   0.03259  -0.06070
   0.03547  -0.01158   0.03545  -0.06395
   0.03845  -0.01422   0.03843  -0.06731
   0.04154  -0.01693   0.04152  -0.07076
   0.04475  -0.01971   0.04473  -0.07431
   0.04807  -0.02256   0.04805  -0.07794
   0.05150  -0.02547   0.05148  -0.08166
   0.05505  -0.02845   0.05503  -0.08546
   0.05870  -0.03148   0.05868  -0.08933
   0.06247  -0.03456   0.06245  -0.09328
   0.06634  -0.03769   0.06632  -0.09728
   0.07032  -0.04086   0.07030  -0.10135
   0.07441  -0.04407   0.07439  -0.10547
   0.07861  -0.04731   0.07859  -0.10964
   0.08291  -0.05058   0.08289  -0.11386
   0.08731  -0.05388   0.08729  -0.11811
   0.09182  -0.05720   0.09180  -0.12239
   0.09643  -0.06053   0.09641  -0.12670
   0.10114  -0.06388   0.10112  -0.13103
   0.10595  -0.06723   0.10593  -0.13538
   0.11086  -0.07058   0.11084  -0.13973
   0.11586  -0.07393   0.11584  -0.14409
   0.12096  -0.07727   0.12094  -0.14844
   0.12616  -0.08059   0.12614  -0.15279
   0.13145  -0.08390   0.13143  -0.15712
   0.13683  -0.08718   0.13681  -0.16143
   0.14230  -0.09044   0.14228  -0.16571
   0.14785  -0.09366   0.14783  -0.16996
   0.15350  -0.09684   0.15348  -0.17417
   0.15924  -0.09998   0.15922  -0.17833
   0.16505  -0.10307   0.16503  -0.18245
   0.17096  -0.10610   0.17094  -0.18651
   0.17694  -0.10908   0.17692  -0.19050
   0.18300  -0.11199   0.18298  -0.19443
   0.18915  -0.11484   0.18913  -0.19828
   0.19537  -0.11761   0.19535  -0.20205
   0.20167  -0.12031   0.20165  -0.20574
   0.20804  -0.12292   0.20802  -0.20933
   0.21448  -0.12545   0.21446  -0.21283
   0.22100  -0.12789   0.22098  -0.21622
   0.22758  -0.13023   0.22756  -0.21951
   0.23423  -0.13247   0.23421  -0.22268
   0.24095  -0.13460   0.24093  -0.22573
   0.24773  -0.13662   0.24771  -0.22866
   0.25458  -0.13854   0.25456  -0.23146
   0.26149  -0.14033   0.26147  -0.23413
   0.26846  -0.14201   0.26844  -0.23666
   0.27548  -0.14355   0.27546  -0.23904
   0.28256  -0.14497   0.28254  -0.24128
   0.28969  -0.14626   0.28967  -0.24336
   0.29688  -0.14741   0.29686  -0.24529
   0.30412  -0.14842   0.30410  -0.24705
   0.31141  -0.14929   0.31139  -0.24865
   0.31874  -0.15002   0.31872  -0.25008
   0.32612  -0.15059   0.32610  -0.25134
   0.33354  -0.15101   0.33352  -0.25242
   0.34100  -0.15128   0.34098  -0.25332
   0.34851  -0.15139   0.34849  -0.25404
   0.35605  -0.15134   0.35603  -0.25457
   0.36363  -0.15113   0.36361  -0.25491
   0.37124  -0.15075   0.37122  -0.25506
   0.37888  -0.15021   0.37886  -0.25501
   0.38655  -0.14950   0.38653  -0.25477
   0.39425  -0.14861   0.39423  -0.25433
   0.40198  -0.14756   0.40196  -0.25369
   0.40973  -0.14634   0.40971  -0.25284
   0.41751  -0.14494   0.41749  -0.25179
   0.42530  -0.14336   0.42528  -0.25054
   0.43312  -0.14161   0.43310  -0.24907
   0.44095  -0.13968   0.44093  -0.24740
   0.44879  -0.13757   0.44877  -0.24552
   0.45665  -0.13529   0.45663  -0.24343
   0.46452  -0.13283   0.46450  -0.24113
   0.47240  -0.13019   0.47238  -0.23862
   0.48028  -0.12737   0.48026  -0.23590
   0.48817  -0.12437   0.48815  -0.23297
   0.49606  -0.12120   0.49604  -0.22983
   0.50396  -0.11785   0.50394  -0.22648
   0.51185  -0.11432   0.51183  -0.22292
   0.51974  -0.11062   0.51972  -0.21916
   0.52762  -0.10675   0.52760  -0.21518
   0.53550  -0.10271   0.53548  -0.21101
   0.54337  -0.09849   0.54335  -0.20663
   0.55123  -0.09410   0.55121  -0.20205
   0.55907  -0.08955   0.55905  -0.19727
   0.56690  -0.08483   0.56688  -0.19230
   0.57472  -0.07995   0.57470  -0.18713
   0.58251  -0.07491   0.58249  -0.18177
   0.59029  -0.06971   0.59027  -0.17622
   0.59804  -0.06436   0.59802  -0.17049
   0.60577  -0.05885   0.60575  -0.16457
   0.61347  -0.05320   0.61345  -0.15847
   0.62114  -0.04740   0.62112  -0.15220
   0.62878  -0.04145   0.62876  -0.14576
   0.63639  -0.03537   0.63637  -0.13915
   0.64397  -0.02915   0.64395  -0.13238
   0.65151  -0.02280   0.65149  -0.12545
   0.65902  -0.01632   0.65900  -0.11836
   0.66648  -0.00972   0.66646  -0.11113
   0.67390  -0.00300   0.67388  -0.10375
   0.68128   0.00384   0.68126  -0.09623
   0.68861   0.01078   0.68859  -0.08858
   0.69590   0.01784   0.69588  -0.08079
   0.70314   0.02499   0.70312  -0.07288
   0.71033   0.03224   0.71030  -0.06486
   0.71746   0.03958   0.71744  -0.05672
   0.72454   0.04701   0.72452  -0.04847
   0.73156   0.05452   0.73154  -0.04013
   0.73853   0.06211   0.73851  -0.03169
   0.74544   0.06977   0.74542  -0.02316
   0.75229   0.07749   0.75227  -0.01455
   0.75907   0.08527   0.75905  -0.00586
   0.76579   0.09311   0.76577   0.00290
   0.77244   0.10100   0.77242   0.01171
   0.77902   0.10892   0.77900   0.02059
   0.78554   0.11689   0.78552   0.02951
   0.79198   0.12489   0.79196   0.03848
   0.79835   0.13291   0.79833   0.04748
   0.80465   0.14095   0.80463   0.05651
   0.81087   0.14900   0.81085   0.06556
   0.81702   0.15706   0.81700   0.07463
   0.82308   0.16512   0.82306   0.08370
   0.82906   0.17318   0.82904   0.09278
   0.83497   0.18123   0.83495   0.10184
   0.84078   0.18925   0.84076   0.11090
   0.84652   0.19726   0.84650   0.11993
   0.85217   0.20523   0.85215   0.12893
   0.85772   0.21317   0.85770   0.13790
   0.86319   0.22107   0.86317   0.14683
   0.86857   0.22892   0.86855   0.15570
   0.87386   0.23671   0.87384   0.16452
   0.87906   0.24445   0.87904   0.17327
   0.88416   0.25211   0.88414   0.18195
   0.88916   0.25971   0.88914   0.19056
   0.89407   0.26723   0.89405   0.19908
   0.89888   0.27466   0.89886   0.20750
   0.90359   0.28200   0.90357   0.21583
   0.90820   0.28925   0.90818   0.22405
   0.91271   0.29639   0.91269   0.23216
   0.91711   0.30343   0.91709   0.24015
   0.92141   0.31035   0.92139   0.24802
   0.92561   0.31716   0.92559   0.25575
   0.92970   0.32384   0.92968   0.26334
   0.93368   0.33039   0.93366   0.27079
   0.93755   0.33681   0.93753   0.27809
   0.94132   0.34308   0.94130   0.28523
   0.94497   0.34921   0.94495   0.29220
   0.94852   0.35520   0.94850   0.29901
   0.95195   0.36102   0.95193   0.30564
   0.95527   0.36669   0.95525   0.31210
   0.95848   0.37219   0.95846   0.31836
   0.96157   0.37753   0.96155   0.32444
   0.96455   0.38269   0.96453   0.33032
   0.96741   0.38768   0.96739   0.33600
   0.97016   0.39248   0.97014   0.34148
   0.97278   0.39710   0.97276   0.34674
   0.97529   0.40153   0.97527   0.35179
   0.97769   0.40577   0.97767   0.35662
   0.97996   0.40981   0.97994   0.36123
   0.98211   0.41365   0.98209   0.36561
   0.98414   0.41729   0.98412   0.36977
   0.98606   0.42072   0.98604   0.37368
   0.98785   0.42395   0.98783   0.37737
   0.98952   0.42697   0.98950   0.38081
   0.99106   0.42977   0.99104   0.38400
   0.99249   0.43235   0.99247   0.38696
   0.99379   0.43472   0.99377   0.38966
   0.99497   0.43687   0.99495   0.39211
   0.99603   0.43880   0.99601   0.39431
   0.99696   0.44050   0.99694   0.39626
   0.99777   0.44199   0.99775   0.39795
   0.99845   0.44324   0.99843   0.39938
   0.99901   0.44427   0.99899   0.40056
   0.99945   0.44507   0.99943   0.40147
   0.99976   0.44564   0.99974   0.40212
   0.99995   0.44598   0.99993   0.40251
   1.00001   0.44610   0.99999   0.40265

XIN,   MODIFIED LEADING EDGE THICKNESS     0.00000     0.00000
XIN,   MODIFIED LEADING EDGE THICKNESS     0.00006     0.09652
XIN,   MODIFIED LEADING EDGE THICKNESS     0.00025     0.19214
XIN,   MODIFIED LEADING EDGE THICKNESS     0.00056     0.28594
XIN,   MODIFIED LEADING EDGE THICKNESS     0.00100     0.37704
XIN,   MODIFIED LEADING EDGE THICKNESS     0.00156     0.46457
XIN,   MODIFIED LEADING EDGE THICKNESS     0.00224     0.54766
XIN,   MODIFIED LEADING EDGE THICKNESS     0.00305     0.62551
XIN,   MODIFIED LEADING EDGE THICKNESS     0.00398     0.69735
XIN,   MODIFIED LEADING EDGE THICKNESS     0.00504     0.76246
XIN,   MODIFIED LEADING EDGE THICKNESS     0.00622     0.82022
XIN,   MODIFIED LEADING EDGE THICKNESS     0.00752     0.87008
XIN,   MODIFIED LEADING EDGE THICKNESS     0.00895     0.91166
XIN,   MODIFIED LEADING EDGE THICKNESS     0.01049     0.94477
XIN,   MODIFIED LEADING EDGE THICKNESS     0.01216     0.96944
XIN,   MODIFIED LEADING EDGE THICKNESS     0.01395     0.98609
XIN,   MODIFIED LEADING EDGE THICKNESS     0.01587     0.99557
XIN,   MODIFIED LEADING EDGE THICKNESS     0.01790     0.99942
 XIN,   MODIFIED TRAILING EDGE THICKNESS     0.99105     0.99442
 XIN,   MODIFIED TRAILING EDGE THICKNESS     0.99248     0.96876
 XIN,   MODIFIED TRAILING EDGE THICKNESS     0.99378     0.92571
 XIN,   MODIFIED TRAILING EDGE THICKNESS     0.99496     0.86823
 XIN,   MODIFIED TRAILING EDGE THICKNESS     0.99602     0.79867
 XIN,   MODIFIED TRAILING EDGE THICKNESS     0.99695     0.71900
 XIN,   MODIFIED TRAILING EDGE THICKNESS     0.99776     0.63090
 XIN,   MODIFIED TRAILING EDGE THICKNESS     0.99844     0.53585
 XIN,   MODIFIED TRAILING EDGE THICKNESS     0.99900     0.43519
 XIN,   MODIFIED TRAILING EDGE THICKNESS     0.99944     0.33013
 XIN,   MODIFIED TRAILING EDGE THICKNESS     0.99975     0.22186
 XIN,   MODIFIED TRAILING EDGE THICKNESS     0.99994     0.11144
 XIN,   MODIFIED TRAILING EDGE THICKNESS     1.00000     0.00000

  POINTS NEARLY PERPENDICULAR TO THE CENTRE LINE BEFORE THINNING 
        N        XUPP      YUPP        XLOW        YLOW 
         1     0.01165     0.01040    -0.01015    -0.00906
         2     0.01172     0.01034    -0.01009    -0.00913
         3     0.01192     0.01015    -0.00991    -0.00936
         4     0.01225     0.00983    -0.00961    -0.00973
         5     0.01272     0.00938    -0.00920    -0.01024
         6     0.01332     0.00881    -0.00867    -0.01091
         7     0.01405     0.00811    -0.00802    -0.01172
         8     0.01492     0.00729    -0.00725    -0.01268
         9     0.01592     0.00634    -0.00637    -0.01378
        10     0.01705     0.00528    -0.00537    -0.01503
        11     0.01832     0.00409    -0.00426    -0.01642
        12     0.01971     0.00279    -0.00303    -0.01795
        13     0.02124     0.00136    -0.00169    -0.01963
        14     0.02289    -0.00017    -0.00023    -0.02145
        15     0.02468    -0.00182     0.00133    -0.02340
        16     0.02660    -0.00358     0.00301    -0.02549
        17     0.02864    -0.00544     0.00481    -0.02771
        18     0.03082    -0.00741     0.00671    -0.03006
        19     0.03312    -0.00948     0.00874    -0.03253
        20     0.03555    -0.01165     0.01087    -0.03513
        21     0.03810    -0.01390     0.01312    -0.03785
        22     0.04078    -0.01625     0.01548    -0.04068
        23     0.04358    -0.01869     0.01795    -0.04364
        24     0.04651    -0.02122     0.02053    -0.04670
        25     0.04955    -0.02382     0.02323    -0.04987
        26     0.05272    -0.02649     0.02604    -0.05315
        27     0.05601    -0.02924     0.02895    -0.05652
        28     0.05941    -0.03206     0.03198    -0.06000
        29     0.06293    -0.03493     0.03512    -0.06356
        30     0.06657    -0.03787     0.03836    -0.06722
        31     0.07032    -0.04086     0.04172    -0.07098
        32     0.07419    -0.04387     0.04518    -0.07480
        33     0.07817    -0.04695     0.04875    -0.07870
        34     0.08225    -0.05006     0.05243    -0.08268
        35     0.08645    -0.05321     0.05622    -0.08672
        36     0.09075    -0.05639     0.06011    -0.09083
        37     0.09515    -0.05959     0.06411    -0.09499
        38     0.09965    -0.06281     0.06822    -0.09921
        39     0.10426    -0.06604     0.07243    -0.10349
        40     0.10896    -0.06927     0.07675    -0.10780
        41     0.11376    -0.07251     0.08117    -0.11216
        42     0.11865    -0.07575     0.08570    -0.11656
        43     0.12364    -0.07897     0.09033    -0.12098
        44     0.12871    -0.08218     0.09507    -0.12543
        45     0.13386    -0.08537     0.09992    -0.12990
        46     0.13910    -0.08853     0.10486    -0.13439
        47     0.14442    -0.09166     0.10992    -0.13889
        48     0.14982    -0.09476     0.11508    -0.14339
        49     0.15529    -0.09781     0.12034    -0.14789
        50     0.16083    -0.10082     0.12571    -0.15239
        51     0.16643    -0.10377     0.13119    -0.15688
        52     0.17211    -0.10667     0.13677    -0.16135
        53     0.17784    -0.10951     0.14246    -0.16585
        54     0.18363    -0.11229     0.14826    -0.17027
        55     0.18948    -0.11499     0.15416    -0.17466
        56     0.19538    -0.11762     0.16017    -0.17901
        57     0.20132    -0.12011     0.16630    -0.18331
        58     0.20731    -0.12258     0.17253    -0.18756
        59     0.21335    -0.12497     0.17887    -0.19176
        60     0.21941    -0.12726     0.18532    -0.19588
        61     0.22551    -0.12946     0.19188    -0.19994
        62     0.23165    -0.13157     0.19856    -0.20391
        63     0.23780    -0.13358     0.20534    -0.20780
        64     0.24398    -0.13549     0.21224    -0.21159
        65     0.25019    -0.13730     0.21926    -0.21529
        66     0.25640    -0.13901     0.22638    -0.21887
        67     0.26264    -0.14061     0.23362    -0.22234
        68     0.26888    -0.14210     0.24098    -0.22575
        69     0.27514    -0.14342     0.24845    -0.22896
        70     0.28141    -0.14469     0.25603    -0.23203
        71     0.28769    -0.14586     0.26372    -0.23494
        72     0.29397    -0.14692     0.27153    -0.23769
        73     0.30025    -0.14787     0.27944    -0.24027
        74     0.30654    -0.14870     0.28746    -0.24267
        75     0.31283    -0.14943     0.29558    -0.24489
        76     0.31913    -0.15005     0.30381    -0.24690
        77     0.32544    -0.15047     0.31213    -0.24879
        78     0.33175    -0.15086     0.32054    -0.25039
        79     0.33807    -0.15114     0.32904    -0.25175
        80     0.34439    -0.15131     0.33762    -0.25288
        81     0.35073    -0.15137     0.34627    -0.25378
        82     0.35708    -0.15131     0.35500    -0.25442
        83     0.36345    -0.15105     0.36378    -0.25491
        84     0.36984    -0.15076     0.37262    -0.25505
        85     0.37624    -0.15036     0.38150    -0.25492
        86     0.38268    -0.14983     0.39042    -0.25452
        87     0.38913    -0.14919     0.39937    -0.25386
        88     0.39562    -0.14842     0.40834    -0.25292
        89     0.40215    -0.14753     0.41733    -0.25172
        90     0.40870    -0.14643     0.42631    -0.25034
        91     0.41530    -0.14529     0.43530    -0.24860
        92     0.42193    -0.14401     0.44427    -0.24658
        93     0.42862    -0.14260     0.45323    -0.24430
        94     0.43534    -0.14105     0.46216    -0.24176
        95     0.44212    -0.13936     0.47107    -0.23896
        96     0.44894    -0.13753     0.47994    -0.23591
        97     0.45582    -0.13546     0.48877    -0.23272
        98     0.46274    -0.13333     0.49755    -0.22918
        99     0.46971    -0.13105     0.50629    -0.22541
       100     0.47673    -0.12861     0.51497    -0.22140
       101     0.48381    -0.12601     0.52361    -0.21717
       102     0.49093    -0.12325     0.53218    -0.21272
       103     0.49811    -0.12033     0.54070    -0.20806
       104     0.50533    -0.11724     0.54916    -0.20319
       105     0.51259    -0.11398     0.55756    -0.19812
       106     0.51990    -0.11054     0.56590    -0.19285
       107     0.52725    -0.10685     0.57417    -0.18739
       108     0.53463    -0.10308     0.58238    -0.18175
       109     0.54205    -0.09913     0.59053    -0.17603
       110     0.54950    -0.09501     0.59861    -0.17003
       111     0.55698    -0.09072     0.60663    -0.16387
       112     0.56449    -0.08625     0.61459    -0.15754
       113     0.57201    -0.08161     0.62248    -0.15105
       114     0.57956    -0.07679     0.63032    -0.14441
       115     0.58711    -0.07180     0.63809    -0.13762
       116     0.59468    -0.06665     0.64579    -0.13068
       117     0.60226    -0.06133     0.65344    -0.12361
       118     0.60984    -0.05584     0.66102    -0.11639
       119     0.61741    -0.05019     0.66854    -0.10905
       120     0.62499    -0.04439     0.67600    -0.10158
       121     0.63255    -0.03842     0.68340    -0.09399
       122     0.64010    -0.03231     0.69074    -0.08628
       123     0.64764    -0.02605     0.69801    -0.07846
       124     0.65515    -0.01964     0.70522    -0.07053
       125     0.66264    -0.01310     0.71237    -0.06249
       126     0.67011    -0.00641     0.71946    -0.05436
       127     0.67755     0.00040     0.72648    -0.04614
       128     0.68495     0.00733     0.73344    -0.03783
       129     0.69232     0.01439     0.74033    -0.02944
       130     0.69964     0.02155     0.74716    -0.02097
       131     0.70693     0.02883     0.75392    -0.01242
       132     0.71416     0.03621     0.76062    -0.00381
       133     0.72135     0.04369     0.76724     0.00486
       134     0.72849     0.05126     0.77381     0.01359
       135     0.73557     0.05891     0.78030     0.02236
       136     0.74260     0.06664     0.78672     0.03119
       137     0.74956     0.07445     0.79307     0.04005
       138     0.75647     0.08231     0.79935     0.04894
       139     0.76331     0.09024     0.80556     0.05787
       140     0.77008     0.09822     0.81170     0.06681
       141     0.77678     0.10625     0.81776     0.07577
       142     0.78341     0.11431     0.82374     0.08474
       143     0.78996     0.12241     0.82965     0.09371
       144     0.79644     0.13053     0.83548     0.10268
       145     0.80284     0.13867     0.84124     0.11164
       146     0.80916     0.14682     0.84691     0.12058
       147     0.81540     0.15497     0.85250     0.12951
       148     0.82155     0.16312     0.85801     0.13840
       149     0.82762     0.17126     0.86344     0.14726
       150     0.83360     0.17939     0.86878     0.15608
       151     0.83948     0.18749     0.87404     0.16486
       152     0.84528     0.19556     0.87922     0.17358
       153     0.85098     0.20359     0.88430     0.18224
       154     0.85659     0.21158     0.88930     0.19083
       155     0.86210     0.21951     0.89421     0.19935
       156     0.86751     0.22739     0.89902     0.20780
       157     0.87282     0.23520     0.90375     0.21616
       158     0.87803     0.24294     0.90838     0.22442
       159     0.88314     0.25060     0.91292     0.23260
       160     0.88814     0.25818     0.91737     0.24066
       161     0.89304     0.26566     0.92172     0.24862
       162     0.89783     0.27305     0.92597     0.25646
       163     0.90251     0.28033     0.93013     0.26418
       164     0.90708     0.28750     0.93418     0.27178
       165     0.91154     0.29455     0.93814     0.27924
       166     0.91588     0.30148     0.94200     0.28656
       167     0.92012     0.30828     0.94575     0.29374
       168     0.92424     0.31495     0.94941     0.30077
       169     0.92824     0.32147     0.95296     0.30764
       170     0.93213     0.32785     0.95640     0.31435
       171     0.93590     0.33408     0.95975     0.32090
       172     0.93955     0.34014     0.96298     0.32727
       173     0.94309     0.34605     0.96611     0.33347
       174     0.94650     0.35179     0.96914     0.33949
       175     0.94979     0.35735     0.97205     0.34532
       176     0.95296     0.36274     0.97486     0.35096
       177     0.95600     0.36794     0.97756     0.35641
       178     0.95892     0.37296     0.98014     0.36165
       179     0.96172     0.37779     0.98262     0.36669
       180     0.96439     0.38243     0.98499     0.37153
       181     0.96694     0.38686     0.98724     0.37616
       182     0.96935     0.39108     0.98938     0.38057
       183     0.97164     0.39510     0.99141     0.38477
       184     0.97381     0.39891     0.99333     0.38874
       185     0.97584     0.40250     0.99513     0.39249
       186     0.97775     0.40588     0.99682     0.39601
       187     0.97953     0.40905     0.99839     0.39930
       188     0.98117     0.41198     0.99985     0.40235
       189     0.98269     0.41469     1.00120     0.40518
       190     0.98408     0.41718     1.00243     0.40776
       191     0.98533     0.41943     1.00354     0.41010
       192     0.98646     0.42144     1.00454     0.41220
       193     0.98745     0.42323     1.00543     0.41406
       194     0.98831     0.42478     1.00619     0.41567
       195     0.98904     0.42610     1.00685     0.41703
       196     0.98963     0.42718     1.00738     0.41815
       197     0.99010     0.42802     1.00779     0.41902
       198     0.99043     0.42862     1.00809     0.41964
       199     0.99063     0.42898     1.00827     0.42002
       200     0.99069     0.42910     1.00833     0.42014
  COORDINATES GOING ROUND THE BLADE AFTER ANY ROTATION
     N        XSURF        YSURF 
         1     0.00128     0.00114
         2     0.00187     0.00154
         3     0.00310     0.00227
         4     0.00444     0.00285
         5     0.00589     0.00327
         6     0.00743     0.00353
         7     0.00906     0.00363
         8     0.01077     0.00355
         9     0.01255     0.00330
        10     0.01439     0.00287
        11     0.01629     0.00225
        12     0.01823     0.00144
        13     0.02023     0.00044
        14     0.02226    -0.00076
        15     0.02432    -0.00215
        16     0.02643    -0.00373
        17     0.02859    -0.00549
        18     0.03081    -0.00742
        19     0.03312    -0.00948
        20     0.03555    -0.01165
        21     0.03810    -0.01390
        22     0.04078    -0.01625
        23     0.04358    -0.01869
        24     0.04651    -0.02122
        25     0.04955    -0.02382
        26     0.05272    -0.02649
        27     0.05601    -0.02924
        28     0.05941    -0.03206
        29     0.06293    -0.03493
        30     0.06657    -0.03787
        31     0.07032    -0.04086
        32     0.07419    -0.04387
        33     0.07817    -0.04695
        34     0.08225    -0.05006
        35     0.08645    -0.05321
        36     0.09075    -0.05639
        37     0.09515    -0.05959
        38     0.09965    -0.06281
        39     0.10426    -0.06604
        40     0.10896    -0.06927
        41     0.11376    -0.07251
        42     0.11865    -0.07575
        43     0.12364    -0.07897
        44     0.12871    -0.08218
        45     0.13386    -0.08537
        46     0.13910    -0.08853
        47     0.14442    -0.09166
        48     0.14982    -0.09476
        49     0.15529    -0.09781
        50     0.16083    -0.10082
        51     0.16643    -0.10377
        52     0.17211    -0.10667
        53     0.17784    -0.10951
        54     0.18363    -0.11229
        55     0.18948    -0.11499
        56     0.19538    -0.11762
        57     0.20132    -0.12011
        58     0.20731    -0.12258
        59     0.21335    -0.12497
        60     0.21941    -0.12726
        61     0.22551    -0.12946
        62     0.23165    -0.13157
        63     0.23780    -0.13358
        64     0.24398    -0.13549
        65     0.25019    -0.13730
        66     0.25640    -0.13901
        67     0.26264    -0.14061
        68     0.26888    -0.14210
        69     0.27514    -0.14342
        70     0.28141    -0.14469
        71     0.28769    -0.14586
        72     0.29397    -0.14692
        73     0.30025    -0.14787
        74     0.30654    -0.14870
        75     0.31283    -0.14943
        76     0.31913    -0.15005
        77     0.32544    -0.15047
        78     0.33175    -0.15086
        79     0.33807    -0.15114
        80     0.34439    -0.15131
        81     0.35073    -0.15137
        82     0.35708    -0.15131
        83     0.36345    -0.15105
        84     0.36984    -0.15076
        85     0.37624    -0.15036
        86     0.38267    -0.14983
        87     0.38913    -0.14919
        88     0.39562    -0.14842
        89     0.40215    -0.14753
        90     0.40870    -0.14643
        91     0.41530    -0.14529
        92     0.42193    -0.14401
        93     0.42862    -0.14260
        94     0.43534    -0.14105
        95     0.44212    -0.13936
        96     0.44894    -0.13753
        97     0.45582    -0.13546
        98     0.46274    -0.13333
        99     0.46971    -0.13105
       100     0.47673    -0.12861
       101     0.48381    -0.12601
       102     0.49093    -0.12325
       103     0.49811    -0.12033
       104     0.50533    -0.11724
       105     0.51259    -0.11398
       106     0.51990    -0.11054
       107     0.52725    -0.10685
       108     0.53463    -0.10308
       109     0.54205    -0.09913
       110     0.54950    -0.09501
       111     0.55698    -0.09072
       112     0.56449    -0.08625
       113     0.57201    -0.08161
       114     0.57956    -0.07679
       115     0.58711    -0.07180
       116     0.59468    -0.06665
       117     0.60226    -0.06133
       118     0.60984    -0.05584
       119     0.61741    -0.05019
       120     0.62499    -0.04439
       121     0.63255    -0.03842
       122     0.64010    -0.03231
       123     0.64764    -0.02605
       124     0.65515    -0.01964
       125     0.66264    -0.01310
       126     0.67011    -0.00641
       127     0.67755     0.00040
       128     0.68495     0.00733
       129     0.69232     0.01439
       130     0.69964     0.02155
       131     0.70693     0.02883
       132     0.71416     0.03621
       133     0.72135     0.04369
       134     0.72849     0.05126
       135     0.73557     0.05891
       136     0.74260     0.06664
       137     0.74956     0.07445
       138     0.75647     0.08231
       139     0.76331     0.09024
       140     0.77008     0.09822
       141     0.77678     0.10625
       142     0.78341     0.11431
       143     0.78996     0.12241
       144     0.79644     0.13053
       145     0.80284     0.13867
       146     0.80916     0.14682
       147     0.81540     0.15497
       148     0.82155     0.16312
       149     0.82762     0.17126
       150     0.83360     0.17939
       151     0.83948     0.18749
       152     0.84528     0.19556
       153     0.85098     0.20359
       154     0.85659     0.21158
       155     0.86210     0.21951
       156     0.86751     0.22739
       157     0.87282     0.23520
       158     0.87803     0.24294
       159     0.88314     0.25060
       160     0.88814     0.25818
       161     0.89304     0.26566
       162     0.89783     0.27305
       163     0.90251     0.28033
       164     0.90708     0.28750
       165     0.91154     0.29455
       166     0.91588     0.30148
       167     0.92012     0.30828
       168     0.92424     0.31495
       169     0.92824     0.32147
       170     0.93213     0.32785
       171     0.93590     0.33408
       172     0.93955     0.34014
       173     0.94309     0.34605
       174     0.94650     0.35179
       175     0.94979     0.35735
       176     0.95296     0.36274
       177     0.95600     0.36794
       178     0.95892     0.37296
       179     0.96172     0.37779
       180     0.96439     0.38243
       181     0.96694     0.38686
       182     0.96935     0.39108
       183     0.97164     0.39510
       184     0.97381     0.39891
       185     0.97584     0.40250
       186     0.97775     0.40588
       187     0.97953     0.40905
       188     0.98123     0.41195
       189     0.98298     0.41454
       190     0.98476     0.41683
       191     0.98653     0.41881
       192     0.98828     0.42051
       193     0.98997     0.42194
       194     0.99161     0.42310
       195     0.99317     0.42400
       196     0.99465     0.42463
       197     0.99602     0.42500
       198     0.99730     0.42513
       199     0.99847     0.42500
       200     0.99902     0.42487
       201     1.00000     0.42437
       202     1.00043     0.42400
       203     1.00122     0.42314
       204     1.00187     0.42203
       205     1.00237     0.42070
       206     1.00271     0.41914
       207     1.00289     0.41735
       208     1.00290     0.41535
       209     1.00272     0.41313
       210     1.00234     0.41071
       211     1.00174     0.40811
       212     1.00091     0.40532
       213     0.99980     0.40238
       214     0.99839     0.39930
       215     0.99682     0.39601
       216     0.99513     0.39249
       217     0.99333     0.38874
       218     0.99141     0.38477
       219     0.98938     0.38057
       220     0.98724     0.37616
       221     0.98499     0.37153
       222     0.98262     0.36669
       223     0.98014     0.36165
       224     0.97756     0.35641
       225     0.97486     0.35096
       226     0.97205     0.34532
       227     0.96914     0.33949
       228     0.96611     0.33347
       229     0.96298     0.32727
       230     0.95975     0.32090
       231     0.95640     0.31435
       232     0.95296     0.30764
       233     0.94941     0.30077
       234     0.94575     0.29374
       235     0.94200     0.28656
       236     0.93814     0.27924
       237     0.93418     0.27178
       238     0.93013     0.26418
       239     0.92597     0.25646
       240     0.92172     0.24862
       241     0.91737     0.24066
       242     0.91292     0.23260
       243     0.90838     0.22442
       244     0.90375     0.21616
       245     0.89902     0.20780
       246     0.89421     0.19935
       247     0.88930     0.19083
       248     0.88430     0.18224
       249     0.87922     0.17358
       250     0.87404     0.16486
       251     0.86878     0.15608
       252     0.86344     0.14726
       253     0.85801     0.13840
       254     0.85250     0.12951
       255     0.84691     0.12058
       256     0.84124     0.11164
       257     0.83548     0.10268
       258     0.82965     0.09371
       259     0.82374     0.08474
       260     0.81776     0.07577
       261     0.81170     0.06681
       262     0.80556     0.05787
       263     0.79935     0.04894
       264     0.79307     0.04005
       265     0.78672     0.03119
       266     0.78030     0.02236
       267     0.77381     0.01359
       268     0.76724     0.00486
       269     0.76062    -0.00381
       270     0.75392    -0.01242
       271     0.74716    -0.02097
       272     0.74033    -0.02944
       273     0.73344    -0.03783
       274     0.72648    -0.04614
       275     0.71946    -0.05436
       276     0.71237    -0.06249
       277     0.70522    -0.07053
       278     0.69801    -0.07846
       279     0.69074    -0.08628
       280     0.68340    -0.09399
       281     0.67600    -0.10158
       282     0.66854    -0.10905
       283     0.66102    -0.11639
       284     0.65344    -0.12361
       285     0.64579    -0.13068
       286     0.63809    -0.13762
       287     0.63032    -0.14441
       288     0.62248    -0.15105
       289     0.61459    -0.15754
       290     0.60663    -0.16387
       291     0.59861    -0.17003
       292     0.59053    -0.17603
       293     0.58238    -0.18175
       294     0.57417    -0.18739
       295     0.56590    -0.19285
       296     0.55756    -0.19812
       297     0.54916    -0.20319
       298     0.54070    -0.20806
       299     0.53218    -0.21272
       300     0.52361    -0.21717
       301     0.51497    -0.22140
       302     0.50629    -0.22541
       303     0.49755    -0.22918
       304     0.48877    -0.23272
       305     0.47994    -0.23591
       306     0.47107    -0.23896
       307     0.46216    -0.24176
       308     0.45323    -0.24430
       309     0.44427    -0.24658
       310     0.43530    -0.24860
       311     0.42631    -0.25034
       312     0.41733    -0.25172
       313     0.40834    -0.25292
       314     0.39937    -0.25386
       315     0.39042    -0.25452
       316     0.38150    -0.25492
       317     0.37262    -0.25505
       318     0.36378    -0.25491
       319     0.35500    -0.25442
       320     0.34627    -0.25378
       321     0.33762    -0.25288
       322     0.32904    -0.25175
       323     0.32054    -0.25039
       324     0.31213    -0.24879
       325     0.30381    -0.24690
       326     0.29558    -0.24489
       327     0.28746    -0.24267
       328     0.27944    -0.24027
       329     0.27153    -0.23769
       330     0.26372    -0.23494
       331     0.25603    -0.23203
       332     0.24845    -0.22896
       333     0.24098    -0.22575
       334     0.23362    -0.22234
       335     0.22638    -0.21887
       336     0.21926    -0.21529
       337     0.21224    -0.21159
       338     0.20534    -0.20780
       339     0.19856    -0.20391
       340     0.19188    -0.19994
       341     0.18532    -0.19588
       342     0.17887    -0.19176
       343     0.17253    -0.18756
       344     0.16630    -0.18331
       345     0.16017    -0.17901
       346     0.15416    -0.17466
       347     0.14826    -0.17027
       348     0.14246    -0.16585
       349     0.13677    -0.16135
       350     0.13119    -0.15688
       351     0.12571    -0.15239
       352     0.12034    -0.14789
       353     0.11508    -0.14339
       354     0.10992    -0.13889
       355     0.10486    -0.13439
       356     0.09992    -0.12990
       357     0.09507    -0.12543
       358     0.09033    -0.12098
       359     0.08570    -0.11656
       360     0.08117    -0.11216
       361     0.07675    -0.10780
       362     0.07243    -0.10349
       363     0.06822    -0.09921
       364     0.06411    -0.09499
       365     0.06011    -0.09083
       366     0.05622    -0.08672
       367     0.05243    -0.08268
       368     0.04875    -0.07870
       369     0.04518    -0.07480
       370     0.04172    -0.07098
       371     0.03836    -0.06722
       372     0.03512    -0.06356
       373     0.03198    -0.06000
       374     0.02895    -0.05652
       375     0.02604    -0.05315
       376     0.02323    -0.04987
       377     0.02053    -0.04670
       378     0.01795    -0.04364
       379     0.01548    -0.04068
       380     0.01312    -0.03785
       381     0.01087    -0.03513
       382     0.00874    -0.03253
       383     0.00672    -0.03005
       384     0.00486    -0.02766
       385     0.00317    -0.02533
       386     0.00169    -0.02307
       387     0.00040    -0.02086
       388    -0.00068    -0.01870
       389    -0.00155    -0.01661
       390    -0.00223    -0.01458
       391    -0.00271    -0.01262
       392    -0.00300    -0.01074
       393    -0.00310    -0.00894
       394    -0.00303    -0.00723
       395    -0.00278    -0.00563
       396    -0.00237    -0.00413
       397    -0.00181    -0.00274
       398    -0.00109    -0.00148
       399    -0.00024    -0.00034
       400     0.00023     0.00020
  LEADING EDGE POINT =          393  TE POINT =         208

  NO OF SUCT S POINTS         216  NO PRESS S POINTS         186
  XMIN,XMAX, XCHORD    -3.09928111E-03   1.00290108       1.00600040    

   SUCTION SURFACE POINTS FROM LE TO TE.
         1    -0.00310    -0.00894
         2    -0.00303    -0.00723
         3    -0.00278    -0.00563
         4    -0.00237    -0.00413
         5    -0.00181    -0.00274
         6    -0.00109    -0.00148
         7    -0.00024    -0.00034
         8     0.00023     0.00020
         9     0.00128     0.00114
        10     0.00187     0.00154
        11     0.00310     0.00227
        12     0.00444     0.00285
        13     0.00589     0.00327
        14     0.00743     0.00353
        15     0.00906     0.00363
        16     0.01077     0.00355
        17     0.01255     0.00330
        18     0.01439     0.00287
        19     0.01629     0.00225
        20     0.01823     0.00144
        21     0.02023     0.00044
        22     0.02226    -0.00076
        23     0.02432    -0.00215
        24     0.02643    -0.00373
        25     0.02859    -0.00549
        26     0.03081    -0.00742
        27     0.03312    -0.00948
        28     0.03555    -0.01165
        29     0.03810    -0.01390
        30     0.04078    -0.01625
        31     0.04358    -0.01869
        32     0.04651    -0.02122
        33     0.04955    -0.02382
        34     0.05272    -0.02649
        35     0.05601    -0.02924
        36     0.05941    -0.03206
        37     0.06293    -0.03493
        38     0.06657    -0.03787
        39     0.07032    -0.04086
        40     0.07419    -0.04387
        41     0.07817    -0.04695
        42     0.08225    -0.05006
        43     0.08645    -0.05321
        44     0.09075    -0.05639
        45     0.09515    -0.05959
        46     0.09965    -0.06281
        47     0.10426    -0.06604
        48     0.10896    -0.06927
        49     0.11376    -0.07251
        50     0.11865    -0.07575
        51     0.12364    -0.07897
        52     0.12871    -0.08218
        53     0.13386    -0.08537
        54     0.13910    -0.08853
        55     0.14442    -0.09166
        56     0.14982    -0.09476
        57     0.15529    -0.09781
        58     0.16083    -0.10082
        59     0.16643    -0.10377
        60     0.17211    -0.10667
        61     0.17784    -0.10951
        62     0.18363    -0.11229
        63     0.18948    -0.11499
        64     0.19538    -0.11762
        65     0.20132    -0.12011
        66     0.20731    -0.12258
        67     0.21335    -0.12497
        68     0.21941    -0.12726
        69     0.22551    -0.12946
        70     0.23165    -0.13157
        71     0.23780    -0.13358
        72     0.24398    -0.13549
        73     0.25019    -0.13730
        74     0.25640    -0.13901
        75     0.26264    -0.14061
        76     0.26888    -0.14210
        77     0.27514    -0.14342
        78     0.28141    -0.14469
        79     0.28769    -0.14586
        80     0.29397    -0.14692
        81     0.30025    -0.14787
        82     0.30654    -0.14870
        83     0.31283    -0.14943
        84     0.31913    -0.15005
        85     0.32544    -0.15047
        86     0.33175    -0.15086
        87     0.33807    -0.15114
        88     0.34439    -0.15131
        89     0.35073    -0.15137
        90     0.35708    -0.15131
        91     0.36345    -0.15105
        92     0.36984    -0.15076
        93     0.37624    -0.15036
        94     0.38267    -0.14983
        95     0.38913    -0.14919
        96     0.39562    -0.14842
        97     0.40215    -0.14753
        98     0.40870    -0.14643
        99     0.41530    -0.14529
       100     0.42193    -0.14401
       101     0.42862    -0.14260
       102     0.43534    -0.14105
       103     0.44212    -0.13936
       104     0.44894    -0.13753
       105     0.45582    -0.13546
       106     0.46274    -0.13333
       107     0.46971    -0.13105
       108     0.47673    -0.12861
       109     0.48381    -0.12601
       110     0.49093    -0.12325
       111     0.49811    -0.12033
       112     0.50533    -0.11724
       113     0.51259    -0.11398
       114     0.51990    -0.11054
       115     0.52725    -0.10685
       116     0.53463    -0.10308
       117     0.54205    -0.09913
       118     0.54950    -0.09501
       119     0.55698    -0.09072
       120     0.56449    -0.08625
       121     0.57201    -0.08161
       122     0.57956    -0.07679
       123     0.58711    -0.07180
       124     0.59468    -0.06665
       125     0.60226    -0.06133
       126     0.60984    -0.05584
       127     0.61741    -0.05019
       128     0.62499    -0.04439
       129     0.63255    -0.03842
       130     0.64010    -0.03231
       131     0.64764    -0.02605
       132     0.65515    -0.01964
       133     0.66264    -0.01310
       134     0.67011    -0.00641
       135     0.67755     0.00040
       136     0.68495     0.00733
       137     0.69232     0.01439
       138     0.69964     0.02155
       139     0.70693     0.02883
       140     0.71416     0.03621
       141     0.72135     0.04369
       142     0.72849     0.05126
       143     0.73557     0.05891
       144     0.74260     0.06664
       145     0.74956     0.07445
       146     0.75647     0.08231
       147     0.76331     0.09024
       148     0.77008     0.09822
       149     0.77678     0.10625
       150     0.78341     0.11431
       151     0.78996     0.12241
       152     0.79644     0.13053
       153     0.80284     0.13867
       154     0.80916     0.14682
       155     0.81540     0.15497
       156     0.82155     0.16312
       157     0.82762     0.17126
       158     0.83360     0.17939
       159     0.83948     0.18749
       160     0.84528     0.19556
       161     0.85098     0.20359
       162     0.85659     0.21158
       163     0.86210     0.21951
       164     0.86751     0.22739
       165     0.87282     0.23520
       166     0.87803     0.24294
       167     0.88314     0.25060
       168     0.88814     0.25818
       169     0.89304     0.26566
       170     0.89783     0.27305
       171     0.90251     0.28033
       172     0.90708     0.28750
       173     0.91154     0.29455
       174     0.91588     0.30148
       175     0.92012     0.30828
       176     0.92424     0.31495
       177     0.92824     0.32147
       178     0.93213     0.32785
       179     0.93590     0.33408
       180     0.93955     0.34014
       181     0.94309     0.34605
       182     0.94650     0.35179
       183     0.94979     0.35735
       184     0.95296     0.36274
       185     0.95600     0.36794
       186     0.95892     0.37296
       187     0.96172     0.37779
       188     0.96439     0.38243
       189     0.96694     0.38686
       190     0.96935     0.39108
       191     0.97164     0.39510
       192     0.97381     0.39891
       193     0.97584     0.40250
       194     0.97775     0.40588
       195     0.97953     0.40905
       196     0.98123     0.41195
       197     0.98298     0.41454
       198     0.98476     0.41683
       199     0.98653     0.41881
       200     0.98828     0.42051
       201     0.98997     0.42194
       202     0.99161     0.42310
       203     0.99317     0.42400
       204     0.99465     0.42463
       205     0.99602     0.42500
       206     0.99730     0.42513
       207     0.99847     0.42500
       208     0.99902     0.42487
       209     1.00000     0.42437
       210     1.00043     0.42400
       211     1.00122     0.42314
       212     1.00187     0.42203
       213     1.00237     0.42070
       214     1.00271     0.41914
       215     1.00289     0.41735
       216     1.00290     0.41535

   PRESSURE SURFACE POINTS FROM LE TO TE.
         1    -0.00310    -0.00894
         2    -0.00300    -0.01074
         3    -0.00271    -0.01262
         4    -0.00223    -0.01458
         5    -0.00155    -0.01661
         6    -0.00068    -0.01870
         7     0.00040    -0.02086
         8     0.00169    -0.02307
         9     0.00317    -0.02533
        10     0.00486    -0.02766
        11     0.00672    -0.03005
        12     0.00874    -0.03253
        13     0.01087    -0.03513
        14     0.01312    -0.03785
        15     0.01548    -0.04068
        16     0.01795    -0.04364
        17     0.02053    -0.04670
        18     0.02323    -0.04987
        19     0.02604    -0.05315
        20     0.02895    -0.05652
        21     0.03198    -0.06000
        22     0.03512    -0.06356
        23     0.03836    -0.06722
        24     0.04172    -0.07098
        25     0.04518    -0.07480
        26     0.04875    -0.07870
        27     0.05243    -0.08268
        28     0.05622    -0.08672
        29     0.06011    -0.09083
        30     0.06411    -0.09499
        31     0.06822    -0.09921
        32     0.07243    -0.10349
        33     0.07675    -0.10780
        34     0.08117    -0.11216
        35     0.08570    -0.11656
        36     0.09033    -0.12098
        37     0.09507    -0.12543
        38     0.09992    -0.12990
        39     0.10486    -0.13439
        40     0.10992    -0.13889
        41     0.11508    -0.14339
        42     0.12034    -0.14789
        43     0.12571    -0.15239
        44     0.13119    -0.15688
        45     0.13677    -0.16135
        46     0.14246    -0.16585
        47     0.14826    -0.17027
        48     0.15416    -0.17466
        49     0.16017    -0.17901
        50     0.16630    -0.18331
        51     0.17253    -0.18756
        52     0.17887    -0.19176
        53     0.18532    -0.19588
        54     0.19188    -0.19994
        55     0.19856    -0.20391
        56     0.20534    -0.20780
        57     0.21224    -0.21159
        58     0.21926    -0.21529
        59     0.22638    -0.21887
        60     0.23362    -0.22234
        61     0.24098    -0.22575
        62     0.24845    -0.22896
        63     0.25603    -0.23203
        64     0.26372    -0.23494
        65     0.27153    -0.23769
        66     0.27944    -0.24027
        67     0.28746    -0.24267
        68     0.29558    -0.24489
        69     0.30381    -0.24690
        70     0.31213    -0.24879
        71     0.32054    -0.25039
        72     0.32904    -0.25175
        73     0.33762    -0.25288
        74     0.34627    -0.25378
        75     0.35500    -0.25442
        76     0.36378    -0.25491
        77     0.37262    -0.25505
        78     0.38150    -0.25492
        79     0.39042    -0.25452
        80     0.39937    -0.25386
        81     0.40834    -0.25292
        82     0.41733    -0.25172
        83     0.42631    -0.25034
        84     0.43530    -0.24860
        85     0.44427    -0.24658
        86     0.45323    -0.24430
        87     0.46216    -0.24176
        88     0.47107    -0.23896
        89     0.47994    -0.23591
        90     0.48877    -0.23272
        91     0.49755    -0.22918
        92     0.50629    -0.22541
        93     0.51497    -0.22140
        94     0.52361    -0.21717
        95     0.53218    -0.21272
        96     0.54070    -0.20806
        97     0.54916    -0.20319
        98     0.55756    -0.19812
        99     0.56590    -0.19285
       100     0.57417    -0.18739
       101     0.58238    -0.18175
       102     0.59053    -0.17603
       103     0.59861    -0.17003
       104     0.60663    -0.16387
       105     0.61459    -0.15754
       106     0.62248    -0.15105
       107     0.63032    -0.14441
       108     0.63809    -0.13762
       109     0.64579    -0.13068
       110     0.65344    -0.12361
       111     0.66102    -0.11639
       112     0.66854    -0.10905
       113     0.67600    -0.10158
       114     0.68340    -0.09399
       115     0.69074    -0.08628
       116     0.69801    -0.07846
       117     0.70522    -0.07053
       118     0.71237    -0.06249
       119     0.71946    -0.05436
       120     0.72648    -0.04614
       121     0.73344    -0.03783
       122     0.74033    -0.02944
       123     0.74716    -0.02097
       124     0.75392    -0.01242
       125     0.76062    -0.00381
       126     0.76724     0.00486
       127     0.77381     0.01359
       128     0.78030     0.02236
       129     0.78672     0.03119
       130     0.79307     0.04005
       131     0.79935     0.04894
       132     0.80556     0.05787
       133     0.81170     0.06681
       134     0.81776     0.07577
       135     0.82374     0.08474
       136     0.82965     0.09371
       137     0.83548     0.10268
       138     0.84124     0.11164
       139     0.84691     0.12058
       140     0.85250     0.12951
       141     0.85801     0.13840
       142     0.86344     0.14726
       143     0.86878     0.15608
       144     0.87404     0.16486
       145     0.87922     0.17358
       146     0.88430     0.18224
       147     0.88930     0.19083
       148     0.89421     0.19935
       149     0.89902     0.20780
       150     0.90375     0.21616
       151     0.90838     0.22442
       152     0.91292     0.23260
       153     0.91737     0.24066
       154     0.92172     0.24862
       155     0.92597     0.25646
       156     0.93013     0.26418
       157     0.93418     0.27178
       158     0.93814     0.27924
       159     0.94200     0.28656
       160     0.94575     0.29374
       161     0.94941     0.30077
       162     0.95296     0.30764
       163     0.95640     0.31435
       164     0.95975     0.32090
       165     0.96298     0.32727
       166     0.96611     0.33347
       167     0.96914     0.33949
       168     0.97205     0.34532
       169     0.97486     0.35096
       170     0.97756     0.35641
       171     0.98014     0.36165
       172     0.98262     0.36669
       173     0.98499     0.37153
       174     0.98724     0.37616
       175     0.98938     0.38057
       176     0.99141     0.38477
       177     0.99333     0.38874
       178     0.99513     0.39249
       179     0.99682     0.39601
       180     0.99839     0.39930
       181     0.99980     0.40238
       182     1.00091     0.40532
       183     1.00174     0.40811
       184     1.00234     0.41071
       185     1.00272     0.41313
       186     1.00290     0.41535
  POINTS ON THE BLADE TO BE USED FOR PLOTTING 
  AND FINAL INTERPOLATION 
  N           X          YUP        YLOW        THICK 
    1      0.0000     -0.0089     -0.0089      0.0000
    2      0.0001     -0.0074     -0.0100      0.0025
    3      0.0002     -0.0060     -0.0116      0.0056
    4      0.0006     -0.0047     -0.0132      0.0085
    5      0.0010     -0.0034     -0.0149      0.0114
    6      0.0016     -0.0022     -0.0166      0.0143
    7      0.0022     -0.0011     -0.0182      0.0170
    8      0.0030     -0.0001     -0.0199      0.0198
    9      0.0040      0.0008     -0.0216      0.0224
   10      0.0050      0.0016     -0.0234      0.0250
   11      0.0062      0.0023     -0.0252      0.0274
   12      0.0075      0.0028     -0.0270      0.0298
   13      0.0089      0.0033     -0.0288      0.0321
   14      0.0105      0.0035     -0.0308      0.0343
   15      0.0122      0.0036     -0.0328      0.0364
   16      0.0140      0.0035     -0.0350      0.0385
   17      0.0159      0.0032     -0.0373      0.0405
   18      0.0179      0.0027     -0.0398      0.0424
   19      0.0201      0.0019     -0.0423      0.0442
   20      0.0223      0.0009     -0.0450      0.0459
   21      0.0247     -0.0005     -0.0479      0.0474
   22      0.0272     -0.0021     -0.0508      0.0487
   23      0.0299     -0.0041     -0.0539      0.0498
   24      0.0326     -0.0064     -0.0570      0.0506
   25      0.0355     -0.0089     -0.0603      0.0514
   26      0.0384     -0.0116     -0.0637      0.0521
   27      0.0415     -0.0143     -0.0672      0.0528
   28      0.0447     -0.0171     -0.0708      0.0536
   29      0.0481     -0.0200     -0.0744      0.0544
   30      0.0515     -0.0230     -0.0782      0.0552
   31      0.0550     -0.0260     -0.0820      0.0561
   32      0.0587     -0.0290     -0.0859      0.0569
   33      0.0625     -0.0321     -0.0899      0.0578
   34      0.0663     -0.0353     -0.0939      0.0586
   35      0.0703     -0.0385     -0.0980      0.0595
   36      0.0744     -0.0417     -0.1022      0.0605
   37      0.0786     -0.0450     -0.1064      0.0614
   38      0.0829     -0.0483     -0.1106      0.0624
   39      0.0873     -0.0516     -0.1149      0.0633
   40      0.0918     -0.0550     -0.1192      0.0643
   41      0.0964     -0.0583     -0.1236      0.0653
   42      0.1011     -0.0617     -0.1280      0.0662
   43      0.1059     -0.0651     -0.1323      0.0672
   44      0.1108     -0.0685     -0.1367      0.0682
   45      0.1159     -0.0719     -0.1411      0.0693
   46      0.1210     -0.0752     -0.1455      0.0703
   47      0.1261     -0.0786     -0.1499      0.0713
   48      0.1314     -0.0819     -0.1543      0.0723
   49      0.1368     -0.0853     -0.1586      0.0733
   50      0.1423     -0.0886     -0.1630      0.0744
   51      0.1478     -0.0918     -0.1673      0.0755
   52      0.1535     -0.0950     -0.1715      0.0765
   53      0.1592     -0.0982     -0.1757      0.0775
   54      0.1650     -0.1013     -0.1799      0.0785
   55      0.1709     -0.1044     -0.1840      0.0796
   56      0.1769     -0.1074     -0.1880      0.0806
   57      0.1830     -0.1104     -0.1920      0.0816
   58      0.1891     -0.1132     -0.1959      0.0826
   59      0.1954     -0.1161     -0.1997      0.0836
   60      0.2017     -0.1187     -0.2034      0.0846
   61      0.2080     -0.1214     -0.2070      0.0856
   62      0.2145     -0.1240     -0.2105      0.0866
   63      0.2210     -0.1264     -0.2140      0.0876
   64      0.2276     -0.1288     -0.2173      0.0885
   65      0.2342     -0.1311     -0.2205      0.0894
   66      0.2409     -0.1332     -0.2236      0.0904
   67      0.2477     -0.1353     -0.2266      0.0913
   68      0.2546     -0.1372     -0.2294      0.0922
   69      0.2615     -0.1391     -0.2321      0.0930
   70      0.2684     -0.1408     -0.2347      0.0939
   71      0.2755     -0.1423     -0.2371      0.0948
   72      0.2826     -0.1438     -0.2393      0.0956
   73      0.2897     -0.1451     -0.2415      0.0964
   74      0.2969     -0.1463     -0.2434      0.0971
   75      0.3041     -0.1473     -0.2452      0.0979
   76      0.3114     -0.1482     -0.2469      0.0986
   77      0.3187     -0.1490     -0.2483      0.0993
   78      0.3261     -0.1495     -0.2496      0.1001
   79      0.3335     -0.1500     -0.2507      0.1007
   80      0.3410     -0.1503     -0.2516      0.1013
   81      0.3485     -0.1504     -0.2524      0.1019
   82      0.3560     -0.1504     -0.2529      0.1025
   83      0.3636     -0.1502     -0.2533      0.1031
   84      0.3712     -0.1498     -0.2535      0.1037
   85      0.3789     -0.1493     -0.2534      0.1041
   86      0.3865     -0.1486     -0.2532      0.1046
   87      0.3942     -0.1478     -0.2528      0.1050
   88      0.4020     -0.1468     -0.2521      0.1054
   89      0.4097     -0.1455     -0.2513      0.1058
   90      0.4175     -0.1441     -0.2503      0.1062
   91      0.4253     -0.1426     -0.2491      0.1065
   92      0.4331     -0.1408     -0.2476      0.1068
   93      0.4409     -0.1389     -0.2460      0.1070
   94      0.4488     -0.1369     -0.2441      0.1072
   95      0.4566     -0.1345     -0.2420      0.1075
   96      0.4645     -0.1321     -0.2397      0.1076
   97      0.4724     -0.1294     -0.2372      0.1077
   98      0.4803     -0.1266     -0.2345      0.1078
   99      0.4882     -0.1236     -0.2316      0.1080
  100      0.4961     -0.1205     -0.2285      0.1080
  101      0.5039     -0.1172     -0.2251      0.1079
  102      0.5118     -0.1136     -0.2215      0.1079
  103      0.5197     -0.1100     -0.2178      0.1078
  104      0.5276     -0.1060     -0.2138      0.1078
  105      0.5355     -0.1020     -0.2096      0.1076
  106      0.5434     -0.0977     -0.2052      0.1075
  107      0.5512     -0.0933     -0.2006      0.1073
  108      0.5591     -0.0888     -0.1958      0.1070
  109      0.5669     -0.0841     -0.1908      0.1068
  110      0.5747     -0.0792     -0.1857      0.1065
  111      0.5825     -0.0741     -0.1803      0.1062
  112      0.5903     -0.0689     -0.1748      0.1059
  113      0.5980     -0.0636     -0.1691      0.1055
  114      0.6058     -0.0581     -0.1632      0.1051
  115      0.6135     -0.0524     -0.1570      0.1046
  116      0.6211     -0.0466     -0.1507      0.1042
  117      0.6288     -0.0406     -0.1443      0.1037
  118      0.6364     -0.0345     -0.1377      0.1031
  119      0.6440     -0.0283     -0.1309      0.1026
  120      0.6515     -0.0219     -0.1239      0.1020
  121      0.6590     -0.0154     -0.1168      0.1014
  122      0.6665     -0.0088     -0.1095      0.1007
  123      0.6739     -0.0021     -0.1021      0.1001
  124      0.6813      0.0048     -0.0946      0.0994
  125      0.6886      0.0117     -0.0869      0.0987
  126      0.6959      0.0188     -0.0791      0.0979
  127      0.7031      0.0260     -0.0712      0.0972
  128      0.7103      0.0333     -0.0631      0.0964
  129      0.7174      0.0406     -0.0550      0.0956
  130      0.7245      0.0481     -0.0467      0.0948
  131      0.7316      0.0556     -0.0383      0.0939
  132      0.7385      0.0632     -0.0298      0.0931
  133      0.7454      0.0709     -0.0213      0.0922
  134      0.7523      0.0787     -0.0126      0.0913
  135      0.7591      0.0865     -0.0039      0.0904
  136      0.7658      0.0944      0.0049      0.0895
  137      0.7724      0.1023      0.0137      0.0885
  138      0.7790      0.1102      0.0226      0.0876
  139      0.7855      0.1182      0.0316      0.0866
  140      0.7920      0.1262      0.0406      0.0857
  141      0.7983      0.1343      0.0496      0.0847
  142      0.8046      0.1424      0.0587      0.0837
  143      0.8109      0.1504      0.0678      0.0827
  144      0.8170      0.1585      0.0769      0.0817
  145      0.8231      0.1666      0.0860      0.0806
  146      0.8291      0.1747      0.0951      0.0796
  147      0.8350      0.1828      0.1042      0.0786
  148      0.8408      0.1908      0.1133      0.0775
  149      0.8465      0.1989      0.1224      0.0765
  150      0.8522      0.2069      0.1314      0.0755
  151      0.8577      0.2149      0.1404      0.0744
  152      0.8632      0.2228      0.1494      0.0734
  153      0.8686      0.2307      0.1583      0.0724
  154      0.8739      0.2385      0.1671      0.0713
  155      0.8790      0.2463      0.1759      0.0703
  156      0.8841      0.2539      0.1847      0.0693
  157      0.8892      0.2616      0.1933      0.0683
  158      0.8941      0.2691      0.2019      0.0673
  159      0.8989      0.2766      0.2103      0.0663
  160      0.9036      0.2840      0.2187      0.0653
  161      0.9082      0.2912      0.2269      0.0643
  162      0.9127      0.2984      0.2351      0.0633
  163      0.9171      0.3055      0.2431      0.0624
  164      0.9214      0.3124      0.2510      0.0614
  165      0.9256      0.3192      0.2588      0.0605
  166      0.9297      0.3260      0.2664      0.0596
  167      0.9337      0.3325      0.2739      0.0586
  168      0.9375      0.3390      0.2812      0.0578
  169      0.9413      0.3453      0.2884      0.0569
  170      0.9450      0.3514      0.2954      0.0560
  171      0.9485      0.3574      0.3022      0.0552
  172      0.9519      0.3633      0.3089      0.0544
  173      0.9553      0.3690      0.3154      0.0536
  174      0.9585      0.3745      0.3217      0.0528
  175      0.9616      0.3799      0.3278      0.0521
  176      0.9645      0.3851      0.3337      0.0514
  177      0.9674      0.3901      0.3394      0.0507
  178      0.9701      0.3949      0.3449      0.0500
  179      0.9728      0.3995      0.3502      0.0493
  180      0.9753      0.4040      0.3553      0.0487
  181      0.9777      0.4082      0.3601      0.0481
  182      0.9799      0.4117      0.3647      0.0470
  183      0.9821      0.4145      0.3691      0.0454
  184      0.9841      0.4167      0.3733      0.0434
  185      0.9860      0.4185      0.3772      0.0413
  186      0.9878      0.4199      0.3809      0.0390
  187      0.9895      0.4210      0.3844      0.0366
  188      0.9911      0.4218      0.3876      0.0342
  189      0.9925      0.4223      0.3906      0.0317
  190      0.9938      0.4225      0.3933      0.0292
  191      0.9950      0.4225      0.3958      0.0268
  192      0.9960      0.4224      0.3980      0.0244
  193      0.9970      0.4219      0.4001      0.0219
  194      0.9978      0.4212      0.4022      0.0190
  195      0.9984      0.4204      0.4043      0.0161
  196      0.9990      0.4194      0.4063      0.0131
  197      0.9994      0.4183      0.4082      0.0100
  198      0.9998      0.4169      0.4102      0.0067
  199      0.9999      0.4154      0.4121      0.0033
  200      1.0000      0.4129      0.4129      0.0000
 GRID EXPANSION RATIO UP=    1.11538 DOWN =    1.05711
  AXIAL,TANGENTIAL AND RADIAL COORDINATES ON THE STREAM
  SURFACE BEFORE TRANSFORMING TO R-THETA COORDINATES 
 J, XGRID,YGRID,RGRID            1   1.83075815E-02   2.20412649E-02  0.388751715    
 J, XGRID,YGRID,RGRID            2   1.94183141E-02   1.93919130E-02  0.391179860    
 J, XGRID,YGRID,RGRID            3   2.03173440E-02   1.70166194E-02  0.393471569    
 J, XGRID,YGRID,RGRID            4   2.10975856E-02   1.48870349E-02  0.395533621    
 J, XGRID,YGRID,RGRID            5   2.18138546E-02   1.29777426E-02  0.397326767    
 J, XGRID,YGRID,RGRID            6   2.24965177E-02   1.12659549E-02  0.398846060    
 J, XGRID,YGRID,RGRID            7   2.31605619E-02   9.73123964E-03  0.400105327    
 J, XGRID,YGRID,RGRID            8   2.38117520E-02   8.35528132E-03  0.401128709    
 J, XGRID,YGRID,RGRID            9   2.44505610E-02   7.12165749E-03  0.401944637    
 J, XGRID,YGRID,RGRID           10   2.50747781E-02   6.01564348E-03  0.402582884    
 J, XGRID,YGRID,RGRID           11   2.56810598E-02   5.02403965E-03  0.403071493    
 J, XGRID,YGRID,RGRID           12   2.62658931E-02   4.13501170E-03  0.403435975    
 J, XGRID,YGRID,RGRID           13   2.68261321E-02   3.33794765E-03  0.403699428    
 J, XGRID,YGRID,RGRID           14   2.73592416E-02   2.62333476E-03  0.403881311    
 J, XGRID,YGRID,RGRID           15   2.78729293E-02   1.98264397E-03  0.403982341    
 J, XGRID,YGRID,RGRID           16   2.83836555E-02   1.40822877E-03  0.403986514    
 J, XGRID,YGRID,RGRID           17   2.88429838E-02   8.93233053E-04  0.403987050    
 J, XGRID,YGRID,RGRID           18   2.92556919E-02   4.31510416E-04  0.403985500    
 J, XGRID,YGRID,RGRID           19   2.96262391E-02   1.75500281E-05  0.403982729    
 J, XGRID,YGRID,RGRID           20   2.99587473E-02  -3.53588752E-04  0.403979450    
 J, XGRID,YGRID,RGRID           21   3.02569997E-02  -6.86335610E-04  0.403975993    
 J, XGRID,YGRID,RGRID           22   3.05244271E-02   4.24965474E-05  0.404021859    
 J, XGRID,YGRID,RGRID           23   3.07976641E-02   2.29243975E-04  0.404079914    
 J, XGRID,YGRID,RGRID           24   3.10770366E-02   2.91258708E-04  0.404151469    
 J, XGRID,YGRID,RGRID           25   3.13627906E-02   2.62863527E-04  0.404238284    
 J, XGRID,YGRID,RGRID           26   3.16550247E-02   1.52588065E-04  0.404342026    
 J, XGRID,YGRID,RGRID           27   3.19537409E-02  -4.08348569E-05  0.404464871    
 J, XGRID,YGRID,RGRID           28   3.22588235E-02  -3.21340427E-04  0.404608905    
 J, XGRID,YGRID,RGRID           29   3.25700492E-02  -6.78890967E-04  0.404776603    
 J, XGRID,YGRID,RGRID           30   3.28870788E-02  -1.07076811E-03  0.404970527    
 J, XGRID,YGRID,RGRID           31   3.32094431E-02  -1.47666887E-03  0.405193120    
 J, XGRID,YGRID,RGRID           32   3.35366391E-02  -1.89667894E-03  0.405447990    
 J, XGRID,YGRID,RGRID           33   3.38680111E-02  -2.33015604E-03  0.405737519    
 J, XGRID,YGRID,RGRID           34   3.42028700E-02  -2.77621788E-03  0.406065315    
 J, XGRID,YGRID,RGRID           35   3.45405117E-02  -3.23441555E-03  0.406434834    
 J, XGRID,YGRID,RGRID           36   3.48799787E-02  -3.70247639E-03  0.406849056    
 J, XGRID,YGRID,RGRID           37   3.52199711E-02  -4.18191450E-03  0.407310605    
 J, XGRID,YGRID,RGRID           38   3.55599672E-02  -4.67010168E-03  0.407823056    
 J, XGRID,YGRID,RGRID           39   3.58996876E-02  -5.16609102E-03  0.408390284    
 J, XGRID,YGRID,RGRID           40   3.62388641E-02  -5.66873839E-03  0.409015387    
 J, XGRID,YGRID,RGRID           41   3.65776196E-02  -6.17668405E-03  0.409702510    
 J, XGRID,YGRID,RGRID           42   3.69162783E-02  -6.68793684E-03  0.410455555    
 J, XGRID,YGRID,RGRID           43   3.72552983E-02  -7.20073655E-03  0.411276966    
 J, XGRID,YGRID,RGRID           44   3.75955887E-02  -7.71244243E-03  0.412170261    
 J, XGRID,YGRID,RGRID           45   3.79389077E-02  -8.22071079E-03  0.413136959    
 J, XGRID,YGRID,RGRID           46   3.82879525E-02  -8.72279424E-03  0.414180875    
 J, XGRID,YGRID,RGRID           47   3.86463813E-02  -9.21549182E-03  0.415303737    
 J, XGRID,YGRID,RGRID           48   3.90191302E-02  -9.69097856E-03  0.416507542    
 J, XGRID,YGRID,RGRID           49   3.94125544E-02  -1.01513881E-02  0.417790174    
 J, XGRID,YGRID,RGRID           50   3.98384333E-02  -1.05910879E-02  0.419160247    
 J, XGRID,YGRID,RGRID           51   4.03129980E-02  -1.10051781E-02  0.420626432    
 J, XGRID,YGRID,RGRID           52   4.08509634E-02  -1.13825640E-02  0.422173440    
 J, XGRID,YGRID,RGRID           53   4.14708257E-02  -1.17028086E-02  0.423776537    
 J, XGRID,YGRID,RGRID           54   4.21952866E-02  -1.19605782E-02  0.425402194    
 J, XGRID,YGRID,RGRID           55   4.30509001E-02  -1.21331671E-02  0.427004606    
 J, XGRID,YGRID,RGRID           56   4.40676585E-02  -1.22107090E-02  0.428531528    
 J, XGRID,YGRID,RGRID           57   4.52650264E-02  -1.21755227E-02  0.429908991    
 J, XGRID,YGRID,RGRID           58   4.66612056E-02  -1.20304720E-02  0.431064337    
 J, XGRID,YGRID,RGRID           59   4.80074510E-02  -1.17630865E-02  0.432245135    
 J, XGRID,YGRID,RGRID           60   4.91597690E-02  -1.13858422E-02  0.433592856    
 J, XGRID,YGRID,RGRID           61   5.01396582E-02  -1.08879022E-02  0.435079694    
 J, XGRID,YGRID,RGRID           62   5.09663150E-02  -1.02842087E-02  0.436682642    
 J, XGRID,YGRID,RGRID           63   5.16602658E-02  -9.57320351E-03  0.438380420    
 J, XGRID,YGRID,RGRID           64   5.22462875E-02  -8.74679163E-03  0.440165520    
 J, XGRID,YGRID,RGRID           65   5.27451411E-02  -7.80373579E-03  0.442030162    
 J, XGRID,YGRID,RGRID           66   5.31742759E-02  -6.74795872E-03  0.443955988    
 J, XGRID,YGRID,RGRID           67   5.35514392E-02  -5.57689974E-03  0.445923269    
 J, XGRID,YGRID,RGRID           68   5.38948923E-02  -4.29234700E-03  0.447912723    
 J, XGRID,YGRID,RGRID           69   5.42226098E-02  -2.89771147E-03  0.449901253    
 J, XGRID,YGRID,RGRID           70   5.45524731E-02  -1.39828108E-03  0.451866359    
 J, XGRID,YGRID,RGRID           71   5.48994131E-02   1.89261962E-04  0.453774929    
 J, XGRID,YGRID,RGRID           72   5.52774481E-02   1.85030873E-03  0.455601692    
 J, XGRID,YGRID,RGRID           73   5.56991249E-02   3.57340719E-03  0.457330495    
 J, XGRID,YGRID,RGRID           74   5.61744422E-02   5.34720952E-03  0.458947510    
 J, XGRID,YGRID,RGRID           75   5.67109324E-02   7.16071436E-03  0.460442960    
 J, XGRID,YGRID,RGRID           76   5.73138110E-02   9.00361408E-03  0.461810321    
 J, XGRID,YGRID,RGRID           77   5.79862148E-02   1.08665843E-02  0.463046163    
 J, XGRID,YGRID,RGRID           78   5.87325916E-02   1.27490023E-02  0.464153379    
 J, XGRID,YGRID,RGRID           79   5.95547892E-02   1.46460487E-02  0.465132982    
 J, XGRID,YGRID,RGRID           80   6.04525656E-02   1.65513400E-02  0.465985507    
 J, XGRID,YGRID,RGRID           81   6.14243597E-02   1.84587073E-02  0.466712922    
 J, XGRID,YGRID,RGRID           82   6.25823066E-02   2.03621387E-02  0.467256099    
 J, XGRID,YGRID,RGRID           83   6.37280196E-02   2.22558640E-02  0.467724055    
 J, XGRID,YGRID,RGRID           84   6.48522750E-02   2.41342448E-02  0.468124062    
 J, XGRID,YGRID,RGRID           85   6.59515485E-02   2.59918775E-02  0.468460411    
 J, XGRID,YGRID,RGRID           86   6.70227706E-02   2.78240331E-02  0.468737572    
 J, XGRID,YGRID,RGRID           87   6.80632740E-02   2.96252277E-02  0.468960047    
 J, XGRID,YGRID,RGRID           88   6.90706447E-02   3.13914157E-02  0.469132215    
 J, XGRID,YGRID,RGRID           89   7.00428709E-02   3.31128053E-02  0.469258487    
 J, XGRID,YGRID,RGRID           90   7.09781572E-02   3.41540165E-02  0.469343334    
 J, XGRID,YGRID,RGRID           91   7.18749836E-02   3.35182063E-02  0.469390988    
 J, XGRID,YGRID,RGRID           92   7.27756843E-02   3.52727249E-02  0.469405651    
 J, XGRID,YGRID,RGRID           93   7.37312883E-02   3.71277817E-02  0.469384819    
 J, XGRID,YGRID,RGRID           94   7.47444853E-02   3.90887856E-02  0.469321489    
 J, XGRID,YGRID,RGRID           95   7.58179426E-02   4.11617868E-02  0.469207793    
 J, XGRID,YGRID,RGRID           96   7.69541189E-02   4.33531851E-02  0.469034225    
 J, XGRID,YGRID,RGRID           97   7.81553313E-02   4.56697308E-02  0.468789965    
 J, XGRID,YGRID,RGRID           98   7.94237331E-02   4.81185839E-02  0.468462855    
 J, XGRID,YGRID,RGRID           99   8.07609782E-02   5.07072918E-02  0.468038857    
 J, XGRID,YGRID,RGRID          100   8.21682289E-02   5.34438491E-02  0.467500806    
 J, XGRID,YGRID,RGRID          101   8.36460292E-02   5.63366972E-02  0.466830075    
 J, XGRID,YGRID,RGRID          102   8.51941928E-02   5.93947619E-02  0.466006130    
 J, XGRID,YGRID,RGRID          103   8.68107378E-02   6.26274720E-02  0.465001136    
 J, XGRID,YGRID,RGRID          104   8.84931833E-02   6.60448149E-02  0.463786691    
 J, XGRID,YGRID,RGRID          105   9.02363211E-02   6.96573257E-02  0.462328851    
 J, XGRID,YGRID,RGRID          106   9.20335948E-02   7.34761581E-02  0.460588872    

  THE BLADE CENTROID ON THE X-Y SURFACE IS AT X, Y=    0.05046  -0.00298


  THE J VALUE OF THE CENTROID IS J =           62

  THE CENTROID ON THE STREAM SURFACE IS AT   5.04575633E-02   0.00000000    
  THE HUB SECTION CENTROID IS AT   5.00303097E-02   0.00000000    

          20          70          20
   IIN     XIN       REL SPACING 
    1       0.00000   0.50000
    2       0.10000   0.70000
    3       0.20000   1.00000
    4       0.30000   1.40000
    5       0.40000   2.00000
    6       0.50000   3.00000
    7       0.60000   3.00000
    8       0.70000   3.00000
    9       0.80000   2.50000
   10       0.90000   2.00000
   11       1.00000   1.50000

 INTERPOLATED POSITIONS OF THE GRID POINTS ON THE BLADE
 AND THE RELATIVE SPACING OF THE POINTS 

    1       0.00000   0.50000
    2       0.01449   0.52279
    3       0.02899   0.54768
    4       0.04348   0.57467
    5       0.05797   0.60376
    6       0.07246   0.63495
    7       0.08696   0.66824
    8       0.10145   0.70363
    9       0.11594   0.74113
   10       0.13043   0.78072
   11       0.14493   0.82241
   12       0.15942   0.86620
   13       0.17391   0.91210
   14       0.18841   0.96009
   15       0.20290   1.00970
   16       0.21739   1.05957
   17       0.23188   1.11190
   18       0.24638   1.16701
   19       0.26087   1.22518
   20       0.27536   1.28674
   21       0.28986   1.35198
   22       0.30435   1.42048
   23       0.31884   1.49170
   24       0.33333   1.56790
   25       0.34783   1.64971
   26       0.36232   1.73773
   27       0.37681   1.83256
   28       0.39130   1.93482
   29       0.40580   2.06053
   30       0.42029   2.21595
   31       0.43478   2.37380
   32       0.44928   2.52982
   33       0.46377   2.67976
   34       0.47826   2.81935
   35       0.49275   2.94432
   36       0.50725   3.02159
   37       0.52174   3.05055
   38       0.53623   3.06306
   39       0.55072   3.06219
   40       0.56522   3.05096
   41       0.57971   3.03242
   42       0.59420   3.00963
   43       0.60870   3.00719
   44       0.62319   3.01828
   45       0.63768   3.02694
   46       0.65217   3.03164
   47       0.66667   3.03086
   48       0.68116   3.02308
   49       0.69565   3.00678
   50       0.71014   2.96370
   51       0.72464   2.90395
   52       0.73913   2.83628
   53       0.75362   2.76222
   54       0.76812   2.68329
   55       0.78261   2.60101
   56       0.79710   2.51691
   57       0.81159   2.44203
   58       0.82609   2.36957
   59       0.84058   2.29710
   60       0.85507   2.22464
   61       0.86957   2.15217
   62       0.88406   2.07971
   63       0.89855   2.00725
   64       0.91304   1.93478
   65       0.92754   1.86232
   66       0.94203   1.78985
   67       0.95652   1.71739
   68       0.97101   1.64493
   69       0.98551   1.57246
   70       1.00000   1.50000

  BLADE TRUE CHORD:AXIAL CHORD RATIO =    1.81503332    


    TKLE      TKTE      TKMAX     XTMAX     XMODLE     XMODTE    TK_TYP 
    0.0400    0.0400    0.1000    0.4000    0.0200    0.0100    2.0000


 FCHORD=    1.00000000      FPERP=    0.00000000     FTKSCALE=    1.00000000    


  CENTRELINE COORDINATES AND THICKNESS FOR INTYPE = 1

    XIN        YIN       TKIN 
   0.00000   0.00000   0.07260
   0.00006   0.00028   0.07289
   0.00025   0.00113   0.07342
   0.00056   0.00254   0.07411
   0.00100   0.00451   0.07493
   0.00156   0.00703   0.07585
   0.00224   0.01012   0.07687
   0.00305   0.01375   0.07798
   0.00398   0.01793   0.07916
   0.00504   0.02265   0.08042
   0.00622   0.02791   0.08173
   0.00752   0.03370   0.08311
   0.00895   0.04001   0.08454
   0.01049   0.04683   0.08603
   0.01216   0.05416   0.08755
   0.01395   0.06198   0.08912
   0.01587   0.07030   0.09073
   0.01790   0.07908   0.09238
   0.02005   0.08834   0.09406
   0.02232   0.09804   0.09577
   0.02472   0.10819   0.09750
   0.02723   0.11876   0.09926
   0.02985   0.12975   0.10104
   0.03260   0.14114   0.10284
   0.03546   0.15292   0.10465
   0.03844   0.16507   0.10648
   0.04153   0.17757   0.10832
   0.04474   0.19042   0.11017
   0.04806   0.20358   0.11203
   0.05149   0.21706   0.11389
   0.05504   0.23082   0.11576
   0.05869   0.24486   0.11763
   0.06246   0.25914   0.11950
   0.06633   0.27367   0.12136
   0.07031   0.28841   0.12322
   0.07440   0.30334   0.12508
   0.07860   0.31846   0.12692
   0.08290   0.33373   0.12876
   0.08730   0.34914   0.13058
   0.09181   0.36466   0.13239
   0.09642   0.38029   0.13419
   0.10113   0.39599   0.13597
   0.10594   0.41174   0.13773
   0.11085   0.42753   0.13948
   0.11585   0.44332   0.14120
   0.12095   0.45911   0.14290
   0.12615   0.47487   0.14458
   0.13144   0.49058   0.14623
   0.13682   0.50621   0.14786
   0.14229   0.52175   0.14946
   0.14784   0.53717   0.15103
   0.15349   0.55245   0.15257
   0.15923   0.56757   0.15408
   0.16504   0.58251   0.15556
   0.17095   0.59725   0.15700
   0.17693   0.61176   0.15841
   0.18299   0.62602   0.15979
   0.18914   0.64002   0.16113
   0.19536   0.65373   0.16243
   0.20166   0.66713   0.16370
   0.20803   0.68020   0.16492
   0.21447   0.69292   0.16611
   0.22099   0.70527   0.16726
   0.22757   0.71724   0.16837
   0.23422   0.72879   0.16943
   0.24094   0.73992   0.17046
   0.24772   0.75060   0.17144
   0.25457   0.76081   0.17237
   0.26148   0.77054   0.17327
   0.26845   0.77977   0.17412
   0.27547   0.78849   0.17492
   0.28255   0.79667   0.17568
   0.28968   0.80430   0.17639
   0.29687   0.81136   0.17706
   0.30411   0.81785   0.17769
   0.31140   0.82374   0.17826
   0.31873   0.82902   0.17879
   0.32611   0.83367   0.17927
   0.33353   0.83769   0.17971
   0.34099   0.84106   0.18009
   0.34850   0.84377   0.18044
   0.35604   0.84581   0.18073
   0.36362   0.84716   0.18098
   0.37123   0.84783   0.18118
   0.37887   0.84779   0.18133
   0.38654   0.84704   0.18143
   0.39424   0.84557   0.18149
   0.40197   0.84338   0.18150
   0.40972   0.84046   0.18147
   0.41750   0.83680   0.18139
   0.42529   0.83239   0.18126
   0.43311   0.82724   0.18108
   0.44094   0.82134   0.18087
   0.44878   0.81468   0.18060
   0.45664   0.80727   0.18029
   0.46451   0.79910   0.17994
   0.47239   0.79017   0.17955
   0.48027   0.78048   0.17911
   0.48816   0.77004   0.17862
   0.49605   0.75884   0.17810
   0.50395   0.74688   0.17753
   0.51184   0.73417   0.17693
   0.51973   0.72072   0.17628
   0.52761   0.70652   0.17559
   0.53549   0.69159   0.17486
   0.54336   0.67592   0.17410
   0.55122   0.65953   0.17330
   0.55906   0.64242   0.17246
   0.56689   0.62460   0.17158
   0.57471   0.60608   0.17067
   0.58250   0.58687   0.16972
   0.59028   0.56698   0.16875
   0.59803   0.54642   0.16773
   0.60576   0.52520   0.16669
   0.61346   0.50333   0.16562
   0.62113   0.48084   0.16451
   0.62877   0.45772   0.16338
   0.63638   0.43400   0.16221
   0.64396   0.40969   0.16103
   0.65150   0.38481   0.15981
   0.65901   0.35937   0.15857
   0.66647   0.33339   0.15731
   0.67389   0.30689   0.15602
   0.68127   0.27988   0.15471
   0.68860   0.25238   0.15338
   0.69589   0.22442   0.15203
   0.70313   0.19601   0.15066
   0.71031   0.16717   0.14927
   0.71745   0.13793   0.14787
   0.72453   0.10830   0.14645
   0.73155   0.07830   0.14502
   0.73852   0.04796   0.14357
   0.74543   0.01731   0.14211
   0.75228  -0.01365   0.14064
   0.75906  -0.04488   0.13916
   0.76578  -0.07636   0.13768
   0.77243  -0.10806   0.13618
   0.77901  -0.13997   0.13468
   0.78553  -0.17206   0.13317
   0.79197  -0.20430   0.13166
   0.79834  -0.23668   0.13015
   0.80464  -0.26915   0.12863
   0.81086  -0.30171   0.12712
   0.81701  -0.33431   0.12560
   0.82307  -0.36695   0.12409
   0.82905  -0.39959   0.12258
   0.83496  -0.43220   0.12108
   0.84077  -0.46477   0.11958
   0.84651  -0.49726   0.11808
   0.85216  -0.52965   0.11660
   0.85771  -0.56191   0.11512
   0.86318  -0.59402   0.11365
   0.86856  -0.62595   0.11219
   0.87385  -0.65768   0.11075
   0.87905  -0.68917   0.10932
   0.88415  -0.72041   0.10790
   0.88915  -0.75137   0.10650
   0.89406  -0.78203   0.10511
   0.89887  -0.81235   0.10374
   0.90358  -0.84232   0.10239
   0.90819  -0.87190   0.10106
   0.91270  -0.90108   0.09975
   0.91710  -0.92984   0.09846
   0.92140  -0.95814   0.09719
   0.92560  -0.98596   0.09594
   0.92969  -1.01329   0.09472
   0.93367  -1.04009   0.09353
   0.93754  -1.06635   0.09236
   0.94131  -1.09205   0.09121
   0.94496  -1.11716   0.09010
   0.94851  -1.14166   0.08901
   0.95194  -1.16554   0.08795
   0.95526  -1.18876   0.08692
   0.95847  -1.21132   0.08592
   0.96156  -1.23319   0.08496
   0.96454  -1.25436   0.08402
   0.96740  -1.27481   0.08312
   0.97015  -1.29451   0.08225
   0.97277  -1.31346   0.08142
   0.97528  -1.33164   0.08062
   0.97768  -1.34904   0.07985
   0.97995  -1.36563   0.07912
   0.98210  -1.38140   0.07843
   0.98413  -1.39635   0.07778
   0.98605  -1.41045   0.07716
   0.98784  -1.42370   0.07658
   0.98951  -1.43609   0.07604
   0.99105  -1.44760   0.07553
   0.99248  -1.45823   0.07507
   0.99378  -1.46796   0.07464
   0.99496  -1.47679   0.07426
   0.99602  -1.48472   0.07391
   0.99695  -1.49172   0.07360
   0.99776  -1.49780   0.07334
   0.99844  -1.50296   0.07311
   0.99900  -1.50719   0.07293
   0.99944  -1.51048   0.07279
   0.99975  -1.51283   0.07268
   0.99994  -1.51424   0.07262
   1.00000  -1.51471   0.07260

  BLADE SURFACE COORDINATES GENERATED USING INTYPE = 1

  XUP          YUP       XLOW      YLOW 
   0.00001   0.03630  -0.00001  -0.03630
   0.00007   0.03673   0.00005  -0.03616
   0.00026   0.03784   0.00024  -0.03558
   0.00057   0.03959   0.00055  -0.03452
   0.00101   0.04197   0.00099  -0.03296
   0.00157   0.04496   0.00155  -0.03089
   0.00225   0.04855   0.00223  -0.02832
   0.00306   0.05274   0.00304  -0.02524
   0.00399   0.05751   0.00397  -0.02165
   0.00505   0.06286   0.00503  -0.01756
   0.00623   0.06878   0.00621  -0.01296
   0.00753   0.07525   0.00751  -0.00786
   0.00896   0.08228   0.00894  -0.00226
   0.01050   0.08984   0.01048   0.00382
   0.01217   0.09794   0.01215   0.01038
   0.01396   0.10655   0.01394   0.01742
   0.01588   0.11566   0.01586   0.02493
   0.01791   0.12527   0.01789   0.03289
   0.02006   0.13536   0.02004   0.04131
   0.02233   0.14592   0.02231   0.05016
   0.02473   0.15694   0.02471   0.05944
   0.02724   0.16839   0.02722   0.06913
   0.02986   0.18027   0.02984   0.07923
   0.03261   0.19256   0.03259   0.08972
   0.03547   0.20525   0.03545   0.10059
   0.03845   0.21831   0.03843   0.11183
   0.04154   0.23173   0.04152   0.12341
   0.04475   0.24550   0.04473   0.13533
   0.04807   0.25960   0.04805   0.14757
   0.05150   0.27400   0.05148   0.16011
   0.05505   0.28870   0.05503   0.17294
   0.05870   0.30367   0.05868   0.18604
   0.06247   0.31889   0.06245   0.19940
   0.06634   0.33435   0.06632   0.21299
   0.07032   0.35002   0.07030   0.22680
   0.07441   0.36588   0.07439   0.24081
   0.07861   0.38192   0.07859   0.25500
   0.08291   0.39811   0.08289   0.26935
   0.08731   0.41443   0.08729   0.28385
   0.09182   0.43086   0.09180   0.29847
   0.09643   0.44738   0.09641   0.31319
   0.10114   0.46397   0.10112   0.32800
   0.10595   0.48061   0.10593   0.34287
   0.11086   0.49726   0.11084   0.35779
   0.11586   0.51392   0.11584   0.37272
   0.12096   0.53057   0.12094   0.38766
   0.12616   0.54716   0.12614   0.40258
   0.13145   0.56370   0.13143   0.41747
   0.13683   0.58014   0.13681   0.43229
   0.14230   0.59648   0.14228   0.44702
   0.14785   0.61269   0.14783   0.46166
   0.15350   0.62874   0.15348   0.47617
   0.15924   0.64461   0.15922   0.49054
   0.16505   0.66029   0.16503   0.50474
   0.17096   0.67575   0.17094   0.51875
   0.17694   0.69097   0.17692   0.53255
   0.18300   0.70592   0.18298   0.54613
   0.18915   0.72059   0.18913   0.55946
   0.19537   0.73495   0.19535   0.57251
   0.20167   0.74898   0.20165   0.58528
   0.20804   0.76266   0.20802   0.59774
   0.21448   0.77598   0.21446   0.60987
   0.22100   0.78890   0.22098   0.62164
   0.22758   0.80142   0.22756   0.63305
   0.23423   0.81351   0.23421   0.64407
   0.24095   0.82514   0.24093   0.65469
   0.24773   0.83631   0.24771   0.66488
   0.25458   0.84700   0.25456   0.67462
   0.26149   0.85718   0.26147   0.68391
   0.26846   0.86683   0.26844   0.69272
   0.27548   0.87595   0.27546   0.70103
   0.28256   0.88451   0.28254   0.70883
   0.28969   0.89250   0.28967   0.71610
   0.29688   0.89990   0.29686   0.72283
   0.30412   0.90669   0.30410   0.72901
   0.31141   0.91287   0.31139   0.73461
   0.31874   0.91841   0.31872   0.73962
   0.32612   0.92331   0.32610   0.74404
   0.33354   0.92754   0.33352   0.74784
   0.34100   0.93111   0.34098   0.75101
   0.34851   0.93399   0.34849   0.75355
   0.35605   0.93617   0.35603   0.75544
   0.36363   0.93765   0.36361   0.75668
   0.37124   0.93841   0.37122   0.75724
   0.37888   0.93845   0.37886   0.75713
   0.38655   0.93776   0.38653   0.75632
   0.39425   0.93632   0.39423   0.75483
   0.40198   0.93413   0.40196   0.75263
   0.40973   0.93119   0.40971   0.74973
   0.41751   0.92749   0.41749   0.74611
   0.42530   0.92302   0.42528   0.74177
   0.43312   0.91779   0.43310   0.73670
   0.44095   0.91177   0.44093   0.73091
   0.44879   0.90499   0.44877   0.72438
   0.45665   0.89742   0.45663   0.71712
   0.46452   0.88907   0.46450   0.70913
   0.47240   0.87995   0.47238   0.70040
   0.48028   0.87004   0.48026   0.69093
   0.48817   0.85935   0.48815   0.68073
   0.49606   0.84789   0.49604   0.66979
   0.50396   0.83565   0.50394   0.65811
   0.51185   0.82264   0.51183   0.64571
   0.51974   0.80886   0.51972   0.63258
   0.52762   0.79432   0.52760   0.61873
   0.53550   0.77902   0.53548   0.60415
   0.54337   0.76297   0.54335   0.58887
   0.55123   0.74617   0.55121   0.57288
   0.55907   0.72865   0.55905   0.55619
   0.56690   0.71039   0.56688   0.53881
   0.57472   0.69141   0.57470   0.52074
   0.58251   0.67173   0.58249   0.50201
   0.59029   0.65135   0.59027   0.48260
   0.59804   0.63028   0.59802   0.46255
   0.60577   0.60854   0.60575   0.44185
   0.61347   0.58614   0.61345   0.42052
   0.62114   0.56309   0.62112   0.39858
   0.62878   0.53941   0.62876   0.37603
   0.63639   0.51511   0.63637   0.35289
   0.64397   0.49020   0.64395   0.32918
   0.65151   0.46471   0.65149   0.30490
   0.65902   0.43865   0.65900   0.28008
   0.66648   0.41204   0.66646   0.25474
   0.67390   0.38489   0.67388   0.22888
   0.68128   0.35723   0.68126   0.20252
   0.68861   0.32907   0.68859   0.17569
   0.69590   0.30043   0.69588   0.14841
   0.70314   0.27134   0.70312   0.12068
   0.71033   0.24181   0.71030   0.09254
   0.71746   0.21186   0.71744   0.06399
   0.72454   0.18152   0.72452   0.03507
   0.73156   0.15081   0.73154   0.00579
   0.73853   0.11975   0.73851  -0.02382
   0.74544   0.08836   0.74542  -0.05375
   0.75229   0.05667   0.75227  -0.08397
   0.75907   0.02470   0.75905  -0.11446
   0.76579  -0.00752   0.76577  -0.14519
   0.77244  -0.03997   0.77242  -0.17615
   0.77902  -0.07263   0.77900  -0.20731
   0.78554  -0.10548   0.78552  -0.23865
   0.79198  -0.13847   0.79196  -0.27013
   0.79835  -0.17160   0.79833  -0.30175
   0.80465  -0.20483   0.80463  -0.33347
   0.81087  -0.23815   0.81085  -0.36527
   0.81702  -0.27151   0.81700  -0.39712
   0.82308  -0.30490   0.82306  -0.42900
   0.82906  -0.33830   0.82904  -0.46088
   0.83497  -0.37167   0.83495  -0.49274
   0.84078  -0.40498   0.84076  -0.52456
   0.84652  -0.43822   0.84650  -0.55630
   0.85217  -0.47135   0.85215  -0.58795
   0.85772  -0.50435   0.85770  -0.61947
   0.86319  -0.53720   0.86317  -0.65085
   0.86857  -0.56985   0.86855  -0.68205
   0.87386  -0.60230   0.87384  -0.71305
   0.87906  -0.63452   0.87904  -0.74383
   0.88416  -0.66647   0.88414  -0.77436
   0.88916  -0.69813   0.88914  -0.80462
   0.89407  -0.72947   0.89405  -0.83458
   0.89888  -0.76048   0.89886  -0.86422
   0.90359  -0.79112   0.90357  -0.89351
   0.90820  -0.82137   0.90818  -0.92243
   0.91271  -0.85121   0.91269  -0.95096
   0.91711  -0.88061   0.91709  -0.97907
   0.92141  -0.90954   0.92139  -1.00673
   0.92561  -0.93799   0.92559  -1.03393
   0.92970  -0.96593   0.92968  -1.06065
   0.93368  -0.99333   0.93366  -1.08686
   0.93755  -1.02018   0.93753  -1.11253
   0.94132  -1.04644   0.94130  -1.13766
   0.94497  -1.07211   0.94495  -1.16221
   0.94852  -1.09716   0.94850  -1.18617
   0.95195  -1.12156   0.95193  -1.20951
   0.95527  -1.14530   0.95525  -1.23222
   0.95848  -1.16836   0.95846  -1.25428
   0.96157  -1.19072   0.96155  -1.27567
   0.96455  -1.21235   0.96453  -1.29637
   0.96741  -1.23325   0.96739  -1.31637
   0.97016  -1.25339   0.97014  -1.33564
   0.97278  -1.27276   0.97276  -1.35417
   0.97529  -1.29134   0.97527  -1.37195
   0.97769  -1.30911   0.97767  -1.38896
   0.97996  -1.32606   0.97994  -1.40519
   0.98211  -1.34219   0.98209  -1.42062
   0.98414  -1.35746   0.98412  -1.43524
   0.98606  -1.37187   0.98604  -1.44903
   0.98785  -1.38541   0.98783  -1.46199
   0.98952  -1.39807   0.98950  -1.47411
   0.99106  -1.40984   0.99104  -1.48537
   0.99249  -1.42070   0.99247  -1.49576
   0.99379  -1.43064   0.99377  -1.50528
   0.99497  -1.43967   0.99495  -1.51392
   0.99603  -1.44776   0.99601  -1.52167
   0.99696  -1.45492   0.99694  -1.52852
   0.99777  -1.46113   0.99775  -1.53447
   0.99845  -1.46640   0.99843  -1.53952
   0.99901  -1.47072   0.99899  -1.54365
   0.99945  -1.47408   0.99943  -1.54687
   0.99976  -1.47649   0.99974  -1.54917
   0.99995  -1.47793   0.99993  -1.55055
   1.00001  -1.47841   0.99999  -1.55101

XIN,   MODIFIED LEADING EDGE THICKNESS     0.00000     0.00000
XIN,   MODIFIED LEADING EDGE THICKNESS     0.00006     0.09652
XIN,   MODIFIED LEADING EDGE THICKNESS     0.00025     0.19214
XIN,   MODIFIED LEADING EDGE THICKNESS     0.00056     0.28594
XIN,   MODIFIED LEADING EDGE THICKNESS     0.00100     0.37704
XIN,   MODIFIED LEADING EDGE THICKNESS     0.00156     0.46457
XIN,   MODIFIED LEADING EDGE THICKNESS     0.00224     0.54766
XIN,   MODIFIED LEADING EDGE THICKNESS     0.00305     0.62551
XIN,   MODIFIED LEADING EDGE THICKNESS     0.00398     0.69735
XIN,   MODIFIED LEADING EDGE THICKNESS     0.00504     0.76246
XIN,   MODIFIED LEADING EDGE THICKNESS     0.00622     0.82022
XIN,   MODIFIED LEADING EDGE THICKNESS     0.00752     0.87008
XIN,   MODIFIED LEADING EDGE THICKNESS     0.00895     0.91166
XIN,   MODIFIED LEADING EDGE THICKNESS     0.01049     0.94477
XIN,   MODIFIED LEADING EDGE THICKNESS     0.01216     0.96944
XIN,   MODIFIED LEADING EDGE THICKNESS     0.01395     0.98609
XIN,   MODIFIED LEADING EDGE THICKNESS     0.01587     0.99557
XIN,   MODIFIED LEADING EDGE THICKNESS     0.01790     0.99942
 XIN,   MODIFIED TRAILING EDGE THICKNESS     0.99105     0.99442
 XIN,   MODIFIED TRAILING EDGE THICKNESS     0.99248     0.96876
 XIN,   MODIFIED TRAILING EDGE THICKNESS     0.99378     0.92571
 XIN,   MODIFIED TRAILING EDGE THICKNESS     0.99496     0.86823
 XIN,   MODIFIED TRAILING EDGE THICKNESS     0.99602     0.79867
 XIN,   MODIFIED TRAILING EDGE THICKNESS     0.99695     0.71900
 XIN,   MODIFIED TRAILING EDGE THICKNESS     0.99776     0.63090
 XIN,   MODIFIED TRAILING EDGE THICKNESS     0.99844     0.53585
 XIN,   MODIFIED TRAILING EDGE THICKNESS     0.99900     0.43519
 XIN,   MODIFIED TRAILING EDGE THICKNESS     0.99944     0.33013
 XIN,   MODIFIED TRAILING EDGE THICKNESS     0.99975     0.22186
 XIN,   MODIFIED TRAILING EDGE THICKNESS     0.99994     0.11144
 XIN,   MODIFIED TRAILING EDGE THICKNESS     1.00000     0.00000

  POINTS NEARLY PERPENDICULAR TO THE CENTRE LINE BEFORE THINNING 
        N        XUPP      YUPP        XLOW        YLOW 
         1    -0.00567     0.00125     0.00901    -0.00199
         2    -0.00563     0.00154     0.00908    -0.00171
         3    -0.00549     0.00240     0.00929    -0.00087
         4    -0.00526     0.00382     0.00965     0.00053
         5    -0.00493     0.00582     0.01014     0.00248
         6    -0.00452     0.00838     0.01078     0.00499
         7    -0.00401     0.01151     0.01156     0.00804
         8    -0.00341     0.01519     0.01247     0.01165
         9    -0.00273     0.01943     0.01353     0.01580
        10    -0.00195     0.02422     0.01472     0.02048
        11    -0.00108     0.02955     0.01605     0.02570
        12    -0.00013     0.03542     0.01752     0.03144
        13     0.00098     0.04178     0.01912     0.03770
        14     0.00228     0.04870     0.02086     0.04447
        15     0.00371     0.05608     0.02272     0.05175
        16     0.00527     0.06398     0.02473     0.05951
        17     0.00695     0.07235     0.02686     0.06774
        18     0.00874     0.08119     0.02913     0.07646
        19     0.01064     0.09053     0.03153     0.08565
        20     0.01267     0.10031     0.03405     0.09528
        21     0.01480     0.11053     0.03671     0.10534
        22     0.01704     0.12117     0.03950     0.11583
        23     0.01940     0.13224     0.04242     0.12673
        24     0.02186     0.14371     0.04546     0.13803
        25     0.02444     0.15557     0.04863     0.14970
        26     0.02712     0.16781     0.05193     0.16174
        27     0.02991     0.18046     0.05536     0.17414
        28     0.03280     0.19341     0.05891     0.18686
        29     0.03580     0.20669     0.06259     0.19990
        30     0.03890     0.22028     0.06639     0.21324
        31     0.04211     0.23417     0.07032     0.22686
        32     0.04541     0.24833     0.07438     0.24066
        33     0.04882     0.26276     0.07855     0.25479
        34     0.05233     0.27742     0.08285     0.26914
        35     0.05593     0.29231     0.08728     0.28369
        36     0.05963     0.30741     0.09183     0.29854
        37     0.06342     0.32270     0.09650     0.31346
        38     0.06731     0.33815     0.10129     0.32851
        39     0.07129     0.35375     0.10620     0.34370
        40     0.07535     0.36947     0.11124     0.35898
        41     0.07951     0.38531     0.11640     0.37434
        42     0.08376     0.40124     0.12168     0.38977
        43     0.08809     0.41723     0.12708     0.40522
        44     0.09250     0.43328     0.13260     0.42069
        45     0.09699     0.44935     0.13824     0.43615
        46     0.10157     0.46544     0.14401     0.45157
        47     0.10622     0.48151     0.14990     0.46694
        48     0.11095     0.49755     0.15591     0.48222
        49     0.11575     0.51339     0.16204     0.49739
        50     0.12063     0.52932     0.16830     0.51243
        51     0.12557     0.54516     0.17468     0.52730
        52     0.13059     0.56090     0.18118     0.54199
        53     0.13567     0.57651     0.18781     0.55646
        54     0.14082     0.59198     0.19456     0.57069
        55     0.14603     0.60728     0.20144     0.58465
        56     0.15130     0.62241     0.20845     0.59856
        57     0.15663     0.63735     0.21561     0.61193
        58     0.16202     0.65207     0.22289     0.62494
        59     0.16747     0.66657     0.23030     0.63755
        60     0.17296     0.68083     0.23785     0.64974
        61     0.17852     0.69484     0.24552     0.66146
        62     0.18413     0.70859     0.25332     0.67267
        63     0.18979     0.72207     0.26123     0.68334
        64     0.19552     0.73528     0.26931     0.69374
        65     0.20131     0.74796     0.27750     0.70325
        66     0.20718     0.76062     0.28580     0.71209
        67     0.21312     0.77300     0.29417     0.72019
        68     0.21914     0.78509     0.30258     0.72752
        69     0.22527     0.79691     0.31101     0.73404
        70     0.23151     0.80846     0.31942     0.74004
        71     0.23789     0.81976     0.32773     0.74486
        72     0.24445     0.83083     0.33580     0.74878
        73     0.25123     0.84169     0.34350     0.75183
        74     0.25828     0.85236     0.35068     0.75407
        75     0.26567     0.86285     0.35713     0.75562
        76     0.27348     0.87320     0.36274     0.75627
        77     0.28184     0.88338     0.36740     0.75687
        78     0.29089     0.89372     0.37093     0.75691
        79     0.30081     0.90348     0.37350     0.75717
        80     0.31171     0.91310     0.37509     0.75709
        81     0.32385     0.92164     0.37585     0.75705
        82     0.33727     0.92924     0.37596     0.75704
        83     0.35192     0.93490     0.37560     0.75706
        84     0.36751     0.93795     0.37496     0.75710
        85     0.38348     0.93790     0.37424     0.75714
        86     0.39918     0.93477     0.37362     0.75717
        87     0.41404     0.92903     0.37331     0.75718
        88     0.42774     0.92136     0.37351     0.75717
        89     0.44020     0.91204     0.37442     0.75713
        90     0.45147     0.90236    -0.00000    -0.00012
        91     0.00000     0.00007    -0.00000    -0.00004
        92     0.00000     0.00004    -0.00000    -0.00003
        93     0.00000     0.00002    -0.00000    -0.00002
        94     0.00000     0.00002    -0.00000    -0.00002
        95     0.00000     0.00002    -0.00000    -0.00001
        96     0.00000     0.00001    -0.00000    -0.00001
        97     0.00000     0.00001    -0.00000    -0.00001
        98     0.00000     0.00001    -0.00000    -0.00001
        99     0.00000     0.00001    -0.00000    -0.00001
       100     0.00000     0.00001    -0.00000    -0.00001
       101     0.00000     0.00001    -0.00000    -0.00001
       102     0.00000     0.00001    -0.00000    -0.00001
       103     0.00000     0.00001    -0.00000    -0.00001
       104     0.00000     0.00001    -0.00000    -0.00001
       105     0.00000     0.00001    -0.00000    -0.00001
       106     0.00000     0.00001    -0.00000    -0.00001
       107     0.00000     0.00001    -0.00000    -0.00001
       108     0.00000     0.00001    -0.00000    -0.00001
       109     0.00000     0.00001    -0.00000    -0.00001
       110     0.00000     0.00001    -0.00000    -0.00001
       111     0.00000     0.00001    -0.00000    -0.00001
       112     0.00000     0.00001    -0.00000    -0.00001
       113     0.00000     0.00001    -0.00000    -0.00001
       114     0.00000     0.00001    -0.00000    -0.00001
       115     0.00000     0.00002    -0.00000    -0.00001
       116     0.00000     0.00002    -0.00000    -0.00001
       117     0.00000     0.00002    -0.00000    -0.00001
       118     0.00000     0.00002    -0.00000    -0.00001
       119     0.00000     0.00002    -0.00000    -0.00002
       120     0.00000     0.00002    -0.00000    -0.00002
       121     0.00000     0.00003    -0.00000    -0.00002
       122     0.00000     0.00003    -0.00000    -0.00002
       123     0.00000     0.00004    -0.00000    -0.00002
       124     0.00000     0.00006    -0.00000    -0.00003
       125     0.00000     0.00011    -0.00000    -0.00003
       126     0.00000     0.00042    -0.00000    -0.00005
       127     0.72016     0.20026    -0.00000    -0.00007
       128     0.72689     0.17122    -0.00000    -0.00013
       129     0.73358     0.14180    -0.00000    -0.00334
       130     0.74023     0.11199     0.70732     0.10412
       131     0.74685     0.08184     0.71483     0.07430
       132     0.75341     0.05134     0.72227     0.04413
       133     0.75994     0.02054     0.72963     0.01363
       134     0.76641    -0.01055     0.73691    -0.01718
       135     0.77283    -0.04191     0.74411    -0.04828
       136     0.77920    -0.07352     0.75124    -0.07963
       137     0.78551    -0.10560     0.75828    -0.11122
       138     0.79177    -0.13760     0.76524    -0.14302
       139     0.79796    -0.16978     0.77212    -0.17500
       140     0.80410    -0.20210     0.77892    -0.20714
       141     0.81017    -0.23455     0.78562    -0.23916
       142     0.81617    -0.26711     0.79225    -0.27154
       143     0.82211    -0.29973     0.79878    -0.30400
       144     0.82798    -0.33241     0.80523    -0.33652
       145     0.83378    -0.36511     0.81159    -0.36907
       146     0.83951    -0.39781     0.81785    -0.40163
       147     0.84516    -0.43049     0.82403    -0.43417
       148     0.85074    -0.46311     0.83012    -0.46667
       149     0.85624    -0.49565     0.83611    -0.49909
       150     0.86166    -0.52810     0.84200    -0.53142
       151     0.86700    -0.56041     0.84780    -0.56362
       152     0.87226    -0.59257     0.85351    -0.59567
       153     0.87744    -0.62454     0.85911    -0.62755
       154     0.88253    -0.65631     0.86462    -0.65922
       155     0.88753    -0.68785     0.87002    -0.69067
       156     0.89244    -0.71913     0.87533    -0.72186
       157     0.89726    -0.75013     0.88053    -0.75277
       158     0.90200    -0.78082     0.88563    -0.78338
       159     0.90664    -0.81118     0.89062    -0.81367
       160     0.91118    -0.84118     0.89551    -0.84359
       161     0.91563    -0.87080     0.90029    -0.87314
       162     0.91999    -0.90001     0.90497    -0.90229
       163     0.92424    -0.92880     0.90953    -0.93100
       164     0.92840    -0.95713     0.91399    -0.95927
       165     0.93246    -0.98498     0.91833    -0.98706
       166     0.93641    -1.01233     0.92257    -1.01436
       167     0.94027    -1.03916     0.92669    -1.04113
       168     0.94402    -1.06545     0.93070    -1.06737
       169     0.94766    -1.09117     0.93459    -1.09304
       170     0.95121    -1.11630     0.93837    -1.11812
       171     0.95464    -1.14082     0.94203    -1.14260
       172     0.95797    -1.16472     0.94558    -1.16645
       173     0.96118    -1.18796     0.94901    -1.18965
       174     0.96429    -1.21054     0.95232    -1.21219
       175     0.96729    -1.23243     0.95552    -1.23405
       176     0.97018    -1.25357     0.95859    -1.25520
       177     0.97296    -1.27403     0.96154    -1.27568
       178     0.97562    -1.29375     0.96438    -1.29536
       179     0.97817    -1.31272     0.96709    -1.31429
       180     0.98061    -1.33091     0.96968    -1.33245
       181     0.98293    -1.34832     0.97214    -1.34982
       182     0.98513    -1.36492     0.97449    -1.36639
       183     0.98722    -1.38071     0.97671    -1.38215
       184     0.98920    -1.39567     0.97880    -1.39708
       185     0.99106    -1.40979     0.98077    -1.41117
       186     0.99280    -1.42304     0.98262    -1.42441
       187     0.99442    -1.43543     0.98434    -1.43679
       188     0.99592    -1.44695     0.98593    -1.44831
       189     0.99731    -1.45758     0.98740    -1.45892
       190     0.99857    -1.46732     0.98874    -1.46864
       191     0.99972    -1.47616     0.98996    -1.47746
       192     1.00075    -1.48409     0.99105    -1.48538
       193     1.00165    -1.49110     0.99201    -1.49238
       194     1.00244    -1.49718     0.99284    -1.49846
       195     1.00311    -1.50234     0.99354    -1.50362
       196     1.00366    -1.50657     0.99412    -1.50783
       197     1.00408    -1.50986     0.99457    -1.51112
       198     1.00439    -1.51221     0.99489    -1.51348
       199     1.00457    -1.51363     0.99508    -1.51488
       200     1.00463    -1.51410     0.99515    -1.51535
  COORDINATES GOING ROUND THE BLADE AFTER ANY ROTATION
     N        XSURF        YSURF 
         1     0.00131    -0.00029
         2     0.00101     0.00007
         3     0.00048     0.00108
         4     0.00006     0.00265
         5    -0.00024     0.00478
         6    -0.00042     0.00747
         7    -0.00049     0.01072
         8    -0.00044     0.01453
         9    -0.00027     0.01888
        10     0.00003     0.02377
        11     0.00046     0.02921
        12     0.00101     0.03516
        13     0.00178     0.04160
        14     0.00279     0.04858
        15     0.00400     0.05601
        16     0.00541     0.06395
        17     0.00699     0.07233
        18     0.00874     0.08119
        19     0.01064     0.09053
        20     0.01267     0.10031
        21     0.01480     0.11053
        22     0.01704     0.12117
        23     0.01940     0.13224
        24     0.02186     0.14371
        25     0.02444     0.15557
        26     0.02712     0.16781
        27     0.02991     0.18046
        28     0.03280     0.19341
        29     0.03580     0.20669
        30     0.03890     0.22028
        31     0.04211     0.23417
        32     0.04541     0.24833
        33     0.04882     0.26276
        34     0.05233     0.27742
        35     0.05593     0.29231
        36     0.05963     0.30741
        37     0.06342     0.32270
        38     0.06731     0.33815
        39     0.07129     0.35375
        40     0.07535     0.36947
        41     0.07951     0.38531
        42     0.08376     0.40124
        43     0.08809     0.41723
        44     0.09250     0.43328
        45     0.09699     0.44935
        46     0.10157     0.46544
        47     0.10622     0.48151
        48     0.11095     0.49755
        49     0.11575     0.51339
        50     0.12063     0.52932
        51     0.12557     0.54516
        52     0.13059     0.56090
        53     0.13567     0.57651
        54     0.14082     0.59198
        55     0.14603     0.60728
        56     0.15130     0.62241
        57     0.15663     0.63735
        58     0.16202     0.65207
        59     0.16747     0.66657
        60     0.17296     0.68083
        61     0.17852     0.69484
        62     0.18413     0.70859
        63     0.18979     0.72207
        64     0.19552     0.73528
        65     0.20131     0.74796
        66     0.20718     0.76062
        67     0.21312     0.77300
        68     0.21914     0.78509
        69     0.22527     0.79691
        70     0.23151     0.80846
        71     0.23789     0.81976
        72     0.24445     0.83083
        73     0.25123     0.84169
        74     0.25828     0.85236
        75     0.26567     0.86285
        76     0.27348     0.87320
        77     0.28184     0.88338
        78     0.29089     0.89372
        79     0.30081     0.90348
        80     0.31171     0.91310
        81     0.32385     0.92164
        82     0.33727     0.92924
        83     0.35192     0.93490
        84     0.36751     0.93795
        85     0.38348     0.93790
        86     0.39918     0.93477
        87     0.41404     0.92903
        88     0.42774     0.92136
        89     0.44020     0.91204
        90     0.45147     0.90236
        91     0.00000     0.00007
        92     0.00000     0.00004
        93     0.00000     0.00002
        94     0.00000     0.00002
        95     0.00000     0.00002
        96     0.00000     0.00001
        97     0.00000     0.00001
        98     0.00000     0.00001
        99     0.00000     0.00001
       100     0.00000     0.00001
       101     0.00000     0.00001
       102     0.00000     0.00001
       103     0.00000     0.00001
       104     0.00000     0.00001
       105     0.00000     0.00001
       106     0.00000     0.00001
       107     0.00000     0.00001
       108     0.00000     0.00001
       109     0.00000     0.00001
       110     0.00000     0.00001
       111     0.00000     0.00001
       112     0.00000     0.00001
       113     0.00000     0.00001
       114     0.00000     0.00001
       115     0.00000     0.00002
       116     0.00000     0.00002
       117     0.00000     0.00002
       118     0.00000     0.00002
       119     0.00000     0.00002
       120     0.00000     0.00002
       121     0.00000     0.00003
       122     0.00000     0.00003
       123     0.00000     0.00004
       124     0.00000     0.00006
       125     0.00000     0.00011
       126     0.00000     0.00042
       127     0.72016     0.20026
       128     0.72689     0.17122
       129     0.73358     0.14180
       130     0.74023     0.11199
       131     0.74685     0.08184
       132     0.75341     0.05134
       133     0.75994     0.02054
       134     0.76641    -0.01055
       135     0.77283    -0.04191
       136     0.77920    -0.07352
       137     0.78551    -0.10560
       138     0.79177    -0.13760
       139     0.79796    -0.16978
       140     0.80410    -0.20210
       141     0.81017    -0.23455
       142     0.81617    -0.26711
       143     0.82211    -0.29973
       144     0.82798    -0.33241
       145     0.83378    -0.36511
       146     0.83951    -0.39781
       147     0.84516    -0.43049
       148     0.85074    -0.46311
       149     0.85624    -0.49565
       150     0.86166    -0.52810
       151     0.86700    -0.56041
       152     0.87226    -0.59257
       153     0.87744    -0.62454
       154     0.88253    -0.65631
       155     0.88753    -0.68785
       156     0.89244    -0.71913
       157     0.89726    -0.75013
       158     0.90200    -0.78082
       159     0.90664    -0.81118
       160     0.91118    -0.84118
       161     0.91563    -0.87080
       162     0.91999    -0.90001
       163     0.92424    -0.92880
       164     0.92840    -0.95713
       165     0.93246    -0.98498
       166     0.93641    -1.01233
       167     0.94027    -1.03916
       168     0.94402    -1.06545
       169     0.94766    -1.09117
       170     0.95121    -1.11630
       171     0.95464    -1.14082
       172     0.95797    -1.16472
       173     0.96118    -1.18796
       174     0.96429    -1.21054
       175     0.96729    -1.23243
       176     0.97018    -1.25357
       177     0.97296    -1.27403
       178     0.97562    -1.29375
       179     0.97817    -1.31272
       180     0.98061    -1.33091
       181     0.98293    -1.34832
       182     0.98513    -1.36492
       183     0.98722    -1.38071
       184     0.98920    -1.39567
       185     0.99106    -1.40979
       186     0.99280    -1.42304
       187     0.99442    -1.43543
       188     0.99589    -1.44696
       189     0.99715    -1.45760
       190     0.99821    -1.46737
       191     0.99908    -1.47625
       192     0.99977    -1.48422
       193     1.00030    -1.49128
       194     1.00067    -1.49742
       195     1.00089    -1.50264
       196     1.00096    -1.50693
       197     1.00090    -1.51028
       198     1.00069    -1.51271
       199     1.00036    -1.51418
       200     1.00015    -1.51469
       201     0.99963    -1.51476
       202     0.99930    -1.51432
       203     0.99859    -1.51299
       204     0.99776    -1.51070
       205     0.99681    -1.50748
       206     0.99576    -1.50332
       207     0.99461    -1.49822
       208     0.99336    -1.49220
       209     0.99202    -1.48525
       210     0.99060    -1.47738
       211     0.98911    -1.46859
       212     0.98756    -1.45890
       213     0.98596    -1.44831
       214     0.98434    -1.43679
       215     0.98262    -1.42441
       216     0.98077    -1.41117
       217     0.97880    -1.39708
       218     0.97671    -1.38215
       219     0.97449    -1.36639
       220     0.97214    -1.34982
       221     0.96968    -1.33245
       222     0.96709    -1.31429
       223     0.96438    -1.29536
       224     0.96154    -1.27568
       225     0.95859    -1.25520
       226     0.95552    -1.23405
       227     0.95232    -1.21219
       228     0.94901    -1.18965
       229     0.94558    -1.16645
       230     0.94203    -1.14260
       231     0.93837    -1.11812
       232     0.93459    -1.09304
       233     0.93070    -1.06737
       234     0.92669    -1.04113
       235     0.92257    -1.01436
       236     0.91833    -0.98706
       237     0.91399    -0.95927
       238     0.90953    -0.93100
       239     0.90497    -0.90229
       240     0.90029    -0.87314
       241     0.89551    -0.84359
       242     0.89062    -0.81367
       243     0.88563    -0.78338
       244     0.88053    -0.75277
       245     0.87533    -0.72186
       246     0.87002    -0.69067
       247     0.86462    -0.65922
       248     0.85911    -0.62755
       249     0.85351    -0.59567
       250     0.84780    -0.56362
       251     0.84200    -0.53142
       252     0.83611    -0.49909
       253     0.83012    -0.46667
       254     0.82403    -0.43417
       255     0.81785    -0.40163
       256     0.81159    -0.36907
       257     0.80523    -0.33652
       258     0.79878    -0.30400
       259     0.79225    -0.27154
       260     0.78562    -0.23916
       261     0.77892    -0.20714
       262     0.77212    -0.17500
       263     0.76524    -0.14302
       264     0.75828    -0.11122
       265     0.75124    -0.07963
       266     0.74411    -0.04828
       267     0.73691    -0.01718
       268     0.72963     0.01363
       269     0.72227     0.04413
       270     0.71483     0.07430
       271     0.70732     0.10412
       272    -0.00000    -0.00334
       273    -0.00000    -0.00013
       274     0.00000    -0.00007
       275    -0.00000    -0.00005
       276    -0.00000    -0.00003
       277    -0.00000    -0.00003
       278    -0.00000    -0.00002
       279    -0.00000    -0.00002
       280    -0.00000    -0.00002
       281    -0.00000    -0.00002
       282    -0.00000    -0.00002
       283    -0.00000    -0.00001
       284    -0.00000    -0.00001
       285    -0.00000    -0.00001
       286    -0.00000    -0.00001
       287    -0.00000    -0.00001
       288    -0.00000    -0.00001
       289    -0.00000    -0.00001
       290    -0.00000    -0.00001
       291    -0.00000    -0.00001
       292    -0.00000    -0.00001
       293    -0.00000    -0.00001
       294    -0.00000    -0.00001
       295    -0.00000    -0.00001
       296    -0.00000    -0.00001
       297    -0.00000    -0.00001
       298    -0.00000    -0.00001
       299    -0.00000    -0.00001
       300    -0.00000    -0.00001
       301    -0.00000    -0.00001
       302    -0.00000    -0.00001
       303    -0.00000    -0.00001
       304    -0.00000    -0.00001
       305    -0.00000    -0.00001
       306    -0.00000    -0.00001
       307    -0.00000    -0.00002
       308    -0.00000    -0.00002
       309    -0.00000    -0.00003
       310    -0.00000    -0.00004
       311    -0.00000    -0.00012
       312     0.37442     0.75713
       313     0.37351     0.75717
       314     0.37331     0.75718
       315     0.37362     0.75717
       316     0.37424     0.75714
       317     0.37496     0.75710
       318     0.37560     0.75706
       319     0.37596     0.75704
       320     0.37585     0.75705
       321     0.37509     0.75709
       322     0.37350     0.75717
       323     0.37093     0.75691
       324     0.36740     0.75687
       325     0.36274     0.75627
       326     0.35713     0.75562
       327     0.35068     0.75407
       328     0.34350     0.75183
       329     0.33580     0.74878
       330     0.32773     0.74486
       331     0.31942     0.74004
       332     0.31101     0.73404
       333     0.30258     0.72752
       334     0.29417     0.72019
       335     0.28580     0.71209
       336     0.27750     0.70325
       337     0.26931     0.69374
       338     0.26123     0.68334
       339     0.25332     0.67267
       340     0.24552     0.66146
       341     0.23785     0.64974
       342     0.23030     0.63755
       343     0.22289     0.62494
       344     0.21561     0.61193
       345     0.20845     0.59856
       346     0.20144     0.58465
       347     0.19456     0.57069
       348     0.18781     0.55646
       349     0.18118     0.54199
       350     0.17468     0.52730
       351     0.16830     0.51243
       352     0.16204     0.49739
       353     0.15591     0.48222
       354     0.14990     0.46694
       355     0.14401     0.45157
       356     0.13824     0.43615
       357     0.13260     0.42069
       358     0.12708     0.40522
       359     0.12168     0.38977
       360     0.11640     0.37434
       361     0.11124     0.35898
       362     0.10620     0.34370
       363     0.10129     0.32851
       364     0.09650     0.31346
       365     0.09183     0.29854
       366     0.08728     0.28369
       367     0.08285     0.26914
       368     0.07855     0.25479
       369     0.07438     0.24066
       370     0.07032     0.22686
       371     0.06639     0.21324
       372     0.06259     0.19990
       373     0.05891     0.18686
       374     0.05536     0.17414
       375     0.05193     0.16174
       376     0.04863     0.14970
       377     0.04546     0.13803
       378     0.04242     0.12673
       379     0.03950     0.11583
       380     0.03671     0.10534
       381     0.03405     0.09528
       382     0.03153     0.08565
       383     0.02912     0.07647
       384     0.02682     0.06775
       385     0.02459     0.05954
       386     0.02243     0.05181
       387     0.02034     0.04459
       388     0.01832     0.03788
       389     0.01637     0.03170
       390     0.01451     0.02605
       391     0.01274     0.02093
       392     0.01107     0.01635
       393     0.00950     0.01231
       394     0.00804     0.00883
       395     0.00668     0.00590
       396     0.00545     0.00352
       397     0.00432     0.00170
       398     0.00332     0.00045
       399     0.00243    -0.00024
       400     0.00202    -0.00045
  LEADING EDGE POINT =          314  TE POINT =         319

  NO OF SUCT S POINTS           6  NO PRESS S POINTS         396
  XMIN,XMAX, XCHORD    0.373309016      0.375955939       2.64692307E-03

   SUCTION SURFACE POINTS FROM LE TO TE.
         1     0.37331     0.75718
         2     0.37362     0.75717
         3     0.37424     0.75714
         4     0.37496     0.75710
         5     0.37560     0.75706
         6     0.37596     0.75704

   PRESSURE SURFACE POINTS FROM LE TO TE.
         1     0.37331     0.75718
         2     0.37351     0.75717
         3     0.37442     0.75713
         4    -0.00000    -0.00012
         5    -0.00000    -0.00004
         6    -0.00000    -0.00003
         7    -0.00000    -0.00002
         8    -0.00000    -0.00002
         9    -0.00000    -0.00001
        10    -0.00000    -0.00001
        11    -0.00000    -0.00001
        12    -0.00000    -0.00001
        13    -0.00000    -0.00001
        14    -0.00000    -0.00001
        15    -0.00000    -0.00001
        16    -0.00000    -0.00001
        17    -0.00000    -0.00001
        18    -0.00000    -0.00001
        19    -0.00000    -0.00001
        20    -0.00000    -0.00001
        21    -0.00000    -0.00001
        22    -0.00000    -0.00001
        23    -0.00000    -0.00001
        24    -0.00000    -0.00001
        25    -0.00000    -0.00001
        26    -0.00000    -0.00001
        27    -0.00000    -0.00001
        28    -0.00000    -0.00001
        29    -0.00000    -0.00001
        30    -0.00000    -0.00001
        31    -0.00000    -0.00001
        32    -0.00000    -0.00001
        33    -0.00000    -0.00002
        34    -0.00000    -0.00002
        35    -0.00000    -0.00002
        36    -0.00000    -0.00002
        37    -0.00000    -0.00002
        38    -0.00000    -0.00003
        39    -0.00000    -0.00003
        40    -0.00000    -0.00005
        41     0.00000    -0.00007
        42    -0.00000    -0.00013
        43    -0.00000    -0.00334
        44     0.70732     0.10412
        45     0.71483     0.07430
        46     0.72227     0.04413
        47     0.72963     0.01363
        48     0.73691    -0.01718
        49     0.74411    -0.04828
        50     0.75124    -0.07963
        51     0.75828    -0.11122
        52     0.76524    -0.14302
        53     0.77212    -0.17500
        54     0.77892    -0.20714
        55     0.78562    -0.23916
        56     0.79225    -0.27154
        57     0.79878    -0.30400
        58     0.80523    -0.33652
        59     0.81159    -0.36907
        60     0.81785    -0.40163
        61     0.82403    -0.43417
        62     0.83012    -0.46667
        63     0.83611    -0.49909
        64     0.84200    -0.53142
        65     0.84780    -0.56362
        66     0.85351    -0.59567
        67     0.85911    -0.62755
        68     0.86462    -0.65922
        69     0.87002    -0.69067
        70     0.87533    -0.72186
        71     0.88053    -0.75277
        72     0.88563    -0.78338
        73     0.89062    -0.81367
        74     0.89551    -0.84359
        75     0.90029    -0.87314
        76     0.90497    -0.90229
        77     0.90953    -0.93100
        78     0.91399    -0.95927
        79     0.91833    -0.98706
        80     0.92257    -1.01436
        81     0.92669    -1.04113
        82     0.93070    -1.06737
        83     0.93459    -1.09304
        84     0.93837    -1.11812
        85     0.94203    -1.14260
        86     0.94558    -1.16645
        87     0.94901    -1.18965
        88     0.95232    -1.21219
        89     0.95552    -1.23405
        90     0.95859    -1.25520
        91     0.96154    -1.27568
        92     0.96438    -1.29536
        93     0.96709    -1.31429
        94     0.96968    -1.33245
        95     0.97214    -1.34982
        96     0.97449    -1.36639
        97     0.97671    -1.38215
        98     0.97880    -1.39708
        99     0.98077    -1.41117
       100     0.98262    -1.42441
       101     0.98434    -1.43679
       102     0.98596    -1.44831
       103     0.98756    -1.45890
       104     0.98911    -1.46859
       105     0.99060    -1.47738
       106     0.99202    -1.48525
       107     0.99336    -1.49220
       108     0.99461    -1.49822
       109     0.99576    -1.50332
       110     0.99681    -1.50748
       111     0.99776    -1.51070
       112     0.99859    -1.51299
       113     0.99930    -1.51432
       114     0.99963    -1.51476
       115     1.00015    -1.51469
       116     1.00036    -1.51418
       117     1.00069    -1.51271
       118     1.00090    -1.51028
       119     1.00096    -1.50693
       120     1.00089    -1.50264
       121     1.00067    -1.49742
       122     1.00030    -1.49128
       123     0.99977    -1.48422
       124     0.99908    -1.47625
       125     0.99821    -1.46737
       126     0.99715    -1.45760
       127     0.99589    -1.44696
       128     0.99442    -1.43543
       129     0.99280    -1.42304
       130     0.99106    -1.40979
       131     0.98920    -1.39567
       132     0.98722    -1.38071
       133     0.98513    -1.36492
       134     0.98293    -1.34832
       135     0.98061    -1.33091
       136     0.97817    -1.31272
       137     0.97562    -1.29375
       138     0.97296    -1.27403
       139     0.97018    -1.25357
       140     0.96729    -1.23243
       141     0.96429    -1.21054
       142     0.96118    -1.18796
       143     0.95797    -1.16472
       144     0.95464    -1.14082
       145     0.95121    -1.11630
       146     0.94766    -1.09117
       147     0.94402    -1.06545
       148     0.94027    -1.03916
       149     0.93641    -1.01233
       150     0.93246    -0.98498
       151     0.92840    -0.95713
       152     0.92424    -0.92880
       153     0.91999    -0.90001
       154     0.91563    -0.87080
       155     0.91118    -0.84118
       156     0.90664    -0.81118
       157     0.90200    -0.78082
       158     0.89726    -0.75013
       159     0.89244    -0.71913
       160     0.88753    -0.68785
       161     0.88253    -0.65631
       162     0.87744    -0.62454
       163     0.87226    -0.59257
       164     0.86700    -0.56041
       165     0.86166    -0.52810
       166     0.85624    -0.49565
       167     0.85074    -0.46311
       168     0.84516    -0.43049
       169     0.83951    -0.39781
       170     0.83378    -0.36511
       171     0.82798    -0.33241
       172     0.82211    -0.29973
       173     0.81617    -0.26711
       174     0.81017    -0.23455
       175     0.80410    -0.20210
       176     0.79796    -0.16978
       177     0.79177    -0.13760
       178     0.78551    -0.10560
       179     0.77920    -0.07352
       180     0.77283    -0.04191
       181     0.76641    -0.01055
       182     0.75994     0.02054
       183     0.75341     0.05134
       184     0.74685     0.08184
       185     0.74023     0.11199
       186     0.73358     0.14180
       187     0.72689     0.17122
       188     0.72016     0.20026
       189     0.00000     0.00042
       190     0.00000     0.00011
       191     0.00000     0.00006
       192     0.00000     0.00004
       193     0.00000     0.00003
       194     0.00000     0.00003
       195     0.00000     0.00002
       196     0.00000     0.00002
       197     0.00000     0.00002
       198     0.00000     0.00002
       199     0.00000     0.00002
       200     0.00000     0.00002
       201     0.00000     0.00001
       202     0.00000     0.00001
       203     0.00000     0.00001
       204     0.00000     0.00001
       205     0.00000     0.00001
       206     0.00000     0.00001
       207     0.00000     0.00001
       208     0.00000     0.00001
       209     0.00000     0.00001
       210     0.00000     0.00001
       211     0.00000     0.00001
       212     0.00000     0.00001
       213     0.00000     0.00001
       214     0.00000     0.00001
       215     0.00000     0.00001
       216     0.00000     0.00001
       217     0.00000     0.00001
       218     0.00000     0.00001
       219     0.00000     0.00001
       220     0.00000     0.00002
       221     0.00000     0.00002
       222     0.00000     0.00002
       223     0.00000     0.00004
       224     0.00000     0.00007
       225     0.45147     0.90236
       226     0.44020     0.91204
       227     0.42774     0.92136
       228     0.41404     0.92903
       229     0.39918     0.93477
       230     0.38348     0.93790
       231     0.36751     0.93795
       232     0.35192     0.93490
       233     0.33727     0.92924
       234     0.32385     0.92164
       235     0.31171     0.91310
       236     0.30081     0.90348
       237     0.29089     0.89372
       238     0.28184     0.88338
       239     0.27348     0.87320
       240     0.26567     0.86285
       241     0.25828     0.85236
       242     0.25123     0.84169
       243     0.24445     0.83083
       244     0.23789     0.81976
       245     0.23151     0.80846
       246     0.22527     0.79691
       247     0.21914     0.78509
       248     0.21312     0.77300
       249     0.20718     0.76062
       250     0.20131     0.74796
       251     0.19552     0.73528
       252     0.18979     0.72207
       253     0.18413     0.70859
       254     0.17852     0.69484
       255     0.17296     0.68083
       256     0.16747     0.66657
       257     0.16202     0.65207
       258     0.15663     0.63735
       259     0.15130     0.62241
       260     0.14603     0.60728
       261     0.14082     0.59198
       262     0.13567     0.57651
       263     0.13059     0.56090
       264     0.12557     0.54516
       265     0.12063     0.52932
       266     0.11575     0.51339
       267     0.11095     0.49755
       268     0.10622     0.48151
       269     0.10157     0.46544
       270     0.09699     0.44935
       271     0.09250     0.43328
       272     0.08809     0.41723
       273     0.08376     0.40124
       274     0.07951     0.38531
       275     0.07535     0.36947
       276     0.07129     0.35375
       277     0.06731     0.33815
       278     0.06342     0.32270
       279     0.05963     0.30741
       280     0.05593     0.29231
       281     0.05233     0.27742
       282     0.04882     0.26276
       283     0.04541     0.24833
       284     0.04211     0.23417
       285     0.03890     0.22028
       286     0.03580     0.20669
       287     0.03280     0.19341
       288     0.02991     0.18046
       289     0.02712     0.16781
       290     0.02444     0.15557
       291     0.02186     0.14371
       292     0.01940     0.13224
       293     0.01704     0.12117
       294     0.01480     0.11053
       295     0.01267     0.10031
       296     0.01064     0.09053
       297     0.00874     0.08119
       298     0.00699     0.07233
       299     0.00541     0.06395
       300     0.00400     0.05601
       301     0.00279     0.04858
       302     0.00178     0.04160
       303     0.00101     0.03516
       304     0.00046     0.02921
       305     0.00003     0.02377
       306    -0.00027     0.01888
       307    -0.00044     0.01453
       308    -0.00049     0.01072
       309    -0.00042     0.00747
       310    -0.00024     0.00478
       311     0.00006     0.00265
       312     0.00048     0.00108
       313     0.00101     0.00007
       314     0.00131    -0.00029
       315     0.00202    -0.00045
       316     0.00243    -0.00024
       317     0.00332     0.00045
       318     0.00432     0.00170
       319     0.00545     0.00352
       320     0.00668     0.00590
       321     0.00804     0.00883
       322     0.00950     0.01231
       323     0.01107     0.01635
       324     0.01274     0.02093
       325     0.01451     0.02605
       326     0.01637     0.03170
       327     0.01832     0.03788
       328     0.02034     0.04459
       329     0.02243     0.05181
       330     0.02459     0.05954
       331     0.02682     0.06775
       332     0.02912     0.07647
       333     0.03153     0.08565
       334     0.03405     0.09528
       335     0.03671     0.10534
       336     0.03950     0.11583
       337     0.04242     0.12673
       338     0.04546     0.13803
       339     0.04863     0.14970
       340     0.05193     0.16174
       341     0.05536     0.17414
       342     0.05891     0.18686
       343     0.06259     0.19990
       344     0.06639     0.21324
       345     0.07032     0.22686
       346     0.07438     0.24066
       347     0.07855     0.25479
       348     0.08285     0.26914
       349     0.08728     0.28369
       350     0.09183     0.29854
       351     0.09650     0.31346
       352     0.10129     0.32851
       353     0.10620     0.34370
       354     0.11124     0.35898
       355     0.11640     0.37434
       356     0.12168     0.38977
       357     0.12708     0.40522
       358     0.13260     0.42069
       359     0.13824     0.43615
       360     0.14401     0.45157
       361     0.14990     0.46694
       362     0.15591     0.48222
       363     0.16204     0.49739
       364     0.16830     0.51243
       365     0.17468     0.52730
       366     0.18118     0.54199
       367     0.18781     0.55646
       368     0.19456     0.57069
       369     0.20144     0.58465
       370     0.20845     0.59856
       371     0.21561     0.61193
       372     0.22289     0.62494
       373     0.23030     0.63755
       374     0.23785     0.64974
       375     0.24552     0.66146
       376     0.25332     0.67267
       377     0.26123     0.68334
       378     0.26931     0.69374
       379     0.27750     0.70325
       380     0.28580     0.71209
       381     0.29417     0.72019
       382     0.30258     0.72752
       383     0.31101     0.73404
       384     0.31942     0.74004
       385     0.32773     0.74486
       386     0.33580     0.74878
       387     0.34350     0.75183
       388     0.35068     0.75407
       389     0.35713     0.75562
       390     0.36274     0.75627
       391     0.36740     0.75687
       392     0.37093     0.75691
       393     0.37350     0.75717
       394     0.37509     0.75709
       395     0.37585     0.75705
       396     0.37596     0.75704
  POINTS ON THE BLADE TO BE USED FOR PLOTTING 
  AND FINAL INTERPOLATION 
  N           X          YUP        YLOW        THICK 
    1      0.0000    286.0615    286.0615      0.0000
    2      0.0001    286.0615    286.0615      0.0000
    3      0.0002    286.0615    286.0615      0.0000
    4      0.0006    286.0615    286.0615      0.0000
    5      0.0010    286.0615    286.0615      0.0000
    6      0.0016    286.0615    286.0615      0.0000
    7      0.0022    286.0614    286.0614      0.0000
    8      0.0031    286.0614    286.0614      0.0000
    9      0.0040    286.0614    286.0614      0.0000
   10      0.0050    286.0613    286.0613      0.0000
   11      0.0062    286.0613    286.0613      0.0000
   12      0.0075    286.0612    286.0612      0.0000
   13      0.0089    286.0612    286.0612      0.0000
   14      0.0105    286.0611    286.0611      0.0000
   15      0.0122    286.0610    286.0610      0.0000
   16      0.0140    286.0609    286.0609      0.0000
   17      0.0159    286.0609    286.0609      0.0000
   18      0.0179    286.0608    286.0608      0.0000
   19      0.0201    286.0607    286.0607      0.0000
   20      0.0223    286.0606    286.0606      0.0000
   21      0.0247    286.0605    286.0605      0.0000
   22      0.0272    286.0604    286.0604      0.0000
   23      0.0299    286.0603    286.0603      0.0000
   24      0.0326    286.0602    286.0602      0.0000
   25      0.0355    286.0601    286.0601      0.0000
   26      0.0384    286.0599    286.0600      0.0000
   27      0.0415    286.0598    286.0598      0.0000
   28      0.0447    286.0597    286.0597      0.0000
   29      0.0481    286.0595    286.0596      0.0000
   30      0.0515    286.0594    286.0594      0.0000
   31      0.0550    286.0592    286.0593      0.0001
   32      0.0587    286.0591    286.0591      0.0000
   33      0.0625    286.0590    286.0590      0.0000
   34      0.0663    286.0588    286.0588      0.0000
   35      0.0703    286.0586    286.0587      0.0000
   36      0.0744    286.0585    286.0585      0.0000
   37      0.0786    286.0583    286.0583      0.0000
   38      0.0829    286.0581    286.0581      0.0000
   39      0.0873    286.0579    286.0579      0.0000
   40      0.0918    286.0577    286.0577      0.0001
   41      0.0964    286.0576    286.0575      0.0001
   42      0.1011    286.0573    286.0573      0.0001
   43      0.1059    286.0572    286.0570      0.0002
   44      0.1108    286.0569    286.0568      0.0002
   45      0.1159    286.0567    286.0566      0.0002
   46      0.1210    286.0565    286.0563      0.0002
   47      0.1261    286.0563    286.0561      0.0002
   48      0.1314    286.0560    286.0558      0.0002
   49      0.1368    286.0558    286.0556      0.0002
   50      0.1423    286.0555    286.0553      0.0002
   51      0.1478    286.0553    286.0551      0.0002
   52      0.1535    286.0550    286.0548      0.0002
   53      0.1592    286.0547    286.0545      0.0002
   54      0.1650    286.0545    286.0543      0.0002
   55      0.1709    286.0542    286.0540      0.0002
   56      0.1769    286.0539    286.0537      0.0002
   57      0.1830    286.0536    286.0534      0.0002
   58      0.1891    286.0533    286.0531      0.0002
   59      0.1954    286.0530    286.0528      0.0002
   60      0.2017    286.0528    286.0525      0.0002
   61      0.2080    286.0525    286.0522      0.0002
   62      0.2145    286.0522    286.0519      0.0002
   63      0.2210    286.0518    286.0516      0.0002
   64      0.2276    286.0515    286.0513      0.0002
   65      0.2342    286.0512    286.0510      0.0002
   66      0.2409    286.0509    286.0507      0.0003
   67      0.2477    286.0506    286.0504      0.0003
   68      0.2546    286.0503    286.0500      0.0002
   69      0.2615    286.0500    286.0497      0.0002
   70      0.2684    286.0497    286.0494      0.0003
   71      0.2755    286.0493    286.0490      0.0003
   72      0.2826    286.0490    286.0487      0.0003
   73      0.2897    286.0487    286.0484      0.0003
   74      0.2969    286.0483    286.0481      0.0003
   75      0.3041    286.0480    286.0477      0.0002
   76      0.3114    286.0476    286.0474      0.0003
   77      0.3187    286.0473    286.0470      0.0003
   78      0.3261    286.0470    286.0467      0.0003
   79      0.3335    286.0466    286.0463      0.0003
   80      0.3410    286.0463    286.0460      0.0003
   81      0.3485    286.0459    286.0456      0.0003
   82      0.3560    286.0455    286.0453      0.0003
   83      0.3636    286.0451    286.0449      0.0002
   84      0.3712    286.0447    286.0446      0.0002
   85      0.3789    286.0443    286.0442      0.0001
   86      0.3865    286.0439    286.0438      0.0000
   87      0.3942    286.0434    286.0435      0.0000
   88      0.4020    286.0430    286.0431      0.0001
   89      0.4097    286.0426    286.0428      0.0002
   90      0.4175    286.0422    286.0424      0.0002
   91      0.4253    286.0417     20.2294    265.8123
   92      0.4331    286.0413     20.2306    265.8107
   93      0.4409    286.0409     20.2318    265.8091
   94      0.4488    286.0405     20.2330    265.8075
   95      0.4566    286.0400     20.2342    265.8059
   96      0.4645    286.0396     20.2354    265.8043
   97      0.4724    286.0392     20.2366    265.8026
   98      0.4803    286.0388     20.2378    265.8010
   99      0.4882    286.0383     20.2390    265.7994
  100      0.4960    286.0379     20.2402    265.7977
  101      0.5040    286.0375     20.2414    265.7961
  102      0.5118    286.0370     20.2426    265.7945
  103      0.5197    286.0366     20.2438    265.7929
  104      0.5276    286.0362     20.2450    265.7912
  105      0.5355    286.0358     20.2462    265.7896
  106      0.5434    286.0353     20.2473    265.7880
  107      0.5512    286.0349     20.2485    265.7864
  108      0.5591    286.0345     20.2497    265.7848
  109      0.5669    286.0341     20.2509    265.7831
  110      0.5747    286.0336     20.2521    265.7815
  111      0.5825    286.0332     20.2533    265.7799
  112      0.5903    286.0328     20.2545    265.7783
  113      0.5980    286.0323     20.2557    265.7767
  114      0.6058    286.0319     20.2568    265.7751
  115      0.6135    286.0315     20.2580    265.7735
  116      0.6211    286.0311     20.2592    265.7719
  117      0.6288    286.0306     20.2603    265.7703
  118      0.6364    286.0302     20.2615    265.7687
  119      0.6440    286.0297     20.2626    265.7671
  120      0.6515    286.0292     20.2638    265.7655
  121      0.6590    286.0287     20.2649    265.7638
  122      0.6665    286.0283     20.2661    265.7622
  123      0.6739    286.0278     20.2672    265.7607
  124      0.6813    286.0274     20.2683    265.7591
  125      0.6886    286.0269     20.2694    265.7575
  126      0.6959    286.0265     20.2705    265.7560
  127      0.7031    286.0260     20.2716    265.7544
  128      0.7103    286.0255     20.2727    265.7528
  129      0.7174    286.0251     20.2738    265.7513
  130      0.7245    286.0247     20.2749    265.7498
  131      0.7316    286.0242     20.2759    265.7483
  132      0.7385    286.0238     20.2770    265.7468
  133      0.7454    286.0234     20.2780    265.7453
  134      0.7523    286.0229     20.2791    265.7439
  135      0.7591    286.0225     20.2801    265.7424
  136      0.7658    286.0221     20.2811    265.7410
  137      0.7724    286.0217     20.2822    265.7396
  138      0.7790    286.0213     20.2831    265.7381
  139      0.7855    286.0209     20.2841    265.7367
  140      0.7920    286.0205     20.2851    265.7354
  141      0.7983    286.0201     20.2861    265.7340
  142      0.8046    286.0197     20.2870    265.7326
  143      0.8109    286.0193     20.2880    265.7313
  144      0.8170    286.0189     20.2889    265.7300
  145      0.8231    286.0185     20.2898    265.7287
  146      0.8291    286.0182     20.2908    265.7274
  147      0.8350    286.0178     20.2916    265.7262
  148      0.8408    286.0174     20.2925    265.7249
  149      0.8465    286.0171     20.2934    265.7237
  150      0.8522    286.0167     20.2943    265.7225
  151      0.8577    286.0164     20.2951    265.7213
  152      0.8632    286.0160     20.2959    265.7201
  153      0.8686    286.0157     20.2968    265.7189
  154      0.8739    286.0153     20.2976    265.7178
  155      0.8790    286.0150     20.2983    265.7166
  156      0.8841    286.0146     20.2991    265.7155
  157      0.8892    286.0143     20.2999    265.7144
  158      0.8941    286.0139     20.3006    265.7133
  159      0.8989    286.0136     20.3014    265.7122
  160      0.9036    286.0133     20.3021    265.7112
  161      0.9082    286.0130     20.3028    265.7102
  162      0.9127    286.0127     20.3035    265.7092
  163      0.9171    286.0124     20.3041    265.7083
  164      0.9214    286.0121     20.3048    265.7073
  165      0.9256    286.0118     20.3054    265.7064
  166      0.9297    286.0115     20.3060    265.7055
  167      0.9337    286.0113     20.3066    265.7046
  168      0.9375    286.0110     20.3072    265.7037
  169      0.9413    286.0107     20.3078    265.7029
  170      0.9450    286.0105     20.3084    265.7021
  171      0.9485    286.0103     20.3089    265.7014
  172      0.9519    286.0100     20.3094    265.7006
  173      0.9553    286.0098     20.3099    265.6999
  174      0.9585    286.0096     20.3104    265.6992
  175      0.9616    286.0094     20.3109    265.6985
  176      0.9645    286.0092     20.3113    265.6978
  177      0.9674    286.0090     20.3118    265.6972
  178      0.9701    286.0088     20.3122    265.6966
  179      0.9728    286.0086     20.3126    265.6960
  180      0.9753    286.0085     20.3130    265.6955
  181      0.9777    286.0083     20.3133    265.6949
  182      0.9799    286.0081     20.3137    265.6944
  183      0.9821    286.0080     20.3140    265.6940
  184      0.9841    286.0078     20.3143    265.6935
  185      0.9860    286.0077     20.3146    265.6931
  186      0.9878    286.0076     20.3149    265.6927
  187      0.9895    286.0075     20.3151    265.6924
  188      0.9911    286.0074     20.3154    265.6920
  189      0.9925    286.0073     20.3156    265.6917
  190      0.9938    286.0072     20.3158    265.6914
  191      0.9950    286.0071     20.3160    265.6911
  192      0.9960    286.0070     20.3161    265.6909
  193      0.9969    286.0070     20.3163    265.6907
  194      0.9978    286.0069     20.3164    265.6906
  195      0.9984    286.0069     20.3165    265.6904
  196      0.9990    286.0068     20.3166    265.6903
  197      0.9994    286.0068     20.3166    265.6902
  198      0.9998    286.0068     20.3167    265.6901
  199      0.9999    286.0067     20.3167    265.6900
  200      1.0000    286.0067     20.3167    265.6900
 GRID EXPANSION RATIO UP=    1.11538 DOWN =    1.07955
  AXIAL,TANGENTIAL AND RADIAL COORDINATES ON THE STREAM
  SURFACE BEFORE TRANSFORMING TO R-THETA COORDINATES 
 J, XGRID,YGRID,RGRID            1   4.11501862E-02   10.9499035      0.137027726    
 J, XGRID,YGRID,RGRID            2   4.16274443E-02   10.9549732      0.135849670    
 J, XGRID,YGRID,RGRID            3   4.20859121E-02   10.9595175      0.134826720    
 J, XGRID,YGRID,RGRID            4   4.25251797E-02   10.9635935      0.133941695    
 J, XGRID,YGRID,RGRID            5   4.29443233E-02   10.9672461      0.133177727    
 J, XGRID,YGRID,RGRID            6   4.33422923E-02   10.9705219      0.132519215    
 J, XGRID,YGRID,RGRID            7   4.37182412E-02   10.9734583      0.131951764    
 J, XGRID,YGRID,RGRID            8   4.40717377E-02   10.9760914      0.131463155    
 J, XGRID,YGRID,RGRID            9   4.44025174E-02   10.9784527      0.131042078    
 J, XGRID,YGRID,RGRID           10   4.47107479E-02   10.9805698      0.130678967    
 J, XGRID,YGRID,RGRID           11   4.49968092E-02   10.9824667      0.130365536    
 J, XGRID,YGRID,RGRID           12   4.52613719E-02   10.9841671      0.130094647    
 J, XGRID,YGRID,RGRID           13   4.55052666E-02   10.9856920      0.129860207    
 J, XGRID,YGRID,RGRID           14   4.57294434E-02   10.9870596      0.129656941    
 J, XGRID,YGRID,RGRID           15   4.59349453E-02   10.9882851      0.129480422    
 J, XGRID,YGRID,RGRID           16   4.61239032E-02   10.9893837      0.129328117    
 J, XGRID,YGRID,RGRID           17   4.62996736E-02   10.9903688      0.129199609    
 J, XGRID,YGRID,RGRID           18   4.64573093E-02   10.9912519      0.129084483    
 J, XGRID,YGRID,RGRID           19   4.65986505E-02   10.9920444      0.128981322    
 J, XGRID,YGRID,RGRID           20   4.67253812E-02   10.9927549      0.128888860    
 J, XGRID,YGRID,RGRID           21   4.68389988E-02   10.9933920      0.128805995    
 J, XGRID,YGRID,RGRID           22   4.69478928E-02   10.9933872      0.128718972    
 J, XGRID,YGRID,RGRID           23   4.70604450E-02   10.9933825      0.128626838    
 J, XGRID,YGRID,RGRID           24   4.71769273E-02   10.9933748      0.128529072    
 J, XGRID,YGRID,RGRID           25   4.72976118E-02   10.9933681      0.128425166    
 J, XGRID,YGRID,RGRID           26   4.74227071E-02   10.9933615      0.128314525    
 J, XGRID,YGRID,RGRID           27   4.75524217E-02   10.9933529      0.128196582    
 J, XGRID,YGRID,RGRID           28   4.76868674E-02   10.9933443      0.128070638    
 J, XGRID,YGRID,RGRID           29   4.78262380E-02   10.9933376      0.127936140    
 J, XGRID,YGRID,RGRID           30   4.79705632E-02   10.9933281      0.127792329    
 J, XGRID,YGRID,RGRID           31   4.81199510E-02   10.9933186      0.127638623    
 J, XGRID,YGRID,RGRID           32   4.82743606E-02   10.9933109      0.127474114    
 J, XGRID,YGRID,RGRID           33   4.84337397E-02   10.9933004      0.127297997    
 J, XGRID,YGRID,RGRID           34   4.85980697E-02   10.9932899      0.127109572    
 J, XGRID,YGRID,RGRID           35   4.87671830E-02   10.9932795      0.126907915    
 J, XGRID,YGRID,RGRID           36   4.89408709E-02   10.9932671      0.126692206    
 J, XGRID,YGRID,RGRID           37   4.91186194E-02   10.9932556      0.126462027    
 J, XGRID,YGRID,RGRID           38   4.93002012E-02   10.9932423      0.126216188    
 J, XGRID,YGRID,RGRID           39   4.94855307E-02   10.9932270      0.125953734    
 J, XGRID,YGRID,RGRID           40   4.96743694E-02   10.9932137      0.125673220    
 J, XGRID,YGRID,RGRID           41   4.98665497E-02   10.9931993      0.125373378    
 J, XGRID,YGRID,RGRID           42   5.00619076E-02   10.9931803      0.125052825    
 J, XGRID,YGRID,RGRID           43   5.02599701E-02   10.9931631      0.124709800    
 J, XGRID,YGRID,RGRID           44   5.04603572E-02   10.9931431      0.124343127    
 J, XGRID,YGRID,RGRID           45   5.06628193E-02   10.9931221      0.123950861    
 J, XGRID,YGRID,RGRID           46   5.08671142E-02   10.9930992      0.123530753    
 J, XGRID,YGRID,RGRID           47   5.10729589E-02   10.9930782      0.123080336    
 J, XGRID,YGRID,RGRID           48   5.12800552E-02   10.9930534      0.122596905    
 J, XGRID,YGRID,RGRID           49   5.14880642E-02   10.9930267      0.122077532    
 J, XGRID,YGRID,RGRID           50   5.16981483E-02   10.9930000      0.121514976    
 J, XGRID,YGRID,RGRID           51   5.19116893E-02   10.9929733      0.120899715    
 J, XGRID,YGRID,RGRID           52   5.21269254E-02   10.9929399      0.120229520    
 J, XGRID,YGRID,RGRID           53   5.23421057E-02   10.9929085      0.119503617    
 J, XGRID,YGRID,RGRID           54   5.25552109E-02   10.9928741      0.118722744    
 J, XGRID,YGRID,RGRID           55   5.27645759E-02   10.9928341      0.117889397    
 J, XGRID,YGRID,RGRID           56   5.29686026E-02   10.9927969      0.117007606    
 J, XGRID,YGRID,RGRID           57   5.31643964E-02   10.9927521      0.116092309    
 J, XGRID,YGRID,RGRID           58   5.33499904E-02   10.9927044      0.115159087    
 J, XGRID,YGRID,RGRID           59   5.35263456E-02   10.9926586      0.114215158    
 J, XGRID,YGRID,RGRID           60   5.36946319E-02   10.9926109      0.113266163    
 J, XGRID,YGRID,RGRID           61   5.38563840E-02   10.9925661      0.112317309    
 J, XGRID,YGRID,RGRID           62   5.40132858E-02   10.9925175      0.111372665    
 J, XGRID,YGRID,RGRID           63   5.41672818E-02   10.9924717      0.110435620    
 J, XGRID,YGRID,RGRID           64   5.43212630E-02   10.9924259      0.109501295    
 J, XGRID,YGRID,RGRID           65   5.44779822E-02   10.9923792      0.108567536    
 J, XGRID,YGRID,RGRID           66   5.46393357E-02   10.9923334      0.107637055    
 J, XGRID,YGRID,RGRID           67   5.48070222E-02   10.9922867      0.106712461    
 J, XGRID,YGRID,RGRID           68   5.49829304E-02   10.9922409      0.105797879    
 J, XGRID,YGRID,RGRID           69   5.51684797E-02   10.9921923      0.104896761    
 J, XGRID,YGRID,RGRID           70   5.53650334E-02   10.9921389      0.104013406    
 J, XGRID,YGRID,RGRID           71   5.55723831E-02   10.9920874      0.103157081    
 J, XGRID,YGRID,RGRID           72   5.57905026E-02   10.9920349      0.102333538    
 J, XGRID,YGRID,RGRID           73   5.60194999E-02   10.9919863      0.101545475    
 J, XGRID,YGRID,RGRID           74   5.62592708E-02   10.9919376      0.100795008    
 J, XGRID,YGRID,RGRID           75   5.65094762E-02   10.9918919      0.100083329    
 J, XGRID,YGRID,RGRID           76   5.67695461E-02   10.9918451       9.94109511E-02
 J, XGRID,YGRID,RGRID           77   5.70388846E-02   10.9918003       9.87778604E-02
 J, XGRID,YGRID,RGRID           78   5.73179610E-02   10.9917583       9.81811509E-02
 J, XGRID,YGRID,RGRID           79   5.76064102E-02   10.9917164       9.76194367E-02
 J, XGRID,YGRID,RGRID           80   5.79035766E-02   10.9916754       9.70921069E-02
 J, XGRID,YGRID,RGRID           81   5.82086667E-02   10.9916382       9.65982750E-02
 J, XGRID,YGRID,RGRID           82   5.85207455E-02   10.9915962       9.61370096E-02
 J, XGRID,YGRID,RGRID           83   5.88388406E-02   10.9915562       9.57072675E-02
 J, XGRID,YGRID,RGRID           84   5.91618381E-02   10.9915171       9.53079984E-02
 J, XGRID,YGRID,RGRID           85   5.94886243E-02   10.9914808       9.49380770E-02
 J, XGRID,YGRID,RGRID           86   5.98179586E-02   10.9914446       9.45962593E-02
 J, XGRID,YGRID,RGRID           87   6.01485930E-02   10.9914103       9.42813382E-02
 J, XGRID,YGRID,RGRID           88   6.04792461E-02   10.9913778       9.39920396E-02
 J, XGRID,YGRID,RGRID           89   6.08085915E-02   10.9913464       9.37270820E-02
 J, XGRID,YGRID,RGRID           90   6.11352846E-02   10.9913168       9.34851617E-02
 J, XGRID,YGRID,RGRID           91   6.14579991E-02   10.9912872       9.32649970E-02
 J, XGRID,YGRID,RGRID           92   6.18394502E-02   5.88284302       9.30811688E-02
 J, XGRID,YGRID,RGRID           93   6.22541793E-02   5.87940073       9.28895399E-02
 J, XGRID,YGRID,RGRID           94   6.27052188E-02   5.87568474       9.26907435E-02
 J, XGRID,YGRID,RGRID           95   6.31958470E-02   5.87167311       9.24855918E-02
 J, XGRID,YGRID,RGRID           96   6.37296960E-02   5.86734247       9.22753140E-02
 J, XGRID,YGRID,RGRID           97   6.43106997E-02   5.86266708       9.20614749E-02
 J, XGRID,YGRID,RGRID           98   6.49431199E-02   5.85762024       9.18461382E-02
 J, XGRID,YGRID,RGRID           99   6.56315982E-02   5.85217142       9.16320086E-02
 J, XGRID,YGRID,RGRID          100   6.63811639E-02   5.84628916       9.14224982E-02
 J, XGRID,YGRID,RGRID          101   6.71971962E-02   5.83993912       9.12219286E-02
 J, XGRID,YGRID,RGRID          102   6.80854991E-02   5.83308411       9.10357013E-02
 J, XGRID,YGRID,RGRID          103   6.90522343E-02   5.82568359       9.08705592E-02
 J, XGRID,YGRID,RGRID          104   7.01039433E-02   5.81769466       9.07348469E-02
 J, XGRID,YGRID,RGRID          105   7.12474883E-02   5.80907011       9.06388909E-02
 J, XGRID,YGRID,RGRID          106   7.24899247E-02   5.79975891       9.05953646E-02
 J, XGRID,YGRID,RGRID          107   7.38384724E-02   5.78970766       9.06198174E-02
 J, XGRID,YGRID,RGRID          108   7.53002614E-02   5.77885628       9.07313600E-02
 J, XGRID,YGRID,RGRID          109   7.68821761E-02   5.76714182       9.09532681E-02
 J, XGRID,YGRID,RGRID          110   7.85904378E-02   5.75449562       9.13140327E-02
 J, XGRID,YGRID,RGRID          111   8.04301873E-02   5.74084330       9.18483809E-02

  THE BLADE CENTROID ON THE X-Y SURFACE IS AT X, Y=    0.05754   5.90952


  THE J VALUE OF THE CENTROID IS J =           79

  THE CENTROID ON THE STREAM SURFACE IS AT   5.75387143E-02   0.00000000    
  THE HUB SECTION CENTROID IS AT   5.75387143E-02   0.00000000    


  BLADE TRUE CHORD:AXIAL CHORD RATIO =    1.22558475    


    TKLE      TKTE      TKMAX     XTMAX     XMODLE     XMODTE    TK_TYP 
    0.0400    0.0400    0.1000    0.4000    0.0200    0.0100    2.0000


 FCHORD=    1.00000000      FPERP=    0.00000000     FTKSCALE=    1.00000000    


  CENTRELINE COORDINATES AND THICKNESS FOR INTYPE = 1

    XIN        YIN       TKIN 
   0.00000   0.00000   0.04902
   0.00006   0.00010   0.04922
   0.00025   0.00040   0.04958
   0.00056   0.00090   0.05004
   0.00100   0.00160   0.05059
   0.00156   0.00250   0.05122
   0.00224   0.00360   0.05191
   0.00305   0.00489   0.05265
   0.00398   0.00638   0.05345
   0.00504   0.00806   0.05430
   0.00622   0.00993   0.05519
   0.00752   0.01198   0.05612
   0.00895   0.01422   0.05709
   0.01049   0.01665   0.05809
   0.01216   0.01925   0.05912
   0.01395   0.02203   0.06018
   0.01587   0.02497   0.06127
   0.01790   0.02809   0.06238
   0.02005   0.03137   0.06351
   0.02232   0.03481   0.06466
   0.02472   0.03840   0.06584
   0.02723   0.04214   0.06702
   0.02985   0.04602   0.06822
   0.03260   0.05005   0.06944
   0.03546   0.05421   0.07066
   0.03844   0.05849   0.07190
   0.04153   0.06290   0.07314
   0.04474   0.06742   0.07439
   0.04806   0.07206   0.07565
   0.05149   0.07679   0.07691
   0.05504   0.08163   0.07817
   0.05869   0.08655   0.07943
   0.06246   0.09156   0.08069
   0.06633   0.09664   0.08195
   0.07031   0.10180   0.08320
   0.07440   0.10701   0.08446
   0.07860   0.11228   0.08570
   0.08290   0.11760   0.08694
   0.08730   0.12296   0.08817
   0.09181   0.12834   0.08940
   0.09642   0.13376   0.09061
   0.10113   0.13919   0.09181
   0.10594   0.14462   0.09300
   0.11085   0.15006   0.09418
   0.11585   0.15549   0.09534
   0.12095   0.16090   0.09649
   0.12615   0.16629   0.09763
   0.13144   0.17165   0.09874
   0.13682   0.17697   0.09984
   0.14229   0.18224   0.10092
   0.14784   0.18746   0.10198
   0.15349   0.19261   0.10302
   0.15923   0.19768   0.10404
   0.16504   0.20268   0.10504
   0.17095   0.20759   0.10601
   0.17693   0.21240   0.10697
   0.18299   0.21711   0.10790
   0.18914   0.22170   0.10880
   0.19536   0.22617   0.10968
   0.20166   0.23052   0.11054
   0.20803   0.23473   0.11136
   0.21447   0.23879   0.11217
   0.22099   0.24271   0.11294
   0.22757   0.24646   0.11369
   0.23422   0.25005   0.11441
   0.24094   0.25347   0.11510
   0.24772   0.25671   0.11576
   0.25457   0.25976   0.11639
   0.26148   0.26262   0.11700
   0.26845   0.26528   0.11757
   0.27547   0.26773   0.11811
   0.28255   0.26998   0.11863
   0.28968   0.27200   0.11911
   0.29687   0.27380   0.11956
   0.30411   0.27537   0.11998
   0.31140   0.27670   0.12037
   0.31873   0.27780   0.12073
   0.32611   0.27865   0.12105
   0.33353   0.27925   0.12135
   0.34099   0.27960   0.12161
   0.34850   0.27968   0.12184
   0.35604   0.27951   0.12204
   0.36362   0.27907   0.12220
   0.37123   0.27835   0.12234
   0.37887   0.27737   0.12244
   0.38654   0.27611   0.12251
   0.39424   0.27456   0.12255
   0.40197   0.27274   0.12256
   0.40972   0.27063   0.12253
   0.41750   0.26824   0.12248
   0.42529   0.26556   0.12239
   0.43311   0.26259   0.12228
   0.44094   0.25933   0.12213
   0.44878   0.25578   0.12195
   0.45664   0.25193   0.12174
   0.46451   0.24780   0.12150
   0.47239   0.24337   0.12124
   0.48027   0.23865   0.12094
   0.48816   0.23363   0.12061
   0.49605   0.22833   0.12026
   0.50395   0.22274   0.11988
   0.51184   0.21686   0.11947
   0.51973   0.21069   0.11903
   0.52761   0.20424   0.11857
   0.53549   0.19750   0.11808
   0.54336   0.19049   0.11756
   0.55122   0.18320   0.11702
   0.55906   0.17563   0.11645
   0.56689   0.16780   0.11586
   0.57471   0.15969   0.11524
   0.58250   0.15133   0.11460
   0.59028   0.14270   0.11394
   0.59803   0.13382   0.11326
   0.60576   0.12470   0.11256
   0.61346   0.11532   0.11183
   0.62113   0.10571   0.11108
   0.62877   0.09587   0.11032
   0.63638   0.08579   0.10953
   0.64396   0.07550   0.10873
   0.65150   0.06499   0.10791
   0.65901   0.05427   0.10707
   0.66647   0.04334   0.10622
   0.67389   0.03222   0.10535
   0.68127   0.02092   0.10447
   0.68860   0.00943   0.10357
   0.69589  -0.00223   0.10266
   0.70313  -0.01406   0.10173
   0.71031  -0.02604   0.10079
   0.71745  -0.03818   0.09985
   0.72453  -0.05045   0.09889
   0.73155  -0.06286   0.09792
   0.73852  -0.07539   0.09694
   0.74543  -0.08804   0.09596
   0.75228  -0.10079   0.09497
   0.75906  -0.11365   0.09397
   0.76578  -0.12658   0.09296
   0.77243  -0.13960   0.09195
   0.77901  -0.15269   0.09094
   0.78553  -0.16584   0.08992
   0.79197  -0.17904   0.08890
   0.79834  -0.19227   0.08788
   0.80464  -0.20554   0.08686
   0.81086  -0.21883   0.08584
   0.81701  -0.23213   0.08481
   0.82307  -0.24543   0.08379
   0.82905  -0.25872   0.08277
   0.83496  -0.27199   0.08176
   0.84077  -0.28523   0.08074
   0.84651  -0.29844   0.07973
   0.85216  -0.31159   0.07873
   0.85771  -0.32468   0.07773
   0.86318  -0.33770   0.07674
   0.86856  -0.35065   0.07576
   0.87385  -0.36350   0.07478
   0.87905  -0.37625   0.07381
   0.88415  -0.38889   0.07286
   0.88915  -0.40141   0.07191
   0.89406  -0.41381   0.07097
   0.89887  -0.42606   0.07005
   0.90358  -0.43816   0.06914
   0.90819  -0.45011   0.06824
   0.91270  -0.46188   0.06735
   0.91710  -0.47348   0.06648
   0.92140  -0.48489   0.06562
   0.92560  -0.49611   0.06478
   0.92969  -0.50712   0.06396
   0.93367  -0.51792   0.06315
   0.93754  -0.52849   0.06236
   0.94131  -0.53884   0.06159
   0.94496  -0.54894   0.06084
   0.94851  -0.55880   0.06010
   0.95194  -0.56840   0.05939
   0.95526  -0.57774   0.05869
   0.95847  -0.58681   0.05802
   0.96156  -0.59560   0.05737
   0.96454  -0.60410   0.05673
   0.96740  -0.61231   0.05613
   0.97015  -0.62023   0.05554
   0.97277  -0.62784   0.05498
   0.97528  -0.63514   0.05444
   0.97768  -0.64212   0.05392
   0.97995  -0.64878   0.05343
   0.98210  -0.65511   0.05296
   0.98413  -0.66110   0.05252
   0.98605  -0.66676   0.05210
   0.98784  -0.67208   0.05171
   0.98951  -0.67704   0.05134
   0.99105  -0.68166   0.05100
   0.99248  -0.68592   0.05069
   0.99378  -0.68982   0.05040
   0.99496  -0.69336   0.05014
   0.99602  -0.69654   0.04991
   0.99695  -0.69935   0.04970
   0.99776  -0.70179   0.04952
   0.99844  -0.70385   0.04937
   0.99900  -0.70555   0.04925
   0.99944  -0.70686   0.04915
   0.99975  -0.70781   0.04908
   0.99994  -0.70837   0.04904
   1.00000  -0.70856   0.04902

  BLADE SURFACE COORDINATES GENERATED USING INTYPE = 1

  XUP          YUP       XLOW      YLOW 
   0.00001   0.02451  -0.00001  -0.02451
   0.00007   0.02471   0.00005  -0.02451
   0.00026   0.02519   0.00024  -0.02439
   0.00057   0.02592   0.00055  -0.02412
   0.00101   0.02690   0.00099  -0.02369
   0.00157   0.02811   0.00155  -0.02311
   0.00225   0.02955   0.00223  -0.02235
   0.00306   0.03122   0.00304  -0.02144
   0.00399   0.03310   0.00397  -0.02035
   0.00505   0.03521   0.00503  -0.01909
   0.00623   0.03752   0.00621  -0.01767
   0.00753   0.04004   0.00751  -0.01608
   0.00896   0.04277   0.00894  -0.01432
   0.01050   0.04569   0.01048  -0.01240
   0.01217   0.04881   0.01215  -0.01031
   0.01396   0.05212   0.01394  -0.00806
   0.01588   0.05561   0.01586  -0.00566
   0.01791   0.05928   0.01789  -0.00310
   0.02006   0.06312   0.02004  -0.00039
   0.02233   0.06714   0.02231   0.00247
   0.02473   0.07131   0.02471   0.00548
   0.02724   0.07565   0.02722   0.00863
   0.02986   0.08014   0.02984   0.01191
   0.03261   0.08477   0.03259   0.01533
   0.03547   0.08954   0.03545   0.01887
   0.03845   0.09444   0.03843   0.02254
   0.04154   0.09947   0.04152   0.02633
   0.04475   0.10462   0.04473   0.03023
   0.04807   0.10988   0.04805   0.03423
   0.05150   0.11525   0.05148   0.03834
   0.05505   0.12071   0.05503   0.04255
   0.05870   0.12627   0.05868   0.04684
   0.06247   0.13190   0.06245   0.05122
   0.06634   0.13762   0.06632   0.05567
   0.07032   0.14340   0.07030   0.06020
   0.07441   0.14924   0.07439   0.06478
   0.07861   0.15513   0.07859   0.06943
   0.08291   0.16107   0.08289   0.07413
   0.08731   0.16704   0.08729   0.07887
   0.09182   0.17304   0.09180   0.08364
   0.09643   0.17906   0.09641   0.08845
   0.10114   0.18509   0.10112   0.09328
   0.10595   0.19112   0.10593   0.09812
   0.11086   0.19715   0.11084   0.10297
   0.11586   0.20316   0.11584   0.10782
   0.12096   0.20915   0.12094   0.11266
   0.12616   0.21511   0.12614   0.11748
   0.13145   0.22102   0.13143   0.12228
   0.13683   0.22689   0.13681   0.12705
   0.14230   0.23270   0.14228   0.13178
   0.14785   0.23845   0.14783   0.13647
   0.15350   0.24412   0.15348   0.14110
   0.15924   0.24970   0.15922   0.14566
   0.16505   0.25520   0.16503   0.15016
   0.17096   0.26060   0.17094   0.15458
   0.17694   0.26588   0.17692   0.15892
   0.18300   0.27105   0.18298   0.16316
   0.18915   0.27610   0.18913   0.16730
   0.19537   0.28101   0.19535   0.17133
   0.20167   0.28578   0.20165   0.17525
   0.20804   0.29041   0.20802   0.17904
   0.21448   0.29487   0.21446   0.18271
   0.22100   0.29918   0.22098   0.18624
   0.22758   0.30331   0.22756   0.18962
   0.23423   0.30726   0.23421   0.19285
   0.24095   0.31102   0.24093   0.19592
   0.24773   0.31459   0.24771   0.19883
   0.25458   0.31796   0.25456   0.20157
   0.26149   0.32112   0.26147   0.20412
   0.26846   0.32407   0.26844   0.20650
   0.27548   0.32679   0.27546   0.20868
   0.28256   0.32929   0.28254   0.21066
   0.28969   0.33155   0.28967   0.21244
   0.29688   0.33358   0.29686   0.21402
   0.30412   0.33536   0.30410   0.21538
   0.31141   0.33689   0.31139   0.21652
   0.31874   0.33816   0.31872   0.21744
   0.32612   0.33917   0.32610   0.21812
   0.33354   0.33992   0.33352   0.21858
   0.34100   0.34040   0.34098   0.21879
   0.34851   0.34060   0.34849   0.21876
   0.35605   0.34052   0.35603   0.21849
   0.36363   0.34017   0.36361   0.21796
   0.37124   0.33952   0.37122   0.21718
   0.37888   0.33859   0.37886   0.21615
   0.38655   0.33736   0.38653   0.21485
   0.39425   0.33584   0.39423   0.21329
   0.40198   0.33402   0.40196   0.21146
   0.40973   0.33190   0.40971   0.20937
   0.41751   0.32948   0.41749   0.20700
   0.42530   0.32676   0.42528   0.20436
   0.43312   0.32373   0.43310   0.20145
   0.44095   0.32039   0.44093   0.19827
   0.44879   0.31675   0.44877   0.19480
   0.45665   0.31280   0.45663   0.19106
   0.46452   0.30855   0.46450   0.18705
   0.47240   0.30399   0.47238   0.18275
   0.48028   0.29912   0.48026   0.17818
   0.48817   0.29394   0.48815   0.17333
   0.49606   0.28846   0.49604   0.16820
   0.50396   0.28268   0.50394   0.16280
   0.51185   0.27659   0.51183   0.15712
   0.51974   0.27020   0.51972   0.15117
   0.52762   0.26352   0.52760   0.14495
   0.53550   0.25654   0.53548   0.13847
   0.54337   0.24927   0.54335   0.13171
   0.55123   0.24170   0.55121   0.12469
   0.55907   0.23386   0.55905   0.11741
   0.56690   0.22572   0.56688   0.10987
   0.57472   0.21731   0.57470   0.10207
   0.58251   0.20863   0.58249   0.09402
   0.59029   0.19967   0.59027   0.08573
   0.59804   0.19045   0.59802   0.07719
   0.60577   0.18097   0.60575   0.06842
   0.61347   0.17124   0.61345   0.05941
   0.62114   0.16125   0.62112   0.05017
   0.62878   0.15102   0.62876   0.04071
   0.63639   0.14056   0.63637   0.03102
   0.64397   0.12986   0.64395   0.02113
   0.65151   0.11894   0.65149   0.01103
   0.65902   0.10780   0.65900   0.00073
   0.66648   0.09645   0.66646  -0.00977
   0.67390   0.08490   0.67388  -0.02045
   0.68128   0.07315   0.68126  -0.03131
   0.68861   0.06121   0.68859  -0.04235
   0.69590   0.04910   0.69588  -0.05356
   0.70314   0.03681   0.70312  -0.06492
   0.71033   0.02436   0.71030  -0.07644
   0.71746   0.01175   0.71744  -0.08810
   0.72454  -0.00101   0.72452  -0.09990
   0.73156  -0.01390   0.73154  -0.11182
   0.73853  -0.02692   0.73851  -0.12386
   0.74544  -0.04006   0.74542  -0.13602
   0.75229  -0.05331   0.75227  -0.14828
   0.75907  -0.06666   0.75905  -0.16063
   0.76579  -0.08010   0.76577  -0.17307
   0.77244  -0.09363   0.77242  -0.18558
   0.77902  -0.10722   0.77900  -0.19816
   0.78554  -0.12088   0.78552  -0.21080
   0.79198  -0.13458   0.79196  -0.22349
   0.79835  -0.14833   0.79833  -0.23621
   0.80465  -0.16211   0.80463  -0.24897
   0.81087  -0.17591   0.81085  -0.26175
   0.81702  -0.18972   0.81700  -0.27454
   0.82308  -0.20353   0.82306  -0.28733
   0.82906  -0.21733   0.82904  -0.30011
   0.83497  -0.23111   0.83495  -0.31287
   0.84078  -0.24486   0.84076  -0.32561
   0.84652  -0.25857   0.84650  -0.33830
   0.85217  -0.27222   0.85215  -0.35095
   0.85772  -0.28582   0.85770  -0.36355
   0.86319  -0.29933   0.86317  -0.37607
   0.86857  -0.31277   0.86855  -0.38853
   0.87386  -0.32611   0.87384  -0.40089
   0.87906  -0.33934   0.87904  -0.41316
   0.88416  -0.35246   0.88414  -0.42532
   0.88916  -0.36546   0.88914  -0.43737
   0.89407  -0.37832   0.89405  -0.44929
   0.89888  -0.39103   0.89886  -0.46108
   0.90359  -0.40359   0.90357  -0.47273
   0.90820  -0.41599   0.90818  -0.48423
   0.91271  -0.42821   0.91269  -0.49556
   0.91711  -0.44024   0.91709  -0.50672
   0.92141  -0.45208   0.92139  -0.51771
   0.92561  -0.46372   0.92559  -0.52850
   0.92970  -0.47514   0.92968  -0.53910
   0.93368  -0.48634   0.93366  -0.54949
   0.93755  -0.49731   0.93753  -0.55967
   0.94132  -0.50804   0.94130  -0.56963
   0.94497  -0.51852   0.94495  -0.57936
   0.94852  -0.52875   0.94850  -0.58885
   0.95195  -0.53871   0.95193  -0.59809
   0.95527  -0.54839   0.95525  -0.60708
   0.95848  -0.55780   0.95846  -0.61582
   0.96157  -0.56691   0.96155  -0.62428
   0.96455  -0.57573   0.96453  -0.63247
   0.96741  -0.58425   0.96739  -0.64038
   0.97016  -0.59246   0.97014  -0.64800
   0.97278  -0.60035   0.97276  -0.65533
   0.97529  -0.60792   0.97527  -0.66236
   0.97769  -0.61516   0.97767  -0.66908
   0.97996  -0.62206   0.97994  -0.67549
   0.98211  -0.62863   0.98209  -0.68159
   0.98414  -0.63484   0.98412  -0.68736
   0.98606  -0.64071   0.98604  -0.69281
   0.98785  -0.64622   0.98783  -0.69793
   0.98952  -0.65137   0.98950  -0.70271
   0.99106  -0.65616   0.99104  -0.70716
   0.99249  -0.66058   0.99247  -0.71127
   0.99379  -0.66462   0.99377  -0.71502
   0.99497  -0.66829   0.99495  -0.71843
   0.99603  -0.67159   0.99601  -0.72149
   0.99696  -0.67450   0.99694  -0.72420
   0.99777  -0.67702   0.99775  -0.72655
   0.99845  -0.67917   0.99843  -0.72854
   0.99901  -0.68092   0.99899  -0.73017
   0.99945  -0.68229   0.99943  -0.73144
   0.99976  -0.68327   0.99974  -0.73235
   0.99995  -0.68385   0.99993  -0.73289
   1.00001  -0.68405   0.99999  -0.73307

XIN,   MODIFIED LEADING EDGE THICKNESS     0.00000     0.00000
XIN,   MODIFIED LEADING EDGE THICKNESS     0.00006     0.09652
XIN,   MODIFIED LEADING EDGE THICKNESS     0.00025     0.19214
XIN,   MODIFIED LEADING EDGE THICKNESS     0.00056     0.28594
XIN,   MODIFIED LEADING EDGE THICKNESS     0.00100     0.37704
XIN,   MODIFIED LEADING EDGE THICKNESS     0.00156     0.46457
XIN,   MODIFIED LEADING EDGE THICKNESS     0.00224     0.54766
XIN,   MODIFIED LEADING EDGE THICKNESS     0.00305     0.62551
XIN,   MODIFIED LEADING EDGE THICKNESS     0.00398     0.69735
XIN,   MODIFIED LEADING EDGE THICKNESS     0.00504     0.76246
XIN,   MODIFIED LEADING EDGE THICKNESS     0.00622     0.82022
XIN,   MODIFIED LEADING EDGE THICKNESS     0.00752     0.87008
XIN,   MODIFIED LEADING EDGE THICKNESS     0.00895     0.91166
XIN,   MODIFIED LEADING EDGE THICKNESS     0.01049     0.94477
XIN,   MODIFIED LEADING EDGE THICKNESS     0.01216     0.96944
XIN,   MODIFIED LEADING EDGE THICKNESS     0.01395     0.98609
XIN,   MODIFIED LEADING EDGE THICKNESS     0.01587     0.99557
XIN,   MODIFIED LEADING EDGE THICKNESS     0.01790     0.99942
 XIN,   MODIFIED TRAILING EDGE THICKNESS     0.99105     0.99442
 XIN,   MODIFIED TRAILING EDGE THICKNESS     0.99248     0.96876
 XIN,   MODIFIED TRAILING EDGE THICKNESS     0.99378     0.92571
 XIN,   MODIFIED TRAILING EDGE THICKNESS     0.99496     0.86823
 XIN,   MODIFIED TRAILING EDGE THICKNESS     0.99602     0.79867
 XIN,   MODIFIED TRAILING EDGE THICKNESS     0.99695     0.71900
 XIN,   MODIFIED TRAILING EDGE THICKNESS     0.99776     0.63090
 XIN,   MODIFIED TRAILING EDGE THICKNESS     0.99844     0.53585
 XIN,   MODIFIED TRAILING EDGE THICKNESS     0.99900     0.43519
 XIN,   MODIFIED TRAILING EDGE THICKNESS     0.99944     0.33013
 XIN,   MODIFIED TRAILING EDGE THICKNESS     0.99975     0.22186
 XIN,   MODIFIED TRAILING EDGE THICKNESS     0.99994     0.11144
 XIN,   MODIFIED TRAILING EDGE THICKNESS     1.00000     0.00000

  POINTS NEARLY PERPENDICULAR TO THE CENTRE LINE BEFORE THINNING 
        N        XUPP      YUPP        XLOW        YLOW 
         1    -0.00733     0.00455     0.01363    -0.00846
         2    -0.00729     0.00467     0.01370    -0.00837
         3    -0.00717     0.00501     0.01392    -0.00809
         4    -0.00696     0.00558     0.01429    -0.00763
         5    -0.00666     0.00637     0.01480    -0.00699
         6    -0.00629     0.00739     0.01545    -0.00616
         7    -0.00583     0.00864     0.01626    -0.00516
         8    -0.00529     0.01011     0.01720    -0.00397
         9    -0.00466     0.01181     0.01828    -0.00260
        10    -0.00396     0.01373     0.01951    -0.00106
        11    -0.00317     0.01586     0.02088     0.00066
        12    -0.00231     0.01822     0.02238     0.00255
        13    -0.00136     0.02079     0.02402     0.00462
        14    -0.00033     0.02358     0.02580     0.00685
        15     0.00084     0.02652     0.02771     0.00925
        16     0.00227     0.02958     0.02976     0.01180
        17     0.00384     0.03279     0.03194     0.01451
        18     0.00554     0.03617     0.03425     0.01738
        19     0.00737     0.03971     0.03669     0.02040
        20     0.00931     0.04344     0.03927     0.02357
        21     0.01137     0.04731     0.04197     0.02687
        22     0.01355     0.05134     0.04479     0.03031
        23     0.01584     0.05552     0.04775     0.03386
        24     0.01825     0.05988     0.05083     0.03755
        25     0.02077     0.06436     0.05403     0.04136
        26     0.02340     0.06899     0.05736     0.04528
        27     0.02614     0.07375     0.06081     0.04930
        28     0.02899     0.07863     0.06437     0.05342
        29     0.03195     0.08364     0.06806     0.05764
        30     0.03503     0.08877     0.07186     0.06194
        31     0.03821     0.09402     0.07578     0.06632
        32     0.04150     0.09937     0.07982     0.07077
        33     0.04489     0.10485     0.08396     0.07528
        34     0.04840     0.11040     0.08822     0.07985
        35     0.05202     0.11604     0.09258     0.08446
        36     0.05574     0.12176     0.09706     0.08911
        37     0.05956     0.12755     0.10164     0.09380
        38     0.06350     0.13342     0.10632     0.09850
        39     0.06753     0.13935     0.11110     0.10322
        40     0.07168     0.14533     0.11598     0.10795
        41     0.07593     0.15136     0.12096     0.11267
        42     0.08028     0.15744     0.12603     0.11733
        43     0.08474     0.16355     0.13119     0.12202
        44     0.08931     0.16969     0.13644     0.12668
        45     0.09398     0.17585     0.14177     0.13130
        46     0.09876     0.18203     0.14718     0.13587
        47     0.10365     0.18822     0.15267     0.14039
        48     0.10864     0.19441     0.15824     0.14484
        49     0.11374     0.20059     0.16387     0.14922
        50     0.11895     0.20676     0.16956     0.15351
        51     0.12427     0.21291     0.17532     0.15772
        52     0.12970     0.21904     0.18113     0.16182
        53     0.13525     0.22513     0.18699     0.16582
        54     0.14091     0.23119     0.19289     0.16971
        55     0.14669     0.23719     0.19883     0.17347
        56     0.15259     0.24314     0.20480     0.17711
        57     0.15862     0.24903     0.21079     0.18061
        58     0.16477     0.25485     0.21680     0.18397
        59     0.17105     0.26068     0.22283     0.18718
        60     0.17747     0.26633     0.22885     0.19024
        61     0.18402     0.27189     0.23488     0.19315
        62     0.19072     0.27734     0.24089     0.19581
        63     0.19757     0.28267     0.24689     0.19840
        64     0.20457     0.28787     0.25287     0.20083
        65     0.21172     0.29293     0.25882     0.20310
        66     0.21904     0.29783     0.26473     0.20521
        67     0.22652     0.30256     0.27060     0.20716
        68     0.23417     0.30711     0.27642     0.20894
        69     0.24200     0.31157     0.28219     0.21047
        70     0.25001     0.31570     0.28792     0.21194
        71     0.25819     0.31958     0.29360     0.21327
        72     0.26656     0.32320     0.29921     0.21445
        73     0.27509     0.32653     0.30478     0.21548
        74     0.28381     0.32968     0.31030     0.21627
        75     0.29270     0.33238     0.31578     0.21703
        76     0.30174     0.33471     0.32122     0.21765
        77     0.31092     0.33667     0.32662     0.21815
        78     0.32025     0.33836     0.33201     0.21841
        79     0.32969     0.33950     0.33739     0.21866
        80     0.33923     0.34021     0.34276     0.21878
        81     0.34885     0.34060     0.34815     0.21865
        82     0.35852     0.34039     0.35356     0.21852
        83     0.36822     0.33972     0.35900     0.21826
        84     0.37794     0.33859     0.36450     0.21787
        85     0.38764     0.33714     0.37006     0.21721
        86     0.39730     0.33510     0.37569     0.21653
        87     0.40691     0.33261     0.38142     0.21570
        88     0.41646     0.32970     0.38724     0.21471
        89     0.42592     0.32652     0.39317     0.21341
        90     0.43528     0.32280     0.39921     0.21206
        91     0.44454     0.31870     0.40538     0.21051
        92     0.45370     0.31423     0.41167     0.20876
        93     0.46274     0.30942     0.41811     0.20679
        94     0.47168     0.30428     0.42467     0.20446
        95     0.48051     0.29897     0.43135     0.20202
        96     0.48921     0.29321     0.43818     0.19933
        97     0.49782     0.28717     0.44513     0.19637
        98     0.50632     0.28084     0.45221     0.19314
        99     0.51472     0.27425     0.45941     0.18963
       100     0.52303     0.26739     0.46672     0.18582
       101     0.53125     0.26027     0.47414     0.18172
       102     0.53939     0.25291     0.48165     0.17732
       103     0.54745     0.24530     0.48926     0.17260
       104     0.55544     0.23745     0.49695     0.16758
       105     0.56335     0.22937     0.50471     0.16225
       106     0.57120     0.22105     0.51253     0.15660
       107     0.57899     0.21251     0.52041     0.15063
       108     0.58672     0.20374     0.52833     0.14435
       109     0.59440     0.19475     0.53630     0.13776
       110     0.60202     0.18554     0.54429     0.13086
       111     0.60959     0.17611     0.55231     0.12366
       112     0.61711     0.16647     0.56035     0.11615
       113     0.62458     0.15662     0.56840     0.10835
       114     0.63201     0.14656     0.57645     0.10025
       115     0.63939     0.13630     0.58451     0.09187
       116     0.64673     0.12584     0.59255     0.08320
       117     0.65403     0.11519     0.60058     0.07426
       118     0.66128     0.10434     0.60860     0.06506
       119     0.66849     0.09331     0.61660     0.05559
       120     0.67566     0.08209     0.62457     0.04587
       121     0.68278     0.07070     0.63251     0.03591
       122     0.68986     0.05914     0.64042     0.02571
       123     0.69690     0.04740     0.64829     0.01528
       124     0.70388     0.03551     0.65612     0.00464
       125     0.71083     0.02347     0.66390    -0.00622
       126     0.71772     0.01127     0.67164    -0.01728
       127     0.72457    -0.00107     0.67933    -0.02854
       128     0.73137    -0.01365     0.68697    -0.03998
       129     0.73812    -0.02625     0.69455    -0.05159
       130     0.74481    -0.03896     0.70207    -0.06337
       131     0.75145    -0.05179     0.70954    -0.07530
       132     0.75804    -0.06472     0.71694    -0.08738
       133     0.76457    -0.07775     0.72428    -0.09960
       134     0.77105    -0.09087     0.73155    -0.11183
       135     0.77747    -0.10407     0.73875    -0.12428
       136     0.78383    -0.11734     0.74588    -0.13684
       137     0.79013    -0.13068     0.75293    -0.14949
       138     0.79636    -0.14408     0.75991    -0.16223
       139     0.80253    -0.15752     0.76682    -0.17504
       140     0.80864    -0.17100     0.77364    -0.18792
       141     0.81468    -0.18450     0.78039    -0.20086
       142     0.82065    -0.19803     0.78706    -0.21383
       143     0.82655    -0.21156     0.79364    -0.22684
       144     0.83238    -0.22510     0.80014    -0.23988
       145     0.83814    -0.23863     0.80655    -0.25292
       146     0.84382    -0.25214     0.81288    -0.26597
       147     0.84942    -0.26562     0.81911    -0.27901
       148     0.85495    -0.27906     0.82525    -0.29202
       149     0.86040    -0.29245     0.83131    -0.30501
       150     0.86577    -0.30579     0.83727    -0.31796
       151     0.87106    -0.31906     0.84313    -0.33085
       152     0.87627    -0.33225     0.84890    -0.34369
       153     0.88139    -0.34536     0.85457    -0.35645
       154     0.88642    -0.35836     0.86014    -0.36913
       155     0.89137    -0.37127     0.86561    -0.38171
       156     0.89623    -0.38405     0.87097    -0.39420
       157     0.90100    -0.39671     0.87624    -0.40656
       158     0.90568    -0.40924     0.88140    -0.41881
       159     0.91027    -0.42161     0.88646    -0.43092
       160     0.91476    -0.43384     0.89141    -0.44289
       161     0.91916    -0.44590     0.89625    -0.45471
       162     0.92347    -0.45779     0.90099    -0.46636
       163     0.92767    -0.46949     0.90561    -0.47784
       164     0.93178    -0.48101     0.91013    -0.48914
       165     0.93579    -0.49232     0.91453    -0.50024
       166     0.93970    -0.50343     0.91882    -0.51115
       167     0.94350    -0.51431     0.92300    -0.52185
       168     0.94721    -0.52497     0.92706    -0.53232
       169     0.95081    -0.53540     0.93101    -0.54258
       170     0.95431    -0.54558     0.93484    -0.55259
       171     0.95770    -0.55552     0.93855    -0.56237
       172     0.96098    -0.56519     0.94215    -0.57189
       173     0.96416    -0.57460     0.94563    -0.58116
       174     0.96723    -0.58373     0.94898    -0.59015
       175     0.97019    -0.59257     0.95222    -0.59887
       176     0.97304    -0.60113     0.95534    -0.60732
       177     0.97578    -0.60940     0.95833    -0.61549
       178     0.97841    -0.61737     0.96120    -0.62334
       179     0.98093    -0.62503     0.96395    -0.63089
       180     0.98334    -0.63238     0.96658    -0.63814
       181     0.98563    -0.63940     0.96908    -0.64507
       182     0.98781    -0.64611     0.97145    -0.65168
       183     0.98987    -0.65247     0.97370    -0.65796
       184     0.99182    -0.65850     0.97583    -0.66391
       185     0.99365    -0.66420     0.97783    -0.66953
       186     0.99537    -0.66954     0.97970    -0.67482
       187     0.99697    -0.67454     0.98144    -0.67976
       188     0.99846    -0.67918     0.98306    -0.68434
       189     0.99982    -0.68347     0.98455    -0.68857
       190     1.00108    -0.68739     0.98591    -0.69246
       191     1.00221    -0.69095     0.98714    -0.69597
       192     1.00323    -0.69414     0.98824    -0.69912
       193     1.00413    -0.69697     0.98922    -0.70192
       194     1.00491    -0.69942     0.99006    -0.70434
       195     1.00557    -0.70149     0.99078    -0.70639
       196     1.00611    -0.70319     0.99136    -0.70807
       197     1.00653    -0.70452     0.99182    -0.70938
       198     1.00683    -0.70547     0.99214    -0.71032
       199     1.00702    -0.70603     0.99234    -0.71089
       200     1.00708    -0.70622     0.99240    -0.71107
  COORDINATES GOING ROUND THE BLADE AFTER ANY ROTATION
     N        XSURF        YSURF 
         1     0.00264    -0.00164
         2     0.00219    -0.00122
         3     0.00135    -0.00028
         4     0.00063     0.00086
         5     0.00002     0.00221
         6    -0.00047     0.00377
         7    -0.00083     0.00552
         8    -0.00108     0.00748
         9    -0.00119     0.00963
        10    -0.00117     0.01197
        11    -0.00101     0.01450
        12    -0.00070     0.01720
        13    -0.00024     0.02008
        14     0.00039     0.02312
        15     0.00125     0.02626
        16     0.00246     0.02946
        17     0.00390     0.03274
        18     0.00555     0.03617
        19     0.00737     0.03971
        20     0.00931     0.04344
        21     0.01137     0.04731
        22     0.01355     0.05134
        23     0.01584     0.05552
        24     0.01825     0.05988
        25     0.02077     0.06436
        26     0.02340     0.06899
        27     0.02614     0.07375
        28     0.02899     0.07863
        29     0.03195     0.08364
        30     0.03503     0.08877
        31     0.03821     0.09402
        32     0.04150     0.09937
        33     0.04489     0.10485
        34     0.04840     0.11040
        35     0.05202     0.11604
        36     0.05574     0.12176
        37     0.05956     0.12755
        38     0.06350     0.13342
        39     0.06753     0.13935
        40     0.07168     0.14533
        41     0.07593     0.15136
        42     0.08028     0.15744
        43     0.08474     0.16355
        44     0.08931     0.16969
        45     0.09398     0.17585
        46     0.09876     0.18203
        47     0.10365     0.18822
        48     0.10864     0.19441
        49     0.11374     0.20059
        50     0.11895     0.20676
        51     0.12427     0.21291
        52     0.12970     0.21904
        53     0.13525     0.22513
        54     0.14091     0.23119
        55     0.14669     0.23719
        56     0.15259     0.24314
        57     0.15862     0.24903
        58     0.16477     0.25485
        59     0.17105     0.26068
        60     0.17747     0.26633
        61     0.18402     0.27189
        62     0.19072     0.27734
        63     0.19757     0.28267
        64     0.20457     0.28787
        65     0.21172     0.29293
        66     0.21904     0.29783
        67     0.22652     0.30256
        68     0.23417     0.30711
        69     0.24200     0.31157
        70     0.25001     0.31570
        71     0.25819     0.31958
        72     0.26656     0.32320
        73     0.27509     0.32653
        74     0.28381     0.32968
        75     0.29270     0.33238
        76     0.30174     0.33471
        77     0.31092     0.33667
        78     0.32025     0.33836
        79     0.32969     0.33950
        80     0.33923     0.34021
        81     0.34885     0.34060
        82     0.35852     0.34039
        83     0.36822     0.33972
        84     0.37794     0.33859
        85     0.38764     0.33714
        86     0.39730     0.33510
        87     0.40691     0.33261
        88     0.41646     0.32970
        89     0.42592     0.32652
        90     0.43528     0.32280
        91     0.44454     0.31870
        92     0.45370     0.31423
        93     0.46274     0.30942
        94     0.47168     0.30428
        95     0.48051     0.29897
        96     0.48921     0.29321
        97     0.49782     0.28717
        98     0.50632     0.28084
        99     0.51472     0.27425
       100     0.52303     0.26739
       101     0.53125     0.26027
       102     0.53939     0.25291
       103     0.54745     0.24530
       104     0.55544     0.23745
       105     0.56335     0.22937
       106     0.57120     0.22105
       107     0.57899     0.21251
       108     0.58672     0.20374
       109     0.59440     0.19475
       110     0.60202     0.18554
       111     0.60959     0.17611
       112     0.61711     0.16647
       113     0.62458     0.15662
       114     0.63201     0.14656
       115     0.63939     0.13630
       116     0.64673     0.12584
       117     0.65403     0.11519
       118     0.66128     0.10434
       119     0.66849     0.09331
       120     0.67566     0.08209
       121     0.68278     0.07070
       122     0.68986     0.05914
       123     0.69690     0.04740
       124     0.70388     0.03551
       125     0.71083     0.02347
       126     0.71772     0.01127
       127     0.72457    -0.00107
       128     0.73137    -0.01365
       129     0.73812    -0.02625
       130     0.74481    -0.03896
       131     0.75145    -0.05179
       132     0.75804    -0.06472
       133     0.76457    -0.07775
       134     0.77105    -0.09087
       135     0.77747    -0.10407
       136     0.78383    -0.11734
       137     0.79013    -0.13068
       138     0.79636    -0.14408
       139     0.80253    -0.15752
       140     0.80864    -0.17100
       141     0.81468    -0.18450
       142     0.82065    -0.19803
       143     0.82655    -0.21156
       144     0.83238    -0.22510
       145     0.83814    -0.23863
       146     0.84382    -0.25214
       147     0.84942    -0.26562
       148     0.85495    -0.27906
       149     0.86040    -0.29245
       150     0.86577    -0.30579
       151     0.87106    -0.31906
       152     0.87627    -0.33225
       153     0.88139    -0.34536
       154     0.88642    -0.35836
       155     0.89137    -0.37127
       156     0.89623    -0.38405
       157     0.90100    -0.39671
       158     0.90568    -0.40924
       159     0.91027    -0.42161
       160     0.91476    -0.43384
       161     0.91916    -0.44590
       162     0.92347    -0.45779
       163     0.92767    -0.46949
       164     0.93178    -0.48101
       165     0.93579    -0.49232
       166     0.93970    -0.50343
       167     0.94350    -0.51431
       168     0.94721    -0.52497
       169     0.95081    -0.53540
       170     0.95431    -0.54558
       171     0.95770    -0.55552
       172     0.96098    -0.56519
       173     0.96416    -0.57460
       174     0.96723    -0.58373
       175     0.97019    -0.59257
       176     0.97304    -0.60113
       177     0.97578    -0.60940
       178     0.97841    -0.61737
       179     0.98093    -0.62503
       180     0.98334    -0.63238
       181     0.98563    -0.63940
       182     0.98781    -0.64611
       183     0.98987    -0.65247
       184     0.99182    -0.65850
       185     0.99365    -0.66420
       186     0.99537    -0.66954
       187     0.99697    -0.67454
       188     0.99841    -0.67920
       189     0.99959    -0.68355
       190     1.00051    -0.68758
       191     1.00122    -0.69128
       192     1.00172    -0.69464
       193     1.00203    -0.69766
       194     1.00217    -0.70032
       195     1.00214    -0.70263
       196     1.00195    -0.70457
       197     1.00160    -0.70615
       198     1.00112    -0.70736
       199     1.00049    -0.70819
       200     1.00015    -0.70851
       201     0.99933    -0.70878
       202     0.99886    -0.70873
       203     0.99786    -0.70843
       204     0.99675    -0.70775
       205     0.99553    -0.70670
       206     0.99421    -0.70526
       207     0.99280    -0.70343
       208     0.99131    -0.70122
       209     0.98975    -0.69862
       210     0.98813    -0.69564
       211     0.98647    -0.69227
       212     0.98479    -0.68849
       213     0.98310    -0.68432
       214     0.98144    -0.67976
       215     0.97970    -0.67482
       216     0.97783    -0.66953
       217     0.97583    -0.66391
       218     0.97370    -0.65796
       219     0.97145    -0.65168
       220     0.96908    -0.64507
       221     0.96658    -0.63814
       222     0.96395    -0.63089
       223     0.96120    -0.62334
       224     0.95833    -0.61549
       225     0.95534    -0.60732
       226     0.95222    -0.59887
       227     0.94898    -0.59015
       228     0.94563    -0.58116
       229     0.94215    -0.57189
       230     0.93855    -0.56237
       231     0.93484    -0.55259
       232     0.93101    -0.54258
       233     0.92706    -0.53232
       234     0.92300    -0.52185
       235     0.91882    -0.51115
       236     0.91453    -0.50024
       237     0.91013    -0.48914
       238     0.90561    -0.47784
       239     0.90099    -0.46636
       240     0.89625    -0.45471
       241     0.89141    -0.44289
       242     0.88646    -0.43092
       243     0.88140    -0.41881
       244     0.87624    -0.40656
       245     0.87097    -0.39420
       246     0.86561    -0.38171
       247     0.86014    -0.36913
       248     0.85457    -0.35645
       249     0.84890    -0.34369
       250     0.84313    -0.33085
       251     0.83727    -0.31796
       252     0.83131    -0.30501
       253     0.82525    -0.29202
       254     0.81911    -0.27901
       255     0.81288    -0.26597
       256     0.80655    -0.25292
       257     0.80014    -0.23988
       258     0.79364    -0.22684
       259     0.78706    -0.21383
       260     0.78039    -0.20086
       261     0.77364    -0.18792
       262     0.76682    -0.17504
       263     0.75991    -0.16223
       264     0.75293    -0.14949
       265     0.74588    -0.13684
       266     0.73875    -0.12428
       267     0.73155    -0.11183
       268     0.72428    -0.09960
       269     0.71694    -0.08738
       270     0.70954    -0.07530
       271     0.70207    -0.06337
       272     0.69455    -0.05159
       273     0.68697    -0.03998
       274     0.67933    -0.02854
       275     0.67164    -0.01728
       276     0.66390    -0.00622
       277     0.65612     0.00464
       278     0.64829     0.01528
       279     0.64042     0.02571
       280     0.63251     0.03591
       281     0.62457     0.04587
       282     0.61660     0.05559
       283     0.60860     0.06506
       284     0.60058     0.07426
       285     0.59255     0.08320
       286     0.58451     0.09187
       287     0.57645     0.10025
       288     0.56840     0.10835
       289     0.56035     0.11615
       290     0.55231     0.12366
       291     0.54429     0.13086
       292     0.53630     0.13776
       293     0.52833     0.14435
       294     0.52041     0.15063
       295     0.51253     0.15660
       296     0.50471     0.16225
       297     0.49695     0.16758
       298     0.48926     0.17260
       299     0.48165     0.17732
       300     0.47414     0.18172
       301     0.46672     0.18582
       302     0.45941     0.18963
       303     0.45221     0.19314
       304     0.44513     0.19637
       305     0.43818     0.19933
       306     0.43135     0.20202
       307     0.42467     0.20446
       308     0.41811     0.20679
       309     0.41167     0.20876
       310     0.40538     0.21051
       311     0.39921     0.21206
       312     0.39317     0.21341
       313     0.38724     0.21471
       314     0.38142     0.21570
       315     0.37569     0.21653
       316     0.37006     0.21721
       317     0.36450     0.21787
       318     0.35900     0.21826
       319     0.35356     0.21852
       320     0.34815     0.21865
       321     0.34276     0.21878
       322     0.33739     0.21866
       323     0.33201     0.21841
       324     0.32662     0.21815
       325     0.32122     0.21765
       326     0.31578     0.21703
       327     0.31030     0.21627
       328     0.30478     0.21548
       329     0.29921     0.21445
       330     0.29360     0.21327
       331     0.28792     0.21194
       332     0.28219     0.21047
       333     0.27642     0.20894
       334     0.27060     0.20716
       335     0.26473     0.20521
       336     0.25882     0.20310
       337     0.25287     0.20083
       338     0.24689     0.19840
       339     0.24089     0.19581
       340     0.23488     0.19315
       341     0.22885     0.19024
       342     0.22283     0.18718
       343     0.21680     0.18397
       344     0.21079     0.18061
       345     0.20480     0.17711
       346     0.19883     0.17347
       347     0.19289     0.16971
       348     0.18699     0.16582
       349     0.18113     0.16182
       350     0.17532     0.15772
       351     0.16956     0.15351
       352     0.16387     0.14922
       353     0.15824     0.14484
       354     0.15267     0.14039
       355     0.14718     0.13587
       356     0.14177     0.13130
       357     0.13644     0.12668
       358     0.13119     0.12202
       359     0.12603     0.11733
       360     0.12096     0.11267
       361     0.11598     0.10795
       362     0.11110     0.10322
       363     0.10632     0.09850
       364     0.10164     0.09380
       365     0.09706     0.08911
       366     0.09258     0.08446
       367     0.08822     0.07985
       368     0.08396     0.07528
       369     0.07982     0.07077
       370     0.07578     0.06632
       371     0.07186     0.06194
       372     0.06806     0.05764
       373     0.06437     0.05342
       374     0.06081     0.04930
       375     0.05736     0.04528
       376     0.05403     0.04136
       377     0.05083     0.03755
       378     0.04775     0.03386
       379     0.04479     0.03031
       380     0.04197     0.02687
       381     0.03927     0.02357
       382     0.03669     0.02040
       383     0.03424     0.01739
       384     0.03188     0.01455
       385     0.02957     0.01192
       386     0.02730     0.00951
       387     0.02508     0.00731
       388     0.02290     0.00533
       389     0.02078     0.00357
       390     0.01871     0.00203
       391     0.01672     0.00070
       392     0.01481    -0.00042
       393     0.01299    -0.00133
       394     0.01126    -0.00204
       395     0.00963    -0.00253
       396     0.00811    -0.00283
       397     0.00670    -0.00292
       398     0.00540    -0.00280
       399     0.00422    -0.00248
       400     0.00365    -0.00227
  LEADING EDGE POINT =            9  TE POINT =         194

  NO OF SUCT S POINTS         186  NO PRESS S POINTS         216
  XMIN,XMAX, XCHORD    -1.19201106E-03   1.00216687       1.00335884    

   SUCTION SURFACE POINTS FROM LE TO TE.
         1    -0.00119     0.00963
         2    -0.00117     0.01197
         3    -0.00101     0.01450
         4    -0.00070     0.01720
         5    -0.00024     0.02008
         6     0.00039     0.02312
         7     0.00125     0.02626
         8     0.00246     0.02946
         9     0.00390     0.03274
        10     0.00555     0.03617
        11     0.00737     0.03971
        12     0.00931     0.04344
        13     0.01137     0.04731
        14     0.01355     0.05134
        15     0.01584     0.05552
        16     0.01825     0.05988
        17     0.02077     0.06436
        18     0.02340     0.06899
        19     0.02614     0.07375
        20     0.02899     0.07863
        21     0.03195     0.08364
        22     0.03503     0.08877
        23     0.03821     0.09402
        24     0.04150     0.09937
        25     0.04489     0.10485
        26     0.04840     0.11040
        27     0.05202     0.11604
        28     0.05574     0.12176
        29     0.05956     0.12755
        30     0.06350     0.13342
        31     0.06753     0.13935
        32     0.07168     0.14533
        33     0.07593     0.15136
        34     0.08028     0.15744
        35     0.08474     0.16355
        36     0.08931     0.16969
        37     0.09398     0.17585
        38     0.09876     0.18203
        39     0.10365     0.18822
        40     0.10864     0.19441
        41     0.11374     0.20059
        42     0.11895     0.20676
        43     0.12427     0.21291
        44     0.12970     0.21904
        45     0.13525     0.22513
        46     0.14091     0.23119
        47     0.14669     0.23719
        48     0.15259     0.24314
        49     0.15862     0.24903
        50     0.16477     0.25485
        51     0.17105     0.26068
        52     0.17747     0.26633
        53     0.18402     0.27189
        54     0.19072     0.27734
        55     0.19757     0.28267
        56     0.20457     0.28787
        57     0.21172     0.29293
        58     0.21904     0.29783
        59     0.22652     0.30256
        60     0.23417     0.30711
        61     0.24200     0.31157
        62     0.25001     0.31570
        63     0.25819     0.31958
        64     0.26656     0.32320
        65     0.27509     0.32653
        66     0.28381     0.32968
        67     0.29270     0.33238
        68     0.30174     0.33471
        69     0.31092     0.33667
        70     0.32025     0.33836
        71     0.32969     0.33950
        72     0.33923     0.34021
        73     0.34885     0.34060
        74     0.35852     0.34039
        75     0.36822     0.33972
        76     0.37794     0.33859
        77     0.38764     0.33714
        78     0.39730     0.33510
        79     0.40691     0.33261
        80     0.41646     0.32970
        81     0.42592     0.32652
        82     0.43528     0.32280
        83     0.44454     0.31870
        84     0.45370     0.31423
        85     0.46274     0.30942
        86     0.47168     0.30428
        87     0.48051     0.29897
        88     0.48921     0.29321
        89     0.49782     0.28717
        90     0.50632     0.28084
        91     0.51472     0.27425
        92     0.52303     0.26739
        93     0.53125     0.26027
        94     0.53939     0.25291
        95     0.54745     0.24530
        96     0.55544     0.23745
        97     0.56335     0.22937
        98     0.57120     0.22105
        99     0.57899     0.21251
       100     0.58672     0.20374
       101     0.59440     0.19475
       102     0.60202     0.18554
       103     0.60959     0.17611
       104     0.61711     0.16647
       105     0.62458     0.15662
       106     0.63201     0.14656
       107     0.63939     0.13630
       108     0.64673     0.12584
       109     0.65403     0.11519
       110     0.66128     0.10434
       111     0.66849     0.09331
       112     0.67566     0.08209
       113     0.68278     0.07070
       114     0.68986     0.05914
       115     0.69690     0.04740
       116     0.70388     0.03551
       117     0.71083     0.02347
       118     0.71772     0.01127
       119     0.72457    -0.00107
       120     0.73137    -0.01365
       121     0.73812    -0.02625
       122     0.74481    -0.03896
       123     0.75145    -0.05179
       124     0.75804    -0.06472
       125     0.76457    -0.07775
       126     0.77105    -0.09087
       127     0.77747    -0.10407
       128     0.78383    -0.11734
       129     0.79013    -0.13068
       130     0.79636    -0.14408
       131     0.80253    -0.15752
       132     0.80864    -0.17100
       133     0.81468    -0.18450
       134     0.82065    -0.19803
       135     0.82655    -0.21156
       136     0.83238    -0.22510
       137     0.83814    -0.23863
       138     0.84382    -0.25214
       139     0.84942    -0.26562
       140     0.85495    -0.27906
       141     0.86040    -0.29245
       142     0.86577    -0.30579
       143     0.87106    -0.31906
       144     0.87627    -0.33225
       145     0.88139    -0.34536
       146     0.88642    -0.35836
       147     0.89137    -0.37127
       148     0.89623    -0.38405
       149     0.90100    -0.39671
       150     0.90568    -0.40924
       151     0.91027    -0.42161
       152     0.91476    -0.43384
       153     0.91916    -0.44590
       154     0.92347    -0.45779
       155     0.92767    -0.46949
       156     0.93178    -0.48101
       157     0.93579    -0.49232
       158     0.93970    -0.50343
       159     0.94350    -0.51431
       160     0.94721    -0.52497
       161     0.95081    -0.53540
       162     0.95431    -0.54558
       163     0.95770    -0.55552
       164     0.96098    -0.56519
       165     0.96416    -0.57460
       166     0.96723    -0.58373
       167     0.97019    -0.59257
       168     0.97304    -0.60113
       169     0.97578    -0.60940
       170     0.97841    -0.61737
       171     0.98093    -0.62503
       172     0.98334    -0.63238
       173     0.98563    -0.63940
       174     0.98781    -0.64611
       175     0.98987    -0.65247
       176     0.99182    -0.65850
       177     0.99365    -0.66420
       178     0.99537    -0.66954
       179     0.99697    -0.67454
       180     0.99841    -0.67920
       181     0.99959    -0.68355
       182     1.00051    -0.68758
       183     1.00122    -0.69128
       184     1.00172    -0.69464
       185     1.00203    -0.69766
       186     1.00217    -0.70032

   PRESSURE SURFACE POINTS FROM LE TO TE.
         1    -0.00119     0.00963
         2    -0.00108     0.00748
         3    -0.00083     0.00552
         4    -0.00047     0.00377
         5     0.00002     0.00221
         6     0.00063     0.00086
         7     0.00135    -0.00028
         8     0.00219    -0.00122
         9     0.00264    -0.00164
        10     0.00365    -0.00227
        11     0.00422    -0.00248
        12     0.00540    -0.00280
        13     0.00670    -0.00292
        14     0.00811    -0.00283
        15     0.00963    -0.00253
        16     0.01126    -0.00204
        17     0.01299    -0.00133
        18     0.01481    -0.00042
        19     0.01672     0.00070
        20     0.01871     0.00203
        21     0.02078     0.00357
        22     0.02290     0.00533
        23     0.02508     0.00731
        24     0.02730     0.00951
        25     0.02957     0.01192
        26     0.03188     0.01455
        27     0.03424     0.01739
        28     0.03669     0.02040
        29     0.03927     0.02357
        30     0.04197     0.02687
        31     0.04479     0.03031
        32     0.04775     0.03386
        33     0.05083     0.03755
        34     0.05403     0.04136
        35     0.05736     0.04528
        36     0.06081     0.04930
        37     0.06437     0.05342
        38     0.06806     0.05764
        39     0.07186     0.06194
        40     0.07578     0.06632
        41     0.07982     0.07077
        42     0.08396     0.07528
        43     0.08822     0.07985
        44     0.09258     0.08446
        45     0.09706     0.08911
        46     0.10164     0.09380
        47     0.10632     0.09850
        48     0.11110     0.10322
        49     0.11598     0.10795
        50     0.12096     0.11267
        51     0.12603     0.11733
        52     0.13119     0.12202
        53     0.13644     0.12668
        54     0.14177     0.13130
        55     0.14718     0.13587
        56     0.15267     0.14039
        57     0.15824     0.14484
        58     0.16387     0.14922
        59     0.16956     0.15351
        60     0.17532     0.15772
        61     0.18113     0.16182
        62     0.18699     0.16582
        63     0.19289     0.16971
        64     0.19883     0.17347
        65     0.20480     0.17711
        66     0.21079     0.18061
        67     0.21680     0.18397
        68     0.22283     0.18718
        69     0.22885     0.19024
        70     0.23488     0.19315
        71     0.24089     0.19581
        72     0.24689     0.19840
        73     0.25287     0.20083
        74     0.25882     0.20310
        75     0.26473     0.20521
        76     0.27060     0.20716
        77     0.27642     0.20894
        78     0.28219     0.21047
        79     0.28792     0.21194
        80     0.29360     0.21327
        81     0.29921     0.21445
        82     0.30478     0.21548
        83     0.31030     0.21627
        84     0.31578     0.21703
        85     0.32122     0.21765
        86     0.32662     0.21815
        87     0.33201     0.21841
        88     0.33739     0.21866
        89     0.34276     0.21878
        90     0.34815     0.21865
        91     0.35356     0.21852
        92     0.35900     0.21826
        93     0.36450     0.21787
        94     0.37006     0.21721
        95     0.37569     0.21653
        96     0.38142     0.21570
        97     0.38724     0.21471
        98     0.39317     0.21341
        99     0.39921     0.21206
       100     0.40538     0.21051
       101     0.41167     0.20876
       102     0.41811     0.20679
       103     0.42467     0.20446
       104     0.43135     0.20202
       105     0.43818     0.19933
       106     0.44513     0.19637
       107     0.45221     0.19314
       108     0.45941     0.18963
       109     0.46672     0.18582
       110     0.47414     0.18172
       111     0.48165     0.17732
       112     0.48926     0.17260
       113     0.49695     0.16758
       114     0.50471     0.16225
       115     0.51253     0.15660
       116     0.52041     0.15063
       117     0.52833     0.14435
       118     0.53630     0.13776
       119     0.54429     0.13086
       120     0.55231     0.12366
       121     0.56035     0.11615
       122     0.56840     0.10835
       123     0.57645     0.10025
       124     0.58451     0.09187
       125     0.59255     0.08320
       126     0.60058     0.07426
       127     0.60860     0.06506
       128     0.61660     0.05559
       129     0.62457     0.04587
       130     0.63251     0.03591
       131     0.64042     0.02571
       132     0.64829     0.01528
       133     0.65612     0.00464
       134     0.66390    -0.00622
       135     0.67164    -0.01728
       136     0.67933    -0.02854
       137     0.68697    -0.03998
       138     0.69455    -0.05159
       139     0.70207    -0.06337
       140     0.70954    -0.07530
       141     0.71694    -0.08738
       142     0.72428    -0.09960
       143     0.73155    -0.11183
       144     0.73875    -0.12428
       145     0.74588    -0.13684
       146     0.75293    -0.14949
       147     0.75991    -0.16223
       148     0.76682    -0.17504
       149     0.77364    -0.18792
       150     0.78039    -0.20086
       151     0.78706    -0.21383
       152     0.79364    -0.22684
       153     0.80014    -0.23988
       154     0.80655    -0.25292
       155     0.81288    -0.26597
       156     0.81911    -0.27901
       157     0.82525    -0.29202
       158     0.83131    -0.30501
       159     0.83727    -0.31796
       160     0.84313    -0.33085
       161     0.84890    -0.34369
       162     0.85457    -0.35645
       163     0.86014    -0.36913
       164     0.86561    -0.38171
       165     0.87097    -0.39420
       166     0.87624    -0.40656
       167     0.88140    -0.41881
       168     0.88646    -0.43092
       169     0.89141    -0.44289
       170     0.89625    -0.45471
       171     0.90099    -0.46636
       172     0.90561    -0.47784
       173     0.91013    -0.48914
       174     0.91453    -0.50024
       175     0.91882    -0.51115
       176     0.92300    -0.52185
       177     0.92706    -0.53232
       178     0.93101    -0.54258
       179     0.93484    -0.55259
       180     0.93855    -0.56237
       181     0.94215    -0.57189
       182     0.94563    -0.58116
       183     0.94898    -0.59015
       184     0.95222    -0.59887
       185     0.95534    -0.60732
       186     0.95833    -0.61549
       187     0.96120    -0.62334
       188     0.96395    -0.63089
       189     0.96658    -0.63814
       190     0.96908    -0.64507
       191     0.97145    -0.65168
       192     0.97370    -0.65796
       193     0.97583    -0.66391
       194     0.97783    -0.66953
       195     0.97970    -0.67482
       196     0.98144    -0.67976
       197     0.98310    -0.68432
       198     0.98479    -0.68849
       199     0.98647    -0.69227
       200     0.98813    -0.69564
       201     0.98975    -0.69862
       202     0.99131    -0.70122
       203     0.99280    -0.70343
       204     0.99421    -0.70526
       205     0.99553    -0.70670
       206     0.99675    -0.70775
       207     0.99786    -0.70843
       208     0.99886    -0.70873
       209     0.99933    -0.70878
       210     1.00015    -0.70851
       211     1.00049    -0.70819
       212     1.00112    -0.70736
       213     1.00160    -0.70615
       214     1.00195    -0.70457
       215     1.00214    -0.70263
       216     1.00217    -0.70032
  POINTS ON THE BLADE TO BE USED FOR PLOTTING 
  AND FINAL INTERPOLATION 
  N           X          YUP        YLOW        THICK 
    1      0.0000      0.0096      0.0096      0.0000
    2      0.0001      0.0126      0.0084      0.0042
    3      0.0002      0.0151      0.0064      0.0087
    4      0.0006      0.0176      0.0045      0.0131
    5      0.0010      0.0202      0.0029      0.0174
    6      0.0016      0.0230      0.0014      0.0215
    7      0.0022      0.0255      0.0002      0.0253
    8      0.0030      0.0278     -0.0009      0.0287
    9      0.0040      0.0301     -0.0017      0.0319
   10      0.0050      0.0325     -0.0023      0.0349
   11      0.0062      0.0350     -0.0027      0.0377
   12      0.0075      0.0376     -0.0029      0.0405
   13      0.0089      0.0404     -0.0028      0.0432
   14      0.0105      0.0433     -0.0026      0.0459
   15      0.0122      0.0465     -0.0021      0.0486
   16      0.0140      0.0498     -0.0014      0.0512
   17      0.0159      0.0533     -0.0005      0.0538
   18      0.0179      0.0570      0.0007      0.0563
   19      0.0201      0.0609      0.0022      0.0587
   20      0.0223      0.0649      0.0039      0.0610
   21      0.0247      0.0691      0.0060      0.0632
   22      0.0272      0.0735      0.0083      0.0652
   23      0.0299      0.0780      0.0110      0.0670
   24      0.0326      0.0826      0.0141      0.0685
   25      0.0355      0.0874      0.0175      0.0699
   26      0.0384      0.0923      0.0212      0.0712
   27      0.0415      0.0974      0.0250      0.0724
   28      0.0447      0.1026      0.0289      0.0737
   29      0.0481      0.1079      0.0329      0.0750
   30      0.0515      0.1133      0.0370      0.0763
   31      0.0550      0.1187      0.0412      0.0775
   32      0.0587      0.1243      0.0455      0.0788
   33      0.0625      0.1300      0.0499      0.0801
   34      0.0663      0.1357      0.0544      0.0813
   35      0.0703      0.1415      0.0589      0.0826
   36      0.0744      0.1474      0.0635      0.0839
   37      0.0786      0.1533      0.0682      0.0851
   38      0.0829      0.1592      0.0729      0.0863
   39      0.0873      0.1652      0.0776      0.0876
   40      0.0918      0.1712      0.0824      0.0888
   41      0.0964      0.1773      0.0873      0.0900
   42      0.1011      0.1833      0.0921      0.0912
   43      0.1059      0.1894      0.0970      0.0924
   44      0.1108      0.1954      0.1018      0.0936
   45      0.1159      0.2015      0.1067      0.0948
   46      0.1210      0.2075      0.1115      0.0959
   47      0.1261      0.2134      0.1163      0.0971
   48      0.1314      0.2194      0.1212      0.0982
   49      0.1368      0.2253      0.1259      0.0993
   50      0.1423      0.2311      0.1307      0.1004
   51      0.1478      0.2369      0.1354      0.1015
   52      0.1535      0.2425      0.1400      0.1025
   53      0.1592      0.2482      0.1446      0.1035
   54      0.1650      0.2537      0.1491      0.1045
   55      0.1709      0.2591      0.1536      0.1056
   56      0.1769      0.2644      0.1579      0.1065
   57      0.1830      0.2696      0.1622      0.1075
   58      0.1891      0.2747      0.1663      0.1084
   59      0.1954      0.2796      0.1704      0.1092
   60      0.2017      0.2844      0.1743      0.1101
   61      0.2080      0.2890      0.1781      0.1109
   62      0.2145      0.2935      0.1818      0.1117
   63      0.2210      0.2978      0.1853      0.1124
   64      0.2276      0.3019      0.1887      0.1132
   65      0.2342      0.3059      0.1920      0.1139
   66      0.2409      0.3097      0.1950      0.1147
   67      0.2477      0.3133      0.1979      0.1154
   68      0.2546      0.3166      0.2007      0.1160
   69      0.2615      0.3198      0.2033      0.1165
   70      0.2684      0.3227      0.2057      0.1171
   71      0.2755      0.3255      0.2079      0.1176
   72      0.2826      0.3280      0.2098      0.1182
   73      0.2897      0.3303      0.2116      0.1187
   74      0.2969      0.3323      0.2132      0.1191
   75      0.3041      0.3341      0.2146      0.1195
   76      0.3114      0.3356      0.2157      0.1199
   77      0.3187      0.3369      0.2166      0.1203
   78      0.3261      0.3379      0.2174      0.1206
   79      0.3335      0.3386      0.2177      0.1209
   80      0.3410      0.3391      0.2180      0.1211
   81      0.3485      0.3394      0.2179      0.1215
   82      0.3560      0.3393      0.2177      0.1216
   83      0.3636      0.3389      0.2172      0.1217
   84      0.3712      0.3382      0.2163      0.1219
   85      0.3789      0.3373      0.2153      0.1220
   86      0.3865      0.3362      0.2141      0.1221
   87      0.3942      0.3346      0.2124      0.1222
   88      0.4020      0.3327      0.2106      0.1221
   89      0.4097      0.3306      0.2086      0.1220
   90      0.4175      0.3282      0.2062      0.1220
   91      0.4253      0.3256      0.2035      0.1221
   92      0.4331      0.3225      0.2006      0.1219
   93      0.4409      0.3191      0.1974      0.1217
   94      0.4488      0.3154      0.1939      0.1215
   95      0.4566      0.3114      0.1902      0.1213
   96      0.4645      0.3072      0.1862      0.1210
   97      0.4724      0.3026      0.1819      0.1207
   98      0.4803      0.2978      0.1773      0.1206
   99      0.4882      0.2926      0.1724      0.1202
  100      0.4961      0.2871      0.1673      0.1198
  101      0.5039      0.2813      0.1619      0.1194
  102      0.5118      0.2752      0.1562      0.1190
  103      0.5197      0.2688      0.1502      0.1185
  104      0.5276      0.2620      0.1440      0.1181
  105      0.5355      0.2550      0.1375      0.1176
  106      0.5434      0.2477      0.1307      0.1170
  107      0.5512      0.2401      0.1236      0.1165
  108      0.5591      0.2323      0.1163      0.1159
  109      0.5669      0.2241      0.1088      0.1154
  110      0.5747      0.2157      0.1009      0.1147
  111      0.5825      0.2070      0.0928      0.1141
  112      0.5903      0.1980      0.0845      0.1135
  113      0.5980      0.1887      0.0759      0.1128
  114      0.6058      0.1792      0.0671      0.1121
  115      0.6135      0.1695      0.0581      0.1114
  116      0.6211      0.1595      0.0488      0.1106
  117      0.6288      0.1492      0.0393      0.1099
  118      0.6364      0.1387      0.0296      0.1091
  119      0.6440      0.1280      0.0197      0.1083
  120      0.6515      0.1170      0.0095      0.1075
  121      0.6590      0.1059     -0.0008      0.1067
  122      0.6665      0.0945     -0.0114      0.1058
  123      0.6739      0.0829     -0.0221      0.1050
  124      0.6813      0.0711     -0.0330      0.1041
  125      0.6886      0.0592     -0.0441      0.1032
  126      0.6959      0.0470     -0.0553      0.1023
  127      0.7031      0.0347     -0.0667      0.1014
  128      0.7103      0.0222     -0.0783      0.1004
  129      0.7174      0.0095     -0.0900      0.0995
  130      0.7245     -0.0033     -0.1018      0.0985
  131      0.7316     -0.0163     -0.1136      0.0973
  132      0.7385     -0.0294     -0.1257      0.0964
  133      0.7454     -0.0425     -0.1379      0.0954
  134      0.7523     -0.0558     -0.1502      0.0944
  135      0.7591     -0.0692     -0.1626      0.0934
  136      0.7658     -0.0827     -0.1751      0.0924
  137      0.7724     -0.0963     -0.1877      0.0914
  138      0.7790     -0.1099     -0.2003      0.0904
  139      0.7855     -0.1236     -0.2130      0.0894
  140      0.7920     -0.1373     -0.2257      0.0883
  141      0.7983     -0.1511     -0.2385      0.0873
  142      0.8046     -0.1650     -0.2513      0.0863
  143      0.8109     -0.1788     -0.2641      0.0853
  144      0.8170     -0.1926     -0.2769      0.0843
  145      0.8231     -0.2065     -0.2898      0.0833
  146      0.8291     -0.2203     -0.3026      0.0822
  147      0.8350     -0.2342     -0.3154      0.0812
  148      0.8408     -0.2479     -0.3282      0.0802
  149      0.8465     -0.2617     -0.3409      0.0792
  150      0.8522     -0.2754     -0.3536      0.0782
  151      0.8577     -0.2890     -0.3662      0.0772
  152      0.8632     -0.3026     -0.3788      0.0762
  153      0.8686     -0.3161     -0.3913      0.0752
  154      0.8739     -0.3294     -0.4037      0.0743
  155      0.8790     -0.3427     -0.4160      0.0733
  156      0.8841     -0.3559     -0.4282      0.0723
  157      0.8892     -0.3689     -0.4403      0.0714
  158      0.8941     -0.3818     -0.4523      0.0704
  159      0.8989     -0.3946     -0.4641      0.0695
  160      0.9036     -0.4072     -0.4758      0.0686
  161      0.9082     -0.4196     -0.4873      0.0677
  162      0.9127     -0.4319     -0.4987      0.0668
  163      0.9171     -0.4439     -0.5099      0.0659
  164      0.9214     -0.4558     -0.5209      0.0651
  165      0.9256     -0.4675     -0.5317      0.0642
  166      0.9297     -0.4789     -0.5423      0.0634
  167      0.9337     -0.4902     -0.5528      0.0626
  168      0.9375     -0.5012     -0.5630      0.0618
  169      0.9413     -0.5120     -0.5730      0.0610
  170      0.9450     -0.5225     -0.5827      0.0603
  171      0.9485     -0.5327     -0.5923      0.0595
  172      0.9519     -0.5427     -0.6015      0.0588
  173      0.9553     -0.5524     -0.6106      0.0581
  174      0.9585     -0.5619     -0.6193      0.0575
  175      0.9616     -0.5710     -0.6278      0.0568
  176      0.9645     -0.5799     -0.6360      0.0562
  177      0.9674     -0.5884     -0.6440      0.0556
  178      0.9701     -0.5966     -0.6516      0.0550
  179      0.9728     -0.6046     -0.6590      0.0544
  180      0.9753     -0.6121     -0.6660      0.0539
  181      0.9777     -0.6194     -0.6728      0.0533
  182      0.9799     -0.6263     -0.6791      0.0528
  183      0.9821     -0.6329     -0.6848      0.0518
  184      0.9841     -0.6392     -0.6894      0.0503
  185      0.9860     -0.6450     -0.6934      0.0483
  186      0.9878     -0.6506     -0.6966      0.0461
  187      0.9895     -0.6557     -0.6994      0.0436
  188      0.9911     -0.6605     -0.7016      0.0410
  189      0.9925     -0.6650     -0.7033      0.0384
  190      0.9938     -0.6690     -0.7047      0.0356
  191      0.9950     -0.6727     -0.7056      0.0329
  192      0.9960     -0.6761     -0.7062      0.0300
  193      0.9970     -0.6795     -0.7064      0.0269
  194      0.9978     -0.6827     -0.7062      0.0235
  195      0.9984     -0.6858     -0.7057      0.0199
  196      0.9990     -0.6887     -0.7049      0.0162
  197      0.9994     -0.6916     -0.7038      0.0122
  198      0.9998     -0.6942     -0.7023      0.0081
  199      0.9999     -0.6968     -0.7006      0.0038
  200      1.0000     -0.6980     -0.6980      0.0000
 GRID EXPANSION RATIO UP=    1.11538 DOWN =    1.07955
  AXIAL,TANGENTIAL AND RADIAL COORDINATES ON THE STREAM
  SURFACE BEFORE TRANSFORMING TO R-THETA COORDINATES 
 J, XGRID,YGRID,RGRID            1   4.31842394E-02  -5.73280454E-03  0.280000061    
 J, XGRID,YGRID,RGRID            2   4.36102748E-02  -5.04652923E-03  0.280000031    
 J, XGRID,YGRID,RGRID            3   4.39922400E-02  -4.43124445E-03  0.279999971    
 J, XGRID,YGRID,RGRID            4   4.43347059E-02  -3.87960719E-03  0.280000061    
 J, XGRID,YGRID,RGRID            5   4.46417145E-02  -3.38503346E-03  0.279999942    
 J, XGRID,YGRID,RGRID            6   4.49169911E-02  -2.94162030E-03  0.280000031    
 J, XGRID,YGRID,RGRID            7   4.51637842E-02  -2.54407525E-03  0.280000001    
 J, XGRID,YGRID,RGRID            8   4.53850441E-02  -2.18765368E-03  0.280000031    
 J, XGRID,YGRID,RGRID            9   4.55834232E-02  -1.86810177E-03  0.280000031    
 J, XGRID,YGRID,RGRID           10   4.57612723E-02  -1.58160541E-03  0.280000001    
 J, XGRID,YGRID,RGRID           11   4.59207296E-02  -1.32474524E-03  0.280000031    
 J, XGRID,YGRID,RGRID           12   4.60636914E-02  -1.09445571E-03  0.280000001    
 J, XGRID,YGRID,RGRID           13   4.61918637E-02  -8.87988077E-04  0.280000001    
 J, XGRID,YGRID,RGRID           14   4.63067852E-02  -7.02878227E-04  0.280000031    
 J, XGRID,YGRID,RGRID           15   4.64098044E-02  -5.36916836E-04  0.280000001    
 J, XGRID,YGRID,RGRID           16   4.65021767E-02  -3.88123095E-04  0.280000031    
 J, XGRID,YGRID,RGRID           17   4.65849936E-02  -2.54721119E-04  0.280000001    
 J, XGRID,YGRID,RGRID           18   4.66592424E-02  -1.35118709E-04  0.280000001    
 J, XGRID,YGRID,RGRID           19   4.67258096E-02  -2.78884308E-05  0.280000001    
 J, XGRID,YGRID,RGRID           20   4.67854924E-02   6.82495520E-05  0.280000001    
 J, XGRID,YGRID,RGRID           21   4.68389988E-02   1.54442678E-04  0.280000001    
 J, XGRID,YGRID,RGRID           22   4.68925051E-02   4.29335108E-04  0.279999971    
 J, XGRID,YGRID,RGRID           23   4.69484478E-02   5.48862503E-04  0.280000001    
 J, XGRID,YGRID,RGRID           24   4.70070653E-02   6.61229016E-04  0.279999971    
 J, XGRID,YGRID,RGRID           25   4.70685624E-02   7.75019580E-04  0.280000031    
 J, XGRID,YGRID,RGRID           26   4.71331738E-02   8.91976582E-04  0.280000001    
 J, XGRID,YGRID,RGRID           27   4.72011231E-02   1.01187953E-03  0.280000001    
 J, XGRID,YGRID,RGRID           28   4.72726338E-02   1.13521551E-03  0.279999971    
 J, XGRID,YGRID,RGRID           29   4.73479405E-02   1.26218062E-03  0.280000031    
 J, XGRID,YGRID,RGRID           30   4.74272482E-02   1.39293692E-03  0.280000001    
 J, XGRID,YGRID,RGRID           31   4.75107916E-02   1.52799510E-03  0.279999942    
 J, XGRID,YGRID,RGRID           32   4.75988090E-02   1.66662189E-03  0.280000001    
 J, XGRID,YGRID,RGRID           33   4.76915017E-02   1.80896872E-03  0.279999971    
 J, XGRID,YGRID,RGRID           34   4.77891192E-02   1.95500767E-03  0.280000001    
 J, XGRID,YGRID,RGRID           35   4.78918590E-02   2.10456550E-03  0.279999971    
 J, XGRID,YGRID,RGRID           36   4.79999259E-02   2.25733756E-03  0.280000031    
 J, XGRID,YGRID,RGRID           37   4.81133014E-02   2.41276552E-03  0.279999971    
 J, XGRID,YGRID,RGRID           38   4.82323132E-02   2.57057115E-03  0.280000031    
 J, XGRID,YGRID,RGRID           39   4.83571850E-02   2.73043872E-03  0.279999942    
 J, XGRID,YGRID,RGRID           40   4.84883003E-02   2.89200689E-03  0.280000001    
 J, XGRID,YGRID,RGRID           41   4.86260094E-02   3.05485539E-03  0.280000031    
 J, XGRID,YGRID,RGRID           42   4.87706847E-02   3.21848784E-03  0.279999971    
 J, XGRID,YGRID,RGRID           43   4.89226952E-02   3.38223972E-03  0.279999942    
 J, XGRID,YGRID,RGRID           44   4.90823314E-02   3.54526401E-03  0.279999971    
 J, XGRID,YGRID,RGRID           45   4.92501520E-02   3.70666059E-03  0.280000150    
 J, XGRID,YGRID,RGRID           46   4.94266748E-02   3.86688742E-03  0.279999971    
 J, XGRID,YGRID,RGRID           47   4.96126302E-02   4.02238639E-03  0.279999971    
 J, XGRID,YGRID,RGRID           48   4.98087406E-02   4.17323690E-03  0.279999971    
 J, XGRID,YGRID,RGRID           49   5.00158072E-02   4.31802915E-03  0.280000001    
 J, XGRID,YGRID,RGRID           50   5.02363034E-02   4.45592636E-03  0.279999912    
 J, XGRID,YGRID,RGRID           51   5.04734591E-02   4.58642561E-03  0.280000031    
 J, XGRID,YGRID,RGRID           52   5.07275015E-02   4.70331544E-03  0.280000061    
 J, XGRID,YGRID,RGRID           53   5.09982333E-02   4.80504101E-03  0.280000091    
 J, XGRID,YGRID,RGRID           54   5.12850024E-02   4.88369679E-03  0.280000031    
 J, XGRID,YGRID,RGRID           55   5.15867099E-02   4.93780198E-03  0.279999971    
 J, XGRID,YGRID,RGRID           56   5.19018359E-02   4.96150833E-03  0.280000120    
 J, XGRID,YGRID,RGRID           57   5.22251688E-02   4.94864071E-03  0.279999942    
 J, XGRID,YGRID,RGRID           58   5.25516346E-02   4.90241870E-03  0.280000031    
 J, XGRID,YGRID,RGRID           59   5.28794155E-02   4.81755286E-03  0.279999971    
 J, XGRID,YGRID,RGRID           60   5.32071181E-02   4.69890377E-03  0.279999942    
 J, XGRID,YGRID,RGRID           61   5.35336360E-02   4.54285461E-03  0.280000031    
 J, XGRID,YGRID,RGRID           62   5.38581572E-02   4.35542641E-03  0.280000091    
 J, XGRID,YGRID,RGRID           63   5.41802272E-02   4.13171388E-03  0.279999971    
 J, XGRID,YGRID,RGRID           64   5.45020401E-02   3.87398386E-03  0.279999971    
 J, XGRID,YGRID,RGRID           65   5.48250377E-02   3.58088338E-03  0.279999942    
 J, XGRID,YGRID,RGRID           66   5.51489927E-02   3.25223361E-03  0.280000091    
 J, XGRID,YGRID,RGRID           67   5.54734133E-02   2.88822036E-03  0.279999942    
 J, XGRID,YGRID,RGRID           68   5.57977669E-02   2.48945458E-03  0.280000031    
 J, XGRID,YGRID,RGRID           69   5.61212860E-02   2.05702614E-03  0.280000031    
 J, XGRID,YGRID,RGRID           70   5.64430505E-02   1.59259140E-03  0.279999971    
 J, XGRID,YGRID,RGRID           71   5.67602329E-02   1.10131840E-03  0.280000031    
 J, XGRID,YGRID,RGRID           72   5.70709929E-02   5.87564253E-04  0.280000031    
 J, XGRID,YGRID,RGRID           73   5.73745258E-02   5.46914671E-05  0.280000061    
 J, XGRID,YGRID,RGRID           74   5.76701127E-02  -4.95061046E-04  0.279999971    
 J, XGRID,YGRID,RGRID           75   5.79572693E-02  -1.05502910E-03  0.279999912    
 J, XGRID,YGRID,RGRID           76   5.82356155E-02  -1.62377500E-03  0.279999942    
 J, XGRID,YGRID,RGRID           77   5.85049875E-02  -2.19844515E-03  0.280000061    
 J, XGRID,YGRID,RGRID           78   5.87663166E-02  -2.77887355E-03  0.280000031    
 J, XGRID,YGRID,RGRID           79   5.90198934E-02  -3.36359115E-03  0.279999971    
 J, XGRID,YGRID,RGRID           80   5.92657141E-02  -3.95065453E-03  0.279999971    
 J, XGRID,YGRID,RGRID           81   5.95037900E-02  -4.53817239E-03  0.280000031    
 J, XGRID,YGRID,RGRID           82   5.97340986E-02  -5.12431934E-03  0.279999971    
 J, XGRID,YGRID,RGRID           83   5.99566624E-02  -5.70732728E-03  0.280000001    
 J, XGRID,YGRID,RGRID           84   6.01714812E-02  -6.28549559E-03  0.280000001    
 J, XGRID,YGRID,RGRID           85   6.03785329E-02  -6.85716281E-03  0.280000031    
 J, XGRID,YGRID,RGRID           86   6.05778210E-02  -7.42074568E-03  0.280000001    
 J, XGRID,YGRID,RGRID           87   6.07693717E-02  -7.97470845E-03  0.279999971    
 J, XGRID,YGRID,RGRID           88   6.09531552E-02  -8.51751212E-03  0.279999971    
 J, XGRID,YGRID,RGRID           89   6.11291975E-02  -9.04771592E-03  0.280000001    
 J, XGRID,YGRID,RGRID           90   6.12974800E-02  -9.56412498E-03  0.280000031    
 J, XGRID,YGRID,RGRID           91   6.14579991E-02  -1.02037173E-02  0.280000001    
 J, XGRID,YGRID,RGRID           92   6.16185144E-02  -1.06898779E-02  0.280000001    
 J, XGRID,YGRID,RGRID           93   6.17918149E-02  -1.12146074E-02  0.280000001    
 J, XGRID,YGRID,RGRID           94   6.19788989E-02  -1.17810806E-02  0.280000001    
 J, XGRID,YGRID,RGRID           95   6.21808581E-02  -1.23926178E-02  0.280000031    
 J, XGRID,YGRID,RGRID           96   6.23988882E-02  -1.30528044E-02  0.280000001    
 J, XGRID,YGRID,RGRID           97   6.26342669E-02  -1.37655092E-02  0.280000001    
 J, XGRID,YGRID,RGRID           98   6.28883615E-02  -1.45349102E-02  0.280000031    
 J, XGRID,YGRID,RGRID           99   6.31626695E-02  -1.53655186E-02  0.280000001    
 J, XGRID,YGRID,RGRID          100   6.34588003E-02  -1.62622053E-02  0.280000001    
 J, XGRID,YGRID,RGRID          101   6.37784898E-02  -1.72302239E-02  0.280000001    
 J, XGRID,YGRID,RGRID          102   6.41236156E-02  -1.82752497E-02  0.280000001    
 J, XGRID,YGRID,RGRID          103   6.44961968E-02  -1.94034074E-02  0.280000031    
 J, XGRID,YGRID,RGRID          104   6.48984089E-02  -2.06213128E-02  0.280000001    
 J, XGRID,YGRID,RGRID          105   6.53326288E-02  -2.19361056E-02  0.280000001    
 J, XGRID,YGRID,RGRID          106   6.58013821E-02  -2.33554915E-02  0.280000001    
 J, XGRID,YGRID,RGRID          107   6.63074404E-02  -2.48877928E-02  0.280000001    
 J, XGRID,YGRID,RGRID          108   6.68537393E-02  -2.65419930E-02  0.280000001    
 J, XGRID,YGRID,RGRID          109   6.74434975E-02  -2.83277854E-02  0.280000001    
 J, XGRID,YGRID,RGRID          110   6.80801794E-02  -3.02556418E-02  0.280000001    
 J, XGRID,YGRID,RGRID          111   6.87675104E-02  -3.23368609E-02  0.280000001    

  THE BLADE CENTROID ON THE X-Y SURFACE IS AT X, Y=    0.05382   0.00122


  THE J VALUE OF THE CENTROID IS J =           62

  THE CENTROID ON THE STREAM SURFACE IS AT   5.38173802E-02   0.00000000    
  THE HUB SECTION CENTROID IS AT   5.75387143E-02   0.00000000    

  AXIAL & RADIAL COORDINATES ON THE SS AFTER STACKING 
  J  , XGRID,RGRID            1   4.69055735E-02  0.280000061    
  J  , XGRID,RGRID            2   4.73316088E-02  0.280000031    
  J  , XGRID,RGRID            3   4.77135740E-02  0.279999971    
  J  , XGRID,RGRID            4   4.80560400E-02  0.280000061    
  J  , XGRID,RGRID            5   4.83630486E-02  0.279999942    
  J  , XGRID,RGRID            6   4.86383252E-02  0.280000031    
  J  , XGRID,RGRID            7   4.88851182E-02  0.280000001    
  J  , XGRID,RGRID            8   4.91063781E-02  0.280000031    
  J  , XGRID,RGRID            9   4.93047573E-02  0.280000031    
  J  , XGRID,RGRID           10   4.94826064E-02  0.280000001    
  J  , XGRID,RGRID           11   4.96420637E-02  0.280000031    
  J  , XGRID,RGRID           12   4.97850254E-02  0.280000001    
  J  , XGRID,RGRID           13   4.99131978E-02  0.280000001    
  J  , XGRID,RGRID           14   5.00281192E-02  0.280000031    
  J  , XGRID,RGRID           15   5.01311384E-02  0.280000001    
  J  , XGRID,RGRID           16   5.02235107E-02  0.280000031    
  J  , XGRID,RGRID           17   5.03063276E-02  0.280000001    
  J  , XGRID,RGRID           18   5.03805764E-02  0.280000001    
  J  , XGRID,RGRID           19   5.04471436E-02  0.280000001    
  J  , XGRID,RGRID           20   5.05068265E-02  0.280000001    
  J  , XGRID,RGRID           21   5.05603328E-02  0.280000001    
  J  , XGRID,RGRID           22   5.06138392E-02  0.279999971    
  J  , XGRID,RGRID           23   5.06697819E-02  0.280000001    
  J  , XGRID,RGRID           24   5.07283993E-02  0.279999971    
  J  , XGRID,RGRID           25   5.07898964E-02  0.280000031    
  J  , XGRID,RGRID           26   5.08545078E-02  0.280000001    
  J  , XGRID,RGRID           27   5.09224571E-02  0.280000001    
  J  , XGRID,RGRID           28   5.09939678E-02  0.279999971    
  J  , XGRID,RGRID           29   5.10692745E-02  0.280000031    
  J  , XGRID,RGRID           30   5.11485822E-02  0.280000001    
  J  , XGRID,RGRID           31   5.12321256E-02  0.279999942    
  J  , XGRID,RGRID           32   5.13201430E-02  0.280000001    
  J  , XGRID,RGRID           33   5.14128357E-02  0.279999971    
  J  , XGRID,RGRID           34   5.15104532E-02  0.280000001    
  J  , XGRID,RGRID           35   5.16131930E-02  0.279999971    
  J  , XGRID,RGRID           36   5.17212600E-02  0.280000031    
  J  , XGRID,RGRID           37   5.18346354E-02  0.279999971    
  J  , XGRID,RGRID           38   5.19536473E-02  0.280000031    
  J  , XGRID,RGRID           39   5.20785190E-02  0.279999942    
  J  , XGRID,RGRID           40   5.22096343E-02  0.280000001    
  J  , XGRID,RGRID           41   5.23473434E-02  0.280000031    
  J  , XGRID,RGRID           42   5.24920188E-02  0.279999971    
  J  , XGRID,RGRID           43   5.26440293E-02  0.279999942    
  J  , XGRID,RGRID           44   5.28036654E-02  0.279999971    
  J  , XGRID,RGRID           45   5.29714860E-02  0.280000150    
  J  , XGRID,RGRID           46   5.31480089E-02  0.279999971    
  J  , XGRID,RGRID           47   5.33339642E-02  0.279999971    
  J  , XGRID,RGRID           48   5.35300747E-02  0.279999971    
  J  , XGRID,RGRID           49   5.37371412E-02  0.280000001    
  J  , XGRID,RGRID           50   5.39576374E-02  0.279999912    
  J  , XGRID,RGRID           51   5.41947931E-02  0.280000031    
  J  , XGRID,RGRID           52   5.44488356E-02  0.280000061    
  J  , XGRID,RGRID           53   5.47195673E-02  0.280000091    
  J  , XGRID,RGRID           54   5.50063364E-02  0.280000031    
  J  , XGRID,RGRID           55   5.53080440E-02  0.279999971    
  J  , XGRID,RGRID           56   5.56231700E-02  0.280000120    
  J  , XGRID,RGRID           57   5.59465028E-02  0.279999942    
  J  , XGRID,RGRID           58   5.62729686E-02  0.280000031    
  J  , XGRID,RGRID           59   5.66007495E-02  0.279999971    
  J  , XGRID,RGRID           60   5.69284521E-02  0.279999942    
  J  , XGRID,RGRID           61   5.72549701E-02  0.280000031    
  J  , XGRID,RGRID           62   5.75794913E-02  0.280000091    
  J  , XGRID,RGRID           63   5.79015613E-02  0.279999971    
  J  , XGRID,RGRID           64   5.82233742E-02  0.279999971    
  J  , XGRID,RGRID           65   5.85463718E-02  0.279999942    
  J  , XGRID,RGRID           66   5.88703267E-02  0.280000091    
  J  , XGRID,RGRID           67   5.91947474E-02  0.279999942    
  J  , XGRID,RGRID           68   5.95191009E-02  0.280000031    
  J  , XGRID,RGRID           69   5.98426200E-02  0.280000031    
  J  , XGRID,RGRID           70   6.01643845E-02  0.279999971    
  J  , XGRID,RGRID           71   6.04815669E-02  0.280000031    
  J  , XGRID,RGRID           72   6.07923269E-02  0.280000031    
  J  , XGRID,RGRID           73   6.10958599E-02  0.280000061    
  J  , XGRID,RGRID           74   6.13914467E-02  0.279999971    
  J  , XGRID,RGRID           75   6.16786033E-02  0.279999912    
  J  , XGRID,RGRID           76   6.19569495E-02  0.279999942    
  J  , XGRID,RGRID           77   6.22263215E-02  0.280000061    
  J  , XGRID,RGRID           78   6.24876507E-02  0.280000031    
  J  , XGRID,RGRID           79   6.27412274E-02  0.279999971    
  J  , XGRID,RGRID           80   6.29870445E-02  0.279999971    
  J  , XGRID,RGRID           81   6.32251203E-02  0.280000031    
  J  , XGRID,RGRID           82   6.34554327E-02  0.279999971    
  J  , XGRID,RGRID           83   6.36779964E-02  0.280000001    
  J  , XGRID,RGRID           84   6.38928115E-02  0.280000001    
  J  , XGRID,RGRID           85   6.40998632E-02  0.280000031    
  J  , XGRID,RGRID           86   6.42991513E-02  0.280000001    
  J  , XGRID,RGRID           87   6.44907057E-02  0.279999971    
  J  , XGRID,RGRID           88   6.46744892E-02  0.279999971    
  J  , XGRID,RGRID           89   6.48505315E-02  0.280000001    
  J  , XGRID,RGRID           90   6.50188178E-02  0.280000031    
  J  , XGRID,RGRID           91   6.51793331E-02  0.280000001    
  J  , XGRID,RGRID           92   6.53398484E-02  0.280000001    
  J  , XGRID,RGRID           93   6.55131489E-02  0.280000001    
  J  , XGRID,RGRID           94   6.57002330E-02  0.280000001    
  J  , XGRID,RGRID           95   6.59021884E-02  0.280000031    
  J  , XGRID,RGRID           96   6.61202222E-02  0.280000001    
  J  , XGRID,RGRID           97   6.63556010E-02  0.280000001    
  J  , XGRID,RGRID           98   6.66096956E-02  0.280000031    
  J  , XGRID,RGRID           99   6.68840036E-02  0.280000001    
  J  , XGRID,RGRID          100   6.71801344E-02  0.280000001    
  J  , XGRID,RGRID          101   6.74998239E-02  0.280000001    
  J  , XGRID,RGRID          102   6.78449497E-02  0.280000001    
  J  , XGRID,RGRID          103   6.82175308E-02  0.280000031    
  J  , XGRID,RGRID          104   6.86197430E-02  0.280000001    
  J  , XGRID,RGRID          105   6.90539628E-02  0.280000001    
  J  , XGRID,RGRID          106   6.95227161E-02  0.280000001    
  J  , XGRID,RGRID          107   7.00287744E-02  0.280000001    
  J  , XGRID,RGRID          108   7.05750734E-02  0.280000001    
  J  , XGRID,RGRID          109   7.11648315E-02  0.280000001    
  J  , XGRID,RGRID          110   7.18015134E-02  0.280000001    
  J  , XGRID,RGRID          111   7.24888444E-02  0.280000001    

  BLADE TRUE CHORD:AXIAL CHORD RATIO =    1.39560711    


    TKLE      TKTE      TKMAX     XTMAX     XMODLE     XMODTE    TK_TYP 
    0.0400    0.0400    0.1000    0.4000    0.0200    0.0100    2.0000


 FCHORD=    1.00000000      FPERP=    0.00000000     FTKSCALE=    1.00000000    


  CENTRELINE COORDINATES AND THICKNESS FOR INTYPE = 1

    XIN        YIN       TKIN 
   0.00000   0.00000   0.05582
   0.00006   0.00003   0.05604
   0.00025   0.00013   0.05645
   0.00056   0.00029   0.05698
   0.00100   0.00051   0.05761
   0.00156   0.00079   0.05832
   0.00224   0.00114   0.05911
   0.00305   0.00154   0.05996
   0.00398   0.00201   0.06087
   0.00504   0.00254   0.06183
   0.00622   0.00312   0.06285
   0.00752   0.00376   0.06391
   0.00895   0.00445   0.06501
   0.01049   0.00520   0.06615
   0.01216   0.00599   0.06732
   0.01395   0.00684   0.06853
   0.01587   0.00773   0.06977
   0.01790   0.00867   0.07103
   0.02005   0.00965   0.07232
   0.02232   0.01066   0.07364
   0.02472   0.01172   0.07497
   0.02723   0.01281   0.07632
   0.02985   0.01393   0.07769
   0.03260   0.01508   0.07907
   0.03546   0.01625   0.08047
   0.03844   0.01744   0.08187
   0.04153   0.01866   0.08329
   0.04474   0.01988   0.08471
   0.04806   0.02112   0.08614
   0.05149   0.02237   0.08758
   0.05504   0.02362   0.08901
   0.05869   0.02487   0.09045
   0.06246   0.02612   0.09188
   0.06633   0.02735   0.09332
   0.07031   0.02858   0.09475
   0.07440   0.02979   0.09617
   0.07860   0.03098   0.09759
   0.08290   0.03215   0.09900
   0.08730   0.03329   0.10041
   0.09181   0.03439   0.10180
   0.09642   0.03546   0.10318
   0.10113   0.03648   0.10455
   0.10594   0.03746   0.10591
   0.11085   0.03839   0.10725
   0.11585   0.03926   0.10857
   0.12095   0.04007   0.10988
   0.12615   0.04082   0.11117
   0.13144   0.04150   0.11244
   0.13682   0.04211   0.11369
   0.14229   0.04264   0.11492
   0.14784   0.04308   0.11613
   0.15349   0.04344   0.11731
   0.15923   0.04371   0.11847
   0.16504   0.04388   0.11961
   0.17095   0.04395   0.12072
   0.17693   0.04392   0.12181
   0.18299   0.04378   0.12286
   0.18914   0.04352   0.12389
   0.19536   0.04315   0.12490
   0.20166   0.04266   0.12587
   0.20803   0.04204   0.12681
   0.21447   0.04129   0.12773
   0.22099   0.04040   0.12861
   0.22757   0.03938   0.12946
   0.23422   0.03822   0.13028
   0.24094   0.03692   0.13107
   0.24772   0.03546   0.13182
   0.25457   0.03385   0.13254
   0.26148   0.03209   0.13323
   0.26845   0.03017   0.13388
   0.27547   0.02809   0.13450
   0.28255   0.02584   0.13508
   0.28968   0.02342   0.13563
   0.29687   0.02084   0.13615
   0.30411   0.01808   0.13662
   0.31140   0.01514   0.13707
   0.31873   0.01203   0.13747
   0.32611   0.00874   0.13784
   0.33353   0.00526   0.13818
   0.34099   0.00160   0.13848
   0.34850  -0.00224   0.13874
   0.35604  -0.00628   0.13897
   0.36362  -0.01050   0.13916
   0.37123  -0.01491   0.13931
   0.37887  -0.01952   0.13943
   0.38654  -0.02432   0.13951
   0.39424  -0.02931   0.13955
   0.40197  -0.03449   0.13956
   0.40972  -0.03987   0.13953
   0.41750  -0.04545   0.13947
   0.42529  -0.05122   0.13937
   0.43311  -0.05718   0.13924
   0.44094  -0.06334   0.13907
   0.44878  -0.06970   0.13887
   0.45664  -0.07624   0.13863
   0.46451  -0.08298   0.13836
   0.47239  -0.08991   0.13806
   0.48027  -0.09703   0.13772
   0.48816  -0.10434   0.13735
   0.49605  -0.11184   0.13694
   0.50395  -0.11953   0.13651
   0.51184  -0.12740   0.13604
   0.51973  -0.13545   0.13554
   0.52761  -0.14368   0.13501
   0.53549  -0.15208   0.13446
   0.54336  -0.16066   0.13387
   0.55122  -0.16942   0.13325
   0.55906  -0.17834   0.13260
   0.56689  -0.18743   0.13193
   0.57471  -0.19667   0.13123
   0.58250  -0.20608   0.13050
   0.59028  -0.21564   0.12975
   0.59803  -0.22536   0.12897
   0.60576  -0.23522   0.12817
   0.61346  -0.24522   0.12734
   0.62113  -0.25536   0.12649
   0.62877  -0.26564   0.12562
   0.63638  -0.27604   0.12473
   0.64396  -0.28657   0.12382
   0.65150  -0.29722   0.12288
   0.65901  -0.30798   0.12193
   0.66647  -0.31886   0.12095
   0.67389  -0.32983   0.11996
   0.68127  -0.34090   0.11896
   0.68860  -0.35207   0.11793
   0.69589  -0.36332   0.11690
   0.70313  -0.37466   0.11584
   0.71031  -0.38606   0.11478
   0.71745  -0.39754   0.11370
   0.72453  -0.40908   0.11261
   0.73155  -0.42067   0.11150
   0.73852  -0.43231   0.11039
   0.74543  -0.44400   0.10927
   0.75228  -0.45572   0.10814
   0.75906  -0.46748   0.10700
   0.76578  -0.47925   0.10586
   0.77243  -0.49104   0.10471
   0.77901  -0.50284   0.10356
   0.78553  -0.51464   0.10240
   0.79197  -0.52644   0.10124
   0.79834  -0.53823   0.10007
   0.80464  -0.54999   0.09891
   0.81086  -0.56173   0.09774
   0.81701  -0.57344   0.09658
   0.82307  -0.58510   0.09542
   0.82905  -0.59672   0.09425
   0.83496  -0.60828   0.09310
   0.84077  -0.61979   0.09194
   0.84651  -0.63122   0.09079
   0.85216  -0.64257   0.08965
   0.85771  -0.65384   0.08852
   0.86318  -0.66502   0.08739
   0.86856  -0.67610   0.08627
   0.87385  -0.68707   0.08516
   0.87905  -0.69794   0.08405
   0.88415  -0.70868   0.08296
   0.88915  -0.71930   0.08189
   0.89406  -0.72978   0.08082
   0.89887  -0.74012   0.07977
   0.90358  -0.75032   0.07873
   0.90819  -0.76036   0.07770
   0.91270  -0.77024   0.07670
   0.91710  -0.77995   0.07570
   0.92140  -0.78949   0.07473
   0.92560  -0.79885   0.07377
   0.92969  -0.80803   0.07283
   0.93367  -0.81701   0.07191
   0.93754  -0.82579   0.07101
   0.94131  -0.83437   0.07013
   0.94496  -0.84273   0.06928
   0.94851  -0.85089   0.06844
   0.95194  -0.85882   0.06763
   0.95526  -0.86652   0.06683
   0.95847  -0.87399   0.06607
   0.96156  -0.88122   0.06532
   0.96454  -0.88822   0.06461
   0.96740  -0.89496   0.06391
   0.97015  -0.90145   0.06324
   0.97277  -0.90769   0.06260
   0.97528  -0.91367   0.06199
   0.97768  -0.91938   0.06140
   0.97995  -0.92482   0.06084
   0.98210  -0.92999   0.06031
   0.98413  -0.93489   0.05980
   0.98605  -0.93950   0.05933
   0.98784  -0.94383   0.05888
   0.98951  -0.94788   0.05847
   0.99105  -0.95164   0.05808
   0.99248  -0.95511   0.05772
   0.99378  -0.95828   0.05739
   0.99496  -0.96116   0.05710
   0.99602  -0.96374   0.05683
   0.99695  -0.96603   0.05660
   0.99776  -0.96801   0.05639
   0.99844  -0.96969   0.05622
   0.99900  -0.97106   0.05608
   0.99944  -0.97213   0.05597
   0.99975  -0.97290   0.05589
   0.99994  -0.97336   0.05584
   1.00000  -0.97351   0.05582

  BLADE SURFACE COORDINATES GENERATED USING INTYPE = 1

  XUP          YUP       XLOW      YLOW 
   0.00001   0.02791  -0.00001  -0.02791
   0.00007   0.02805   0.00005  -0.02799
   0.00026   0.02835   0.00024  -0.02810
   0.00057   0.02878   0.00055  -0.02821
   0.00101   0.02931   0.00099  -0.02830
   0.00157   0.02995   0.00155  -0.02837
   0.00225   0.03069   0.00223  -0.02842
   0.00306   0.03152   0.00304  -0.02844
   0.00399   0.03245   0.00397  -0.02842
   0.00505   0.03345   0.00503  -0.02838
   0.00623   0.03454   0.00621  -0.02830
   0.00753   0.03571   0.00751  -0.02820
   0.00896   0.03695   0.00894  -0.02805
   0.01050   0.03827   0.01048  -0.02788
   0.01217   0.03965   0.01215  -0.02767
   0.01396   0.04110   0.01394  -0.02743
   0.01588   0.04262   0.01586  -0.02715
   0.01791   0.04418   0.01789  -0.02685
   0.02006   0.04581   0.02004  -0.02651
   0.02233   0.04748   0.02231  -0.02615
   0.02473   0.04920   0.02471  -0.02576
   0.02724   0.05097   0.02722  -0.02535
   0.02986   0.05277   0.02984  -0.02492
   0.03261   0.05461   0.03259  -0.02446
   0.03547   0.05648   0.03545  -0.02398
   0.03845   0.05838   0.03843  -0.02349
   0.04154   0.06030   0.04152  -0.02299
   0.04475   0.06224   0.04473  -0.02247
   0.04807   0.06419   0.04805  -0.02195
   0.05150   0.06616   0.05148  -0.02142
   0.05505   0.06812   0.05503  -0.02089
   0.05870   0.07009   0.05868  -0.02035
   0.06247   0.07206   0.06245  -0.01983
   0.06634   0.07401   0.06632  -0.01930
   0.07032   0.07595   0.07030  -0.01879
   0.07441   0.07788   0.07439  -0.01829
   0.07861   0.07978   0.07859  -0.01781
   0.08291   0.08165   0.08289  -0.01735
   0.08731   0.08349   0.08729  -0.01692
   0.09182   0.08529   0.09180  -0.01651
   0.09643   0.08705   0.09641  -0.01613
   0.10114   0.08876   0.10112  -0.01579
   0.10595   0.09041   0.10593  -0.01549
   0.11086   0.09201   0.11084  -0.01523
   0.11586   0.09355   0.11584  -0.01502
   0.12096   0.09501   0.12094  -0.01487
   0.12616   0.09641   0.12614  -0.01476
   0.13145   0.09772   0.13143  -0.01472
   0.13683   0.09895   0.13681  -0.01474
   0.14230   0.10010   0.14228  -0.01482
   0.14785   0.10115   0.14783  -0.01498
   0.15350   0.10210   0.15348  -0.01521
   0.15924   0.10295   0.15922  -0.01553
   0.16505   0.10369   0.16503  -0.01592
   0.17096   0.10431   0.17094  -0.01641
   0.17694   0.10482   0.17692  -0.01698
   0.18300   0.10521   0.18298  -0.01765
   0.18915   0.10547   0.18913  -0.01842
   0.19537   0.10560   0.19535  -0.01930
   0.20167   0.10559   0.20165  -0.02028
   0.20804   0.10544   0.20802  -0.02137
   0.21448   0.10515   0.21446  -0.02258
   0.22100   0.10471   0.22098  -0.02390
   0.22758   0.10411   0.22756  -0.02535
   0.23423   0.10336   0.23421  -0.02692
   0.24095   0.10245   0.24093  -0.02862
   0.24773   0.10137   0.24771  -0.03045
   0.25458   0.10012   0.25456  -0.03242
   0.26149   0.09871   0.26147  -0.03452
   0.26846   0.09711   0.26844  -0.03677
   0.27548   0.09534   0.27546  -0.03916
   0.28256   0.09338   0.28254  -0.04170
   0.28969   0.09124   0.28967  -0.04439
   0.29688   0.08891   0.29686  -0.04724
   0.30412   0.08639   0.30410  -0.05023
   0.31141   0.08368   0.31139  -0.05339
   0.31874   0.08077   0.31872  -0.05671
   0.32612   0.07766   0.32610  -0.06018
   0.33354   0.07435   0.33352  -0.06383
   0.34100   0.07084   0.34098  -0.06764
   0.34851   0.06713   0.34849  -0.07161
   0.35605   0.06320   0.35603  -0.07576
   0.36363   0.05908   0.36361  -0.08008
   0.37124   0.05474   0.37122  -0.08457
   0.37888   0.05019   0.37886  -0.08923
   0.38655   0.04544   0.38653  -0.09407
   0.39425   0.04047   0.39423  -0.09908
   0.40198   0.03529   0.40196  -0.10427
   0.40973   0.02989   0.40971  -0.10964
   0.41751   0.02429   0.41749  -0.11518
   0.42530   0.01847   0.42528  -0.12090
   0.43312   0.01244   0.43310  -0.12680
   0.44095   0.00619   0.44093  -0.13288
   0.44879  -0.00026   0.44877  -0.13913
   0.45665  -0.00693   0.45663  -0.14556
   0.46452  -0.01380   0.46450  -0.15216
   0.47240  -0.02088   0.47238  -0.15894
   0.48028  -0.02818   0.48026  -0.16589
   0.48817  -0.03567   0.48815  -0.17302
   0.49606  -0.04337   0.49604  -0.18031
   0.50396  -0.05127   0.50394  -0.18778
   0.51185  -0.05938   0.51183  -0.19542
   0.51974  -0.06767   0.51972  -0.20322
   0.52762  -0.07617   0.52760  -0.21118
   0.53550  -0.08485   0.53548  -0.21931
   0.54337  -0.09373   0.54335  -0.22760
   0.55123  -0.10279   0.55121  -0.23604
   0.55907  -0.11204   0.55905  -0.24464
   0.56690  -0.12146   0.56688  -0.25339
   0.57472  -0.13106   0.57470  -0.26229
   0.58251  -0.14083   0.58249  -0.27133
   0.59029  -0.15077   0.59027  -0.28052
   0.59804  -0.16087   0.59802  -0.28984
   0.60577  -0.17113   0.60575  -0.29930
   0.61347  -0.18155   0.61345  -0.30889
   0.62114  -0.19212   0.62112  -0.31861
   0.62878  -0.20283   0.62876  -0.32845
   0.63639  -0.21368   0.63637  -0.33841
   0.64397  -0.22467   0.64395  -0.34848
   0.65151  -0.23578   0.65149  -0.35866
   0.65902  -0.24702   0.65900  -0.36895
   0.66648  -0.25838   0.66646  -0.37933
   0.67390  -0.26985   0.67388  -0.38981
   0.68128  -0.28143   0.68126  -0.40038
   0.68861  -0.29310   0.68859  -0.41104
   0.69590  -0.30487   0.69588  -0.42177
   0.70314  -0.31673   0.70312  -0.43258
   0.71033  -0.32867   0.71030  -0.44345
   0.71746  -0.34069   0.71744  -0.45439
   0.72454  -0.35277   0.72452  -0.46538
   0.73156  -0.36492   0.73154  -0.47642
   0.73853  -0.37712   0.73851  -0.48751
   0.74544  -0.38937   0.74542  -0.49864
   0.75229  -0.40165   0.75227  -0.50979
   0.75907  -0.41397   0.75905  -0.52098
   0.76579  -0.42632   0.76577  -0.53218
   0.77244  -0.43869   0.77242  -0.54340
   0.77902  -0.45106   0.77900  -0.55462
   0.78554  -0.46345   0.78552  -0.56584
   0.79198  -0.47582   0.79196  -0.57706
   0.79835  -0.48819   0.79833  -0.58826
   0.80465  -0.50054   0.80463  -0.59945
   0.81087  -0.51286   0.81085  -0.61060
   0.81702  -0.52515   0.81700  -0.62173
   0.82308  -0.53740   0.82306  -0.63281
   0.82906  -0.54959   0.82904  -0.64385
   0.83497  -0.56174   0.83495  -0.65483
   0.84078  -0.57381   0.84076  -0.66576
   0.84652  -0.58582   0.84650  -0.67661
   0.85217  -0.59774   0.85215  -0.68740
   0.85772  -0.60958   0.85770  -0.69810
   0.86319  -0.62133   0.86317  -0.70871
   0.86857  -0.63297   0.86855  -0.71923
   0.87386  -0.64450   0.87384  -0.72965
   0.87906  -0.65591   0.87904  -0.73996
   0.88416  -0.66720   0.88414  -0.75016
   0.88916  -0.67835   0.88914  -0.76024
   0.89407  -0.68937   0.89405  -0.77019
   0.89888  -0.70024   0.89886  -0.78001
   0.90359  -0.71095   0.90357  -0.78968
   0.90820  -0.72151   0.90818  -0.79921
   0.91271  -0.73189   0.91269  -0.80859
   0.91711  -0.74210   0.91709  -0.81780
   0.92141  -0.75213   0.92139  -0.82686
   0.92561  -0.76197   0.92559  -0.83574
   0.92970  -0.77161   0.92968  -0.84444
   0.93368  -0.78105   0.93366  -0.85296
   0.93755  -0.79028   0.93753  -0.86130
   0.94132  -0.79930   0.94130  -0.86943
   0.94497  -0.80810   0.94495  -0.87737
   0.94852  -0.81667   0.94850  -0.88511
   0.95195  -0.82500   0.95193  -0.89263
   0.95527  -0.83310   0.95525  -0.89994
   0.95848  -0.84096   0.95846  -0.90702
   0.96157  -0.84856   0.96155  -0.91389
   0.96455  -0.85591   0.96453  -0.92052
   0.96741  -0.86300   0.96739  -0.92692
   0.97016  -0.86983   0.97014  -0.93308
   0.97278  -0.87639   0.97276  -0.93899
   0.97529  -0.88267   0.97527  -0.94466
   0.97769  -0.88868   0.97767  -0.95008
   0.97996  -0.89440   0.97994  -0.95524
   0.98211  -0.89984   0.98209  -0.96015
   0.98414  -0.90498   0.98412  -0.96479
   0.98606  -0.90984   0.98604  -0.96917
   0.98785  -0.91439   0.98783  -0.97328
   0.98952  -0.91865   0.98950  -0.97711
   0.99106  -0.92260   0.99104  -0.98068
   0.99249  -0.92625   0.99247  -0.98397
   0.99379  -0.92959   0.99377  -0.98698
   0.99497  -0.93261   0.99495  -0.98971
   0.99603  -0.93533   0.99601  -0.99216
   0.99696  -0.93773   0.99694  -0.99432
   0.99777  -0.93981   0.99775  -0.99620
   0.99845  -0.94158   0.99843  -0.99779
   0.99901  -0.94302   0.99899  -0.99910
   0.99945  -0.94415   0.99943  -1.00011
   0.99976  -0.94495   0.99974  -1.00084
   0.99995  -0.94544   0.99993  -1.00128
   1.00001  -0.94560   0.99999  -1.00142

XIN,   MODIFIED LEADING EDGE THICKNESS     0.00000     0.00000
XIN,   MODIFIED LEADING EDGE THICKNESS     0.00006     0.09652
XIN,   MODIFIED LEADING EDGE THICKNESS     0.00025     0.19214
XIN,   MODIFIED LEADING EDGE THICKNESS     0.00056     0.28594
XIN,   MODIFIED LEADING EDGE THICKNESS     0.00100     0.37704
XIN,   MODIFIED LEADING EDGE THICKNESS     0.00156     0.46457
XIN,   MODIFIED LEADING EDGE THICKNESS     0.00224     0.54766
XIN,   MODIFIED LEADING EDGE THICKNESS     0.00305     0.62551
XIN,   MODIFIED LEADING EDGE THICKNESS     0.00398     0.69735
XIN,   MODIFIED LEADING EDGE THICKNESS     0.00504     0.76246
XIN,   MODIFIED LEADING EDGE THICKNESS     0.00622     0.82022
XIN,   MODIFIED LEADING EDGE THICKNESS     0.00752     0.87008
XIN,   MODIFIED LEADING EDGE THICKNESS     0.00895     0.91166
XIN,   MODIFIED LEADING EDGE THICKNESS     0.01049     0.94477
XIN,   MODIFIED LEADING EDGE THICKNESS     0.01216     0.96944
XIN,   MODIFIED LEADING EDGE THICKNESS     0.01395     0.98609
XIN,   MODIFIED LEADING EDGE THICKNESS     0.01587     0.99557
XIN,   MODIFIED LEADING EDGE THICKNESS     0.01790     0.99942
 XIN,   MODIFIED TRAILING EDGE THICKNESS     0.99105     0.99442
 XIN,   MODIFIED TRAILING EDGE THICKNESS     0.99248     0.96876
 XIN,   MODIFIED TRAILING EDGE THICKNESS     0.99378     0.92571
 XIN,   MODIFIED TRAILING EDGE THICKNESS     0.99496     0.86823
 XIN,   MODIFIED TRAILING EDGE THICKNESS     0.99602     0.79867
 XIN,   MODIFIED TRAILING EDGE THICKNESS     0.99695     0.71900
 XIN,   MODIFIED TRAILING EDGE THICKNESS     0.99776     0.63090
 XIN,   MODIFIED TRAILING EDGE THICKNESS     0.99844     0.53585
 XIN,   MODIFIED TRAILING EDGE THICKNESS     0.99900     0.43519
 XIN,   MODIFIED TRAILING EDGE THICKNESS     0.99944     0.33013
 XIN,   MODIFIED TRAILING EDGE THICKNESS     0.99975     0.22186
 XIN,   MODIFIED TRAILING EDGE THICKNESS     0.99994     0.11144
 XIN,   MODIFIED TRAILING EDGE THICKNESS     1.00000     0.00000

  POINTS NEARLY PERPENDICULAR TO THE CENTRE LINE BEFORE THINNING 
        N        XUPP      YUPP        XLOW        YLOW 
         1    -0.00748     0.01464     0.01401    -0.02742
         2    -0.00744     0.01472     0.01407    -0.02741
         3    -0.00731     0.01495     0.01428    -0.02738
         4    -0.00710     0.01532     0.01462    -0.02733
         5    -0.00680     0.01585     0.01510    -0.02726
         6    -0.00641     0.01653     0.01571    -0.02717
         7    -0.00594     0.01737     0.01646    -0.02706
         8    -0.00539     0.01835     0.01734    -0.02693
         9    -0.00474     0.01949     0.01835    -0.02678
        10    -0.00401     0.02079     0.01949    -0.02660
        11    -0.00319     0.02223     0.02075    -0.02640
        12    -0.00229     0.02384     0.02215    -0.02618
        13    -0.00130     0.02560     0.02366    -0.02593
        14    -0.00021     0.02752     0.02530    -0.02567
        15     0.00106     0.02938     0.02706    -0.02538
        16     0.00259     0.03104     0.02893    -0.02507
        17     0.00428     0.03272     0.03092    -0.02474
        18     0.00611     0.03442     0.03303    -0.02439
        19     0.00807     0.03618     0.03525    -0.02402
        20     0.01018     0.03798     0.03757    -0.02364
        21     0.01241     0.03985     0.04001    -0.02324
        22     0.01478     0.04175     0.04255    -0.02282
        23     0.01728     0.04369     0.04519    -0.02240
        24     0.01992     0.04568     0.04794    -0.02197
        25     0.02269     0.04774     0.05078    -0.02153
        26     0.02560     0.04981     0.05372    -0.02108
        27     0.02864     0.05192     0.05676    -0.02064
        28     0.03181     0.05407     0.05989    -0.02019
        29     0.03512     0.05624     0.06310    -0.01974
        30     0.03857     0.05846     0.06641    -0.01929
        31     0.04216     0.06067     0.06979    -0.01887
        32     0.04589     0.06291     0.07327    -0.01844
        33     0.04975     0.06515     0.07682    -0.01802
        34     0.05376     0.06740     0.08045    -0.01762
        35     0.05790     0.06964     0.08415    -0.01723
        36     0.06219     0.07189     0.08793    -0.01686
        37     0.06662     0.07415     0.09178    -0.01653
        38     0.07119     0.07636     0.09570    -0.01621
        39     0.07591     0.07855     0.09968    -0.01591
        40     0.08077     0.08071     0.10373    -0.01564
        41     0.08578     0.08283     0.10784    -0.01540
        42     0.09093     0.08491     0.11201    -0.01519
        43     0.09622     0.08693     0.11624    -0.01501
        44     0.10166     0.08894     0.12053    -0.01490
        45     0.10724     0.09083     0.12487    -0.01480
        46     0.11297     0.09265     0.12927    -0.01475
        47     0.11884     0.09439     0.13372    -0.01473
        48     0.12485     0.09603     0.13822    -0.01476
        49     0.13100     0.09757     0.14278    -0.01484
        50     0.13730     0.09905     0.14738    -0.01500
        51     0.14372     0.10036     0.15203    -0.01518
        52     0.15028     0.10154     0.15674    -0.01540
        53     0.15698     0.10259     0.16149    -0.01569
        54     0.16380     0.10349     0.16630    -0.01603
        55     0.17074     0.10423     0.17115    -0.01643
        56     0.17781     0.10488     0.17605    -0.01693
        57     0.18499     0.10529     0.18101    -0.01746
        58     0.19228     0.10552     0.18602    -0.01805
        59     0.19967     0.10556     0.19108    -0.01870
        60     0.20717     0.10541     0.19620    -0.01943
        61     0.21476     0.10513     0.20138    -0.02028
        62     0.22244     0.10457     0.20662    -0.02116
        63     0.23019     0.10381     0.21191    -0.02212
        64     0.23802     0.10282     0.21727    -0.02316
        65     0.24593     0.10162     0.22269    -0.02428
        66     0.25389     0.10019     0.22818    -0.02549
        67     0.26191     0.09861     0.23374    -0.02685
        68     0.26997     0.09672     0.23937    -0.02826
        69     0.27807     0.09461     0.24507    -0.02976
        70     0.28622     0.09226     0.25085    -0.03136
        71     0.29439     0.08968     0.25670    -0.03307
        72     0.30258     0.08687     0.26263    -0.03490
        73     0.31080     0.08383     0.26864    -0.03684
        74     0.31903     0.08065     0.27473    -0.03897
        75     0.32726     0.07715     0.28091    -0.04115
        76     0.33550     0.07342     0.28716    -0.04347
        77     0.34374     0.06947     0.29351    -0.04593
        78     0.35198     0.06530     0.29993    -0.04852
        79     0.36021     0.06091     0.30644    -0.05126
        80     0.36844     0.05630     0.31304    -0.05414
        81     0.37665     0.05147     0.31973    -0.05718
        82     0.38485     0.04643     0.32649    -0.06038
        83     0.39304     0.04118     0.33334    -0.06381
        84     0.40121     0.03572     0.34027    -0.06733
        85     0.40936     0.03006     0.34728    -0.07103
        86     0.41749     0.02420     0.35437    -0.07489
        87     0.42560     0.01824     0.36154    -0.07894
        88     0.43369     0.01198     0.36878    -0.08317
        89     0.44176     0.00553     0.37609    -0.08758
        90     0.44980    -0.00112     0.38348    -0.09217
        91     0.45782    -0.00795     0.39093    -0.09696
        92     0.46582    -0.01497     0.39844    -0.10194
        93     0.47379    -0.02218     0.40602    -0.10711
        94     0.48175    -0.02957     0.41366    -0.11247
        95     0.48967    -0.03714     0.42135    -0.11804
        96     0.49758    -0.04489     0.42909    -0.12380
        97     0.50546    -0.05282     0.43688    -0.12976
        98     0.51332    -0.06092     0.44472    -0.13592
        99     0.52115    -0.06920     0.45259    -0.14227
       100     0.52895    -0.07764     0.46050    -0.14883
       101     0.53674    -0.08625     0.46845    -0.15558
       102     0.54449    -0.09503     0.47642    -0.16253
       103     0.55222    -0.10396     0.48442    -0.16968
       104     0.55993    -0.11306     0.49245    -0.17702
       105     0.56760    -0.12232     0.50049    -0.18455
       106     0.57525    -0.13173     0.50855    -0.19227
       107     0.58287    -0.14129     0.51662    -0.20019
       108     0.59047    -0.15100     0.52470    -0.20828
       109     0.59803    -0.16096     0.53278    -0.21656
       110     0.60556    -0.17095     0.54087    -0.22502
       111     0.61306    -0.18109     0.54895    -0.23366
       112     0.62053    -0.19136     0.55703    -0.24247
       113     0.62797    -0.20176     0.56510    -0.25145
       114     0.63537    -0.21229     0.57316    -0.26059
       115     0.64274    -0.22294     0.58120    -0.26990
       116     0.65007    -0.23372     0.58923    -0.27936
       117     0.65737    -0.24461     0.59724    -0.28897
       118     0.66462    -0.25561     0.60522    -0.29873
       119     0.67184    -0.26672     0.61317    -0.30863
       120     0.67902    -0.27793     0.62110    -0.31866
       121     0.68616    -0.28924     0.62899    -0.32875
       122     0.69326    -0.30064     0.63685    -0.33904
       123     0.70031    -0.31213     0.64467    -0.34945
       124     0.70732    -0.32370     0.65245    -0.35997
       125     0.71428    -0.33535     0.66019    -0.37060
       126     0.72119    -0.34708     0.66788    -0.38134
       127     0.72805    -0.35887     0.67552    -0.39217
       128     0.73487    -0.37072     0.68312    -0.40309
       129     0.74163    -0.38262     0.69066    -0.41409
       130     0.74833    -0.39458     0.69815    -0.42517
       131     0.75499    -0.40657     0.70558    -0.43632
       132     0.76159    -0.41861     0.71296    -0.44753
       133     0.76813    -0.43068     0.72027    -0.45879
       134     0.77461    -0.44277     0.72752    -0.47011
       135     0.78103    -0.45488     0.73470    -0.48147
       136     0.78739    -0.46700     0.74182    -0.49286
       137     0.79368    -0.47912     0.74887    -0.50428
       138     0.79991    -0.49125     0.75585    -0.51572
       139     0.80608    -0.50336     0.76275    -0.52717
       140     0.81217    -0.51547     0.76958    -0.53863
       141     0.81820    -0.52755     0.77633    -0.55009
       142     0.82416    -0.53960     0.78301    -0.56154
       143     0.83005    -0.55162     0.78960    -0.57297
       144     0.83586    -0.56359     0.79611    -0.58438
       145     0.84160    -0.57552     0.80254    -0.59575
       146     0.84726    -0.58739     0.80888    -0.60709
       147     0.85285    -0.59919     0.81513    -0.61838
       148     0.85835    -0.61093     0.82130    -0.62962
       149     0.86378    -0.62259     0.82738    -0.64080
       150     0.86912    -0.63417     0.83336    -0.65191
       151     0.87439    -0.64565     0.83925    -0.66294
       152     0.87957    -0.65704     0.84504    -0.67389
       153     0.88466    -0.66832     0.85074    -0.68474
       154     0.88967    -0.67949     0.85634    -0.69550
       155     0.89458    -0.69053     0.86185    -0.70616
       156     0.89941    -0.70146     0.86725    -0.71670
       157     0.90415    -0.71225     0.87255    -0.72712
       158     0.90880    -0.72290     0.87774    -0.73741
       159     0.91336    -0.73341     0.88283    -0.74757
       160     0.91782    -0.74376     0.88782    -0.75759
       161     0.92219    -0.75395     0.89270    -0.76746
       162     0.92646    -0.76398     0.89747    -0.77718
       163     0.93063    -0.77383     0.90213    -0.78674
       164     0.93471    -0.78351     0.90668    -0.79612
       165     0.93869    -0.79300     0.91112    -0.80534
       166     0.94257    -0.80230     0.91544    -0.81437
       167     0.94634    -0.81140     0.91966    -0.82321
       168     0.95002    -0.82030     0.92375    -0.83186
       169     0.95359    -0.82899     0.92774    -0.84032
       170     0.95705    -0.83747     0.93160    -0.84856
       171     0.96042    -0.84573     0.93535    -0.85660
       172     0.96367    -0.85376     0.93898    -0.86442
       173     0.96682    -0.86156     0.94249    -0.87202
       174     0.96987    -0.86912     0.94588    -0.87939
       175     0.97280    -0.87643     0.94915    -0.88652
       176     0.97562    -0.88350     0.95229    -0.89342
       177     0.97834    -0.89033     0.95532    -0.90008
       178     0.98095    -0.89690     0.95822    -0.90650
       179     0.98344    -0.90321     0.96099    -0.91266
       180     0.98582    -0.90925     0.96364    -0.91855
       181     0.98809    -0.91502     0.96617    -0.92419
       182     0.99025    -0.92053     0.96857    -0.92957
       183     0.99230    -0.92575     0.97084    -0.93467
       184     0.99423    -0.93070     0.97299    -0.93951
       185     0.99604    -0.93537     0.97501    -0.94408
       186     0.99774    -0.93975     0.97690    -0.94835
       187     0.99933    -0.94384     0.97867    -0.95235
       188     1.00080    -0.94763     0.98030    -0.95606
       189     1.00215    -0.95114     0.98180    -0.95950
       190     1.00339    -0.95434     0.98318    -0.96263
       191     1.00452    -0.95725     0.98442    -0.96548
       192     1.00553    -0.95986     0.98554    -0.96803
       193     1.00642    -0.96216     0.98652    -0.97028
       194     1.00719    -0.96416     0.98738    -0.97224
       195     1.00785    -0.96585     0.98810    -0.97390
       196     1.00839    -0.96724     0.98869    -0.97526
       197     1.00880    -0.96832     0.98915    -0.97632
       198     1.00910    -0.96909     0.98948    -0.97708
       199     1.00928    -0.96955     0.98968    -0.97753
       200     1.00934    -0.96971     0.98974    -0.97768
  COORDINATES GOING ROUND THE BLADE AFTER ANY ROTATION
     N        XSURF        YSURF 
         1     0.00274    -0.00537
         2     0.00228    -0.00431
         3     0.00141    -0.00215
         4     0.00066     0.00010
         5     0.00002     0.00243
         6    -0.00049     0.00484
         7    -0.00088     0.00732
         8    -0.00113     0.00988
         9    -0.00125     0.01249
        10    -0.00122     0.01516
        11    -0.00104     0.01786
        12    -0.00070     0.02059
        13    -0.00019     0.02332
        14     0.00049     0.02605
        15     0.00146     0.02854
        16     0.00278     0.03065
        17     0.00434     0.03259
        18     0.00611     0.03440
        19     0.00807     0.03618
        20     0.01018     0.03798
        21     0.01241     0.03985
        22     0.01478     0.04175
        23     0.01728     0.04369
        24     0.01992     0.04568
        25     0.02269     0.04774
        26     0.02560     0.04981
        27     0.02864     0.05192
        28     0.03181     0.05407
        29     0.03512     0.05624
        30     0.03857     0.05846
        31     0.04216     0.06067
        32     0.04589     0.06291
        33     0.04975     0.06515
        34     0.05376     0.06740
        35     0.05790     0.06964
        36     0.06219     0.07189
        37     0.06662     0.07415
        38     0.07119     0.07636
        39     0.07591     0.07855
        40     0.08077     0.08071
        41     0.08578     0.08283
        42     0.09093     0.08491
        43     0.09622     0.08693
        44     0.10166     0.08894
        45     0.10724     0.09083
        46     0.11297     0.09265
        47     0.11884     0.09439
        48     0.12485     0.09603
        49     0.13100     0.09757
        50     0.13730     0.09905
        51     0.14372     0.10036
        52     0.15028     0.10154
        53     0.15698     0.10259
        54     0.16380     0.10349
        55     0.17074     0.10423
        56     0.17781     0.10488
        57     0.18499     0.10529
        58     0.19228     0.10552
        59     0.19967     0.10556
        60     0.20717     0.10541
        61     0.21476     0.10513
        62     0.22244     0.10457
        63     0.23019     0.10381
        64     0.23802     0.10282
        65     0.24593     0.10162
        66     0.25389     0.10019
        67     0.26191     0.09861
        68     0.26997     0.09672
        69     0.27807     0.09461
        70     0.28622     0.09226
        71     0.29439     0.08968
        72     0.30258     0.08687
        73     0.31080     0.08383
        74     0.31903     0.08065
        75     0.32726     0.07715
        76     0.33550     0.07342
        77     0.34374     0.06947
        78     0.35198     0.06530
        79     0.36021     0.06091
        80     0.36844     0.05630
        81     0.37665     0.05147
        82     0.38485     0.04643
        83     0.39304     0.04118
        84     0.40121     0.03572
        85     0.40936     0.03006
        86     0.41749     0.02420
        87     0.42560     0.01824
        88     0.43369     0.01198
        89     0.44176     0.00553
        90     0.44980    -0.00112
        91     0.45782    -0.00795
        92     0.46582    -0.01497
        93     0.47379    -0.02218
        94     0.48175    -0.02957
        95     0.48967    -0.03714
        96     0.49758    -0.04489
        97     0.50546    -0.05282
        98     0.51332    -0.06092
        99     0.52115    -0.06920
       100     0.52895    -0.07764
       101     0.53674    -0.08625
       102     0.54449    -0.09503
       103     0.55222    -0.10396
       104     0.55993    -0.11306
       105     0.56760    -0.12232
       106     0.57525    -0.13173
       107     0.58287    -0.14129
       108     0.59047    -0.15100
       109     0.59803    -0.16096
       110     0.60556    -0.17095
       111     0.61306    -0.18109
       112     0.62053    -0.19136
       113     0.62797    -0.20176
       114     0.63537    -0.21229
       115     0.64274    -0.22294
       116     0.65007    -0.23372
       117     0.65737    -0.24461
       118     0.66462    -0.25561
       119     0.67184    -0.26672
       120     0.67902    -0.27793
       121     0.68616    -0.28924
       122     0.69326    -0.30064
       123     0.70031    -0.31213
       124     0.70732    -0.32370
       125     0.71428    -0.33535
       126     0.72119    -0.34708
       127     0.72805    -0.35887
       128     0.73487    -0.37072
       129     0.74163    -0.38262
       130     0.74833    -0.39458
       131     0.75499    -0.40657
       132     0.76159    -0.41861
       133     0.76813    -0.43068
       134     0.77461    -0.44277
       135     0.78103    -0.45488
       136     0.78739    -0.46700
       137     0.79368    -0.47912
       138     0.79991    -0.49125
       139     0.80608    -0.50336
       140     0.81217    -0.51547
       141     0.81820    -0.52755
       142     0.82416    -0.53960
       143     0.83005    -0.55162
       144     0.83586    -0.56359
       145     0.84160    -0.57552
       146     0.84726    -0.58739
       147     0.85285    -0.59919
       148     0.85835    -0.61093
       149     0.86378    -0.62259
       150     0.86912    -0.63417
       151     0.87439    -0.64565
       152     0.87957    -0.65704
       153     0.88466    -0.66832
       154     0.88967    -0.67949
       155     0.89458    -0.69053
       156     0.89941    -0.70146
       157     0.90415    -0.71225
       158     0.90880    -0.72290
       159     0.91336    -0.73341
       160     0.91782    -0.74376
       161     0.92219    -0.75395
       162     0.92646    -0.76398
       163     0.93063    -0.77383
       164     0.93471    -0.78351
       165     0.93869    -0.79300
       166     0.94257    -0.80230
       167     0.94634    -0.81140
       168     0.95002    -0.82030
       169     0.95359    -0.82899
       170     0.95705    -0.83747
       171     0.96042    -0.84573
       172     0.96367    -0.85376
       173     0.96682    -0.86156
       174     0.96987    -0.86912
       175     0.97280    -0.87643
       176     0.97563    -0.88350
       177     0.97834    -0.89033
       178     0.98095    -0.89690
       179     0.98344    -0.90321
       180     0.98582    -0.90925
       181     0.98809    -0.91502
       182     0.99025    -0.92053
       183     0.99230    -0.92575
       184     0.99423    -0.93070
       185     0.99604    -0.93537
       186     0.99774    -0.93975
       187     0.99933    -0.94384
       188     1.00074    -0.94766
       189     1.00184    -0.95127
       190     1.00264    -0.95465
       191     1.00320    -0.95779
       192     1.00352    -0.96068
       193     1.00362    -0.96330
       194     1.00354    -0.96565
       195     1.00327    -0.96772
       196     1.00282    -0.96950
       197     1.00222    -0.97100
       198     1.00147    -0.97220
       199     1.00057    -0.97310
       200     1.00009    -0.97347
       201     0.99900    -0.97392
       202     0.99839    -0.97399
       203     0.99711    -0.97397
       204     0.99573    -0.97364
       205     0.99425    -0.97300
       206     0.99268    -0.97203
       207     0.99103    -0.97075
       208     0.98932    -0.96914
       209     0.98755    -0.96721
       210     0.98575    -0.96493
       211     0.98393    -0.96232
       212     0.98212    -0.95937
       213     0.98036    -0.95604
       214     0.97867    -0.95235
       215     0.97690    -0.94835
       216     0.97501    -0.94408
       217     0.97299    -0.93951
       218     0.97084    -0.93467
       219     0.96857    -0.92957
       220     0.96617    -0.92419
       221     0.96364    -0.91855
       222     0.96099    -0.91266
       223     0.95822    -0.90650
       224     0.95532    -0.90008
       225     0.95229    -0.89342
       226     0.94915    -0.88652
       227     0.94588    -0.87939
       228     0.94249    -0.87202
       229     0.93898    -0.86442
       230     0.93535    -0.85660
       231     0.93160    -0.84856
       232     0.92774    -0.84032
       233     0.92375    -0.83186
       234     0.91966    -0.82321
       235     0.91544    -0.81437
       236     0.91112    -0.80534
       237     0.90668    -0.79612
       238     0.90213    -0.78674
       239     0.89747    -0.77718
       240     0.89270    -0.76746
       241     0.88782    -0.75759
       242     0.88283    -0.74757
       243     0.87774    -0.73741
       244     0.87255    -0.72712
       245     0.86725    -0.71670
       246     0.86185    -0.70616
       247     0.85634    -0.69550
       248     0.85074    -0.68474
       249     0.84504    -0.67389
       250     0.83925    -0.66294
       251     0.83336    -0.65191
       252     0.82738    -0.64080
       253     0.82130    -0.62962
       254     0.81513    -0.61838
       255     0.80888    -0.60709
       256     0.80254    -0.59575
       257     0.79611    -0.58438
       258     0.78960    -0.57297
       259     0.78301    -0.56154
       260     0.77633    -0.55009
       261     0.76958    -0.53863
       262     0.76275    -0.52717
       263     0.75585    -0.51572
       264     0.74887    -0.50428
       265     0.74182    -0.49286
       266     0.73470    -0.48147
       267     0.72752    -0.47011
       268     0.72027    -0.45879
       269     0.71296    -0.44753
       270     0.70558    -0.43632
       271     0.69815    -0.42517
       272     0.69066    -0.41409
       273     0.68312    -0.40309
       274     0.67552    -0.39217
       275     0.66788    -0.38134
       276     0.66019    -0.37060
       277     0.65245    -0.35997
       278     0.64467    -0.34945
       279     0.63685    -0.33904
       280     0.62899    -0.32875
       281     0.62110    -0.31866
       282     0.61317    -0.30863
       283     0.60522    -0.29873
       284     0.59724    -0.28897
       285     0.58923    -0.27936
       286     0.58120    -0.26990
       287     0.57316    -0.26059
       288     0.56510    -0.25145
       289     0.55703    -0.24247
       290     0.54895    -0.23366
       291     0.54087    -0.22502
       292     0.53278    -0.21656
       293     0.52470    -0.20828
       294     0.51662    -0.20019
       295     0.50855    -0.19227
       296     0.50049    -0.18455
       297     0.49245    -0.17702
       298     0.48442    -0.16968
       299     0.47642    -0.16253
       300     0.46845    -0.15558
       301     0.46050    -0.14883
       302     0.45259    -0.14227
       303     0.44472    -0.13592
       304     0.43688    -0.12976
       305     0.42909    -0.12380
       306     0.42135    -0.11804
       307     0.41366    -0.11247
       308     0.40602    -0.10711
       309     0.39844    -0.10194
       310     0.39093    -0.09696
       311     0.38348    -0.09217
       312     0.37609    -0.08758
       313     0.36878    -0.08317
       314     0.36154    -0.07894
       315     0.35437    -0.07489
       316     0.34728    -0.07103
       317     0.34027    -0.06733
       318     0.33334    -0.06381
       319     0.32649    -0.06038
       320     0.31973    -0.05718
       321     0.31304    -0.05414
       322     0.30644    -0.05126
       323     0.29993    -0.04852
       324     0.29351    -0.04593
       325     0.28716    -0.04347
       326     0.28091    -0.04115
       327     0.27473    -0.03897
       328     0.26864    -0.03684
       329     0.26263    -0.03490
       330     0.25670    -0.03307
       331     0.25085    -0.03136
       332     0.24507    -0.02976
       333     0.23937    -0.02826
       334     0.23374    -0.02685
       335     0.22818    -0.02549
       336     0.22269    -0.02428
       337     0.21727    -0.02316
       338     0.21191    -0.02212
       339     0.20662    -0.02116
       340     0.20138    -0.02028
       341     0.19620    -0.01943
       342     0.19108    -0.01870
       343     0.18602    -0.01805
       344     0.18101    -0.01746
       345     0.17605    -0.01693
       346     0.17115    -0.01643
       347     0.16630    -0.01603
       348     0.16149    -0.01569
       349     0.15674    -0.01540
       350     0.15203    -0.01518
       351     0.14738    -0.01500
       352     0.14278    -0.01484
       353     0.13822    -0.01476
       354     0.13372    -0.01473
       355     0.12927    -0.01475
       356     0.12487    -0.01480
       357     0.12053    -0.01490
       358     0.11624    -0.01501
       359     0.11201    -0.01519
       360     0.10784    -0.01540
       361     0.10373    -0.01564
       362     0.09968    -0.01591
       363     0.09570    -0.01621
       364     0.09178    -0.01653
       365     0.08793    -0.01686
       366     0.08415    -0.01723
       367     0.08045    -0.01762
       368     0.07682    -0.01802
       369     0.07327    -0.01844
       370     0.06979    -0.01887
       371     0.06641    -0.01929
       372     0.06310    -0.01974
       373     0.05989    -0.02019
       374     0.05676    -0.02064
       375     0.05372    -0.02108
       376     0.05078    -0.02153
       377     0.04794    -0.02197
       378     0.04519    -0.02240
       379     0.04255    -0.02282
       380     0.04001    -0.02324
       381     0.03757    -0.02364
       382     0.03525    -0.02402
       383     0.03302    -0.02437
       384     0.03086    -0.02461
       385     0.02875    -0.02468
       386     0.02666    -0.02454
       387     0.02459    -0.02420
       388     0.02256    -0.02366
       389     0.02056    -0.02293
       390     0.01860    -0.02203
       391     0.01670    -0.02097
       392     0.01485    -0.01977
       393     0.01308    -0.01845
       394     0.01139    -0.01701
       395     0.00979    -0.01547
       396     0.00828    -0.01383
       397     0.00687    -0.01210
       398     0.00556    -0.01028
       399     0.00436    -0.00838
       400     0.00378    -0.00740
  LEADING EDGE POINT =            9  TE POINT =         193

  NO OF SUCT S POINTS         185  NO PRESS S POINTS         217
  XMIN,XMAX, XCHORD    -1.24820706E-03   1.00362420       1.00487244    

   SUCTION SURFACE POINTS FROM LE TO TE.
         1    -0.00125     0.01249
         2    -0.00122     0.01516
         3    -0.00104     0.01786
         4    -0.00070     0.02059
         5    -0.00019     0.02332
         6     0.00049     0.02605
         7     0.00146     0.02854
         8     0.00278     0.03065
         9     0.00434     0.03259
        10     0.00611     0.03440
        11     0.00807     0.03618
        12     0.01018     0.03798
        13     0.01241     0.03985
        14     0.01478     0.04175
        15     0.01728     0.04369
        16     0.01992     0.04568
        17     0.02269     0.04774
        18     0.02560     0.04981
        19     0.02864     0.05192
        20     0.03181     0.05407
        21     0.03512     0.05624
        22     0.03857     0.05846
        23     0.04216     0.06067
        24     0.04589     0.06291
        25     0.04975     0.06515
        26     0.05376     0.06740
        27     0.05790     0.06964
        28     0.06219     0.07189
        29     0.06662     0.07415
        30     0.07119     0.07636
        31     0.07591     0.07855
        32     0.08077     0.08071
        33     0.08578     0.08283
        34     0.09093     0.08491
        35     0.09622     0.08693
        36     0.10166     0.08894
        37     0.10724     0.09083
        38     0.11297     0.09265
        39     0.11884     0.09439
        40     0.12485     0.09603
        41     0.13100     0.09757
        42     0.13730     0.09905
        43     0.14372     0.10036
        44     0.15028     0.10154
        45     0.15698     0.10259
        46     0.16380     0.10349
        47     0.17074     0.10423
        48     0.17781     0.10488
        49     0.18499     0.10529
        50     0.19228     0.10552
        51     0.19967     0.10556
        52     0.20717     0.10541
        53     0.21476     0.10513
        54     0.22244     0.10457
        55     0.23019     0.10381
        56     0.23802     0.10282
        57     0.24593     0.10162
        58     0.25389     0.10019
        59     0.26191     0.09861
        60     0.26997     0.09672
        61     0.27807     0.09461
        62     0.28622     0.09226
        63     0.29439     0.08968
        64     0.30258     0.08687
        65     0.31080     0.08383
        66     0.31903     0.08065
        67     0.32726     0.07715
        68     0.33550     0.07342
        69     0.34374     0.06947
        70     0.35198     0.06530
        71     0.36021     0.06091
        72     0.36844     0.05630
        73     0.37665     0.05147
        74     0.38485     0.04643
        75     0.39304     0.04118
        76     0.40121     0.03572
        77     0.40936     0.03006
        78     0.41749     0.02420
        79     0.42560     0.01824
        80     0.43369     0.01198
        81     0.44176     0.00553
        82     0.44980    -0.00112
        83     0.45782    -0.00795
        84     0.46582    -0.01497
        85     0.47379    -0.02218
        86     0.48175    -0.02957
        87     0.48967    -0.03714
        88     0.49758    -0.04489
        89     0.50546    -0.05282
        90     0.51332    -0.06092
        91     0.52115    -0.06920
        92     0.52895    -0.07764
        93     0.53674    -0.08625
        94     0.54449    -0.09503
        95     0.55222    -0.10396
        96     0.55993    -0.11306
        97     0.56760    -0.12232
        98     0.57525    -0.13173
        99     0.58287    -0.14129
       100     0.59047    -0.15100
       101     0.59803    -0.16096
       102     0.60556    -0.17095
       103     0.61306    -0.18109
       104     0.62053    -0.19136
       105     0.62797    -0.20176
       106     0.63537    -0.21229
       107     0.64274    -0.22294
       108     0.65007    -0.23372
       109     0.65737    -0.24461
       110     0.66462    -0.25561
       111     0.67184    -0.26672
       112     0.67902    -0.27793
       113     0.68616    -0.28924
       114     0.69326    -0.30064
       115     0.70031    -0.31213
       116     0.70732    -0.32370
       117     0.71428    -0.33535
       118     0.72119    -0.34708
       119     0.72805    -0.35887
       120     0.73487    -0.37072
       121     0.74163    -0.38262
       122     0.74833    -0.39458
       123     0.75499    -0.40657
       124     0.76159    -0.41861
       125     0.76813    -0.43068
       126     0.77461    -0.44277
       127     0.78103    -0.45488
       128     0.78739    -0.46700
       129     0.79368    -0.47912
       130     0.79991    -0.49125
       131     0.80608    -0.50336
       132     0.81217    -0.51547
       133     0.81820    -0.52755
       134     0.82416    -0.53960
       135     0.83005    -0.55162
       136     0.83586    -0.56359
       137     0.84160    -0.57552
       138     0.84726    -0.58739
       139     0.85285    -0.59919
       140     0.85835    -0.61093
       141     0.86378    -0.62259
       142     0.86912    -0.63417
       143     0.87439    -0.64565
       144     0.87957    -0.65704
       145     0.88466    -0.66832
       146     0.88967    -0.67949
       147     0.89458    -0.69053
       148     0.89941    -0.70146
       149     0.90415    -0.71225
       150     0.90880    -0.72290
       151     0.91336    -0.73341
       152     0.91782    -0.74376
       153     0.92219    -0.75395
       154     0.92646    -0.76398
       155     0.93063    -0.77383
       156     0.93471    -0.78351
       157     0.93869    -0.79300
       158     0.94257    -0.80230
       159     0.94634    -0.81140
       160     0.95002    -0.82030
       161     0.95359    -0.82899
       162     0.95705    -0.83747
       163     0.96042    -0.84573
       164     0.96367    -0.85376
       165     0.96682    -0.86156
       166     0.96987    -0.86912
       167     0.97280    -0.87643
       168     0.97563    -0.88350
       169     0.97834    -0.89033
       170     0.98095    -0.89690
       171     0.98344    -0.90321
       172     0.98582    -0.90925
       173     0.98809    -0.91502
       174     0.99025    -0.92053
       175     0.99230    -0.92575
       176     0.99423    -0.93070
       177     0.99604    -0.93537
       178     0.99774    -0.93975
       179     0.99933    -0.94384
       180     1.00074    -0.94766
       181     1.00184    -0.95127
       182     1.00264    -0.95465
       183     1.00320    -0.95779
       184     1.00352    -0.96068
       185     1.00362    -0.96330

   PRESSURE SURFACE POINTS FROM LE TO TE.
         1    -0.00125     0.01249
         2    -0.00113     0.00988
         3    -0.00088     0.00732
         4    -0.00049     0.00484
         5     0.00002     0.00243
         6     0.00066     0.00010
         7     0.00141    -0.00215
         8     0.00228    -0.00431
         9     0.00274    -0.00537
        10     0.00378    -0.00740
        11     0.00436    -0.00838
        12     0.00556    -0.01028
        13     0.00687    -0.01210
        14     0.00828    -0.01383
        15     0.00979    -0.01547
        16     0.01139    -0.01701
        17     0.01308    -0.01845
        18     0.01485    -0.01977
        19     0.01670    -0.02097
        20     0.01860    -0.02203
        21     0.02056    -0.02293
        22     0.02256    -0.02366
        23     0.02459    -0.02420
        24     0.02666    -0.02454
        25     0.02875    -0.02468
        26     0.03086    -0.02461
        27     0.03302    -0.02437
        28     0.03525    -0.02402
        29     0.03757    -0.02364
        30     0.04001    -0.02324
        31     0.04255    -0.02282
        32     0.04519    -0.02240
        33     0.04794    -0.02197
        34     0.05078    -0.02153
        35     0.05372    -0.02108
        36     0.05676    -0.02064
        37     0.05989    -0.02019
        38     0.06310    -0.01974
        39     0.06641    -0.01929
        40     0.06979    -0.01887
        41     0.07327    -0.01844
        42     0.07682    -0.01802
        43     0.08045    -0.01762
        44     0.08415    -0.01723
        45     0.08793    -0.01686
        46     0.09178    -0.01653
        47     0.09570    -0.01621
        48     0.09968    -0.01591
        49     0.10373    -0.01564
        50     0.10784    -0.01540
        51     0.11201    -0.01519
        52     0.11624    -0.01501
        53     0.12053    -0.01490
        54     0.12487    -0.01480
        55     0.12927    -0.01475
        56     0.13372    -0.01473
        57     0.13822    -0.01476
        58     0.14278    -0.01484
        59     0.14738    -0.01500
        60     0.15203    -0.01518
        61     0.15674    -0.01540
        62     0.16149    -0.01569
        63     0.16630    -0.01603
        64     0.17115    -0.01643
        65     0.17605    -0.01693
        66     0.18101    -0.01746
        67     0.18602    -0.01805
        68     0.19108    -0.01870
        69     0.19620    -0.01943
        70     0.20138    -0.02028
        71     0.20662    -0.02116
        72     0.21191    -0.02212
        73     0.21727    -0.02316
        74     0.22269    -0.02428
        75     0.22818    -0.02549
        76     0.23374    -0.02685
        77     0.23937    -0.02826
        78     0.24507    -0.02976
        79     0.25085    -0.03136
        80     0.25670    -0.03307
        81     0.26263    -0.03490
        82     0.26864    -0.03684
        83     0.27473    -0.03897
        84     0.28091    -0.04115
        85     0.28716    -0.04347
        86     0.29351    -0.04593
        87     0.29993    -0.04852
        88     0.30644    -0.05126
        89     0.31304    -0.05414
        90     0.31973    -0.05718
        91     0.32649    -0.06038
        92     0.33334    -0.06381
        93     0.34027    -0.06733
        94     0.34728    -0.07103
        95     0.35437    -0.07489
        96     0.36154    -0.07894
        97     0.36878    -0.08317
        98     0.37609    -0.08758
        99     0.38348    -0.09217
       100     0.39093    -0.09696
       101     0.39844    -0.10194
       102     0.40602    -0.10711
       103     0.41366    -0.11247
       104     0.42135    -0.11804
       105     0.42909    -0.12380
       106     0.43688    -0.12976
       107     0.44472    -0.13592
       108     0.45259    -0.14227
       109     0.46050    -0.14883
       110     0.46845    -0.15558
       111     0.47642    -0.16253
       112     0.48442    -0.16968
       113     0.49245    -0.17702
       114     0.50049    -0.18455
       115     0.50855    -0.19227
       116     0.51662    -0.20019
       117     0.52470    -0.20828
       118     0.53278    -0.21656
       119     0.54087    -0.22502
       120     0.54895    -0.23366
       121     0.55703    -0.24247
       122     0.56510    -0.25145
       123     0.57316    -0.26059
       124     0.58120    -0.26990
       125     0.58923    -0.27936
       126     0.59724    -0.28897
       127     0.60522    -0.29873
       128     0.61317    -0.30863
       129     0.62110    -0.31866
       130     0.62899    -0.32875
       131     0.63685    -0.33904
       132     0.64467    -0.34945
       133     0.65245    -0.35997
       134     0.66019    -0.37060
       135     0.66788    -0.38134
       136     0.67552    -0.39217
       137     0.68312    -0.40309
       138     0.69066    -0.41409
       139     0.69815    -0.42517
       140     0.70558    -0.43632
       141     0.71296    -0.44753
       142     0.72027    -0.45879
       143     0.72752    -0.47011
       144     0.73470    -0.48147
       145     0.74182    -0.49286
       146     0.74887    -0.50428
       147     0.75585    -0.51572
       148     0.76275    -0.52717
       149     0.76958    -0.53863
       150     0.77633    -0.55009
       151     0.78301    -0.56154
       152     0.78960    -0.57297
       153     0.79611    -0.58438
       154     0.80254    -0.59575
       155     0.80888    -0.60709
       156     0.81513    -0.61838
       157     0.82130    -0.62962
       158     0.82738    -0.64080
       159     0.83336    -0.65191
       160     0.83925    -0.66294
       161     0.84504    -0.67389
       162     0.85074    -0.68474
       163     0.85634    -0.69550
       164     0.86185    -0.70616
       165     0.86725    -0.71670
       166     0.87255    -0.72712
       167     0.87774    -0.73741
       168     0.88283    -0.74757
       169     0.88782    -0.75759
       170     0.89270    -0.76746
       171     0.89747    -0.77718
       172     0.90213    -0.78674
       173     0.90668    -0.79612
       174     0.91112    -0.80534
       175     0.91544    -0.81437
       176     0.91966    -0.82321
       177     0.92375    -0.83186
       178     0.92774    -0.84032
       179     0.93160    -0.84856
       180     0.93535    -0.85660
       181     0.93898    -0.86442
       182     0.94249    -0.87202
       183     0.94588    -0.87939
       184     0.94915    -0.88652
       185     0.95229    -0.89342
       186     0.95532    -0.90008
       187     0.95822    -0.90650
       188     0.96099    -0.91266
       189     0.96364    -0.91855
       190     0.96617    -0.92419
       191     0.96857    -0.92957
       192     0.97084    -0.93467
       193     0.97299    -0.93951
       194     0.97501    -0.94408
       195     0.97690    -0.94835
       196     0.97867    -0.95235
       197     0.98036    -0.95604
       198     0.98212    -0.95937
       199     0.98393    -0.96232
       200     0.98575    -0.96493
       201     0.98755    -0.96721
       202     0.98932    -0.96914
       203     0.99103    -0.97075
       204     0.99268    -0.97203
       205     0.99425    -0.97300
       206     0.99573    -0.97364
       207     0.99711    -0.97397
       208     0.99839    -0.97399
       209     0.99900    -0.97392
       210     1.00009    -0.97347
       211     1.00057    -0.97310
       212     1.00147    -0.97220
       213     1.00222    -0.97100
       214     1.00282    -0.96950
       215     1.00327    -0.96772
       216     1.00354    -0.96565
       217     1.00362    -0.96330
  POINTS ON THE BLADE TO BE USED FOR PLOTTING 
  AND FINAL INTERPOLATION 
  N           X          YUP        YLOW        THICK 
    1      0.0000      0.0124      0.0124      0.0000
    2      0.0001      0.0156      0.0110      0.0046
    3      0.0002      0.0181      0.0085      0.0096
    4      0.0006      0.0206      0.0061      0.0145
    5      0.0010      0.0229      0.0037      0.0193
    6      0.0016      0.0252      0.0013      0.0239
    7      0.0022      0.0272     -0.0009      0.0282
    8      0.0030      0.0290     -0.0031      0.0321
    9      0.0040      0.0305     -0.0054      0.0358
   10      0.0050      0.0318     -0.0074      0.0392
   11      0.0062      0.0331     -0.0094      0.0425
   12      0.0075      0.0344     -0.0113      0.0457
   13      0.0089      0.0357     -0.0131      0.0488
   14      0.0105      0.0370     -0.0149      0.0519
   15      0.0122      0.0385     -0.0165      0.0550
   16      0.0140      0.0399     -0.0181      0.0580
   17      0.0159      0.0415     -0.0196      0.0610
   18      0.0179      0.0431     -0.0209      0.0639
   19      0.0201      0.0447     -0.0221      0.0668
   20      0.0223      0.0464     -0.0230      0.0694
   21      0.0247      0.0481     -0.0238      0.0720
   22      0.0272      0.0499     -0.0243      0.0743
   23      0.0299      0.0517     -0.0246      0.0763
   24      0.0326      0.0536     -0.0244      0.0780
   25      0.0355      0.0555     -0.0240      0.0795
   26      0.0384      0.0574     -0.0236      0.0810
   27      0.0415      0.0594     -0.0230      0.0824
   28      0.0447      0.0613     -0.0225      0.0838
   29      0.0481      0.0633     -0.0220      0.0853
   30      0.0515      0.0652     -0.0215      0.0867
   31      0.0550      0.0672     -0.0209      0.0882
   32      0.0587      0.0692     -0.0204      0.0896
   33      0.0625      0.0712     -0.0199      0.0910
   34      0.0663      0.0732     -0.0193      0.0925
   35      0.0703      0.0751     -0.0188      0.0940
   36      0.0744      0.0771     -0.0183      0.0954
   37      0.0786      0.0790     -0.0178      0.0968
   38      0.0829      0.0809     -0.0174      0.0982
   39      0.0873      0.0827     -0.0169      0.0996
   40      0.0918      0.0845     -0.0165      0.1010
   41      0.0964      0.0863     -0.0161      0.1024
   42      0.1011      0.0880     -0.0158      0.1038
   43      0.1059      0.0897     -0.0155      0.1052
   44      0.1108      0.0913     -0.0152      0.1065
   45      0.1159      0.0928     -0.0150      0.1078
   46      0.1210      0.0943     -0.0148      0.1092
   47      0.1261      0.0957     -0.0147      0.1105
   48      0.1314      0.0971     -0.0147      0.1117
   49      0.1368      0.0983     -0.0147      0.1130
   50      0.1423      0.0995     -0.0147      0.1142
   51      0.1478      0.1005     -0.0149      0.1154
   52      0.1535      0.1015     -0.0151      0.1166
   53      0.1592      0.1023     -0.0154      0.1178
   54      0.1650      0.1031     -0.0158      0.1189
   55      0.1709      0.1037     -0.0163      0.1200
   56      0.1769      0.1043     -0.0169      0.1212
   57      0.1830      0.1046     -0.0176      0.1222
   58      0.1891      0.1049     -0.0183      0.1232
   59      0.1954      0.1050     -0.0192      0.1242
   60      0.2017      0.1050     -0.0202      0.1252
   61      0.2080      0.1049     -0.0213      0.1261
   62      0.2145      0.1046     -0.0225      0.1271
   63      0.2210      0.1042     -0.0238      0.1280
   64      0.2276      0.1036     -0.0252      0.1288
   65      0.2342      0.1028     -0.0268      0.1296
   66      0.2409      0.1019     -0.0285      0.1304
   67      0.2477      0.1008     -0.0303      0.1311
   68      0.2546      0.0996     -0.0323      0.1319
   69      0.2615      0.0982     -0.0344      0.1326
   70      0.2684      0.0966     -0.0366      0.1332
   71      0.2755      0.0948     -0.0391      0.1339
   72      0.2826      0.0928     -0.0416      0.1344
   73      0.2897      0.0907     -0.0443      0.1350
   74      0.2969      0.0883     -0.0471      0.1355
   75      0.3041      0.0858     -0.0501      0.1359
   76      0.3114      0.0831     -0.0533      0.1364
   77      0.3187      0.0803     -0.0566      0.1368
   78      0.3261      0.0771     -0.0601      0.1372
   79      0.3335      0.0738     -0.0638      0.1376
   80      0.3410      0.0702     -0.0676      0.1379
   81      0.3485      0.0665     -0.0716      0.1381
   82      0.3560      0.0626     -0.0757      0.1383
   83      0.3636      0.0584     -0.0801      0.1385
   84      0.3712      0.0541     -0.0846      0.1386
   85      0.3789      0.0495     -0.0892      0.1387
   86      0.3865      0.0447     -0.0941      0.1388
   87      0.3942      0.0397     -0.0991      0.1389
   88      0.4020      0.0345     -0.1043      0.1389
   89      0.4097      0.0291     -0.1097      0.1388
   90      0.4175      0.0235     -0.1153      0.1388
   91      0.4253      0.0178     -0.1210      0.1387
   92      0.4331      0.0117     -0.1269      0.1386
   93      0.4409      0.0054     -0.1330      0.1384
   94      0.4488     -0.0010     -0.1393      0.1382
   95      0.4566     -0.0077     -0.1457      0.1380
   96      0.4645     -0.0146     -0.1524      0.1377
   97      0.4724     -0.0218     -0.1592      0.1374
   98      0.4803     -0.0291     -0.1661      0.1371
   99      0.4882     -0.0366     -0.1733      0.1367
  100      0.4961     -0.0443     -0.1806      0.1363
  101      0.5039     -0.0523     -0.1881      0.1358
  102      0.5118     -0.0604     -0.1958      0.1354
  103      0.5197     -0.0687     -0.2036      0.1349
  104      0.5276     -0.0772     -0.2116      0.1343
  105      0.5355     -0.0860     -0.2197      0.1338
  106      0.5434     -0.0949     -0.2281      0.1332
  107      0.5512     -0.1040     -0.2365      0.1326
  108      0.5591     -0.1133     -0.2452      0.1319
  109      0.5669     -0.1227     -0.2540      0.1313
  110      0.5747     -0.1323     -0.2629      0.1305
  111      0.5825     -0.1422     -0.2720      0.1298
  112      0.5903     -0.1522     -0.2812      0.1290
  113      0.5980     -0.1624     -0.2906      0.1282
  114      0.6058     -0.1727     -0.3001      0.1274
  115      0.6135     -0.1831     -0.3097      0.1266
  116      0.6211     -0.1937     -0.3194      0.1257
  117      0.6288     -0.2045     -0.3292      0.1247
  118      0.6364     -0.2154     -0.3392      0.1239
  119      0.6440     -0.2264     -0.3493      0.1229
  120      0.6515     -0.2376     -0.3596      0.1220
  121      0.6590     -0.2489     -0.3699      0.1210
  122      0.6665     -0.2603     -0.3803      0.1201
  123      0.6739     -0.2718     -0.3908      0.1191
  124      0.6813     -0.2834     -0.4015      0.1181
  125      0.6886     -0.2951     -0.4122      0.1170
  126      0.6959     -0.3069     -0.4229      0.1160
  127      0.7031     -0.3188     -0.4338      0.1150
  128      0.7103     -0.3308     -0.4447      0.1139
  129      0.7174     -0.3429     -0.4557      0.1128
  130      0.7245     -0.3550     -0.4667      0.1117
  131      0.7316     -0.3672     -0.4778      0.1106
  132      0.7385     -0.3794     -0.4890      0.1095
  133      0.7454     -0.3917     -0.5001      0.1084
  134      0.7523     -0.4041     -0.5113      0.1073
  135      0.7591     -0.4164     -0.5226      0.1061
  136      0.7658     -0.4288     -0.5338      0.1050
  137      0.7724     -0.4413     -0.5451      0.1038
  138      0.7790     -0.4537     -0.5563      0.1027
  139      0.7855     -0.4661     -0.5676      0.1015
  140      0.7920     -0.4785     -0.5789      0.1003
  141      0.7983     -0.4910     -0.5901      0.0992
  142      0.8046     -0.5034     -0.6014      0.0980
  143      0.8109     -0.5157     -0.6126      0.0968
  144      0.8170     -0.5281     -0.6237      0.0957
  145      0.8231     -0.5404     -0.6349      0.0945
  146      0.8291     -0.5526     -0.6459      0.0933
  147      0.8350     -0.5648     -0.6570      0.0922
  148      0.8408     -0.5770     -0.6679      0.0910
  149      0.8465     -0.5890     -0.6788      0.0898
  150      0.8522     -0.6010     -0.6897      0.0887
  151      0.8577     -0.6129     -0.7004      0.0875
  152      0.8632     -0.6247     -0.7111      0.0864
  153      0.8686     -0.6364     -0.7216      0.0853
  154      0.8739     -0.6479     -0.7321      0.0842
  155      0.8790     -0.6594     -0.7425      0.0831
  156      0.8841     -0.6707     -0.7527      0.0820
  157      0.8892     -0.6819     -0.7628      0.0809
  158      0.8941     -0.6930     -0.7728      0.0798
  159      0.8989     -0.7039     -0.7827      0.0787
  160      0.9036     -0.7147     -0.7924      0.0777
  161      0.9082     -0.7253     -0.8019      0.0767
  162      0.9127     -0.7357     -0.8114      0.0757
  163      0.9171     -0.7460     -0.8206      0.0747
  164      0.9214     -0.7560     -0.8297      0.0737
  165      0.9256     -0.7659     -0.8386      0.0727
  166      0.9297     -0.7756     -0.8474      0.0718
  167      0.9337     -0.7851     -0.8559      0.0708
  168      0.9375     -0.7943     -0.8643      0.0699
  169      0.9413     -0.8034     -0.8725      0.0691
  170      0.9450     -0.8122     -0.8804      0.0682
  171      0.9485     -0.8208     -0.8882      0.0673
  172      0.9519     -0.8292     -0.8957      0.0665
  173      0.9553     -0.8374     -0.9031      0.0657
  174      0.9585     -0.8452     -0.9102      0.0650
  175      0.9616     -0.8529     -0.9171      0.0642
  176      0.9645     -0.8603     -0.9238      0.0635
  177      0.9674     -0.8674     -0.9302      0.0628
  178      0.9701     -0.8742     -0.9364      0.0621
  179      0.9728     -0.8808     -0.9423      0.0615
  180      0.9753     -0.8871     -0.9480      0.0609
  181      0.9777     -0.8932     -0.9530      0.0598
  182      0.9799     -0.8989     -0.9569      0.0580
  183      0.9821     -0.9044     -0.9601      0.0557
  184      0.9841     -0.9095     -0.9627      0.0531
  185      0.9860     -0.9144     -0.9647      0.0503
  186      0.9878     -0.9190     -0.9663      0.0473
  187      0.9895     -0.9233     -0.9676      0.0443
  188      0.9911     -0.9272     -0.9684      0.0412
  189      0.9925     -0.9309     -0.9690      0.0381
  190      0.9938     -0.9342     -0.9693      0.0350
  191      0.9950     -0.9373     -0.9692      0.0320
  192      0.9960     -0.9401     -0.9689      0.0289
  193      0.9970     -0.9426     -0.9684      0.0258
  194      0.9978     -0.9451     -0.9676      0.0224
  195      0.9984     -0.9476     -0.9665      0.0190
  196      0.9990     -0.9499     -0.9653      0.0154
  197      0.9994     -0.9524     -0.9639      0.0115
  198      0.9998     -0.9547     -0.9622      0.0075
  199      0.9999     -0.9571     -0.9603      0.0032
  200      1.0000     -0.9586     -0.9586      0.0000
 GRID EXPANSION RATIO UP=    1.11538 DOWN =    1.07955
  AXIAL,TANGENTIAL AND RADIAL COORDINATES ON THE STREAM
  SURFACE BEFORE TRANSFORMING TO R-THETA COORDINATES 
 J, XGRID,YGRID,RGRID            1   4.11502011E-02  -4.37847339E-03  0.422972351    
 J, XGRID,YGRID,RGRID            2   4.16274294E-02  -3.80633655E-03  0.424150378    
 J, XGRID,YGRID,RGRID            3   4.20859344E-02  -3.29338363E-03  0.425173223    
 J, XGRID,YGRID,RGRID            4   4.25252095E-02  -2.83349212E-03  0.426058233    
 J, XGRID,YGRID,RGRID            5   4.29443531E-02  -2.42117373E-03  0.426822543    
 J, XGRID,YGRID,RGRID            6   4.33422811E-02  -2.05150712E-03  0.427480817    
 J, XGRID,YGRID,RGRID            7   4.37182710E-02  -1.72008015E-03  0.428048193    
 J, XGRID,YGRID,RGRID            8   4.40717265E-02  -1.42293714E-03  0.428536803    
 J, XGRID,YGRID,RGRID            9   4.44025323E-02  -1.15653174E-03  0.428958058    
 J, XGRID,YGRID,RGRID           10   4.47107479E-02  -9.17684229E-04  0.429320991    
 J, XGRID,YGRID,RGRID           11   4.49968055E-02  -7.03544007E-04  0.429634422    
 J, XGRID,YGRID,RGRID           12   4.52613719E-02  -5.11555176E-04  0.429905325    
 J, XGRID,YGRID,RGRID           13   4.55052666E-02  -3.39426391E-04  0.430139810    
 J, XGRID,YGRID,RGRID           14   4.57294434E-02  -1.85103243E-04  0.430343121    
 J, XGRID,YGRID,RGRID           15   4.59349453E-02  -4.67438440E-05  0.430519551    
 J, XGRID,YGRID,RGRID           16   4.61239032E-02   7.73031570E-05  0.430671841    
 J, XGRID,YGRID,RGRID           17   4.62996736E-02   1.88518286E-04  0.430800349    
 J, XGRID,YGRID,RGRID           18   4.64573093E-02   2.88228912E-04  0.430915505    
 J, XGRID,YGRID,RGRID           19   4.65986505E-02   3.77625111E-04  0.431018710    
 J, XGRID,YGRID,RGRID           20   4.67253812E-02   4.57773858E-04  0.431111127    
 J, XGRID,YGRID,RGRID           21   4.68389988E-02   5.29631739E-04  0.431194007    
 J, XGRID,YGRID,RGRID           22   4.69478928E-02   1.15280156E-03  0.431281090    
 J, XGRID,YGRID,RGRID           23   4.70604487E-02   1.32114207E-03  0.431373268    
 J, XGRID,YGRID,RGRID           24   4.71769236E-02   1.45653740E-03  0.431470931    
 J, XGRID,YGRID,RGRID           25   4.72976118E-02   1.58897520E-03  0.431574851    
 J, XGRID,YGRID,RGRID           26   4.74227034E-02   1.71978353E-03  0.431685418    
 J, XGRID,YGRID,RGRID           27   4.75524180E-02   1.85173017E-03  0.431803495    
 J, XGRID,YGRID,RGRID           28   4.76868674E-02   1.98369217E-03  0.431929231    
 J, XGRID,YGRID,RGRID           29   4.78262380E-02   2.11601355E-03  0.432063788    
 J, XGRID,YGRID,RGRID           30   4.79705781E-02   2.24994449E-03  0.432207555    
 J, XGRID,YGRID,RGRID           31   4.81199510E-02   2.38382444E-03  0.432361454    
 J, XGRID,YGRID,RGRID           32   4.82743569E-02   2.51802267E-03  0.432526022    
 J, XGRID,YGRID,RGRID           33   4.84337509E-02   2.65215430E-03  0.432702124    
 J, XGRID,YGRID,RGRID           34   4.85980771E-02   2.78590154E-03  0.432890475    
 J, XGRID,YGRID,RGRID           35   4.87671942E-02   2.91870488E-03  0.433092117    
 J, XGRID,YGRID,RGRID           36   4.89408746E-02   3.04898713E-03  0.433307737    
 J, XGRID,YGRID,RGRID           37   4.91186306E-02   3.17647564E-03  0.433538139    
 J, XGRID,YGRID,RGRID           38   4.93002273E-02   3.29996110E-03  0.433783829    
 J, XGRID,YGRID,RGRID           39   4.94855382E-02   3.41991824E-03  0.434046239    
 J, XGRID,YGRID,RGRID           40   4.96743731E-02   3.53271584E-03  0.434326559    
 J, XGRID,YGRID,RGRID           41   4.98665720E-02   3.63859627E-03  0.434626520    
 J, XGRID,YGRID,RGRID           42   5.00618815E-02   3.73626756E-03  0.434947193    
 J, XGRID,YGRID,RGRID           43   5.02599552E-02   3.82458465E-03  0.435289949    
 J, XGRID,YGRID,RGRID           44   5.04603796E-02   3.89938569E-03  0.435656965    
 J, XGRID,YGRID,RGRID           45   5.06628305E-02   3.96056846E-03  0.436049104    
 J, XGRID,YGRID,RGRID           46   5.08671254E-02   4.00669361E-03  0.436469346    
 J, XGRID,YGRID,RGRID           47   5.10729700E-02   4.03185654E-03  0.436919987    
 J, XGRID,YGRID,RGRID           48   5.12800440E-02   4.03489079E-03  0.437403172    
 J, XGRID,YGRID,RGRID           49   5.14880605E-02   4.01456561E-03  0.437922329    
 J, XGRID,YGRID,RGRID           50   5.16981743E-02   3.95974098E-03  0.438484967    
 J, XGRID,YGRID,RGRID           51   5.19116819E-02   3.86821269E-03  0.439100176    
 J, XGRID,YGRID,RGRID           52   5.21269366E-02   3.73494532E-03  0.439770341    
 J, XGRID,YGRID,RGRID           53   5.23420982E-02   3.54535715E-03  0.440496355    
 J, XGRID,YGRID,RGRID           54   5.25552444E-02   3.29717761E-03  0.441277117    
 J, XGRID,YGRID,RGRID           55   5.27645759E-02   2.98623997E-03  0.442110330    
 J, XGRID,YGRID,RGRID           56   5.29685952E-02   2.59855250E-03  0.442992330    
 J, XGRID,YGRID,RGRID           57   5.31644113E-02   2.13994365E-03  0.443908274    
 J, XGRID,YGRID,RGRID           58   5.33499978E-02   1.61441823E-03  0.444840610    
 J, XGRID,YGRID,RGRID           59   5.35263903E-02   1.02354330E-03  0.445785254    
 J, XGRID,YGRID,RGRID           60   5.36946468E-02   3.73562274E-04  0.446733981    
 J, XGRID,YGRID,RGRID           61   5.38563989E-02  -3.40735860E-04  0.447682887    
 J, XGRID,YGRID,RGRID           62   5.40133044E-02  -1.11247913E-03  0.448627293    
 J, XGRID,YGRID,RGRID           63   5.41672930E-02  -1.93900627E-03  0.449564546    
 J, XGRID,YGRID,RGRID           64   5.43213040E-02  -2.82501336E-03  0.450498700    
 J, XGRID,YGRID,RGRID           65   5.44779748E-02  -3.77495820E-03  0.451432198    
 J, XGRID,YGRID,RGRID           66   5.46393320E-02  -4.78840154E-03  0.452362955    
 J, XGRID,YGRID,RGRID           67   5.48070520E-02  -5.86502906E-03  0.453287095    
 J, XGRID,YGRID,RGRID           68   5.49829416E-02  -7.00404076E-03  0.454201996    
 J, XGRID,YGRID,RGRID           69   5.51685095E-02  -8.19759257E-03  0.455103368    
 J, XGRID,YGRID,RGRID           70   5.53650297E-02  -9.44437925E-03  0.455986559    
 J, XGRID,YGRID,RGRID           71   5.55724166E-02  -1.07314391E-02  0.456842929    
 J, XGRID,YGRID,RGRID           72   5.57905212E-02  -1.20484838E-02  0.457666487    
 J, XGRID,YGRID,RGRID           73   5.60195111E-02  -1.33882137E-02  0.458454520    
 J, XGRID,YGRID,RGRID           74   5.62592931E-02  -1.47436233E-02  0.459205180    
 J, XGRID,YGRID,RGRID           75   5.65094911E-02  -1.61081441E-02  0.459916919    
 J, XGRID,YGRID,RGRID           76   5.67695685E-02  -1.74761750E-02  0.460589111    
 J, XGRID,YGRID,RGRID           77   5.70389144E-02  -1.88420638E-02  0.461222112    
 J, XGRID,YGRID,RGRID           78   5.73179796E-02  -2.02068146E-02  0.461818933    
 J, XGRID,YGRID,RGRID           79   5.76064326E-02  -2.15682331E-02  0.462380618    
 J, XGRID,YGRID,RGRID           80   5.79035915E-02  -2.29229443E-02  0.462907910    
 J, XGRID,YGRID,RGRID           81   5.82086705E-02  -2.42676809E-02  0.463401705    
 J, XGRID,YGRID,RGRID           82   5.85207567E-02  -2.55992785E-02  0.463863015    
 J, XGRID,YGRID,RGRID           83   5.88388480E-02  -2.69146767E-02  0.464292794    
 J, XGRID,YGRID,RGRID           84   5.91618456E-02  -2.82109249E-02  0.464691877    
 J, XGRID,YGRID,RGRID           85   5.94886281E-02  -2.94851530E-02  0.465061933    
 J, XGRID,YGRID,RGRID           86   5.98179698E-02  -3.07346433E-02  0.465403765    
 J, XGRID,YGRID,RGRID           87   6.01486079E-02  -3.19567285E-02  0.465718687    
 J, XGRID,YGRID,RGRID           88   6.04792498E-02  -3.31488214E-02  0.466007918    
 J, XGRID,YGRID,RGRID           89   6.08085915E-02  -3.43082286E-02  0.466272920    
 J, XGRID,YGRID,RGRID           90   6.11352809E-02  -3.54332551E-02  0.466514796    
 J, XGRID,YGRID,RGRID           91   6.14579991E-02  -3.68401855E-02  0.466735005    
 J, XGRID,YGRID,RGRID           92   6.18394464E-02  -3.78775075E-02  0.466918886    
 J, XGRID,YGRID,RGRID           93   6.22541755E-02  -3.89971994E-02  0.467110455    
 J, XGRID,YGRID,RGRID           94   6.27052113E-02  -4.02059667E-02  0.467309296    
 J, XGRID,YGRID,RGRID           95   6.31958395E-02  -4.15108874E-02  0.467514396    
 J, XGRID,YGRID,RGRID           96   6.37296811E-02  -4.29196209E-02  0.467724621    
 J, XGRID,YGRID,RGRID           97   6.43106848E-02  -4.44404222E-02  0.467938542    
 J, XGRID,YGRID,RGRID           98   6.49431050E-02  -4.60822023E-02  0.468153864    
 J, XGRID,YGRID,RGRID           99   6.56315833E-02  -4.78545912E-02  0.468367964    
 J, XGRID,YGRID,RGRID          100   6.63811564E-02  -4.97679785E-02  0.468577564    
 J, XGRID,YGRID,RGRID          101   6.71971887E-02  -5.18335812E-02  0.468778133    
 J, XGRID,YGRID,RGRID          102   6.80854842E-02  -5.40634990E-02  0.468964309    
 J, XGRID,YGRID,RGRID          103   6.90522194E-02  -5.64708151E-02  0.469129443    
 J, XGRID,YGRID,RGRID          104   7.01039433E-02  -5.90696335E-02  0.469265163    
 J, XGRID,YGRID,RGRID          105   7.12474808E-02  -6.18751943E-02  0.469361097    
 J, XGRID,YGRID,RGRID          106   7.24899322E-02  -6.49039447E-02  0.469404697    
 J, XGRID,YGRID,RGRID          107   7.38384798E-02  -6.81736320E-02  0.469380140    
 J, XGRID,YGRID,RGRID          108   7.53002763E-02  -7.17034340E-02  0.469268590    
 J, XGRID,YGRID,RGRID          109   7.68822208E-02  -7.55140409E-02  0.469046801    
 J, XGRID,YGRID,RGRID          110   7.85904452E-02  -7.96277821E-02  0.468685716    
 J, XGRID,YGRID,RGRID          111   8.04302171E-02  -8.40687826E-02  0.468150944    

  THE BLADE CENTROID ON THE X-Y SURFACE IS AT X, Y=    0.05378  -0.00886


  THE J VALUE OF THE CENTROID IS J =           61

  THE CENTROID ON THE STREAM SURFACE IS AT   5.37844561E-02   0.00000000    
  THE HUB SECTION CENTROID IS AT   5.75387143E-02   0.00000000    

