 DATA SET FOR "multall" . GENERATED BY "stagen" .                       
    CP   and   GAMMA 
 1005.0250    1.4000
       ITIMST 
         3
     CFL,    DAMP,    MACHLIM,    F_PDOWN 
  0.400000 10.000000  2.000000  0.000000
  IF_RESTART 
         0
  NSTEPS_MAX, CONLIM 
      9000  0.001000
   SFX,      SFT,      FAC_4TH,     NCHANGE 
  0.005000  0.005000  0.800000      1000
       NUMBER OF BLADE ROWS 
        12
        IM        KM 
        37        37
  FP(I),I=1,IMM1 
  1.000000  1.250000  1.562500  1.953125  2.441406  3.051758  3.814697  4.768372
  5.960464  7.450581  9.313226 11.641532 14.551915 18.189894 20.000000 20.000000
 20.000000 20.000000 20.000000 20.000000 20.000000 20.000000 18.189894 14.551915
 11.641532  9.313226  7.450581  5.960464  4.768372  3.814697  3.051758  2.441406
  1.953125  1.562500  1.250000  1.000000
  FR(K),K=1,KMM1 
  1.000000  1.250000  1.562500  1.953125  2.441406  3.051758  3.814697  4.768372
  5.960464  7.450581  9.313226 11.641532 14.551915 18.189894 20.000000 20.000000
 20.000000 20.000000 20.000000 20.000000 20.000000 20.000000 18.189894 14.551915
 11.641532  9.313226  7.450581  5.960464  4.768372  3.814697  3.051758  2.441406
  1.953125  1.562500  1.250000  1.000000
        IR        JR        KR        IRBB      JRBB      KRBB 
         3         3         3         9         9         9
   FBLK1,     FBLK2,     FBLK3  
  0.400000  0.200000  0.100000
       IFMIX 
         1
   RFMIX,    FEXTRAP,   FSMTHB,    FANGLE 
  0.025000  0.800000  1.000000  0.800000
      IFCOOL    IFBLEED    IF_ROUGH 
         0         0         0
       NSECS_IN 
         3
       IN_PRESS  IN_VTAN   IN_VR    IN_FLOW  IF_REPEAT  RFIN 
         0         0         1         0         0   0.50000
  IPOUT  SFEXIT  NSFEXIT 
    1  0.000000    0
  PLATE_LOSS  THROTTLE_EXIT 
  0.000000  0.000000
        ILOS      NLOS      IBOUND 
        10         5         0
   REYNO,     RF_VIS,   FTRANS, TURBVIS_LIM, PRANDTL, YPLUSWALL
  800000.0     0.500     0.000  3000.000       1.0     0.000
   YPLAM      YPTURB 
  5.000000 25.000000
      ISHIFT    NEXTRAP_LE  NEXTRAP_TE 
         2        10        10
  (NSTG(N),N=1,NROWS) 
         1         1         2         2         3         3         4         4
         5         5         6         6
  5  TIME STEPS FOR PRINTOUT 
      9000      9000      9000      9000      9000
  MARKER FOR VARIABLES TO BE SENT TO THE OUTPUT FILE.
 0 0 0 0 0 0 0 0 0 0 0 0 0 0 0 0 0 0 0 0
  STREAM SURFACES ON WHICH RESULTS ARE TO BE SENT TO   THE OUTPUT FILE 
 0 0 0 0 0 0 0 0 0 0 0 0 0 0 0 0 0 0 0 0 0 0 0 0 0 0 0 0 0 0 0 0 0 0 0 0 0
 ***************************************************************
 ************STARTING THE INPUT FOR EACH BLADE ROW**************
  BLADE ROW NUMBER =        1                                           
    NUMBER OF BLADES IN ROW 
       123
        JM        JLE       JTE 
       111        26        96
      KTIPSTART  KTIPEND 
         0         0
       BOUNDARY LAYER TRANSITION POINTS 
         0         0         0         0
  SET NEWGRID= 1 TO GENERATE A NEW GRID WITH DIFFERENT "J" POINTS AND SPACINGS.
         0
   RPMROW,    RPMHUB 
   12000.0   12000.0
       JROTHS    JROTHE    JROTTS    JROTTE 
         1         1         1         1
   PUPROW    PLEROW   PTEROW    PDROW 
   76640.2   76640.2   98467.0   98467.0
      NSECS_ROW   INSURF  
         3         0
  IF_CUSP_OUT   IFANGLES 
         1         0
         0         3         0
 ***************************************************************
  ROW NUMBER           1  SECTION NUMBER            1
           0           0           0  IF_DESIGN etc 
   1.00000   0.00000    0
 -0.006569 -0.005829 -0.005170 -0.004583 -0.004060 -0.003593 -0.003178 -0.002808
 -0.002478 -0.002185 -0.001923 -0.001690 -0.001482 -0.001297 -0.001132 -0.000985
 -0.000854 -0.000737 -0.000633 -0.000540 -0.000458 -0.000384 -0.000318 -0.000260
 -0.000208 -0.000161 -0.000116 -0.000068 -0.000019  0.000033  0.000088  0.000145
  0.000205  0.000269  0.000336  0.000406  0.000480  0.000558  0.000640  0.000726
  0.000817  0.000912  0.001012  0.001116  0.001226  0.001341  0.001462  0.001589
  0.001722  0.001862  0.002009  0.002164  0.002327  0.002499  0.002682  0.002879
  0.003089  0.003313  0.003551  0.003800  0.004061  0.004328  0.004597  0.004868
  0.005139  0.005408  0.005676  0.005943  0.006209  0.006476  0.006744  0.007013
  0.007282  0.007551  0.007819  0.008083  0.008342  0.008596  0.008843  0.009084
  0.009318  0.009545  0.009765  0.009979  0.010187  0.010389  0.010585  0.010775
  0.010958  0.011135  0.011306  0.011470  0.011628  0.011780  0.011925  0.012064
  0.012204  0.012352  0.012509  0.012674  0.012849  0.013034  0.013230  0.013437
  0.013656  0.013888  0.014133  0.014391  0.014665  0.014954  0.015258
  1.000000  0.000000
  0.013388  0.012489  0.011687  0.010972  0.010335  0.009767  0.009261  0.008810
  0.008407  0.008048  0.007729  0.007443  0.007189  0.006962  0.006760  0.006580
  0.006419  0.006276  0.006148  0.006034  0.005933  0.005842  0.005762  0.005690
  0.005625  0.005568  0.005618  0.005607  0.005578  0.005537  0.005484  0.005421
  0.005353  0.005280  0.005205  0.005127  0.005046  0.004961  0.004873  0.004781
  0.004685  0.004587  0.004484  0.004379  0.004269  0.004155  0.004037  0.003915
  0.003789  0.003658  0.003523  0.003382  0.003236  0.003084  0.002925  0.002757
  0.002579  0.002392  0.002198  0.001997  0.001791  0.001583  0.001376  0.001171
  0.000969  0.000770  0.000574  0.000381  0.000190  0.000000 -0.000189 -0.000378
 -0.000565 -0.000752 -0.000937 -0.001118 -0.001296 -0.001470 -0.001639 -0.001804
 -0.001963 -0.002118 -0.002269 -0.002416 -0.002558 -0.002697 -0.002832 -0.002962
 -0.003089 -0.003212 -0.003330 -0.003445 -0.003555 -0.003661 -0.003763 -0.003930
 -0.003986 -0.004045 -0.004107 -0.004173 -0.004243 -0.004317 -0.004394 -0.004477
 -0.004563 -0.004655 -0.004753 -0.004855 -0.004964 -0.005078 -0.005200
  1.000000
  0.000000  0.000000  0.000000  0.000000  0.000000  0.000000  0.000000  0.000000
  0.000000  0.000000  0.000000  0.000000  0.000000  0.000000  0.000000  0.000000
  0.000000  0.000000  0.000000  0.000000  0.000000  0.000000  0.000000  0.000000
  0.000000  0.000000  0.000188  0.000253  0.000293  0.000320  0.000338  0.000350
  0.000359  0.000369  0.000381  0.000393  0.000407  0.000422  0.000438  0.000456
  0.000476  0.000497  0.000519  0.000543  0.000569  0.000597  0.000626  0.000658
  0.000691  0.000726  0.000764  0.000803  0.000845  0.000889  0.000935  0.000984
  0.001036  0.001090  0.001146  0.001202  0.001258  0.001313  0.001364  0.001411
  0.001454  0.001492  0.001525  0.001552  0.001573  0.001589  0.001598  0.001601
  0.001597  0.001586  0.001568  0.001542  0.001510  0.001471  0.001427  0.001377
  0.001321  0.001262  0.001198  0.001130  0.001058  0.000984  0.000906  0.000827
  0.000745  0.000663  0.000579  0.000495  0.000410  0.000326  0.000240  0.000000
  0.000000  0.000000  0.000000  0.000000  0.000000  0.000000  0.000000  0.000000
  0.000000  0.000000  0.000000  0.000000  0.000000  0.000000  0.000000
  1.000000  0.000000
  0.268335  0.268350  0.268371  0.268395  0.268421  0.268448  0.268476  0.268504
  0.268531  0.268557  0.268581  0.268604  0.268626  0.268646  0.268665  0.268682
  0.268697  0.268711  0.268724  0.268736  0.268747  0.268756  0.268765  0.268773
  0.268780  0.268786  0.268798  0.268810  0.268824  0.268838  0.268853  0.268868
  0.268885  0.268903  0.268922  0.268942  0.268963  0.268986  0.269010  0.269036
  0.269063  0.269092  0.269123  0.269156  0.269191  0.269227  0.269267  0.269308
  0.269352  0.269399  0.269449  0.269503  0.269560  0.269620  0.269685  0.269756
  0.269833  0.269915  0.270003  0.270097  0.270195  0.270297  0.270399  0.270503
  0.270606  0.270710  0.270812  0.270913  0.271013  0.271114  0.271213  0.271312
  0.271409  0.271505  0.271599  0.271690  0.271777  0.271861  0.271940  0.272015
  0.272087  0.272153  0.272216  0.272276  0.272331  0.272383  0.272432  0.272477
  0.272519  0.272558  0.272594  0.272627  0.272657  0.272684  0.272709  0.272732
  0.272749  0.272767  0.272785  0.272804  0.272823  0.272843  0.272864  0.272885
  0.272906  0.272928  0.272950  0.272973  0.272996  0.273020  0.273060
 ***************************************************************
  ROW NUMBER           1  SECTION NUMBER            2
           0           0           0  IF_DESIGN etc 
   1.00000   0.00000    0
 -0.006287 -0.005585 -0.004958 -0.004400 -0.003902 -0.003458 -0.003062 -0.002709
 -0.002395 -0.002114 -0.001864 -0.001641 -0.001442 -0.001265 -0.001107 -0.000966
 -0.000840 -0.000728 -0.000628 -0.000539 -0.000460 -0.000389 -0.000326 -0.000269
 -0.000219 -0.000175 -0.000130 -0.000083 -0.000034  0.000017  0.000071  0.000128
  0.000188  0.000251  0.000317  0.000387  0.000461  0.000538  0.000620  0.000706
  0.000796  0.000891  0.000991  0.001095  0.001205  0.001320  0.001441  0.001568
  0.001701  0.001842  0.001989  0.002145  0.002309  0.002482  0.002666  0.002865
  0.003077  0.003304  0.003543  0.003796  0.004059  0.004330  0.004603  0.004877
  0.005151  0.005424  0.005695  0.005965  0.006234  0.006504  0.006775  0.007046
  0.007317  0.007588  0.007857  0.008122  0.008382  0.008636  0.008883  0.009123
  0.009356  0.009581  0.009800  0.010012  0.010217  0.010416  0.010609  0.010795
  0.010975  0.011148  0.011314  0.011475  0.011628  0.011776  0.011916  0.012050
  0.012185  0.012327  0.012477  0.012635  0.012803  0.012980  0.013167  0.013365
  0.013575  0.013796  0.014030  0.014277  0.014539  0.014815  0.015107
  1.000000  0.000000
  0.016874  0.015787  0.014818  0.013955  0.013184  0.012498  0.011886  0.011340
  0.010853  0.010419  0.010032  0.009687  0.009380  0.009105  0.008861  0.008643
  0.008449  0.008275  0.008121  0.007983  0.007860  0.007751  0.007653  0.007566
  0.007488  0.007419  0.007469  0.007452  0.007415  0.007364  0.007300  0.007225
  0.007140  0.007052  0.006959  0.006862  0.006761  0.006656  0.006546  0.006431
  0.006312  0.006188  0.006059  0.005925  0.005786  0.005641  0.005491  0.005335
  0.005172  0.005003  0.004828  0.004644  0.004453  0.004254  0.004043  0.003820
  0.003583  0.003333  0.003071  0.002799  0.002517  0.002231  0.001945  0.001660
  0.001377  0.001096  0.000819  0.000545  0.000273  0.000000 -0.000273 -0.000546
 -0.000819 -0.001091 -0.001362 -0.001629 -0.001891 -0.002148 -0.002399 -0.002644
 -0.002882 -0.003113 -0.003339 -0.003559 -0.003773 -0.003981 -0.004184 -0.004380
 -0.004571 -0.004756 -0.004935 -0.005108 -0.005274 -0.005434 -0.005588 -0.005811
 -0.005911 -0.006018 -0.006130 -0.006249 -0.006375 -0.006507 -0.006648 -0.006796
 -0.006953 -0.007119 -0.007294 -0.007480 -0.007675 -0.007883 -0.008101
  1.000000
  0.000000  0.000000  0.000000  0.000000  0.000000  0.000000  0.000000  0.000000
  0.000000  0.000000  0.000000  0.000000  0.000000  0.000000  0.000000  0.000000
  0.000000  0.000000  0.000000  0.000000  0.000000  0.000000  0.000000  0.000000
  0.000000  0.000000  0.000207  0.000279  0.000326  0.000357  0.000379  0.000394
  0.000405  0.000416  0.000429  0.000443  0.000458  0.000475  0.000494  0.000514
  0.000536  0.000560  0.000585  0.000612  0.000641  0.000672  0.000706  0.000741
  0.000779  0.000819  0.000861  0.000905  0.000952  0.001001  0.001054  0.001109
  0.001168  0.001229  0.001292  0.001355  0.001419  0.001480  0.001538  0.001591
  0.001640  0.001682  0.001719  0.001750  0.001774  0.001791  0.001802  0.001805
  0.001801  0.001789  0.001768  0.001740  0.001703  0.001660  0.001610  0.001553
  0.001491  0.001423  0.001351  0.001274  0.001193  0.001109  0.001022  0.000932
  0.000841  0.000747  0.000653  0.000558  0.000462  0.000367  0.000264  0.000000
  0.000000  0.000000  0.000000  0.000000  0.000000  0.000000  0.000000  0.000000
  0.000000  0.000000  0.000000  0.000000  0.000000  0.000000  0.000000
  1.000000  0.000000
  0.300000  0.300000  0.300000  0.300000  0.300000  0.300000  0.300000  0.300000
  0.300000  0.300000  0.300000  0.300000  0.300000  0.300000  0.300000  0.300000
  0.300000  0.300000  0.300000  0.300000  0.300000  0.300000  0.300000  0.300000
  0.300000  0.300000  0.300000  0.300000  0.300000  0.300000  0.300000  0.300000
  0.300000  0.300000  0.300000  0.300000  0.300000  0.300000  0.300000  0.300000
  0.300000  0.300000  0.300000  0.300000  0.300000  0.300000  0.300000  0.300000
  0.300000  0.300000  0.300000  0.300000  0.300000  0.300000  0.300000  0.300000
  0.300000  0.300000  0.300000  0.300000  0.300000  0.300000  0.300000  0.300000
  0.300000  0.300000  0.300000  0.300000  0.300000  0.300000  0.300000  0.300000
  0.300000  0.300000  0.300000  0.300000  0.300000  0.300000  0.300000  0.300000
  0.300000  0.300000  0.300000  0.300000  0.300000  0.300000  0.300000  0.300000
  0.300000  0.300000  0.300000  0.300000  0.300000  0.300000  0.300000  0.300000
  0.300000  0.300000  0.300000  0.300000  0.300000  0.300000  0.300000  0.300000
  0.300000  0.300000  0.300000  0.300000  0.300000  0.300000  0.300000
 ***************************************************************
  ROW NUMBER           1  SECTION NUMBER            3
           0           0           0  IF_DESIGN etc 
   1.00000   0.00000    0
 -0.006570 -0.005831 -0.005172 -0.004584 -0.004061 -0.003595 -0.003180 -0.002810
 -0.002480 -0.002186 -0.001925 -0.001692 -0.001484 -0.001299 -0.001134 -0.000987
 -0.000856 -0.000739 -0.000635 -0.000542 -0.000459 -0.000386 -0.000320 -0.000261
 -0.000209 -0.000163 -0.000117 -0.000070 -0.000021  0.000031  0.000086  0.000143
  0.000204  0.000267  0.000334  0.000404  0.000478  0.000556  0.000638  0.000725
  0.000815  0.000910  0.001010  0.001115  0.001224  0.001340  0.001460  0.001587
  0.001721  0.001860  0.002007  0.002162  0.002325  0.002497  0.002680  0.002877
  0.003087  0.003312  0.003549  0.003798  0.004059  0.004326  0.004596  0.004866
  0.005137  0.005407  0.005675  0.005941  0.006207  0.006474  0.006742  0.007011
  0.007280  0.007549  0.007817  0.008081  0.008340  0.008594  0.008841  0.009082
  0.009316  0.009543  0.009763  0.009978  0.010186  0.010388  0.010584  0.010773
  0.010956  0.011133  0.011304  0.011469  0.011627  0.011778  0.011924  0.012062
  0.012202  0.012350  0.012507  0.012672  0.012848  0.013033  0.013228  0.013436
  0.013654  0.013886  0.014131  0.014390  0.014663  0.014953  0.015256
  1.000000  0.000000
  0.021832  0.020460  0.019236  0.018145  0.017172  0.016304  0.015530  0.014840
  0.014225  0.013676  0.013187  0.012751  0.012362  0.012015  0.011706  0.011430
  0.011184  0.010965  0.010770  0.010596  0.010440  0.010302  0.010178  0.010068
  0.009970  0.009883  0.009939  0.009916  0.009870  0.009805  0.009725  0.009629
  0.009523  0.009409  0.009290  0.009167  0.009037  0.008902  0.008760  0.008613
  0.008459  0.008299  0.008132  0.007958  0.007778  0.007590  0.007394  0.007190
  0.006977  0.006755  0.006524  0.006283  0.006031  0.005767  0.005488  0.005191
  0.004875  0.004541  0.004189  0.003823  0.003443  0.003056  0.002668  0.002279
  0.001893  0.001510  0.001129  0.000753  0.000377  0.000000 -0.000378 -0.000757
 -0.001136 -0.001515 -0.001893 -0.002267 -0.002634 -0.002994 -0.003346 -0.003690
 -0.004025 -0.004351 -0.004669 -0.004979 -0.005281 -0.005576 -0.005862 -0.006140
 -0.006410 -0.006672 -0.006925 -0.007170 -0.007406 -0.007634 -0.007852 -0.008144
 -0.008296 -0.008457 -0.008627 -0.008806 -0.008996 -0.009197 -0.009409 -0.009633
 -0.009870 -0.010120 -0.010385 -0.010665 -0.010961 -0.011274 -0.011604
  1.000000
  0.000000  0.000000  0.000000  0.000000  0.000000  0.000000  0.000000  0.000000
  0.000000  0.000000  0.000000  0.000000  0.000000  0.000000  0.000000  0.000000
  0.000000  0.000000  0.000000  0.000000  0.000000  0.000000  0.000000  0.000000
  0.000000  0.000000  0.000248  0.000337  0.000395  0.000435  0.000463  0.000483
  0.000497  0.000511  0.000526  0.000544  0.000563  0.000584  0.000606  0.000631
  0.000658  0.000687  0.000718  0.000752  0.000787  0.000826  0.000867  0.000910
  0.000956  0.001005  0.001057  0.001112  0.001169  0.001230  0.001294  0.001363
  0.001435  0.001510  0.001587  0.001665  0.001743  0.001819  0.001890  0.001955
  0.002015  0.002068  0.002113  0.002150  0.002180  0.002201  0.002215  0.002219
  0.002213  0.002198  0.002173  0.002138  0.002093  0.002040  0.001978  0.001908
  0.001832  0.001749  0.001660  0.001566  0.001467  0.001363  0.001256  0.001146
  0.001033  0.000918  0.000802  0.000685  0.000568  0.000451  0.000320  0.000000
  0.000000  0.000000  0.000000  0.000000  0.000000  0.000000  0.000000  0.000000
  0.000000  0.000000  0.000000  0.000000  0.000000  0.000000  0.000000
  1.000000  0.000000
  0.331665  0.331650  0.331630  0.331606  0.331579  0.331552  0.331524  0.331496
  0.331469  0.331443  0.331419  0.331396  0.331374  0.331354  0.331336  0.331319
  0.331303  0.331289  0.331276  0.331264  0.331254  0.331244  0.331235  0.331228
  0.331221  0.331214  0.331203  0.331190  0.331177  0.331163  0.331148  0.331132
  0.331115  0.331098  0.331079  0.331059  0.331037  0.331014  0.330990  0.330965
  0.330937  0.330908  0.330877  0.330845  0.330810  0.330773  0.330734  0.330692
  0.330648  0.330601  0.330551  0.330498  0.330441  0.330381  0.330315  0.330244
  0.330168  0.330085  0.329997  0.329904  0.329805  0.329704  0.329601  0.329498
  0.329394  0.329291  0.329189  0.329088  0.328987  0.328887  0.328787  0.328689
  0.328591  0.328495  0.328401  0.328311  0.328223  0.328140  0.328060  0.327985
  0.327914  0.327847  0.327784  0.327725  0.327669  0.327617  0.327568  0.327523
  0.327481  0.327442  0.327407  0.327374  0.327344  0.327316  0.327291  0.327268
  0.327251  0.327233  0.327215  0.327196  0.327177  0.327157  0.327136  0.327115
  0.327094  0.327072  0.327050  0.327027  0.327004  0.326980  0.326940
 ***************************************************************
 ************STARTING THE INPUT FOR EACH BLADE ROW**************
  BLADE ROW NUMBER =        2                                           
    NUMBER OF BLADES IN ROW 
       112
        JM        JLE       JTE 
       106        21        91
      KTIPSTART  KTIPEND 
         0         0
       BOUNDARY LAYER TRANSITION POINTS 
         0         0         0         0
  SET NEWGRID= 1 TO GENERATE A NEW GRID WITH DIFFERENT "J" POINTS AND SPACINGS.
         0
   RPMROW,    RPMHUB 
       0.0       0.0
       JROTHS    JROTHE    JROTTS    JROTTE 
         1         1         1         1
   PUPROW    PLEROW   PTEROW    PDROW 
   98467.0   98467.0  123939.0  123939.0
      NSECS_ROW   INSURF  
         3         0
  IF_CUSP_OUT   IFANGLES 
         1         0
         0         3         0
 ***************************************************************
  ROW NUMBER           2  SECTION NUMBER            1
           0           0           0  IF_DESIGN etc 
   1.00000   0.00000    0
  0.011558  0.011950  0.012305  0.012623  0.012910  0.013166  0.013397  0.013603
  0.013788  0.013954  0.014103  0.014237  0.014356  0.014464  0.014560  0.014646
  0.014724  0.014793  0.014855  0.014911  0.014961  0.015011  0.015063  0.015117
  0.015174  0.015234  0.015297  0.015363  0.015433  0.015506  0.015583  0.015665
  0.015750  0.015840  0.015935  0.016034  0.016139  0.016248  0.016363  0.016484
  0.016610  0.016743  0.016882  0.017028  0.017182  0.017343  0.017513  0.017692
  0.017880  0.018081  0.018297  0.018528  0.018773  0.019033  0.019307  0.019592
  0.019884  0.020178  0.020474  0.020769  0.021063  0.021355  0.021645  0.021935
  0.022225  0.022516  0.022808  0.023099  0.023390  0.023679  0.023964  0.024243
  0.024516  0.024782  0.025040  0.025291  0.025534  0.025769  0.025998  0.026220
  0.026435  0.026643  0.026844  0.027039  0.027226  0.027407  0.027581  0.027748
  0.027908  0.028061  0.028207  0.028353  0.028507  0.028670  0.028843  0.029026
  0.029220  0.029425  0.029643  0.029873  0.030118  0.030377  0.030653  0.030946
  0.031255  0.031583
  1.000000  0.000000
 -0.016385 -0.015710 -0.015103 -0.014559 -0.014071 -0.013634 -0.013241 -0.012890
 -0.012574 -0.012291 -0.012038 -0.011810 -0.011606 -0.011423 -0.011259 -0.011112
 -0.010981 -0.010863 -0.010757 -0.010662 -0.010576 -0.010369 -0.010247 -0.010137
 -0.010026 -0.009910 -0.009789 -0.009662 -0.009529 -0.009389 -0.009244 -0.009091
 -0.008931 -0.008765 -0.008590 -0.008408 -0.008219 -0.008022 -0.007817 -0.007604
 -0.007383 -0.007152 -0.006912 -0.006663 -0.006405 -0.006136 -0.005856 -0.005565
 -0.005262 -0.004944 -0.004607 -0.004252 -0.003880 -0.003494 -0.003095 -0.002688
 -0.002279 -0.001876 -0.001480 -0.001094 -0.000718 -0.000353  0.000000  0.000345
  0.000682  0.001011  0.001333  0.001646  0.001949  0.002243  0.002525  0.002793
  0.003047  0.003288  0.003516  0.003730  0.003932  0.004122  0.004302  0.004472
  0.004631  0.004782  0.004923  0.005056  0.005181  0.005298  0.005407  0.005510
  0.005605  0.005685  0.005651  0.005774  0.005904  0.006042  0.006187  0.006341
  0.006504  0.006675  0.006857  0.007049  0.007251  0.007465  0.007691  0.007930
  0.008182  0.008449
  1.000000
  0.000000  0.000000  0.000000  0.000000  0.000000  0.000000  0.000000  0.000000
  0.000000  0.000000  0.000000  0.000000  0.000000  0.000000  0.000000  0.000000
  0.000000  0.000000  0.000000  0.000000  0.000000  0.000273  0.000373  0.000442
  0.000498  0.000546  0.000586  0.000621  0.000655  0.000691  0.000727  0.000765
  0.000805  0.000846  0.000889  0.000933  0.000978  0.001024  0.001072  0.001121
  0.001172  0.001223  0.001276  0.001329  0.001384  0.001439  0.001494  0.001551
  0.001607  0.001664  0.001722  0.001780  0.001836  0.001891  0.001942  0.001989
  0.002030  0.002065  0.002092  0.002112  0.002124  0.002130  0.002128  0.002119
  0.002103  0.002080  0.002050  0.002013  0.001968  0.001917  0.001860  0.001797
  0.001729  0.001657  0.001582  0.001503  0.001422  0.001339  0.001254  0.001167
  0.001079  0.000990  0.000901  0.000811  0.000722  0.000634  0.000546  0.000460
  0.000375  0.000282  0.000000  0.000000  0.000000  0.000000  0.000000  0.000000
  0.000000  0.000000  0.000000  0.000000  0.000000  0.000000  0.000000  0.000000
  0.000000  0.000000
  1.000000  0.000000
  0.272644  0.272713  0.272761  0.272798  0.272830  0.272857  0.272881  0.272901
  0.272918  0.272934  0.272947  0.272959  0.272970  0.272979  0.272987  0.272995
  0.273001  0.273007  0.273012  0.273017  0.273021  0.273027  0.273034  0.273041
  0.273048  0.273057  0.273065  0.273074  0.273084  0.273095  0.273107  0.273119
  0.273133  0.273147  0.273163  0.273179  0.273197  0.273216  0.273237  0.273259
  0.273283  0.273309  0.273337  0.273366  0.273399  0.273433  0.273470  0.273511
  0.273554  0.273602  0.273654  0.273711  0.273774  0.273842  0.273915  0.273992
  0.274074  0.274158  0.274243  0.274330  0.274418  0.274506  0.274594  0.274683
  0.274773  0.274864  0.274955  0.275047  0.275138  0.275229  0.275318  0.275405
  0.275490  0.275573  0.275652  0.275728  0.275802  0.275872  0.275940  0.276005
  0.276068  0.276127  0.276184  0.276239  0.276290  0.276339  0.276386  0.276430
  0.276471  0.276510  0.276547  0.276588  0.276631  0.276674  0.276718  0.276762
  0.276807  0.276851  0.276894  0.276935  0.276974  0.277003  0.277024  0.277041
  0.277053  0.277063
 ***************************************************************
  ROW NUMBER           2  SECTION NUMBER            2
           0           0           0  IF_DESIGN etc 
   1.00000   0.00000    0
  0.011659  0.012045  0.012391  0.012702  0.012980  0.013229  0.013453  0.013653
  0.013833  0.013994  0.014139  0.014268  0.014384  0.014489  0.014582  0.014666
  0.014741  0.014808  0.014868  0.014922  0.014971  0.015019  0.015070  0.015123
  0.015179  0.015237  0.015299  0.015364  0.015432  0.015504  0.015579  0.015659
  0.015743  0.015832  0.015925  0.016023  0.016125  0.016233  0.016346  0.016465
  0.016590  0.016721  0.016859  0.017003  0.017155  0.017315  0.017484  0.017662
  0.017849  0.018049  0.018264  0.018494  0.018739  0.018999  0.019273  0.019558
  0.019851  0.020147  0.020444  0.020741  0.021037  0.021331  0.021622  0.021914
  0.022207  0.022500  0.022794  0.023088  0.023381  0.023673  0.023960  0.024242
  0.024517  0.024785  0.025045  0.025297  0.025541  0.025778  0.026008  0.026230
  0.026446  0.026655  0.026856  0.027051  0.027239  0.027419  0.027593  0.027759
  0.027919  0.028071  0.028217  0.028362  0.028516  0.028678  0.028850  0.029032
  0.029224  0.029427  0.029641  0.029868  0.030108  0.030362  0.030629  0.030913
  0.031212  0.031529
  1.000000  0.000000
 -0.014501 -0.013904 -0.013369 -0.012889 -0.012459 -0.012073 -0.011727 -0.011417
 -0.011139 -0.010890 -0.010666 -0.010466 -0.010286 -0.010125 -0.009981 -0.009851
 -0.009735 -0.009631 -0.009538 -0.009454 -0.009379 -0.009191 -0.009083 -0.008985
 -0.008887 -0.008784 -0.008676 -0.008564 -0.008446 -0.008322 -0.008193 -0.008058
 -0.007916 -0.007768 -0.007614 -0.007452 -0.007284 -0.007110 -0.006928 -0.006739
 -0.006542 -0.006338 -0.006125 -0.005904 -0.005675 -0.005436 -0.005188 -0.004930
 -0.004661 -0.004379 -0.004080 -0.003765 -0.003435 -0.003093 -0.002740 -0.002379
 -0.002017 -0.001660 -0.001309 -0.000967 -0.000635 -0.000312  0.000000  0.000304
  0.000602  0.000893  0.001177  0.001453  0.001720  0.001979  0.002227  0.002462
  0.002686  0.002898  0.003098  0.003286  0.003463  0.003630  0.003787  0.003935
  0.004075  0.004206  0.004330  0.004446  0.004555  0.004657  0.004752  0.004841
  0.004924  0.004994  0.004956  0.005065  0.005181  0.005302  0.005431  0.005567
  0.005711  0.005863  0.006024  0.006194  0.006374  0.006564  0.006765  0.006977
  0.007201  0.007438
  1.000000
  0.000000  0.000000  0.000000  0.000000  0.000000  0.000000  0.000000  0.000000
  0.000000  0.000000  0.000000  0.000000  0.000000  0.000000  0.000000  0.000000
  0.000000  0.000000  0.000000  0.000000  0.000000  0.000251  0.000343  0.000407
  0.000458  0.000502  0.000539  0.000571  0.000602  0.000635  0.000668  0.000703
  0.000740  0.000777  0.000817  0.000857  0.000899  0.000941  0.000985  0.001030
  0.001077  0.001124  0.001172  0.001221  0.001271  0.001322  0.001373  0.001425
  0.001477  0.001529  0.001582  0.001635  0.001687  0.001737  0.001784  0.001827
  0.001865  0.001897  0.001922  0.001940  0.001952  0.001957  0.001955  0.001947
  0.001932  0.001911  0.001883  0.001849  0.001808  0.001761  0.001709  0.001651
  0.001589  0.001523  0.001453  0.001381  0.001307  0.001230  0.001152  0.001072
  0.000991  0.000910  0.000828  0.000746  0.000664  0.000583  0.000502  0.000423
  0.000345  0.000260  0.000000  0.000000  0.000000  0.000000  0.000000  0.000000
  0.000000  0.000000  0.000000  0.000000  0.000000  0.000000  0.000000  0.000000
  0.000000  0.000000
  1.000000  0.000000
  0.300000  0.300000  0.300000  0.300000  0.300000  0.300000  0.300000  0.300000
  0.300000  0.300000  0.300000  0.300000  0.300000  0.300000  0.300000  0.300000
  0.300000  0.300000  0.300000  0.300000  0.300000  0.300000  0.300000  0.300000
  0.300000  0.300000  0.300000  0.300000  0.300000  0.300000  0.300000  0.300000
  0.300000  0.300000  0.300000  0.300000  0.300000  0.300000  0.300000  0.300000
  0.300000  0.300000  0.300000  0.300000  0.300000  0.300000  0.300000  0.300000
  0.300000  0.300000  0.300000  0.300000  0.300000  0.300000  0.300000  0.300000
  0.300000  0.300000  0.300000  0.300000  0.300000  0.300000  0.300000  0.300000
  0.300000  0.300000  0.300000  0.300000  0.300000  0.300000  0.300000  0.300000
  0.300000  0.300000  0.300000  0.300000  0.300000  0.300000  0.300000  0.300000
  0.300000  0.300000  0.300000  0.300000  0.300000  0.300000  0.300000  0.300000
  0.300000  0.300000  0.300000  0.300000  0.300000  0.300000  0.300000  0.300000
  0.300000  0.300000  0.300000  0.300000  0.300000  0.300000  0.300000  0.300000
  0.300000  0.300000
 ***************************************************************
  ROW NUMBER           2  SECTION NUMBER            3
           0           0           0  IF_DESIGN etc 
   1.00000   0.00000    0
  0.011558  0.011950  0.012304  0.012623  0.012909  0.013166  0.013396  0.013603
  0.013788  0.013954  0.014103  0.014237  0.014356  0.014464  0.014560  0.014646
  0.014724  0.014793  0.014855  0.014911  0.014961  0.015011  0.015062  0.015117
  0.015174  0.015234  0.015297  0.015363  0.015433  0.015506  0.015583  0.015664
  0.015750  0.015840  0.015935  0.016034  0.016139  0.016248  0.016363  0.016484
  0.016610  0.016743  0.016882  0.017028  0.017182  0.017343  0.017513  0.017692
  0.017880  0.018081  0.018297  0.018528  0.018773  0.019033  0.019306  0.019591
  0.019884  0.020178  0.020474  0.020769  0.021063  0.021355  0.021645  0.021934
  0.022225  0.022516  0.022807  0.023099  0.023389  0.023679  0.023964  0.024243
  0.024516  0.024782  0.025040  0.025291  0.025534  0.025769  0.025998  0.026220
  0.026435  0.026643  0.026844  0.027039  0.027226  0.027407  0.027581  0.027748
  0.027908  0.028061  0.028207  0.028353  0.028507  0.028670  0.028843  0.029026
  0.029220  0.029425  0.029643  0.029873  0.030117  0.030377  0.030653  0.030945
  0.031255  0.031583
  1.000000  0.000000
 -0.013849 -0.013280 -0.012770 -0.012313 -0.011903 -0.011536 -0.011207 -0.010912
 -0.010648 -0.010411 -0.010198 -0.010008 -0.009837 -0.009684 -0.009547 -0.009424
 -0.009313 -0.009214 -0.009126 -0.009046 -0.008975 -0.008791 -0.008687 -0.008593
 -0.008499 -0.008400 -0.008297 -0.008190 -0.008077 -0.007959 -0.007835 -0.007706
 -0.007570 -0.007428 -0.007281 -0.007126 -0.006965 -0.006798 -0.006624 -0.006443
 -0.006255 -0.006059 -0.005856 -0.005644 -0.005425 -0.005196 -0.004959 -0.004711
 -0.004454 -0.004184 -0.003898 -0.003597 -0.003282 -0.002954 -0.002616 -0.002271
 -0.001925 -0.001584 -0.001249 -0.000923 -0.000606 -0.000298  0.000000  0.000290
  0.000574  0.000851  0.001121  0.001383  0.001637  0.001883  0.002118  0.002342
  0.002554  0.002755  0.002944  0.003122  0.003289  0.003447  0.003595  0.003735
  0.003867  0.003991  0.004107  0.004216  0.004318  0.004414  0.004504  0.004587
  0.004665  0.004731  0.004688  0.004792  0.004902  0.005018  0.005141  0.005271
  0.005408  0.005554  0.005707  0.005870  0.006042  0.006223  0.006416  0.006619
  0.006834  0.007062
  1.000000
  0.000000  0.000000  0.000000  0.000000  0.000000  0.000000  0.000000  0.000000
  0.000000  0.000000  0.000000  0.000000  0.000000  0.000000  0.000000  0.000000
  0.000000  0.000000  0.000000  0.000000  0.000000  0.000249  0.000341  0.000404
  0.000455  0.000498  0.000534  0.000566  0.000597  0.000629  0.000663  0.000697
  0.000734  0.000771  0.000810  0.000850  0.000891  0.000933  0.000977  0.001022
  0.001068  0.001114  0.001162  0.001211  0.001261  0.001311  0.001362  0.001413
  0.001465  0.001516  0.001569  0.001621  0.001673  0.001722  0.001769  0.001812
  0.001849  0.001881  0.001905  0.001924  0.001935  0.001940  0.001938  0.001930
  0.001916  0.001895  0.001867  0.001833  0.001793  0.001746  0.001694  0.001637
  0.001575  0.001510  0.001441  0.001370  0.001296  0.001220  0.001142  0.001063
  0.000983  0.000902  0.000821  0.000740  0.000658  0.000578  0.000498  0.000419
  0.000342  0.000260  0.000000  0.000000  0.000000  0.000000  0.000000  0.000000
  0.000000  0.000000  0.000000  0.000000  0.000000  0.000000  0.000000  0.000000
  0.000000  0.000000
  1.000000  0.000000
  0.327357  0.327287  0.327239  0.327202  0.327170  0.327143  0.327119  0.327099
  0.327082  0.327066  0.327053  0.327041  0.327030  0.327021  0.327013  0.327005
  0.326999  0.326993  0.326988  0.326983  0.326979  0.326973  0.326966  0.326959
  0.326952  0.326944  0.326935  0.326926  0.326916  0.326905  0.326893  0.326881
  0.326867  0.326853  0.326838  0.326821  0.326803  0.326784  0.326763  0.326741
  0.326717  0.326691  0.326663  0.326634  0.326602  0.326567  0.326530  0.326489
  0.326446  0.326398  0.326346  0.326289  0.326226  0.326159  0.326086  0.326008
  0.325926  0.325842  0.325757  0.325670  0.325582  0.325494  0.325406  0.325317
  0.325227  0.325136  0.325045  0.324953  0.324862  0.324771  0.324682  0.324595
  0.324510  0.324428  0.324348  0.324272  0.324198  0.324128  0.324060  0.323995
  0.323932  0.323873  0.323816  0.323762  0.323710  0.323661  0.323614  0.323570
  0.323529  0.323490  0.323453  0.323412  0.323369  0.323326  0.323282  0.323238
  0.323193  0.323149  0.323106  0.323065  0.323026  0.322997  0.322976  0.322959
  0.322947  0.322937
 ***************************************************************
 ************STARTING THE INPUT FOR EACH BLADE ROW**************
  BLADE ROW NUMBER =        3                                           
    NUMBER OF BLADES IN ROW 
       113
        JM        JLE       JTE 
       106        21        91
      KTIPSTART  KTIPEND 
         0         0
       BOUNDARY LAYER TRANSITION POINTS 
         0         0         0         0
  SET NEWGRID= 1 TO GENERATE A NEW GRID WITH DIFFERENT "J" POINTS AND SPACINGS.
         0
   RPMROW,    RPMHUB 
   12000.0   12000.0
       JROTHS    JROTHE    JROTTS    JROTTE 
         1         1         1         1
   PUPROW    PLEROW   PTEROW    PDROW 
  123939.0  123939.0  153762.8  153762.8
      NSECS_ROW   INSURF  
         3         0
  IF_CUSP_OUT   IFANGLES 
         1         0
         0         3         0
 ***************************************************************
  ROW NUMBER           3  SECTION NUMBER            1
           0           0           0  IF_DESIGN etc 
   1.00000   0.00000    0
  0.030791  0.031185  0.031538  0.031856  0.032140  0.032395  0.032623  0.032827
  0.033010  0.033175  0.033322  0.033454  0.033572  0.033678  0.033773  0.033858
  0.033935  0.034003  0.034065  0.034120  0.034169  0.034218  0.034269  0.034323
  0.034380  0.034439  0.034501  0.034567  0.034636  0.034708  0.034785  0.034865
  0.034950  0.035039  0.035133  0.035232  0.035335  0.035444  0.035557  0.035677
  0.035802  0.035934  0.036072  0.036218  0.036370  0.036530  0.036699  0.036877
  0.037065  0.037265  0.037479  0.037709  0.037954  0.038213  0.038486  0.038770
  0.039062  0.039357  0.039652  0.039948  0.040242  0.040535  0.040825  0.041115
  0.041406  0.041698  0.041991  0.042283  0.042575  0.042866  0.043152  0.043433
  0.043707  0.043975  0.044235  0.044487  0.044732  0.044969  0.045199  0.045423
  0.045639  0.045849  0.046052  0.046248  0.046437  0.046619  0.046795  0.046963
  0.047124  0.047279  0.047426  0.047574  0.047731  0.047896  0.048071  0.048256
  0.048452  0.048658  0.048877  0.049108  0.049353  0.049611  0.049884  0.050173
  0.050478  0.050800
  1.000000  0.000000
  0.010955  0.010439  0.009975  0.009560  0.009187  0.008853  0.008554  0.008285
  0.008045  0.007829  0.007636  0.007462  0.007307  0.007167  0.007042  0.006930
  0.006830  0.006740  0.006659  0.006587  0.006522  0.006575  0.006560  0.006527
  0.006479  0.006419  0.006348  0.006270  0.006187  0.006101  0.006012  0.005919
  0.005822  0.005720  0.005615  0.005506  0.005392  0.005275  0.005153  0.005026
  0.004895  0.004759  0.004618  0.004472  0.004320  0.004163  0.003999  0.003829
  0.003652  0.003466  0.003269  0.003061  0.002842  0.002614  0.002378  0.002134
  0.001888  0.001643  0.001399  0.001159  0.000921  0.000687  0.000457  0.000228
  0.000000 -0.000228 -0.000454 -0.000680 -0.000905 -0.001128 -0.001348 -0.001563
 -0.001774 -0.001979 -0.002179 -0.002373 -0.002561 -0.002744 -0.002923 -0.003096
 -0.003265 -0.003429 -0.003588 -0.003742 -0.003892 -0.004036 -0.004176 -0.004310
 -0.004439 -0.004563 -0.004761 -0.004834 -0.004911 -0.004993 -0.005079 -0.005170
 -0.005266 -0.005368 -0.005475 -0.005589 -0.005709 -0.005836 -0.005970 -0.006112
 -0.006262 -0.006420
  1.000000
  0.000000  0.000000  0.000000  0.000000  0.000000  0.000000  0.000000  0.000000
  0.000000  0.000000  0.000000  0.000000  0.000000  0.000000  0.000000  0.000000
  0.000000  0.000000  0.000000  0.000000  0.000000  0.000206  0.000278  0.000322
  0.000352  0.000372  0.000385  0.000396  0.000407  0.000420  0.000433  0.000448
  0.000465  0.000483  0.000503  0.000524  0.000547  0.000572  0.000599  0.000627
  0.000658  0.000690  0.000725  0.000762  0.000800  0.000842  0.000885  0.000931
  0.000979  0.001031  0.001085  0.001142  0.001201  0.001263  0.001325  0.001387
  0.001447  0.001503  0.001556  0.001603  0.001645  0.001681  0.001710  0.001734
  0.001751  0.001761  0.001764  0.001760  0.001748  0.001728  0.001700  0.001665
  0.001622  0.001573  0.001518  0.001457  0.001391  0.001320  0.001245  0.001166
  0.001084  0.000999  0.000911  0.000822  0.000730  0.000638  0.000545  0.000452
  0.000359  0.000263  0.000000  0.000000  0.000000  0.000000  0.000000  0.000000
  0.000000  0.000000  0.000000  0.000000  0.000000  0.000000  0.000000  0.000000
  0.000000  0.000000
  1.000000  0.000000
  0.277032  0.277051  0.277062  0.277070  0.277076  0.277087  0.277100  0.277112
  0.277123  0.277133  0.277143  0.277152  0.277160  0.277167  0.277173  0.277179
  0.277185  0.277190  0.277194  0.277198  0.277202  0.277207  0.277213  0.277219
  0.277226  0.277233  0.277241  0.277249  0.277257  0.277267  0.277277  0.277288
  0.277300  0.277312  0.277326  0.277341  0.277356  0.277373  0.277391  0.277411
  0.277432  0.277455  0.277479  0.277505  0.277533  0.277563  0.277596  0.277631
  0.277669  0.277710  0.277756  0.277805  0.277859  0.277918  0.277980  0.278047
  0.278116  0.278187  0.278258  0.278331  0.278403  0.278476  0.278548  0.278620
  0.278691  0.278763  0.278835  0.278905  0.278975  0.279044  0.279110  0.279174
  0.279235  0.279293  0.279348  0.279400  0.279449  0.279495  0.279538  0.279579
  0.279617  0.279652  0.279685  0.279715  0.279743  0.279769  0.279792  0.279814
  0.279833  0.279851  0.279867  0.279878  0.279889  0.279901  0.279913  0.279926
  0.279939  0.279952  0.279966  0.279981  0.279995  0.280010  0.280026  0.280042
  0.280059  0.280080
 ***************************************************************
  ROW NUMBER           3  SECTION NUMBER            2
           0           0           0  IF_DESIGN etc 
   1.00000   0.00000    0
  0.030853  0.031240  0.031586  0.031896  0.032175  0.032425  0.032648  0.032849
  0.033029  0.033190  0.033335  0.033464  0.033581  0.033685  0.033778  0.033862
  0.033937  0.034004  0.034065  0.034119  0.034167  0.034216  0.034267  0.034320
  0.034376  0.034434  0.034496  0.034561  0.034629  0.034701  0.034777  0.034856
  0.034941  0.035029  0.035122  0.035220  0.035323  0.035431  0.035544  0.035663
  0.035788  0.035919  0.036057  0.036202  0.036354  0.036514  0.036683  0.036861
  0.037048  0.037248  0.037463  0.037694  0.037939  0.038199  0.038473  0.038759
  0.039052  0.039348  0.039645  0.039942  0.040238  0.040533  0.040825  0.041117
  0.041409  0.041703  0.041997  0.042292  0.042585  0.042877  0.043164  0.043446
  0.043721  0.043989  0.044250  0.044502  0.044747  0.044984  0.045214  0.045436
  0.045652  0.045861  0.046063  0.046258  0.046446  0.046626  0.046800  0.046967
  0.047126  0.047279  0.047424  0.047570  0.047724  0.047887  0.048059  0.048240
  0.048432  0.048636  0.048850  0.049077  0.049317  0.049571  0.049839  0.050123
  0.050422  0.050739
  1.000000  0.000000
  0.013172  0.012574  0.012038  0.011558  0.011127  0.010741  0.010395  0.010085
  0.009807  0.009557  0.009333  0.009133  0.008953  0.008792  0.008647  0.008518
  0.008402  0.008298  0.008204  0.008120  0.008045  0.008099  0.008081  0.008041
  0.007986  0.007917  0.007835  0.007743  0.007647  0.007546  0.007441  0.007332
  0.007218  0.007098  0.006974  0.006845  0.006710  0.006570  0.006425  0.006274
  0.006118  0.005954  0.005785  0.005609  0.005426  0.005235  0.005037  0.004829
  0.004613  0.004385  0.004142  0.003885  0.003614  0.003330  0.003035  0.002730
  0.002419  0.002109  0.001800  0.001493  0.001189  0.000888  0.000592  0.000296
  0.000000 -0.000296 -0.000592 -0.000888 -0.001183 -0.001477 -0.001766 -0.002051
 -0.002330 -0.002602 -0.002867 -0.003125 -0.003376 -0.003621 -0.003859 -0.004091
 -0.004317 -0.004537 -0.004750 -0.004957 -0.005157 -0.005351 -0.005539 -0.005719
 -0.005893 -0.006060 -0.006301 -0.006410 -0.006526 -0.006648 -0.006776 -0.006913
 -0.007057 -0.007209 -0.007370 -0.007540 -0.007720 -0.007910 -0.008111 -0.008323
 -0.008548 -0.008785
  1.000000
  0.000000  0.000000  0.000000  0.000000  0.000000  0.000000  0.000000  0.000000
  0.000000  0.000000  0.000000  0.000000  0.000000  0.000000  0.000000  0.000000
  0.000000  0.000000  0.000000  0.000000  0.000000  0.000224  0.000303  0.000353
  0.000387  0.000411  0.000427  0.000439  0.000451  0.000465  0.000480  0.000497
  0.000515  0.000536  0.000557  0.000581  0.000607  0.000634  0.000664  0.000695
  0.000729  0.000765  0.000804  0.000844  0.000888  0.000933  0.000982  0.001033
  0.001086  0.001143  0.001203  0.001266  0.001333  0.001401  0.001470  0.001539
  0.001605  0.001668  0.001726  0.001778  0.001824  0.001864  0.001897  0.001924
  0.001943  0.001954  0.001958  0.001953  0.001940  0.001917  0.001886  0.001847
  0.001800  0.001745  0.001684  0.001616  0.001543  0.001465  0.001382  0.001294
  0.001203  0.001108  0.001011  0.000912  0.000810  0.000708  0.000605  0.000501
  0.000398  0.000287  0.000000  0.000000  0.000000  0.000000  0.000000  0.000000
  0.000000  0.000000  0.000000  0.000000  0.000000  0.000000  0.000000  0.000000
  0.000000  0.000000
  1.000000  0.000000
  0.300000  0.300000  0.300000  0.300000  0.300000  0.300000  0.300000  0.300000
  0.300000  0.300000  0.300000  0.300000  0.300000  0.300000  0.300000  0.300000
  0.300000  0.300000  0.300000  0.300000  0.300000  0.300000  0.300000  0.300000
  0.300000  0.300000  0.300000  0.300000  0.300000  0.300000  0.300000  0.300000
  0.300000  0.300000  0.300000  0.300000  0.300000  0.300000  0.300000  0.300000
  0.300000  0.300000  0.300000  0.300000  0.300000  0.300000  0.300000  0.300000
  0.300000  0.300000  0.300000  0.300000  0.300000  0.300000  0.300000  0.300000
  0.300000  0.300000  0.300000  0.300000  0.300000  0.300000  0.300000  0.300000
  0.300000  0.300000  0.300000  0.300000  0.300000  0.300000  0.300000  0.300000
  0.300000  0.300000  0.300000  0.300000  0.300000  0.300000  0.300000  0.300000
  0.300000  0.300000  0.300000  0.300000  0.300000  0.300000  0.300000  0.300000
  0.300000  0.300000  0.300000  0.300000  0.300000  0.300000  0.300000  0.300000
  0.300000  0.300000  0.300000  0.300000  0.300000  0.300000  0.300000  0.300000
  0.300000  0.300000
 ***************************************************************
  ROW NUMBER           3  SECTION NUMBER            3
           0           0           0  IF_DESIGN etc 
   1.00000   0.00000    0
  0.030791  0.031184  0.031538  0.031855  0.032140  0.032394  0.032622  0.032826
  0.033010  0.033174  0.033321  0.033453  0.033571  0.033677  0.033772  0.033858
  0.033934  0.034002  0.034064  0.034119  0.034168  0.034217  0.034269  0.034322
  0.034379  0.034438  0.034500  0.034566  0.034635  0.034707  0.034784  0.034864
  0.034949  0.035038  0.035132  0.035231  0.035334  0.035443  0.035557  0.035676
  0.035801  0.035933  0.036071  0.036217  0.036369  0.036529  0.036698  0.036876
  0.037064  0.037264  0.037478  0.037708  0.037953  0.038212  0.038485  0.038769
  0.039061  0.039356  0.039651  0.039947  0.040241  0.040533  0.040824  0.041114
  0.041405  0.041697  0.041989  0.042282  0.042574  0.042864  0.043151  0.043431
  0.043706  0.043973  0.044233  0.044486  0.044730  0.044967  0.045197  0.045421
  0.045638  0.045847  0.046050  0.046246  0.046435  0.046618  0.046793  0.046961
  0.047122  0.047277  0.047424  0.047572  0.047729  0.047894  0.048069  0.048254
  0.048450  0.048657  0.048875  0.049106  0.049351  0.049609  0.049882  0.050171
  0.050476  0.050798
  1.000000  0.000000
  0.015807  0.015108  0.014481  0.013920  0.013416  0.012965  0.012560  0.012197
  0.011871  0.011579  0.011318  0.011083  0.010873  0.010684  0.010515  0.010363
  0.010227  0.010106  0.009996  0.009898  0.009811  0.009869  0.009846  0.009800
  0.009736  0.009655  0.009559  0.009452  0.009338  0.009220  0.009096  0.008967
  0.008831  0.008690  0.008543  0.008389  0.008229  0.008063  0.007889  0.007709
  0.007522  0.007326  0.007123  0.006911  0.006691  0.006461  0.006221  0.005970
  0.005708  0.005431  0.005135  0.004822  0.004490  0.004142  0.003779  0.003403
  0.003019  0.002635  0.002251  0.001869  0.001490  0.001115  0.000743  0.000372
  0.000000 -0.000373 -0.000746 -0.001120 -0.001493 -0.001865 -0.002233 -0.002595
 -0.002949 -0.003296 -0.003634 -0.003964 -0.004284 -0.004597 -0.004902 -0.005199
 -0.005488 -0.005769 -0.006043 -0.006308 -0.006566 -0.006814 -0.007055 -0.007287
 -0.007510 -0.007725 -0.008013 -0.008161 -0.008317 -0.008482 -0.008656 -0.008841
 -0.009035 -0.009241 -0.009459 -0.009689 -0.009933 -0.010190 -0.010462 -0.010749
 -0.011053 -0.011374
  1.000000
  0.000000  0.000000  0.000000  0.000000  0.000000  0.000000  0.000000  0.000000
  0.000000  0.000000  0.000000  0.000000  0.000000  0.000000  0.000000  0.000000
  0.000000  0.000000  0.000000  0.000000  0.000000  0.000252  0.000342  0.000400
  0.000440  0.000469  0.000488  0.000502  0.000517  0.000532  0.000550  0.000569
  0.000590  0.000613  0.000638  0.000665  0.000695  0.000726  0.000760  0.000796
  0.000835  0.000876  0.000920  0.000967  0.001017  0.001069  0.001124  0.001182
  0.001244  0.001309  0.001378  0.001451  0.001527  0.001605  0.001684  0.001762
  0.001839  0.001911  0.001977  0.002037  0.002090  0.002136  0.002174  0.002204
  0.002226  0.002239  0.002243  0.002237  0.002222  0.002197  0.002161  0.002116
  0.002062  0.002000  0.001929  0.001852  0.001768  0.001678  0.001583  0.001483
  0.001378  0.001270  0.001158  0.001044  0.000928  0.000811  0.000693  0.000574
  0.000456  0.000325  0.000000  0.000000  0.000000  0.000000  0.000000  0.000000
  0.000000  0.000000  0.000000  0.000000  0.000000  0.000000  0.000000  0.000000
  0.000000  0.000000
  1.000000  0.000000
  0.322968  0.322949  0.322938  0.322930  0.322924  0.322913  0.322900  0.322888
  0.322877  0.322867  0.322857  0.322849  0.322841  0.322833  0.322827  0.322821
  0.322815  0.322810  0.322806  0.322802  0.322798  0.322793  0.322787  0.322781
  0.322774  0.322767  0.322760  0.322752  0.322743  0.322733  0.322723  0.322712
  0.322701  0.322688  0.322674  0.322660  0.322644  0.322627  0.322609  0.322589
  0.322568  0.322546  0.322522  0.322496  0.322467  0.322437  0.322405  0.322369
  0.322331  0.322290  0.322245  0.322195  0.322141  0.322083  0.322020  0.321954
  0.321885  0.321814  0.321742  0.321670  0.321597  0.321525  0.321453  0.321381
  0.321309  0.321237  0.321166  0.321095  0.321025  0.320957  0.320891  0.320827
  0.320766  0.320707  0.320652  0.320600  0.320551  0.320505  0.320462  0.320421
  0.320384  0.320348  0.320315  0.320285  0.320257  0.320231  0.320208  0.320186
  0.320167  0.320149  0.320133  0.320122  0.320111  0.320099  0.320087  0.320074
  0.320061  0.320048  0.320034  0.320020  0.320005  0.319990  0.319974  0.319958
  0.319941  0.319920
 ***************************************************************
 ************STARTING THE INPUT FOR EACH BLADE ROW**************
  BLADE ROW NUMBER =        4                                           
    NUMBER OF BLADES IN ROW 
       114
        JM        JLE       JTE 
       106        21        91
      KTIPSTART  KTIPEND 
         0         0
       BOUNDARY LAYER TRANSITION POINTS 
         0         0         0         0
  SET NEWGRID= 1 TO GENERATE A NEW GRID WITH DIFFERENT "J" POINTS AND SPACINGS.
         0
   RPMROW,    RPMHUB 
       0.0       0.0
       JROTHS    JROTHE    JROTTS    JROTTE 
         1         1         1         1
   PUPROW    PLEROW   PTEROW    PDROW 
  153762.8  153762.8  187841.7  187841.7
      NSECS_ROW   INSURF  
         3         0
  IF_CUSP_OUT   IFANGLES 
         1         0
         0         3         0
 ***************************************************************
  ROW NUMBER           4  SECTION NUMBER            1
           0           0           0  IF_DESIGN etc 
   1.00000   0.00000    0
  0.047336  0.047725  0.048075  0.048388  0.048669  0.048921  0.049147  0.049350
  0.049532  0.049695  0.049841  0.049972  0.050089  0.050194  0.050289  0.050373
  0.050449  0.050517  0.050578  0.050633  0.050682  0.050731  0.050782  0.050835
  0.050892  0.050951  0.051013  0.051078  0.051147  0.051219  0.051295  0.051375
  0.051460  0.051549  0.051642  0.051741  0.051844  0.051952  0.052066  0.052185
  0.052310  0.052442  0.052580  0.052725  0.052877  0.053038  0.053206  0.053384
  0.053572  0.053772  0.053987  0.054217  0.054462  0.054721  0.054994  0.055279
  0.055571  0.055866  0.056162  0.056457  0.056752  0.057045  0.057335  0.057625
  0.057917  0.058209  0.058501  0.058793  0.059085  0.059375  0.059661  0.059941
  0.060214  0.060481  0.060740  0.060991  0.061234  0.061469  0.061698  0.061920
  0.062135  0.062343  0.062544  0.062738  0.062925  0.063106  0.063279  0.063445
  0.063604  0.063757  0.063902  0.064047  0.064201  0.064363  0.064535  0.064716
  0.064909  0.065112  0.065327  0.065555  0.065795  0.066050  0.066321  0.066607
  0.066910  0.067230
  1.000000  0.000000
 -0.015664 -0.015018 -0.014438 -0.013919 -0.013453 -0.013035 -0.012660 -0.012324
 -0.012023 -0.011753 -0.011511 -0.011294 -0.011099 -0.010924 -0.010768 -0.010628
 -0.010502 -0.010389 -0.010288 -0.010197 -0.010116 -0.009916 -0.009800 -0.009695
 -0.009588 -0.009478 -0.009362 -0.009240 -0.009113 -0.008980 -0.008840 -0.008694
 -0.008542 -0.008382 -0.008216 -0.008042 -0.007861 -0.007672 -0.007476 -0.007272
 -0.007060 -0.006840 -0.006611 -0.006373 -0.006125 -0.005868 -0.005601 -0.005322
 -0.005032 -0.004728 -0.004405 -0.004066 -0.003710 -0.003340 -0.002959 -0.002570
 -0.002179 -0.001793 -0.001415 -0.001046 -0.000686 -0.000338  0.000000  0.000329
  0.000651  0.000966  0.001273  0.001572  0.001862  0.002143  0.002411  0.002667
  0.002910  0.003140  0.003357  0.003562  0.003754  0.003936  0.004107  0.004269
  0.004421  0.004564  0.004699  0.004826  0.004945  0.005056  0.005160  0.005258
  0.005349  0.005425  0.005390  0.005508  0.005633  0.005764  0.005903  0.006050
  0.006206  0.006370  0.006544  0.006728  0.006922  0.007127  0.007343  0.007572
  0.007814  0.008069
  1.000000
  0.000000  0.000000  0.000000  0.000000  0.000000  0.000000  0.000000  0.000000
  0.000000  0.000000  0.000000  0.000000  0.000000  0.000000  0.000000  0.000000
  0.000000  0.000000  0.000000  0.000000  0.000000  0.000263  0.000360  0.000427
  0.000481  0.000527  0.000566  0.000600  0.000633  0.000667  0.000702  0.000739
  0.000777  0.000817  0.000858  0.000900  0.000944  0.000989  0.001035  0.001082
  0.001131  0.001181  0.001231  0.001283  0.001336  0.001389  0.001442  0.001497
  0.001551  0.001606  0.001662  0.001718  0.001772  0.001825  0.001874  0.001920
  0.001959  0.001993  0.002019  0.002038  0.002050  0.002056  0.002054  0.002045
  0.002030  0.002008  0.001979  0.001943  0.001900  0.001850  0.001795  0.001734
  0.001669  0.001600  0.001527  0.001451  0.001373  0.001292  0.001210  0.001126
  0.001041  0.000956  0.000869  0.000783  0.000697  0.000612  0.000527  0.000444
  0.000362  0.000273  0.000000  0.000000  0.000000  0.000000  0.000000  0.000000
  0.000000  0.000000  0.000000  0.000000  0.000000  0.000000  0.000000  0.000000
  0.000000  0.000000
  1.000000  0.000000
  0.279857  0.279889  0.279914  0.279935  0.279953  0.279969  0.279983  0.279995
  0.280005  0.280015  0.280023  0.280031  0.280037  0.280043  0.280048  0.280053
  0.280057  0.280061  0.280064  0.280067  0.280070  0.280074  0.280078  0.280083
  0.280088  0.280093  0.280098  0.280104  0.280111  0.280118  0.280125  0.280133
  0.280141  0.280151  0.280161  0.280171  0.280183  0.280195  0.280208  0.280222
  0.280237  0.280253  0.280271  0.280290  0.280310  0.280332  0.280356  0.280381
  0.280409  0.280439  0.280472  0.280508  0.280548  0.280591  0.280637  0.280687
  0.280739  0.280792  0.280847  0.280902  0.280958  0.281014  0.281071  0.281128
  0.281185  0.281243  0.281302  0.281361  0.281419  0.281478  0.281536  0.281592
  0.281647  0.281700  0.281751  0.281801  0.281849  0.281895  0.281939  0.281981
  0.282022  0.282061  0.282098  0.282134  0.282167  0.282200  0.282230  0.282259
  0.282287  0.282313  0.282337  0.282365  0.282393  0.282422  0.282452  0.282482
  0.282512  0.282542  0.282572  0.282602  0.282630  0.282657  0.282675  0.282690
  0.282701  0.282710
 ***************************************************************
  ROW NUMBER           4  SECTION NUMBER            2
           0           0           0  IF_DESIGN etc 
   1.00000   0.00000    0
  0.047381  0.047767  0.048112  0.048422  0.048699  0.048948  0.049171  0.049372
  0.049551  0.049712  0.049856  0.049985  0.050101  0.050205  0.050298  0.050382
  0.050457  0.050524  0.050584  0.050638  0.050686  0.050735  0.050785  0.050838
  0.050894  0.050952  0.051014  0.051079  0.051147  0.051218  0.051294  0.051373
  0.051457  0.051546  0.051638  0.051736  0.051839  0.051946  0.052059  0.052178
  0.052302  0.052433  0.052571  0.052715  0.052867  0.053026  0.053195  0.053372
  0.053559  0.053759  0.053973  0.054203  0.054448  0.054707  0.054980  0.055265
  0.055557  0.055852  0.056149  0.056445  0.056740  0.057034  0.057325  0.057616
  0.057908  0.058201  0.058495  0.058788  0.059080  0.059371  0.059658  0.059939
  0.060214  0.060481  0.060741  0.060992  0.061236  0.061472  0.061702  0.061924
  0.062139  0.062347  0.062549  0.062743  0.062930  0.063110  0.063284  0.063450
  0.063609  0.063761  0.063906  0.064052  0.064205  0.064367  0.064539  0.064720
  0.064912  0.065114  0.065328  0.065555  0.065794  0.066047  0.066314  0.066597
  0.066896  0.067212
  1.000000  0.000000
 -0.014473 -0.013877 -0.013343 -0.012864 -0.012434 -0.012049 -0.011704 -0.011394
 -0.011117 -0.010868 -0.010645 -0.010445 -0.010266 -0.010105 -0.009961 -0.009832
 -0.009716 -0.009612 -0.009519 -0.009436 -0.009361 -0.009173 -0.009065 -0.008967
 -0.008869 -0.008766 -0.008659 -0.008547 -0.008429 -0.008306 -0.008177 -0.008042
 -0.007901 -0.007753 -0.007599 -0.007438 -0.007270 -0.007096 -0.006914 -0.006726
 -0.006529 -0.006325 -0.006113 -0.005893 -0.005664 -0.005426 -0.005178 -0.004920
 -0.004652 -0.004370 -0.004072 -0.003758 -0.003429 -0.003087 -0.002734 -0.002374
 -0.002013 -0.001656 -0.001307 -0.000966 -0.000634 -0.000312  0.000000  0.000304
  0.000601  0.000891  0.001174  0.001450  0.001717  0.001975  0.002222  0.002458
  0.002681  0.002892  0.003092  0.003279  0.003456  0.003623  0.003780  0.003928
  0.004067  0.004198  0.004321  0.004437  0.004546  0.004647  0.004743  0.004832
  0.004915  0.004984  0.004947  0.005055  0.005170  0.005292  0.005421  0.005556
  0.005700  0.005852  0.006012  0.006182  0.006361  0.006551  0.006751  0.006963
  0.007187  0.007424
  1.000000
  0.000000  0.000000  0.000000  0.000000  0.000000  0.000000  0.000000  0.000000
  0.000000  0.000000  0.000000  0.000000  0.000000  0.000000  0.000000  0.000000
  0.000000  0.000000  0.000000  0.000000  0.000000  0.000251  0.000343  0.000406
  0.000457  0.000501  0.000538  0.000570  0.000601  0.000633  0.000667  0.000702
  0.000738  0.000776  0.000815  0.000855  0.000897  0.000939  0.000983  0.001028
  0.001075  0.001122  0.001170  0.001219  0.001269  0.001319  0.001371  0.001422
  0.001474  0.001526  0.001579  0.001632  0.001684  0.001734  0.001781  0.001824
  0.001862  0.001893  0.001918  0.001936  0.001948  0.001953  0.001951  0.001943
  0.001929  0.001907  0.001880  0.001845  0.001805  0.001758  0.001705  0.001648
  0.001586  0.001520  0.001450  0.001378  0.001304  0.001228  0.001150  0.001070
  0.000989  0.000908  0.000826  0.000744  0.000663  0.000582  0.000501  0.000422
  0.000344  0.000260  0.000000  0.000000  0.000000  0.000000  0.000000  0.000000
  0.000000  0.000000  0.000000  0.000000  0.000000  0.000000  0.000000  0.000000
  0.000000  0.000000
  1.000000  0.000000
  0.300000  0.300000  0.300000  0.300000  0.300000  0.300000  0.300000  0.300000
  0.300000  0.300000  0.300000  0.300000  0.300000  0.300000  0.300000  0.300000
  0.300000  0.300000  0.300000  0.300000  0.300000  0.300000  0.300000  0.300000
  0.300000  0.300000  0.300000  0.300000  0.300000  0.300000  0.300000  0.300000
  0.300000  0.300000  0.300000  0.300000  0.300000  0.300000  0.300000  0.300000
  0.300000  0.300000  0.300000  0.300000  0.300000  0.300000  0.300000  0.300000
  0.300000  0.300000  0.300000  0.300000  0.300000  0.300000  0.300000  0.300000
  0.300000  0.300000  0.300000  0.300000  0.300000  0.300000  0.300000  0.300000
  0.300000  0.300000  0.300000  0.300000  0.300000  0.300000  0.300000  0.300000
  0.300000  0.300000  0.300000  0.300000  0.300000  0.300000  0.300000  0.300000
  0.300000  0.300000  0.300000  0.300000  0.300000  0.300000  0.300000  0.300000
  0.300000  0.300000  0.300000  0.300000  0.300000  0.300000  0.300000  0.300000
  0.300000  0.300000  0.300000  0.300000  0.300000  0.300000  0.300000  0.300000
  0.300000  0.300000
 ***************************************************************
  ROW NUMBER           4  SECTION NUMBER            3
           0           0           0  IF_DESIGN etc 
   1.00000   0.00000    0
  0.047336  0.047725  0.048075  0.048388  0.048669  0.048921  0.049147  0.049350
  0.049532  0.049695  0.049841  0.049972  0.050089  0.050194  0.050289  0.050373
  0.050449  0.050517  0.050578  0.050633  0.050682  0.050731  0.050782  0.050835
  0.050892  0.050951  0.051013  0.051078  0.051146  0.051219  0.051295  0.051375
  0.051460  0.051549  0.051642  0.051741  0.051844  0.051952  0.052066  0.052185
  0.052310  0.052442  0.052580  0.052725  0.052877  0.053038  0.053206  0.053384
  0.053572  0.053772  0.053987  0.054217  0.054462  0.054721  0.054994  0.055279
  0.055571  0.055866  0.056162  0.056457  0.056752  0.057045  0.057335  0.057625
  0.057916  0.058208  0.058501  0.058793  0.059085  0.059375  0.059661  0.059941
  0.060214  0.060481  0.060740  0.060991  0.061234  0.061469  0.061698  0.061920
  0.062135  0.062343  0.062544  0.062738  0.062925  0.063106  0.063279  0.063445
  0.063604  0.063757  0.063902  0.064047  0.064201  0.064363  0.064535  0.064716
  0.064909  0.065112  0.065327  0.065555  0.065795  0.066050  0.066320  0.066607
  0.066909  0.067230
  1.000000  0.000000
 -0.013824 -0.013256 -0.012746 -0.012290 -0.011881 -0.011514 -0.011185 -0.010891
 -0.010626 -0.010389 -0.010177 -0.009987 -0.009816 -0.009663 -0.009526 -0.009403
 -0.009292 -0.009194 -0.009105 -0.009025 -0.008954 -0.008772 -0.008668 -0.008574
 -0.008480 -0.008382 -0.008279 -0.008172 -0.008059 -0.007941 -0.007818 -0.007689
 -0.007554 -0.007412 -0.007265 -0.007111 -0.006950 -0.006784 -0.006610 -0.006429
 -0.006242 -0.006046 -0.005843 -0.005632 -0.005413 -0.005185 -0.004948 -0.004702
 -0.004445 -0.004176 -0.003891 -0.003590 -0.003275 -0.002948 -0.002611 -0.002267
 -0.001922 -0.001581 -0.001247 -0.000921 -0.000605 -0.000297  0.000000  0.000290
  0.000573  0.000850  0.001119  0.001382  0.001636  0.001881  0.002117  0.002340
  0.002552  0.002753  0.002943  0.003121  0.003288  0.003446  0.003594  0.003734
  0.003866  0.003990  0.004107  0.004216  0.004319  0.004415  0.004504  0.004588
  0.004666  0.004732  0.004691  0.004795  0.004905  0.005021  0.005143  0.005273
  0.005410  0.005555  0.005708  0.005870  0.006042  0.006223  0.006414  0.006617
  0.006832  0.007058
  1.000000
  0.000000  0.000000  0.000000  0.000000  0.000000  0.000000  0.000000  0.000000
  0.000000  0.000000  0.000000  0.000000  0.000000  0.000000  0.000000  0.000000
  0.000000  0.000000  0.000000  0.000000  0.000000  0.000246  0.000337  0.000399
  0.000450  0.000492  0.000528  0.000560  0.000590  0.000622  0.000655  0.000690
  0.000725  0.000762  0.000800  0.000840  0.000881  0.000923  0.000966  0.001010
  0.001055  0.001102  0.001149  0.001197  0.001246  0.001296  0.001346  0.001397
  0.001448  0.001499  0.001551  0.001603  0.001654  0.001703  0.001749  0.001791
  0.001828  0.001859  0.001884  0.001902  0.001913  0.001918  0.001916  0.001908
  0.001894  0.001873  0.001846  0.001813  0.001773  0.001726  0.001675  0.001618
  0.001557  0.001493  0.001425  0.001354  0.001281  0.001206  0.001129  0.001051
  0.000972  0.000892  0.000811  0.000731  0.000651  0.000571  0.000492  0.000415
  0.000338  0.000256  0.000000  0.000000  0.000000  0.000000  0.000000  0.000000
  0.000000  0.000000  0.000000  0.000000  0.000000  0.000000  0.000000  0.000000
  0.000000  0.000000
  1.000000  0.000000
  0.320143  0.320111  0.320086  0.320065  0.320047  0.320031  0.320017  0.320005
  0.319994  0.319985  0.319977  0.319969  0.319963  0.319957  0.319952  0.319947
  0.319943  0.319939  0.319936  0.319933  0.319930  0.319926  0.319922  0.319917
  0.319912  0.319907  0.319902  0.319896  0.319889  0.319882  0.319875  0.319867
  0.319859  0.319849  0.319839  0.319829  0.319817  0.319805  0.319792  0.319778
  0.319763  0.319747  0.319729  0.319710  0.319690  0.319668  0.319644  0.319619
  0.319591  0.319561  0.319528  0.319492  0.319452  0.319409  0.319363  0.319313
  0.319261  0.319208  0.319153  0.319098  0.319042  0.318986  0.318929  0.318872
  0.318815  0.318757  0.318698  0.318639  0.318581  0.318522  0.318464  0.318408
  0.318353  0.318300  0.318249  0.318199  0.318151  0.318105  0.318061  0.318019
  0.317978  0.317939  0.317902  0.317866  0.317833  0.317800  0.317770  0.317741
  0.317713  0.317687  0.317663  0.317635  0.317607  0.317578  0.317548  0.317518
  0.317488  0.317458  0.317428  0.317398  0.317370  0.317343  0.317325  0.317310
  0.317299  0.317290
 ***************************************************************
 ************STARTING THE INPUT FOR EACH BLADE ROW**************
  BLADE ROW NUMBER =        5                                           
    NUMBER OF BLADES IN ROW 
       115
        JM        JLE       JTE 
       106        21        91
      KTIPSTART  KTIPEND 
         0         0
       BOUNDARY LAYER TRANSITION POINTS 
         0         0         0         0
  SET NEWGRID= 1 TO GENERATE A NEW GRID WITH DIFFERENT "J" POINTS AND SPACINGS.
         0
   RPMROW,    RPMHUB 
   12000.0   12000.0
       JROTHS    JROTHE    JROTTS    JROTTE 
         1         1         1         1
   PUPROW    PLEROW   PTEROW    PDROW 
  187841.7  187841.7  226965.3  226965.3
      NSECS_ROW   INSURF  
         3         0
  IF_CUSP_OUT   IFANGLES 
         1         0
         0         3         0
 ***************************************************************
  ROW NUMBER           5  SECTION NUMBER            1
           0           0           0  IF_DESIGN etc 
   1.00000   0.00000    0
  0.067151  0.067540  0.067888  0.068201  0.068481  0.068733  0.068958  0.069159
  0.069340  0.069502  0.069648  0.069778  0.069895  0.070000  0.070094  0.070178
  0.070253  0.070321  0.070382  0.070436  0.070485  0.070534  0.070585  0.070638
  0.070694  0.070752  0.070814  0.070879  0.070948  0.071020  0.071095  0.071175
  0.071260  0.071348  0.071441  0.071539  0.071642  0.071750  0.071863  0.071982
  0.072107  0.072238  0.072376  0.072521  0.072672  0.072832  0.073001  0.073178
  0.073365  0.073565  0.073779  0.074009  0.074254  0.074513  0.074785  0.075070
  0.075362  0.075656  0.075952  0.076248  0.076543  0.076836  0.077126  0.077417
  0.077708  0.078001  0.078293  0.078586  0.078878  0.079169  0.079455  0.079736
  0.080010  0.080278  0.080537  0.080789  0.081033  0.081269  0.081499  0.081722
  0.081938  0.082146  0.082348  0.082543  0.082731  0.082912  0.083086  0.083253
  0.083413  0.083566  0.083712  0.083858  0.084013  0.084177  0.084349  0.084532
  0.084725  0.084930  0.085146  0.085374  0.085615  0.085870  0.086140  0.086425
  0.086726  0.087045
  1.000000  0.000000
  0.011417  0.010884  0.010406  0.009977  0.009593  0.009249  0.008941  0.008664
  0.008416  0.008193  0.007994  0.007815  0.007655  0.007511  0.007382  0.007267
  0.007163  0.007070  0.006987  0.006913  0.006846  0.006898  0.006883  0.006848
  0.006799  0.006737  0.006663  0.006582  0.006497  0.006408  0.006315  0.006219
  0.006118  0.006013  0.005904  0.005791  0.005673  0.005551  0.005424  0.005292
  0.005156  0.005014  0.004867  0.004715  0.004557  0.004392  0.004221  0.004043
  0.003858  0.003663  0.003456  0.003238  0.003008  0.002768  0.002519  0.002262
  0.002002  0.001743  0.001485  0.001230  0.000979  0.000730  0.000486  0.000243
  0.000000 -0.000242 -0.000484 -0.000725 -0.000965 -0.001203 -0.001438 -0.001668
 -0.001893 -0.002113 -0.002327 -0.002534 -0.002736 -0.002932 -0.003124 -0.003310
 -0.003491 -0.003667 -0.003837 -0.004003 -0.004163 -0.004318 -0.004468 -0.004612
 -0.004751 -0.004884 -0.005083 -0.005164 -0.005249 -0.005340 -0.005435 -0.005536
 -0.005643 -0.005756 -0.005875 -0.006001 -0.006135 -0.006276 -0.006425 -0.006582
 -0.006749 -0.006925
  1.000000
  0.000000  0.000000  0.000000  0.000000  0.000000  0.000000  0.000000  0.000000
  0.000000  0.000000  0.000000  0.000000  0.000000  0.000000  0.000000  0.000000
  0.000000  0.000000  0.000000  0.000000  0.000000  0.000208  0.000281  0.000326
  0.000357  0.000378  0.000392  0.000402  0.000414  0.000426  0.000440  0.000456
  0.000473  0.000491  0.000511  0.000533  0.000556  0.000581  0.000609  0.000638
  0.000668  0.000702  0.000737  0.000774  0.000814  0.000856  0.000900  0.000946
  0.000996  0.001047  0.001103  0.001161  0.001221  0.001284  0.001347  0.001410
  0.001471  0.001528  0.001581  0.001629  0.001672  0.001708  0.001738  0.001762
  0.001780  0.001790  0.001793  0.001789  0.001777  0.001756  0.001728  0.001692
  0.001649  0.001599  0.001543  0.001481  0.001414  0.001342  0.001266  0.001186
  0.001102  0.001015  0.000926  0.000835  0.000742  0.000649  0.000554  0.000460
  0.000365  0.000266  0.000000  0.000000  0.000000  0.000000  0.000000  0.000000
  0.000000  0.000000  0.000000  0.000000  0.000000  0.000000  0.000000  0.000000
  0.000000  0.000000
  1.000000  0.000000
  0.282708  0.282717  0.282722  0.282727  0.282734  0.282743  0.282752  0.282760
  0.282767  0.282774  0.282780  0.282785  0.282791  0.282795  0.282800  0.282803
  0.282807  0.282810  0.282813  0.282816  0.282818  0.282822  0.282825  0.282830
  0.282834  0.282839  0.282844  0.282849  0.282855  0.282861  0.282868  0.282875
  0.282883  0.282891  0.282901  0.282910  0.282921  0.282932  0.282944  0.282957
  0.282971  0.282986  0.283002  0.283019  0.283037  0.283057  0.283079  0.283102
  0.283127  0.283154  0.283184  0.283216  0.283252  0.283290  0.283331  0.283375
  0.283420  0.283466  0.283514  0.283561  0.283609  0.283656  0.283703  0.283750
  0.283797  0.283844  0.283891  0.283937  0.283983  0.284027  0.284071  0.284112
  0.284152  0.284190  0.284226  0.284260  0.284291  0.284321  0.284350  0.284376
  0.284401  0.284423  0.284445  0.284464  0.284482  0.284499  0.284514  0.284528
  0.284541  0.284553  0.284563  0.284570  0.284577  0.284585  0.284593  0.284601
  0.284610  0.284618  0.284628  0.284637  0.284647  0.284657  0.284667  0.284678
  0.284689  0.284702
 ***************************************************************
  ROW NUMBER           5  SECTION NUMBER            2
           0           0           0  IF_DESIGN etc 
   1.00000   0.00000    0
  0.067177  0.067563  0.067908  0.068218  0.068496  0.068745  0.068968  0.069168
  0.069348  0.069509  0.069653  0.069782  0.069898  0.070002  0.070096  0.070179
  0.070254  0.070321  0.070381  0.070435  0.070484  0.070532  0.070583  0.070636
  0.070692  0.070750  0.070812  0.070876  0.070944  0.071016  0.071092  0.071171
  0.071255  0.071344  0.071437  0.071534  0.071637  0.071745  0.071858  0.071976
  0.072101  0.072232  0.072369  0.072514  0.072665  0.072825  0.072993  0.073171
  0.073358  0.073558  0.073772  0.074002  0.074247  0.074507  0.074780  0.075065
  0.075357  0.075653  0.075949  0.076246  0.076541  0.076835  0.077126  0.077417
  0.077710  0.078003  0.078296  0.078590  0.078882  0.079173  0.079460  0.079742
  0.080016  0.080284  0.080543  0.080795  0.081039  0.081276  0.081505  0.081727
  0.081943  0.082151  0.082353  0.082547  0.082734  0.082915  0.083088  0.083254
  0.083413  0.083566  0.083711  0.083856  0.084010  0.084172  0.084344  0.084525
  0.084717  0.084919  0.085134  0.085360  0.085599  0.085853  0.086120  0.086403
  0.086702  0.087018
  1.000000  0.000000
  0.013142  0.012546  0.012011  0.011532  0.011102  0.010717  0.010372  0.010062
  0.009784  0.009535  0.009312  0.009112  0.008933  0.008772  0.008628  0.008499
  0.008383  0.008279  0.008186  0.008102  0.008027  0.008081  0.008063  0.008023
  0.007968  0.007899  0.007817  0.007726  0.007630  0.007529  0.007425  0.007315
  0.007201  0.007082  0.006958  0.006829  0.006695  0.006556  0.006411  0.006260
  0.006104  0.005941  0.005772  0.005596  0.005413  0.005223  0.005025  0.004818
  0.004602  0.004375  0.004133  0.003876  0.003606  0.003323  0.003028  0.002723
  0.002414  0.002104  0.001796  0.001489  0.001186  0.000886  0.000590  0.000295
  0.000000 -0.000295 -0.000591 -0.000886 -0.001180 -0.001473 -0.001762 -0.002046
 -0.002324 -0.002596 -0.002861 -0.003118 -0.003369 -0.003613 -0.003850 -0.004082
 -0.004307 -0.004527 -0.004739 -0.004946 -0.005146 -0.005339 -0.005526 -0.005706
 -0.005880 -0.006047 -0.006287 -0.006396 -0.006511 -0.006632 -0.006761 -0.006897
 -0.007041 -0.007193 -0.007353 -0.007523 -0.007702 -0.007892 -0.008093 -0.008305
 -0.008529 -0.008765
  1.000000
  0.000000  0.000000  0.000000  0.000000  0.000000  0.000000  0.000000  0.000000
  0.000000  0.000000  0.000000  0.000000  0.000000  0.000000  0.000000  0.000000
  0.000000  0.000000  0.000000  0.000000  0.000000  0.000224  0.000302  0.000352
  0.000386  0.000410  0.000426  0.000438  0.000450  0.000464  0.000479  0.000496
  0.000514  0.000534  0.000556  0.000580  0.000605  0.000633  0.000662  0.000694
  0.000728  0.000764  0.000802  0.000843  0.000886  0.000931  0.000980  0.001030
  0.001084  0.001140  0.001200  0.001264  0.001330  0.001398  0.001467  0.001535
  0.001602  0.001664  0.001722  0.001774  0.001820  0.001860  0.001893  0.001919
  0.001938  0.001950  0.001953  0.001949  0.001935  0.001913  0.001882  0.001843
  0.001796  0.001741  0.001680  0.001613  0.001540  0.001462  0.001379  0.001291
  0.001200  0.001106  0.001009  0.000910  0.000808  0.000706  0.000603  0.000500
  0.000398  0.000286  0.000000  0.000000  0.000000  0.000000  0.000000  0.000000
  0.000000  0.000000  0.000000  0.000000  0.000000  0.000000  0.000000  0.000000
  0.000000  0.000000
  1.000000  0.000000
  0.300000  0.300000  0.300000  0.300000  0.300000  0.300000  0.300000  0.300000
  0.300000  0.300000  0.300000  0.300000  0.300000  0.300000  0.300000  0.300000
  0.300000  0.300000  0.300000  0.300000  0.300000  0.300000  0.300000  0.300000
  0.300000  0.300000  0.300000  0.300000  0.300000  0.300000  0.300000  0.300000
  0.300000  0.300000  0.300000  0.300000  0.300000  0.300000  0.300000  0.300000
  0.300000  0.300000  0.300000  0.300000  0.300000  0.300000  0.300000  0.300000
  0.300000  0.300000  0.300000  0.300000  0.300000  0.300000  0.300000  0.300000
  0.300000  0.300000  0.300000  0.300000  0.300000  0.300000  0.300000  0.300000
  0.300000  0.300000  0.300000  0.300000  0.300000  0.300000  0.300000  0.300000
  0.300000  0.300000  0.300000  0.300000  0.300000  0.300000  0.300000  0.300000
  0.300000  0.300000  0.300000  0.300000  0.300000  0.300000  0.300000  0.300000
  0.300000  0.300000  0.300000  0.300000  0.300000  0.300000  0.300000  0.300000
  0.300000  0.300000  0.300000  0.300000  0.300000  0.300000  0.300000  0.300000
  0.300000  0.300000
 ***************************************************************
  ROW NUMBER           5  SECTION NUMBER            3
           0           0           0  IF_DESIGN etc 
   1.00000   0.00000    0
  0.067150  0.067538  0.067887  0.068200  0.068480  0.068731  0.068957  0.069158
  0.069339  0.069501  0.069647  0.069777  0.069894  0.069999  0.070093  0.070177
  0.070252  0.070320  0.070381  0.070435  0.070484  0.070533  0.070583  0.070637
  0.070693  0.070751  0.070813  0.070878  0.070946  0.071018  0.071094  0.071174
  0.071258  0.071347  0.071440  0.071538  0.071641  0.071749  0.071862  0.071981
  0.072106  0.072237  0.072375  0.072519  0.072671  0.072831  0.073000  0.073177
  0.073364  0.073564  0.073778  0.074008  0.074252  0.074512  0.074784  0.075069
  0.075361  0.075655  0.075951  0.076247  0.076542  0.076835  0.077125  0.077416
  0.077707  0.077999  0.078292  0.078585  0.078877  0.079168  0.079454  0.079735
  0.080009  0.080277  0.080536  0.080788  0.081032  0.081268  0.081498  0.081721
  0.081936  0.082145  0.082347  0.082542  0.082730  0.082911  0.083085  0.083252
  0.083412  0.083565  0.083711  0.083857  0.084012  0.084175  0.084348  0.084531
  0.084724  0.084929  0.085144  0.085373  0.085614  0.085869  0.086139  0.086424
  0.086725  0.087044
  1.000000  0.000000
  0.015034  0.014366  0.013767  0.013230  0.012749  0.012317  0.011930  0.011583
  0.011272  0.010993  0.010743  0.010518  0.010317  0.010137  0.009975  0.009831
  0.009701  0.009584  0.009480  0.009386  0.009302  0.009359  0.009338  0.009294
  0.009232  0.009154  0.009063  0.008961  0.008852  0.008739  0.008621  0.008498
  0.008369  0.008234  0.008094  0.007947  0.007795  0.007636  0.007471  0.007300
  0.007121  0.006936  0.006742  0.006541  0.006332  0.006113  0.005885  0.005647
  0.005398  0.005135  0.004855  0.004558  0.004244  0.003914  0.003570  0.003214
  0.002851  0.002488  0.002125  0.001764  0.001406  0.001052  0.000701  0.000351
  0.000000 -0.000352 -0.000704 -0.001056 -0.001408 -0.001758 -0.002105 -0.002445
 -0.002779 -0.003105 -0.003424 -0.003734 -0.004036 -0.004330 -0.004616 -0.004896
 -0.005168 -0.005433 -0.005690 -0.005939 -0.006181 -0.006415 -0.006641 -0.006860
 -0.007070 -0.007271 -0.007544 -0.007681 -0.007826 -0.007980 -0.008142 -0.008314
 -0.008496 -0.008688 -0.008890 -0.009105 -0.009331 -0.009571 -0.009824 -0.010092
 -0.010375 -0.010674
  1.000000
  0.000000  0.000000  0.000000  0.000000  0.000000  0.000000  0.000000  0.000000
  0.000000  0.000000  0.000000  0.000000  0.000000  0.000000  0.000000  0.000000
  0.000000  0.000000  0.000000  0.000000  0.000000  0.000243  0.000330  0.000385
  0.000423  0.000451  0.000469  0.000483  0.000496  0.000512  0.000528  0.000547
  0.000567  0.000589  0.000613  0.000639  0.000667  0.000698  0.000730  0.000765
  0.000802  0.000842  0.000884  0.000929  0.000977  0.001027  0.001080  0.001136
  0.001195  0.001257  0.001324  0.001394  0.001466  0.001541  0.001618  0.001693
  0.001766  0.001835  0.001899  0.001957  0.002008  0.002052  0.002088  0.002117
  0.002138  0.002150  0.002154  0.002149  0.002134  0.002110  0.002076  0.002033
  0.001981  0.001921  0.001853  0.001779  0.001698  0.001612  0.001521  0.001424
  0.001324  0.001220  0.001113  0.001003  0.000892  0.000779  0.000665  0.000552
  0.000438  0.000313  0.000000  0.000000  0.000000  0.000000  0.000000  0.000000
  0.000000  0.000000  0.000000  0.000000  0.000000  0.000000  0.000000  0.000000
  0.000000  0.000000
  1.000000  0.000000
  0.317292  0.317283  0.317278  0.317273  0.317266  0.317257  0.317248  0.317240
  0.317233  0.317226  0.317220  0.317215  0.317209  0.317205  0.317201  0.317197
  0.317193  0.317190  0.317187  0.317184  0.317182  0.317178  0.317175  0.317171
  0.317166  0.317161  0.317156  0.317151  0.317145  0.317139  0.317132  0.317125
  0.317117  0.317109  0.317100  0.317090  0.317079  0.317068  0.317056  0.317043
  0.317029  0.317015  0.316999  0.316981  0.316963  0.316943  0.316922  0.316898
  0.316873  0.316846  0.316816  0.316784  0.316748  0.316710  0.316669  0.316625
  0.316580  0.316534  0.316487  0.316439  0.316392  0.316344  0.316297  0.316250
  0.316203  0.316156  0.316109  0.316063  0.316018  0.315973  0.315930  0.315888
  0.315848  0.315810  0.315774  0.315740  0.315709  0.315679  0.315651  0.315624
  0.315600  0.315577  0.315555  0.315536  0.315518  0.315501  0.315486  0.315472
  0.315459  0.315447  0.315437  0.315430  0.315423  0.315415  0.315407  0.315399
  0.315390  0.315382  0.315372  0.315363  0.315354  0.315343  0.315333  0.315322
  0.315311  0.315298
 ***************************************************************
 ************STARTING THE INPUT FOR EACH BLADE ROW**************
  BLADE ROW NUMBER =        6                                           
    NUMBER OF BLADES IN ROW 
       115
        JM        JLE       JTE 
       106        21        91
      KTIPSTART  KTIPEND 
         0         0
       BOUNDARY LAYER TRANSITION POINTS 
         0         0         0         0
  SET NEWGRID= 1 TO GENERATE A NEW GRID WITH DIFFERENT "J" POINTS AND SPACINGS.
         0
   RPMROW,    RPMHUB 
       0.0       0.0
       JROTHS    JROTHE    JROTTS    JROTTE 
         1         1         1         1
   PUPROW    PLEROW   PTEROW    PDROW 
  226965.3  226965.3  270959.9  270959.9
      NSECS_ROW   INSURF  
         3         0
  IF_CUSP_OUT   IFANGLES 
         1         0
         0         3         0
 ***************************************************************
  ROW NUMBER           6  SECTION NUMBER            1
           0           0           0  IF_DESIGN etc 
   1.00000   0.00000    0
  0.083669  0.084056  0.084403  0.084715  0.084994  0.085244  0.085468  0.085669
  0.085850  0.086011  0.086156  0.086286  0.086403  0.086507  0.086601  0.086685
  0.086760  0.086828  0.086888  0.086942  0.086991  0.087040  0.087090  0.087144
  0.087199  0.087258  0.087320  0.087385  0.087453  0.087525  0.087601  0.087680
  0.087765  0.087853  0.087946  0.088044  0.088147  0.088255  0.088368  0.088487
  0.088612  0.088743  0.088880  0.089025  0.089177  0.089337  0.089505  0.089682
  0.089870  0.090069  0.090284  0.090513  0.090758  0.091017  0.091290  0.091575
  0.091867  0.092162  0.092458  0.092753  0.093048  0.093341  0.093632  0.093922
  0.094214  0.094506  0.094799  0.095091  0.095383  0.095673  0.095959  0.096240
  0.096513  0.096780  0.097039  0.097290  0.097533  0.097769  0.097998  0.098220
  0.098435  0.098642  0.098843  0.099037  0.099224  0.099404  0.099577  0.099743
  0.099902  0.100054  0.100199  0.100344  0.100497  0.100659  0.100830  0.101011
  0.101203  0.101405  0.101620  0.101846  0.102086  0.102339  0.102608  0.102892
  0.103192  0.103510
  1.000000  0.000000
 -0.015296 -0.014665 -0.014100 -0.013592 -0.013138 -0.012730 -0.012364 -0.012036
 -0.011743 -0.011479 -0.011243 -0.011031 -0.010841 -0.010671 -0.010518 -0.010381
 -0.010259 -0.010149 -0.010050 -0.009961 -0.009882 -0.009687 -0.009573 -0.009470
 -0.009366 -0.009258 -0.009144 -0.009026 -0.008901 -0.008771 -0.008635 -0.008493
 -0.008344 -0.008188 -0.008025 -0.007855 -0.007678 -0.007494 -0.007303 -0.007104
 -0.006896 -0.006681 -0.006457 -0.006224 -0.005983 -0.005731 -0.005470 -0.005198
 -0.004915 -0.004618 -0.004303 -0.003971 -0.003623 -0.003262 -0.002890 -0.002510
 -0.002128 -0.001751 -0.001382 -0.001021 -0.000670 -0.000330  0.000000  0.000321
  0.000636  0.000943  0.001243  0.001535  0.001818  0.002091  0.002354  0.002603
  0.002840  0.003064  0.003276  0.003476  0.003663  0.003841  0.004008  0.004165
  0.004313  0.004453  0.004584  0.004708  0.004823  0.004932  0.005034  0.005129
  0.005217  0.005291  0.005256  0.005371  0.005493  0.005621  0.005757  0.005901
  0.006053  0.006214  0.006383  0.006563  0.006752  0.006952  0.007164  0.007388
  0.007624  0.007874
  1.000000
  0.000000  0.000000  0.000000  0.000000  0.000000  0.000000  0.000000  0.000000
  0.000000  0.000000  0.000000  0.000000  0.000000  0.000000  0.000000  0.000000
  0.000000  0.000000  0.000000  0.000000  0.000000  0.000259  0.000354  0.000420
  0.000473  0.000518  0.000556  0.000589  0.000622  0.000655  0.000690  0.000726
  0.000764  0.000803  0.000843  0.000885  0.000928  0.000972  0.001017  0.001064
  0.001112  0.001160  0.001210  0.001261  0.001312  0.001365  0.001417  0.001471
  0.001525  0.001579  0.001633  0.001688  0.001742  0.001793  0.001842  0.001887
  0.001926  0.001958  0.001984  0.002003  0.002015  0.002020  0.002018  0.002010
  0.001995  0.001973  0.001945  0.001909  0.001867  0.001818  0.001764  0.001704
  0.001640  0.001572  0.001500  0.001426  0.001349  0.001270  0.001189  0.001107
  0.001023  0.000939  0.000854  0.000770  0.000685  0.000601  0.000518  0.000436
  0.000356  0.000268  0.000000  0.000000  0.000000  0.000000  0.000000  0.000000
  0.000000  0.000000  0.000000  0.000000  0.000000  0.000000  0.000000  0.000000
  0.000000  0.000000
  1.000000  0.000000
  0.284560  0.284579  0.284595  0.284609  0.284621  0.284632  0.284641  0.284649
  0.284656  0.284662  0.284668  0.284672  0.284677  0.284681  0.284684  0.284687
  0.284690  0.284693  0.284695  0.284697  0.284699  0.284702  0.284704  0.284708
  0.284711  0.284714  0.284718  0.284722  0.284726  0.284731  0.284735  0.284741
  0.284746  0.284753  0.284759  0.284766  0.284774  0.284782  0.284790  0.284800
  0.284810  0.284821  0.284832  0.284845  0.284858  0.284873  0.284889  0.284906
  0.284924  0.284944  0.284966  0.284990  0.285017  0.285045  0.285076  0.285109
  0.285144  0.285180  0.285216  0.285254  0.285291  0.285329  0.285367  0.285406
  0.285445  0.285484  0.285524  0.285564  0.285604  0.285644  0.285684  0.285722
  0.285760  0.285797  0.285832  0.285867  0.285900  0.285932  0.285963  0.285992
  0.286021  0.286048  0.286075  0.286100  0.286124  0.286147  0.286168  0.286189
  0.286209  0.286227  0.286245  0.286265  0.286286  0.286308  0.286330  0.286352
  0.286375  0.286397  0.286420  0.286441  0.286462  0.286482  0.286497  0.286507
  0.286516  0.286523
 ***************************************************************
  ROW NUMBER           6  SECTION NUMBER            2
           0           0           0  IF_DESIGN etc 
   1.00000   0.00000    0
  0.083691  0.084076  0.084421  0.084731  0.085008  0.085257  0.085480  0.085680
  0.085859  0.086020  0.086164  0.086293  0.086409  0.086513  0.086606  0.086689
  0.086764  0.086831  0.086891  0.086945  0.086993  0.087042  0.087092  0.087145
  0.087201  0.087259  0.087321  0.087385  0.087453  0.087525  0.087600  0.087680
  0.087764  0.087852  0.087945  0.088042  0.088145  0.088252  0.088365  0.088484
  0.088608  0.088739  0.088876  0.089020  0.089172  0.089331  0.089499  0.089677
  0.089864  0.090063  0.090277  0.090507  0.090751  0.091010  0.091283  0.091568
  0.091860  0.092155  0.092451  0.092747  0.093042  0.093335  0.093626  0.093917
  0.094209  0.094501  0.094794  0.095088  0.095380  0.095671  0.095957  0.096238
  0.096512  0.096779  0.097039  0.097290  0.097533  0.097770  0.097999  0.098221
  0.098436  0.098644  0.098845  0.099039  0.099226  0.099406  0.099579  0.099745
  0.099904  0.100056  0.100201  0.100346  0.100500  0.100662  0.100833  0.101014
  0.101206  0.101408  0.101622  0.101848  0.102087  0.102340  0.102607  0.102890
  0.103188  0.103504
  1.000000  0.000000
 -0.014460 -0.013864 -0.013331 -0.012852 -0.012423 -0.012038 -0.011693 -0.011384
 -0.011107 -0.010858 -0.010636 -0.010436 -0.010257 -0.010096 -0.009952 -0.009823
 -0.009707 -0.009603 -0.009510 -0.009427 -0.009352 -0.009165 -0.009057 -0.008959
 -0.008861 -0.008758 -0.008651 -0.008539 -0.008421 -0.008298 -0.008169 -0.008035
 -0.007893 -0.007746 -0.007592 -0.007431 -0.007263 -0.007089 -0.006908 -0.006720
 -0.006524 -0.006320 -0.006108 -0.005887 -0.005659 -0.005421 -0.005173 -0.004916
 -0.004648 -0.004366 -0.004068 -0.003754 -0.003426 -0.003084 -0.002732 -0.002372
 -0.002011 -0.001655 -0.001306 -0.000965 -0.000633 -0.000311  0.000000  0.000304
  0.000600  0.000890  0.001173  0.001448  0.001715  0.001973  0.002220  0.002455
  0.002678  0.002890  0.003089  0.003276  0.003453  0.003619  0.003776  0.003924
  0.004063  0.004194  0.004317  0.004433  0.004541  0.004643  0.004738  0.004827
  0.004910  0.004980  0.004942  0.005051  0.005166  0.005287  0.005416  0.005551
  0.005695  0.005846  0.006007  0.006176  0.006356  0.006545  0.006745  0.006957
  0.007181  0.007417
  1.000000
  0.000000  0.000000  0.000000  0.000000  0.000000  0.000000  0.000000  0.000000
  0.000000  0.000000  0.000000  0.000000  0.000000  0.000000  0.000000  0.000000
  0.000000  0.000000  0.000000  0.000000  0.000000  0.000250  0.000342  0.000406
  0.000457  0.000500  0.000537  0.000569  0.000600  0.000633  0.000666  0.000701
  0.000738  0.000775  0.000814  0.000854  0.000896  0.000939  0.000982  0.001027
  0.001074  0.001121  0.001169  0.001218  0.001268  0.001318  0.001369  0.001421
  0.001473  0.001525  0.001578  0.001630  0.001682  0.001732  0.001779  0.001822
  0.001860  0.001891  0.001916  0.001935  0.001946  0.001951  0.001949  0.001941
  0.001927  0.001906  0.001878  0.001844  0.001803  0.001756  0.001704  0.001646
  0.001584  0.001518  0.001449  0.001377  0.001303  0.001227  0.001149  0.001069
  0.000988  0.000907  0.000825  0.000744  0.000662  0.000581  0.000501  0.000422
  0.000344  0.000260  0.000000  0.000000  0.000000  0.000000  0.000000  0.000000
  0.000000  0.000000  0.000000  0.000000  0.000000  0.000000  0.000000  0.000000
  0.000000  0.000000
  1.000000  0.000000
  0.300000  0.300000  0.300000  0.300000  0.300000  0.300000  0.300000  0.300000
  0.300000  0.300000  0.300000  0.300000  0.300000  0.300000  0.300000  0.300000
  0.300000  0.300000  0.300000  0.300000  0.300000  0.300000  0.300000  0.300000
  0.300000  0.300000  0.300000  0.300000  0.300000  0.300000  0.300000  0.300000
  0.300000  0.300000  0.300000  0.300000  0.300000  0.300000  0.300000  0.300000
  0.300000  0.300000  0.300000  0.300000  0.300000  0.300000  0.300000  0.300000
  0.300000  0.300000  0.300000  0.300000  0.300000  0.300000  0.300000  0.300000
  0.300000  0.300000  0.300000  0.300000  0.300000  0.300000  0.300000  0.300000
  0.300000  0.300000  0.300000  0.300000  0.300000  0.300000  0.300000  0.300000
  0.300000  0.300000  0.300000  0.300000  0.300000  0.300000  0.300000  0.300000
  0.300000  0.300000  0.300000  0.300000  0.300000  0.300000  0.300000  0.300000
  0.300000  0.300000  0.300000  0.300000  0.300000  0.300000  0.300000  0.300000
  0.300000  0.300000  0.300000  0.300000  0.300000  0.300000  0.300000  0.300000
  0.300000  0.300000
 ***************************************************************
  ROW NUMBER           6  SECTION NUMBER            3
           0           0           0  IF_DESIGN etc 
   1.00000   0.00000    0
  0.083669  0.084056  0.084403  0.084715  0.084994  0.085244  0.085468  0.085669
  0.085850  0.086011  0.086156  0.086286  0.086403  0.086507  0.086601  0.086685
  0.086760  0.086828  0.086888  0.086942  0.086991  0.087040  0.087090  0.087143
  0.087199  0.087258  0.087320  0.087385  0.087453  0.087525  0.087601  0.087680
  0.087764  0.087853  0.087946  0.088044  0.088147  0.088255  0.088368  0.088487
  0.088612  0.088743  0.088880  0.089025  0.089177  0.089337  0.089505  0.089682
  0.089870  0.090069  0.090284  0.090513  0.090758  0.091017  0.091290  0.091575
  0.091867  0.092162  0.092458  0.092753  0.093048  0.093341  0.093632  0.093922
  0.094214  0.094506  0.094798  0.095091  0.095383  0.095673  0.095959  0.096240
  0.096513  0.096780  0.097039  0.097290  0.097533  0.097769  0.097998  0.098220
  0.098434  0.098642  0.098843  0.099037  0.099224  0.099404  0.099577  0.099743
  0.099902  0.100054  0.100199  0.100344  0.100497  0.100659  0.100830  0.101011
  0.101203  0.101405  0.101620  0.101846  0.102086  0.102339  0.102608  0.102892
  0.103192  0.103510
  1.000000  0.000000
 -0.013891 -0.013320 -0.012808 -0.012349 -0.011938 -0.011569 -0.011238 -0.010942
 -0.010676 -0.010438 -0.010224 -0.010033 -0.009861 -0.009707 -0.009569 -0.009446
 -0.009335 -0.009235 -0.009146 -0.009066 -0.008995 -0.008812 -0.008708 -0.008614
 -0.008519 -0.008421 -0.008317 -0.008209 -0.008096 -0.007978 -0.007854 -0.007724
 -0.007588 -0.007447 -0.007298 -0.007144 -0.006982 -0.006815 -0.006641 -0.006459
 -0.006271 -0.006074 -0.005871 -0.005659 -0.005439 -0.005210 -0.004972 -0.004724
 -0.004466 -0.004196 -0.003909 -0.003607 -0.003291 -0.002963 -0.002624 -0.002278
 -0.001931 -0.001589 -0.001253 -0.000926 -0.000608 -0.000299  0.000000  0.000291
  0.000576  0.000854  0.001125  0.001389  0.001645  0.001892  0.002128  0.002353
  0.002567  0.002769  0.002959  0.003138  0.003307  0.003466  0.003615  0.003756
  0.003889  0.004014  0.004131  0.004241  0.004345  0.004441  0.004532  0.004616
  0.004695  0.004762  0.004721  0.004826  0.004936  0.005052  0.005176  0.005306
  0.005444  0.005589  0.005743  0.005906  0.006078  0.006260  0.006453  0.006656
  0.006871  0.007099
  1.000000
  0.000000  0.000000  0.000000  0.000000  0.000000  0.000000  0.000000  0.000000
  0.000000  0.000000  0.000000  0.000000  0.000000  0.000000  0.000000  0.000000
  0.000000  0.000000  0.000000  0.000000  0.000000  0.000246  0.000337  0.000399
  0.000449  0.000491  0.000528  0.000559  0.000589  0.000621  0.000654  0.000688
  0.000724  0.000761  0.000799  0.000839  0.000879  0.000921  0.000964  0.001009
  0.001054  0.001100  0.001147  0.001195  0.001244  0.001294  0.001344  0.001395
  0.001446  0.001497  0.001549  0.001600  0.001651  0.001700  0.001746  0.001789
  0.001826  0.001856  0.001881  0.001899  0.001910  0.001915  0.001913  0.001906
  0.001891  0.001871  0.001843  0.001810  0.001770  0.001724  0.001672  0.001616
  0.001555  0.001490  0.001423  0.001352  0.001279  0.001204  0.001127  0.001049
  0.000970  0.000890  0.000810  0.000730  0.000650  0.000570  0.000492  0.000414
  0.000338  0.000256  0.000000  0.000000  0.000000  0.000000  0.000000  0.000000
  0.000000  0.000000  0.000000  0.000000  0.000000  0.000000  0.000000  0.000000
  0.000000  0.000000
  1.000000  0.000000
  0.315440  0.315421  0.315405  0.315391  0.315379  0.315368  0.315359  0.315351
  0.315344  0.315338  0.315333  0.315328  0.315323  0.315319  0.315316  0.315313
  0.315310  0.315307  0.315305  0.315303  0.315301  0.315298  0.315295  0.315292
  0.315289  0.315286  0.315282  0.315278  0.315274  0.315269  0.315264  0.315259
  0.315254  0.315247  0.315241  0.315234  0.315226  0.315218  0.315209  0.315200
  0.315190  0.315179  0.315168  0.315155  0.315142  0.315127  0.315111  0.315095
  0.315076  0.315056  0.315034  0.315010  0.314983  0.314955  0.314924  0.314891
  0.314856  0.314820  0.314784  0.314746  0.314709  0.314671  0.314633  0.314594
  0.314555  0.314516  0.314476  0.314436  0.314396  0.314356  0.314316  0.314278
  0.314240  0.314203  0.314168  0.314133  0.314100  0.314068  0.314037  0.314008
  0.313979  0.313952  0.313926  0.313900  0.313876  0.313853  0.313832  0.313811
  0.313791  0.313773  0.313755  0.313735  0.313714  0.313692  0.313670  0.313648
  0.313625  0.313603  0.313581  0.313559  0.313538  0.313518  0.313503  0.313493
  0.313484  0.313477
 ***************************************************************
 ************STARTING THE INPUT FOR EACH BLADE ROW**************
  BLADE ROW NUMBER =        7                                           
    NUMBER OF BLADES IN ROW 
       116
        JM        JLE       JTE 
       106        21        91
      KTIPSTART  KTIPEND 
         0         0
       BOUNDARY LAYER TRANSITION POINTS 
         0         0         0         0
  SET NEWGRID= 1 TO GENERATE A NEW GRID WITH DIFFERENT "J" POINTS AND SPACINGS.
         0
   RPMROW,    RPMHUB 
   12000.0   12000.0
       JROTHS    JROTHE    JROTTS    JROTTE 
         1         1         1         1
   PUPROW    PLEROW   PTEROW    PDROW 
  270959.8  270959.8  320699.8  320699.8
      NSECS_ROW   INSURF  
         3         0
  IF_CUSP_OUT   IFANGLES 
         1         0
         0         3         0
 ***************************************************************
  ROW NUMBER           7  SECTION NUMBER            1
           0           0           0  IF_DESIGN etc 
   1.00000   0.00000    0
  0.103476  0.103863  0.104210  0.104521  0.104800  0.105049  0.105273  0.105474
  0.105654  0.105815  0.105960  0.106090  0.106206  0.106310  0.106404  0.106487
  0.106563  0.106630  0.106690  0.106744  0.106793  0.106841  0.106892  0.106945
  0.107001  0.107059  0.107121  0.107186  0.107254  0.107326  0.107401  0.107481
  0.107565  0.107653  0.107746  0.107844  0.107947  0.108054  0.108167  0.108286
  0.108411  0.108542  0.108679  0.108823  0.108975  0.109135  0.109303  0.109480
  0.109667  0.109866  0.110081  0.110310  0.110555  0.110814  0.111086  0.111371
  0.111663  0.111957  0.112253  0.112549  0.112844  0.113137  0.113428  0.113718
  0.114010  0.114302  0.114595  0.114888  0.115180  0.115471  0.115757  0.116038
  0.116312  0.116579  0.116838  0.117090  0.117333  0.117570  0.117799  0.118021
  0.118237  0.118445  0.118646  0.118841  0.119028  0.119209  0.119382  0.119549
  0.119708  0.119861  0.120006  0.120152  0.120306  0.120468  0.120640  0.120822
  0.121014  0.121218  0.121432  0.121659  0.121900  0.122153  0.122422  0.122705
  0.123005  0.123322
  1.000000  0.000000
  0.011759  0.011214  0.010725  0.010286  0.009894  0.009541  0.009226  0.008943
  0.008689  0.008461  0.008257  0.008074  0.007910  0.007763  0.007631  0.007513
  0.007407  0.007312  0.007227  0.007151  0.007082  0.007135  0.007118  0.007083
  0.007032  0.006969  0.006894  0.006811  0.006723  0.006632  0.006537  0.006438
  0.006335  0.006227  0.006115  0.005998  0.005877  0.005752  0.005621  0.005486
  0.005346  0.005200  0.005048  0.004891  0.004728  0.004559  0.004382  0.004199
  0.004007  0.003806  0.003592  0.003366  0.003128  0.002879  0.002621  0.002355
  0.002085  0.001815  0.001548  0.001282  0.001020  0.000762  0.000507  0.000253
  0.000000 -0.000253 -0.000505 -0.000757 -0.001008 -0.001257 -0.001503 -0.001744
 -0.001980 -0.002209 -0.002433 -0.002651 -0.002862 -0.003068 -0.003269 -0.003464
 -0.003654 -0.003838 -0.004017 -0.004191 -0.004359 -0.004522 -0.004679 -0.004830
 -0.004976 -0.005115 -0.005322 -0.005409 -0.005501 -0.005597 -0.005700 -0.005808
 -0.005922 -0.006043 -0.006170 -0.006305 -0.006448 -0.006599 -0.006758 -0.006927
 -0.007105 -0.007293
  1.000000
  0.000000  0.000000  0.000000  0.000000  0.000000  0.000000  0.000000  0.000000
  0.000000  0.000000  0.000000  0.000000  0.000000  0.000000  0.000000  0.000000
  0.000000  0.000000  0.000000  0.000000  0.000000  0.000211  0.000285  0.000331
  0.000362  0.000383  0.000397  0.000408  0.000420  0.000433  0.000447  0.000462
  0.000480  0.000498  0.000519  0.000541  0.000564  0.000590  0.000618  0.000647
  0.000678  0.000712  0.000748  0.000785  0.000826  0.000868  0.000913  0.000960
  0.001010  0.001063  0.001119  0.001178  0.001239  0.001303  0.001367  0.001431
  0.001493  0.001551  0.001605  0.001654  0.001696  0.001733  0.001764  0.001789
  0.001806  0.001817  0.001820  0.001816  0.001803  0.001783  0.001754  0.001717
  0.001673  0.001623  0.001566  0.001503  0.001435  0.001362  0.001285  0.001203
  0.001119  0.001031  0.000940  0.000848  0.000753  0.000658  0.000562  0.000466
  0.000371  0.000269  0.000000  0.000000  0.000000  0.000000  0.000000  0.000000
  0.000000  0.000000  0.000000  0.000000  0.000000  0.000000  0.000000  0.000000
  0.000000  0.000000
  1.000000  0.000000
  0.286522  0.286528  0.286532  0.286535  0.286541  0.286547  0.286553  0.286559
  0.286564  0.286568  0.286572  0.286576  0.286580  0.286583  0.286586  0.286588
  0.286591  0.286593  0.286595  0.286596  0.286598  0.286600  0.286603  0.286606
  0.286609  0.286612  0.286616  0.286619  0.286624  0.286628  0.286632  0.286637
  0.286643  0.286649  0.286655  0.286662  0.286669  0.286676  0.286685  0.286694
  0.286703  0.286713  0.286725  0.286736  0.286749  0.286763  0.286778  0.286794
  0.286811  0.286830  0.286850  0.286873  0.286897  0.286924  0.286952  0.286982
  0.287014  0.287046  0.287078  0.287111  0.287144  0.287177  0.287210  0.287242
  0.287275  0.287307  0.287339  0.287371  0.287403  0.287434  0.287464  0.287492
  0.287520  0.287546  0.287571  0.287594  0.287616  0.287637  0.287656  0.287674
  0.287691  0.287707  0.287722  0.287735  0.287748  0.287759  0.287770  0.287779
  0.287788  0.287796  0.287803  0.287808  0.287813  0.287818  0.287823  0.287829
  0.287835  0.287841  0.287847  0.287853  0.287860  0.287867  0.287874  0.287881
  0.287889  0.287898
 ***************************************************************
  ROW NUMBER           7  SECTION NUMBER            2
           0           0           0  IF_DESIGN etc 
   1.00000   0.00000    0
  0.103489  0.103874  0.104219  0.104529  0.104806  0.105055  0.105278  0.105478
  0.105657  0.105818  0.105962  0.106092  0.106207  0.106311  0.106404  0.106488
  0.106563  0.106630  0.106690  0.106744  0.106792  0.106841  0.106891  0.106944
  0.107000  0.107058  0.107120  0.107184  0.107252  0.107324  0.107399  0.107479
  0.107563  0.107651  0.107744  0.107842  0.107944  0.108052  0.108164  0.108283
  0.108407  0.108538  0.108676  0.108820  0.108972  0.109131  0.109299  0.109476
  0.109664  0.109863  0.110077  0.110307  0.110551  0.110811  0.111083  0.111368
  0.111660  0.111955  0.112252  0.112548  0.112843  0.113136  0.113427  0.113718
  0.114010  0.114303  0.114596  0.114889  0.115182  0.115473  0.115759  0.116040
  0.116315  0.116582  0.116841  0.117093  0.117336  0.117572  0.117802  0.118024
  0.118239  0.118447  0.118648  0.118842  0.119030  0.119210  0.119383  0.119549
  0.119708  0.119860  0.120005  0.120150  0.120304  0.120466  0.120637  0.120818
  0.121010  0.121212  0.121426  0.121653  0.121892  0.122145  0.122412  0.122695
  0.122993  0.123309
  1.000000  0.000000
  0.013128  0.012532  0.011998  0.011520  0.011090  0.010706  0.010361  0.010051
  0.009774  0.009525  0.009302  0.009103  0.008923  0.008763  0.008619  0.008490
  0.008374  0.008270  0.008177  0.008093  0.008019  0.008072  0.008054  0.008015
  0.007959  0.007890  0.007809  0.007717  0.007622  0.007521  0.007417  0.007308
  0.007194  0.007075  0.006951  0.006822  0.006688  0.006549  0.006404  0.006254
  0.006097  0.005935  0.005766  0.005590  0.005408  0.005218  0.005020  0.004813
  0.004597  0.004370  0.004128  0.003872  0.003602  0.003319  0.003025  0.002721
  0.002411  0.002102  0.001794  0.001488  0.001185  0.000886  0.000590  0.000295
  0.000000 -0.000295 -0.000590 -0.000885 -0.001179 -0.001472 -0.001761 -0.002044
 -0.002322 -0.002593 -0.002858 -0.003115 -0.003365 -0.003609 -0.003846 -0.004078
 -0.004303 -0.004522 -0.004734 -0.004941 -0.005140 -0.005334 -0.005520 -0.005700
 -0.005874 -0.006040 -0.006280 -0.006389 -0.006504 -0.006625 -0.006754 -0.006890
 -0.007033 -0.007185 -0.007345 -0.007515 -0.007694 -0.007884 -0.008084 -0.008296
 -0.008520 -0.008756
  1.000000
  0.000000  0.000000  0.000000  0.000000  0.000000  0.000000  0.000000  0.000000
  0.000000  0.000000  0.000000  0.000000  0.000000  0.000000  0.000000  0.000000
  0.000000  0.000000  0.000000  0.000000  0.000000  0.000223  0.000302  0.000352
  0.000386  0.000409  0.000426  0.000437  0.000450  0.000464  0.000479  0.000495
  0.000514  0.000534  0.000556  0.000579  0.000605  0.000632  0.000662  0.000693
  0.000727  0.000763  0.000801  0.000842  0.000885  0.000930  0.000978  0.001029
  0.001082  0.001139  0.001199  0.001262  0.001328  0.001396  0.001465  0.001534
  0.001600  0.001662  0.001720  0.001772  0.001818  0.001858  0.001891  0.001917
  0.001936  0.001948  0.001951  0.001947  0.001933  0.001911  0.001880  0.001841
  0.001794  0.001740  0.001678  0.001611  0.001538  0.001460  0.001377  0.001290
  0.001199  0.001105  0.001008  0.000909  0.000808  0.000706  0.000603  0.000500
  0.000397  0.000286  0.000000  0.000000  0.000000  0.000000  0.000000  0.000000
  0.000000  0.000000  0.000000  0.000000  0.000000  0.000000  0.000000  0.000000
  0.000000  0.000000
  1.000000  0.000000
  0.300000  0.300000  0.300000  0.300000  0.300000  0.300000  0.300000  0.300000
  0.300000  0.300000  0.300000  0.300000  0.300000  0.300000  0.300000  0.300000
  0.300000  0.300000  0.300000  0.300000  0.300000  0.300000  0.300000  0.300000
  0.300000  0.300000  0.300000  0.300000  0.300000  0.300000  0.300000  0.300000
  0.300000  0.300000  0.300000  0.300000  0.300000  0.300000  0.300000  0.300000
  0.300000  0.300000  0.300000  0.300000  0.300000  0.300000  0.300000  0.300000
  0.300000  0.300000  0.300000  0.300000  0.300000  0.300000  0.300000  0.300000
  0.300000  0.300000  0.300000  0.300000  0.300000  0.300000  0.300000  0.300000
  0.300000  0.300000  0.300000  0.300000  0.300000  0.300000  0.300000  0.300000
  0.300000  0.300000  0.300000  0.300000  0.300000  0.300000  0.300000  0.300000
  0.300000  0.300000  0.300000  0.300000  0.300000  0.300000  0.300000  0.300000
  0.300000  0.300000  0.300000  0.300000  0.300000  0.300000  0.300000  0.300000
  0.300000  0.300000  0.300000  0.300000  0.300000  0.300000  0.300000  0.300000
  0.300000  0.300000
 ***************************************************************
  ROW NUMBER           7  SECTION NUMBER            3
           0           0           0  IF_DESIGN etc 
   1.00000   0.00000    0
  0.103476  0.103862  0.104209  0.104520  0.104799  0.105049  0.105272  0.105473
  0.105653  0.105814  0.105959  0.106089  0.106205  0.106309  0.106403  0.106487
  0.106562  0.106629  0.106689  0.106744  0.106792  0.106841  0.106891  0.106944
  0.107000  0.107059  0.107120  0.107185  0.107253  0.107325  0.107401  0.107480
  0.107564  0.107653  0.107746  0.107843  0.107946  0.108054  0.108167  0.108285
  0.108410  0.108541  0.108678  0.108822  0.108974  0.109134  0.109302  0.109479
  0.109666  0.109866  0.110080  0.110309  0.110554  0.110813  0.111085  0.111370
  0.111662  0.111957  0.112253  0.112548  0.112843  0.113136  0.113427  0.113717
  0.114009  0.114301  0.114594  0.114887  0.115179  0.115470  0.115756  0.116037
  0.116311  0.116578  0.116838  0.117089  0.117333  0.117569  0.117798  0.118020
  0.118236  0.118444  0.118646  0.118840  0.119027  0.119208  0.119381  0.119548
  0.119707  0.119860  0.120005  0.120151  0.120305  0.120467  0.120639  0.120821
  0.121013  0.121217  0.121432  0.121659  0.121899  0.122153  0.122421  0.122704
  0.123004  0.123321
  1.000000  0.000000
  0.014569  0.013919  0.013336  0.012814  0.012346  0.011926  0.011549  0.011212
  0.010909  0.010638  0.010395  0.010176  0.009981  0.009806  0.009648  0.009507
  0.009381  0.009268  0.009166  0.009075  0.008994  0.009050  0.009029  0.008986
  0.008926  0.008851  0.008762  0.008662  0.008557  0.008447  0.008332  0.008213
  0.008087  0.007957  0.007820  0.007678  0.007530  0.007376  0.007217  0.007050
  0.006877  0.006697  0.006510  0.006315  0.006112  0.005900  0.005680  0.005449
  0.005208  0.004954  0.004683  0.004396  0.004092  0.003774  0.003442  0.003098
  0.002748  0.002397  0.002047  0.001700  0.001355  0.001013  0.000675  0.000338
  0.000000 -0.000338 -0.000677 -0.001016 -0.001355 -0.001692 -0.002025 -0.002352
 -0.002673 -0.002987 -0.003293 -0.003591 -0.003881 -0.004163 -0.004439 -0.004707
 -0.004969 -0.005223 -0.005470 -0.005710 -0.005942 -0.006167 -0.006384 -0.006593
 -0.006795 -0.006989 -0.007251 -0.007382 -0.007521 -0.007667 -0.007822 -0.007985
 -0.008158 -0.008341 -0.008535 -0.008739 -0.008955 -0.009184 -0.009425 -0.009680
 -0.009950 -0.010235
  1.000000
  0.000000  0.000000  0.000000  0.000000  0.000000  0.000000  0.000000  0.000000
  0.000000  0.000000  0.000000  0.000000  0.000000  0.000000  0.000000  0.000000
  0.000000  0.000000  0.000000  0.000000  0.000000  0.000238  0.000323  0.000377
  0.000414  0.000440  0.000458  0.000471  0.000484  0.000499  0.000516  0.000534
  0.000553  0.000575  0.000598  0.000624  0.000651  0.000681  0.000713  0.000747
  0.000783  0.000822  0.000863  0.000907  0.000953  0.001002  0.001054  0.001109
  0.001166  0.001227  0.001292  0.001360  0.001431  0.001505  0.001579  0.001653
  0.001724  0.001791  0.001854  0.001910  0.001960  0.002003  0.002038  0.002066
  0.002087  0.002099  0.002103  0.002098  0.002083  0.002059  0.002026  0.001984
  0.001933  0.001875  0.001809  0.001736  0.001658  0.001574  0.001484  0.001390
  0.001292  0.001191  0.001086  0.000979  0.000870  0.000760  0.000650  0.000539
  0.000428  0.000306  0.000000  0.000000  0.000000  0.000000  0.000000  0.000000
  0.000000  0.000000  0.000000  0.000000  0.000000  0.000000  0.000000  0.000000
  0.000000  0.000000
  1.000000  0.000000
  0.313478  0.313472  0.313468  0.313465  0.313459  0.313453  0.313447  0.313441
  0.313436  0.313432  0.313428  0.313424  0.313420  0.313417  0.313414  0.313412
  0.313409  0.313407  0.313405  0.313404  0.313402  0.313400  0.313397  0.313394
  0.313391  0.313388  0.313384  0.313381  0.313377  0.313372  0.313368  0.313363
  0.313357  0.313351  0.313345  0.313339  0.313331  0.313324  0.313315  0.313306
  0.313297  0.313287  0.313276  0.313264  0.313251  0.313237  0.313222  0.313206
  0.313189  0.313170  0.313150  0.313127  0.313103  0.313076  0.313048  0.313018
  0.312986  0.312954  0.312922  0.312889  0.312856  0.312823  0.312791  0.312758
  0.312725  0.312693  0.312661  0.312629  0.312597  0.312566  0.312536  0.312508
  0.312480  0.312454  0.312429  0.312406  0.312384  0.312363  0.312344  0.312326
  0.312309  0.312293  0.312278  0.312265  0.312252  0.312241  0.312230  0.312221
  0.312212  0.312204  0.312197  0.312192  0.312187  0.312182  0.312177  0.312171
  0.312165  0.312159  0.312153  0.312147  0.312140  0.312133  0.312126  0.312119
  0.312111  0.312102
 ***************************************************************
 ************STARTING THE INPUT FOR EACH BLADE ROW**************
  BLADE ROW NUMBER =        8                                           
    NUMBER OF BLADES IN ROW 
       116
        JM        JLE       JTE 
       106        21        91
      KTIPSTART  KTIPEND 
         0         0
       BOUNDARY LAYER TRANSITION POINTS 
         0         0         0         0
  SET NEWGRID= 1 TO GENERATE A NEW GRID WITH DIFFERENT "J" POINTS AND SPACINGS.
         0
   RPMROW,    RPMHUB 
       0.0       0.0
       JROTHS    JROTHE    JROTTS    JROTTE 
         1         1         1         1
   PUPROW    PLEROW   PTEROW    PDROW 
  320699.8  320699.8  375931.9  375931.9
      NSECS_ROW   INSURF  
         3         0
  IF_CUSP_OUT   IFANGLES 
         1         0
         0         3         0
 ***************************************************************
  ROW NUMBER           8  SECTION NUMBER            1
           0           0           0  IF_DESIGN etc 
   1.00000   0.00000    0
  0.119985  0.120371  0.120717  0.121027  0.121305  0.121555  0.121778  0.121979
  0.122158  0.122320  0.122464  0.122594  0.122710  0.122814  0.122907  0.122991
  0.123066  0.123133  0.123193  0.123248  0.123296  0.123344  0.123395  0.123448
  0.123504  0.123562  0.123624  0.123689  0.123757  0.123828  0.123904  0.123984
  0.124068  0.124156  0.124249  0.124347  0.124449  0.124557  0.124670  0.124789
  0.124913  0.125044  0.125181  0.125326  0.125478  0.125637  0.125805  0.125983
  0.126170  0.126369  0.126583  0.126813  0.127057  0.127317  0.127589  0.127874
  0.128166  0.128461  0.128757  0.129053  0.129347  0.129640  0.129931  0.130221
  0.130513  0.130805  0.131098  0.131391  0.131683  0.131973  0.132259  0.132540
  0.132814  0.133080  0.133340  0.133591  0.133834  0.134070  0.134298  0.134520
  0.134735  0.134943  0.135144  0.135338  0.135525  0.135704  0.135877  0.136043
  0.136202  0.136354  0.136499  0.136644  0.136797  0.136959  0.137130  0.137311
  0.137502  0.137704  0.137918  0.138145  0.138384  0.138637  0.138904  0.139187
  0.139487  0.139803
  1.000000  0.000000
 -0.015082 -0.014460 -0.013902 -0.013402 -0.012954 -0.012552 -0.012192 -0.011869
 -0.011579 -0.011320 -0.011087 -0.010878 -0.010691 -0.010523 -0.010373 -0.010238
 -0.010117 -0.010009 -0.009911 -0.009824 -0.009746 -0.009553 -0.009440 -0.009339
 -0.009236 -0.009130 -0.009018 -0.008901 -0.008778 -0.008650 -0.008516 -0.008375
 -0.008228 -0.008074 -0.007914 -0.007746 -0.007572 -0.007390 -0.007202 -0.007005
 -0.006801 -0.006588 -0.006368 -0.006138 -0.005900 -0.005652 -0.005394 -0.005126
 -0.004847 -0.004553 -0.004243 -0.003915 -0.003573 -0.003217 -0.002850 -0.002474
 -0.002098 -0.001727 -0.001362 -0.001007 -0.000661 -0.000325  0.000000  0.000317
  0.000627  0.000930  0.001225  0.001513  0.001792  0.002061  0.002320  0.002566
  0.002799  0.003020  0.003229  0.003425  0.003610  0.003784  0.003949  0.004104
  0.004250  0.004387  0.004517  0.004638  0.004752  0.004859  0.004959  0.005053
  0.005140  0.005213  0.005177  0.005291  0.005411  0.005537  0.005671  0.005813
  0.005963  0.006121  0.006289  0.006465  0.006652  0.006850  0.007059  0.007279
  0.007513  0.007759
  1.000000
  0.000000  0.000000  0.000000  0.000000  0.000000  0.000000  0.000000  0.000000
  0.000000  0.000000  0.000000  0.000000  0.000000  0.000000  0.000000  0.000000
  0.000000  0.000000  0.000000  0.000000  0.000000  0.000256  0.000351  0.000416
  0.000468  0.000513  0.000551  0.000584  0.000616  0.000649  0.000683  0.000719
  0.000756  0.000795  0.000835  0.000876  0.000919  0.000962  0.001007  0.001054
  0.001101  0.001149  0.001198  0.001249  0.001300  0.001352  0.001404  0.001457
  0.001510  0.001564  0.001618  0.001672  0.001725  0.001776  0.001824  0.001868
  0.001907  0.001939  0.001965  0.001984  0.001996  0.002001  0.001999  0.001991
  0.001976  0.001954  0.001926  0.001891  0.001849  0.001801  0.001747  0.001688
  0.001624  0.001557  0.001486  0.001412  0.001336  0.001258  0.001178  0.001096
  0.001013  0.000930  0.000846  0.000762  0.000679  0.000596  0.000513  0.000432
  0.000353  0.000266  0.000000  0.000000  0.000000  0.000000  0.000000  0.000000
  0.000000  0.000000  0.000000  0.000000  0.000000  0.000000  0.000000  0.000000
  0.000000  0.000000
  1.000000  0.000000
  0.287802  0.287815  0.287826  0.287835  0.287843  0.287850  0.287857  0.287862
  0.287867  0.287871  0.287875  0.287878  0.287882  0.287884  0.287887  0.287889
  0.287891  0.287893  0.287894  0.287896  0.287897  0.287899  0.287901  0.287903
  0.287905  0.287908  0.287910  0.287913  0.287916  0.287919  0.287922  0.287926
  0.287930  0.287934  0.287939  0.287944  0.287949  0.287954  0.287960  0.287967
  0.287974  0.287981  0.287989  0.287998  0.288008  0.288018  0.288029  0.288040
  0.288053  0.288067  0.288082  0.288099  0.288118  0.288138  0.288159  0.288183
  0.288207  0.288232  0.288258  0.288284  0.288310  0.288337  0.288364  0.288391
  0.288419  0.288447  0.288475  0.288503  0.288532  0.288561  0.288589  0.288616
  0.288644  0.288670  0.288696  0.288720  0.288744  0.288768  0.288790  0.288812
  0.288832  0.288852  0.288872  0.288890  0.288908  0.288925  0.288941  0.288956
  0.288971  0.288985  0.288998  0.289014  0.289030  0.289046  0.289063  0.289080
  0.289097  0.289114  0.289131  0.289148  0.289164  0.289179  0.289190  0.289199
  0.289205  0.289211
 ***************************************************************
  ROW NUMBER           8  SECTION NUMBER            2
           0           0           0  IF_DESIGN etc 
   1.00000   0.00000    0
  0.119997  0.120381  0.120726  0.121036  0.121313  0.121562  0.121784  0.121984
  0.122163  0.122324  0.122468  0.122597  0.122713  0.122817  0.122910  0.122993
  0.123068  0.123135  0.123195  0.123249  0.123297  0.123346  0.123396  0.123449
  0.123505  0.123563  0.123625  0.123689  0.123757  0.123829  0.123904  0.123984
  0.124067  0.124156  0.124248  0.124346  0.124448  0.124556  0.124669  0.124787
  0.124911  0.125042  0.125179  0.125323  0.125475  0.125635  0.125802  0.125980
  0.126167  0.126366  0.126580  0.126809  0.127054  0.127313  0.127585  0.127870
  0.128162  0.128457  0.128753  0.129049  0.129344  0.129637  0.129928  0.130218
  0.130510  0.130803  0.131096  0.131388  0.131681  0.131971  0.132258  0.132538
  0.132812  0.133079  0.133339  0.133590  0.133833  0.134070  0.134299  0.134521
  0.134736  0.134944  0.135145  0.135339  0.135526  0.135706  0.135879  0.136045
  0.136204  0.136355  0.136500  0.136645  0.136799  0.136961  0.137132  0.137313
  0.137504  0.137707  0.137921  0.138147  0.138386  0.138638  0.138905  0.139188
  0.139486  0.139802
  1.000000  0.000000
 -0.014454 -0.013859 -0.013326 -0.012847 -0.012418 -0.012034 -0.011689 -0.011380
 -0.011103 -0.010854 -0.010632 -0.010432 -0.010253 -0.010092 -0.009948 -0.009819
 -0.009704 -0.009600 -0.009507 -0.009423 -0.009349 -0.009162 -0.009053 -0.008956
 -0.008858 -0.008755 -0.008648 -0.008536 -0.008418 -0.008295 -0.008166 -0.008031
 -0.007890 -0.007743 -0.007589 -0.007428 -0.007261 -0.007087 -0.006905 -0.006717
 -0.006521 -0.006317 -0.006105 -0.005885 -0.005656 -0.005419 -0.005171 -0.004914
 -0.004646 -0.004365 -0.004067 -0.003753 -0.003424 -0.003083 -0.002731 -0.002371
 -0.002010 -0.001654 -0.001305 -0.000964 -0.000633 -0.000311  0.000000  0.000303
  0.000600  0.000890  0.001173  0.001448  0.001715  0.001972  0.002219  0.002454
  0.002677  0.002888  0.003088  0.003275  0.003452  0.003618  0.003775  0.003922
  0.004062  0.004193  0.004316  0.004431  0.004540  0.004641  0.004737  0.004825
  0.004908  0.004978  0.004940  0.005049  0.005164  0.005285  0.005414  0.005549
  0.005693  0.005844  0.006005  0.006174  0.006353  0.006542  0.006743  0.006954
  0.007178  0.007414
  1.000000
  0.000000  0.000000  0.000000  0.000000  0.000000  0.000000  0.000000  0.000000
  0.000000  0.000000  0.000000  0.000000  0.000000  0.000000  0.000000  0.000000
  0.000000  0.000000  0.000000  0.000000  0.000000  0.000250  0.000342  0.000406
  0.000457  0.000500  0.000537  0.000569  0.000600  0.000633  0.000666  0.000701
  0.000737  0.000775  0.000814  0.000854  0.000896  0.000938  0.000982  0.001027
  0.001073  0.001120  0.001168  0.001217  0.001267  0.001318  0.001369  0.001420
  0.001472  0.001524  0.001577  0.001630  0.001682  0.001731  0.001778  0.001821
  0.001859  0.001891  0.001916  0.001934  0.001945  0.001950  0.001949  0.001941
  0.001926  0.001905  0.001877  0.001843  0.001802  0.001756  0.001703  0.001646
  0.001584  0.001518  0.001449  0.001377  0.001303  0.001226  0.001148  0.001069
  0.000988  0.000907  0.000825  0.000743  0.000662  0.000581  0.000501  0.000421
  0.000344  0.000260  0.000000  0.000000  0.000000  0.000000  0.000000  0.000000
  0.000000  0.000000  0.000000  0.000000  0.000000  0.000000  0.000000  0.000000
  0.000000  0.000000
  1.000000  0.000000
  0.300000  0.300000  0.300000  0.300000  0.300000  0.300000  0.300000  0.300000
  0.300000  0.300000  0.300000  0.300000  0.300000  0.300000  0.300000  0.300000
  0.300000  0.300000  0.300000  0.300000  0.300000  0.300000  0.300000  0.300000
  0.300000  0.300000  0.300000  0.300000  0.300000  0.300000  0.300000  0.300000
  0.300000  0.300000  0.300000  0.300000  0.300000  0.300000  0.300000  0.300000
  0.300000  0.300000  0.300000  0.300000  0.300000  0.300000  0.300000  0.300000
  0.300000  0.300000  0.300000  0.300000  0.300000  0.300000  0.300000  0.300000
  0.300000  0.300000  0.300000  0.300000  0.300000  0.300000  0.300000  0.300000
  0.300000  0.300000  0.300000  0.300000  0.300000  0.300000  0.300000  0.300000
  0.300000  0.300000  0.300000  0.300000  0.300000  0.300000  0.300000  0.300000
  0.300000  0.300000  0.300000  0.300000  0.300000  0.300000  0.300000  0.300000
  0.300000  0.300000  0.300000  0.300000  0.300000  0.300000  0.300000  0.300000
  0.300000  0.300000  0.300000  0.300000  0.300000  0.300000  0.300000  0.300000
  0.300000  0.300000
 ***************************************************************
  ROW NUMBER           8  SECTION NUMBER            3
           0           0           0  IF_DESIGN etc 
   1.00000   0.00000    0
  0.119985  0.120371  0.120717  0.121027  0.121305  0.121555  0.121778  0.121979
  0.122158  0.122320  0.122464  0.122594  0.122710  0.122814  0.122907  0.122991
  0.123066  0.123133  0.123193  0.123247  0.123296  0.123344  0.123395  0.123448
  0.123504  0.123562  0.123624  0.123688  0.123757  0.123828  0.123904  0.123984
  0.124068  0.124156  0.124249  0.124347  0.124449  0.124557  0.124670  0.124788
  0.124913  0.125044  0.125181  0.125326  0.125477  0.125637  0.125805  0.125983
  0.126170  0.126369  0.126583  0.126813  0.127057  0.127317  0.127589  0.127874
  0.128166  0.128461  0.128757  0.129052  0.129347  0.129640  0.129931  0.130221
  0.130513  0.130805  0.131098  0.131391  0.131683  0.131973  0.132259  0.132540
  0.132814  0.133080  0.133339  0.133591  0.133834  0.134070  0.134298  0.134520
  0.134735  0.134943  0.135144  0.135338  0.135525  0.135704  0.135877  0.136043
  0.136202  0.136354  0.136499  0.136644  0.136797  0.136959  0.137130  0.137311
  0.137502  0.137704  0.137918  0.138144  0.138384  0.138637  0.138904  0.139187
  0.139487  0.139803
  1.000000  0.000000
 -0.013971 -0.013397 -0.012882 -0.012420 -0.012006 -0.011635 -0.011302 -0.011004
 -0.010737 -0.010497 -0.010282 -0.010089 -0.009917 -0.009762 -0.009623 -0.009498
 -0.009387 -0.009287 -0.009197 -0.009116 -0.009044 -0.008861 -0.008756 -0.008662
 -0.008567 -0.008468 -0.008364 -0.008255 -0.008142 -0.008023 -0.007898 -0.007767
 -0.007631 -0.007488 -0.007339 -0.007184 -0.007022 -0.006853 -0.006678 -0.006496
 -0.006306 -0.006109 -0.005904 -0.005691 -0.005469 -0.005239 -0.005000 -0.004751
 -0.004492 -0.004220 -0.003931 -0.003628 -0.003310 -0.002980 -0.002639 -0.002291
 -0.001942 -0.001598 -0.001261 -0.000932 -0.000611 -0.000301  0.000000  0.000293
  0.000580  0.000859  0.001132  0.001398  0.001655  0.001903  0.002141  0.002368
  0.002583  0.002786  0.002978  0.003158  0.003328  0.003488  0.003639  0.003781
  0.003914  0.004040  0.004158  0.004269  0.004373  0.004471  0.004562  0.004647
  0.004727  0.004793  0.004754  0.004859  0.004970  0.005087  0.005211  0.005342
  0.005480  0.005627  0.005782  0.005945  0.006118  0.006301  0.006495  0.006700
  0.006916  0.007145
  1.000000
  0.000000  0.000000  0.000000  0.000000  0.000000  0.000000  0.000000  0.000000
  0.000000  0.000000  0.000000  0.000000  0.000000  0.000000  0.000000  0.000000
  0.000000  0.000000  0.000000  0.000000  0.000000  0.000246  0.000337  0.000399
  0.000449  0.000492  0.000528  0.000560  0.000590  0.000622  0.000655  0.000689
  0.000725  0.000762  0.000800  0.000840  0.000881  0.000923  0.000966  0.001010
  0.001055  0.001102  0.001149  0.001197  0.001246  0.001296  0.001346  0.001397
  0.001447  0.001499  0.001551  0.001602  0.001653  0.001702  0.001749  0.001791
  0.001828  0.001859  0.001883  0.001901  0.001913  0.001918  0.001916  0.001908
  0.001894  0.001873  0.001846  0.001812  0.001772  0.001726  0.001674  0.001618
  0.001557  0.001492  0.001424  0.001354  0.001281  0.001206  0.001129  0.001051
  0.000972  0.000892  0.000811  0.000731  0.000651  0.000571  0.000492  0.000414
  0.000338  0.000256  0.000000  0.000000  0.000000  0.000000  0.000000  0.000000
  0.000000  0.000000  0.000000  0.000000  0.000000  0.000000  0.000000  0.000000
  0.000000  0.000000
  1.000000  0.000000
  0.312198  0.312185  0.312174  0.312165  0.312157  0.312150  0.312143  0.312138
  0.312133  0.312129  0.312125  0.312122  0.312118  0.312116  0.312113  0.312111
  0.312109  0.312107  0.312106  0.312104  0.312103  0.312101  0.312099  0.312097
  0.312095  0.312092  0.312090  0.312087  0.312084  0.312081  0.312078  0.312074
  0.312070  0.312066  0.312061  0.312056  0.312051  0.312046  0.312040  0.312033
  0.312026  0.312019  0.312011  0.312002  0.311992  0.311982  0.311972  0.311960
  0.311947  0.311933  0.311918  0.311901  0.311882  0.311862  0.311841  0.311818
  0.311793  0.311768  0.311742  0.311716  0.311690  0.311663  0.311636  0.311609
  0.311581  0.311553  0.311525  0.311497  0.311468  0.311440  0.311411  0.311384
  0.311356  0.311330  0.311304  0.311280  0.311256  0.311232  0.311210  0.311188
  0.311168  0.311148  0.311128  0.311110  0.311092  0.311075  0.311059  0.311044
  0.311029  0.311015  0.311002  0.310986  0.310970  0.310954  0.310937  0.310920
  0.310903  0.310886  0.310869  0.310852  0.310836  0.310821  0.310810  0.310801
  0.310795  0.310789
 ***************************************************************
 ************STARTING THE INPUT FOR EACH BLADE ROW**************
  BLADE ROW NUMBER =        9                                           
    NUMBER OF BLADES IN ROW 
       117
        JM        JLE       JTE 
       106        21        91
      KTIPSTART  KTIPEND 
         0         0
       BOUNDARY LAYER TRANSITION POINTS 
         0         0         0         0
  SET NEWGRID= 1 TO GENERATE A NEW GRID WITH DIFFERENT "J" POINTS AND SPACINGS.
         0
   RPMROW,    RPMHUB 
   12000.0   12000.0
       JROTHS    JROTHE    JROTTS    JROTTE 
         1         1         1         1
   PUPROW    PLEROW   PTEROW    PDROW 
  375931.9  375931.9  437616.6  437616.6
      NSECS_ROW   INSURF  
         3         0
  IF_CUSP_OUT   IFANGLES 
         1         0
         0         3         0
 ***************************************************************
  ROW NUMBER           9  SECTION NUMBER            1
           0           0           0  IF_DESIGN etc 
   1.00000   0.00000    0
  0.139787  0.140173  0.140519  0.140829  0.141107  0.141356  0.141580  0.141780
  0.141960  0.142121  0.142265  0.142394  0.142510  0.142614  0.142708  0.142791
  0.142866  0.142933  0.142994  0.143048  0.143096  0.143144  0.143195  0.143248
  0.143304  0.143362  0.143424  0.143488  0.143556  0.143628  0.143704  0.143783
  0.143867  0.143955  0.144048  0.144146  0.144248  0.144356  0.144469  0.144587
  0.144712  0.144842  0.144980  0.145124  0.145276  0.145435  0.145603  0.145780
  0.145967  0.146167  0.146381  0.146610  0.146855  0.147114  0.147386  0.147671
  0.147963  0.148258  0.148553  0.148849  0.149144  0.149437  0.149728  0.150018
  0.150310  0.150602  0.150895  0.151188  0.151480  0.151771  0.152057  0.152338
  0.152612  0.152879  0.153139  0.153390  0.153633  0.153870  0.154099  0.154321
  0.154536  0.154744  0.154945  0.155140  0.155327  0.155507  0.155680  0.155846
  0.156006  0.156158  0.156303  0.156448  0.156602  0.156764  0.156936  0.157117
  0.157309  0.157512  0.157726  0.157953  0.158192  0.158446  0.158713  0.158996
  0.159295  0.159612
  1.000000  0.000000
  0.012014  0.011460  0.010962  0.010517  0.010117  0.009759  0.009438  0.009150
  0.008892  0.008660  0.008453  0.008267  0.008100  0.007950  0.007816  0.007696
  0.007588  0.007491  0.007405  0.007327  0.007258  0.007310  0.007293  0.007257
  0.007205  0.007141  0.007065  0.006980  0.006891  0.006798  0.006702  0.006601
  0.006495  0.006386  0.006271  0.006152  0.006029  0.005901  0.005768  0.005630
  0.005486  0.005337  0.005182  0.005022  0.004855  0.004682  0.004502  0.004314
  0.004118  0.003911  0.003692  0.003460  0.003217  0.002961  0.002696  0.002423
  0.002146  0.001869  0.001593  0.001321  0.001051  0.000785  0.000522  0.000261
  0.000000 -0.000261 -0.000521 -0.000781 -0.001040 -0.001297 -0.001551 -0.001800
 -0.002043 -0.002281 -0.002512 -0.002737 -0.002956 -0.003169 -0.003376 -0.003578
 -0.003774 -0.003965 -0.004150 -0.004330 -0.004504 -0.004672 -0.004834 -0.004991
 -0.005142 -0.005287 -0.005500 -0.005590 -0.005686 -0.005788 -0.005895 -0.006008
 -0.006128 -0.006254 -0.006388 -0.006529 -0.006679 -0.006837 -0.007004 -0.007181
 -0.007367 -0.007565
  1.000000
  0.000000  0.000000  0.000000  0.000000  0.000000  0.000000  0.000000  0.000000
  0.000000  0.000000  0.000000  0.000000  0.000000  0.000000  0.000000  0.000000
  0.000000  0.000000  0.000000  0.000000  0.000000  0.000213  0.000287  0.000334
  0.000365  0.000387  0.000402  0.000413  0.000425  0.000438  0.000452  0.000468
  0.000485  0.000504  0.000525  0.000547  0.000571  0.000597  0.000625  0.000655
  0.000686  0.000720  0.000757  0.000795  0.000836  0.000879  0.000924  0.000972
  0.001022  0.001076  0.001132  0.001192  0.001254  0.001318  0.001383  0.001448
  0.001511  0.001570  0.001624  0.001673  0.001717  0.001754  0.001785  0.001810
  0.001828  0.001839  0.001842  0.001838  0.001825  0.001804  0.001775  0.001738
  0.001694  0.001642  0.001585  0.001521  0.001452  0.001378  0.001300  0.001218
  0.001132  0.001043  0.000951  0.000858  0.000762  0.000666  0.000569  0.000472
  0.000375  0.000272  0.000000  0.000000  0.000000  0.000000  0.000000  0.000000
  0.000000  0.000000  0.000000  0.000000  0.000000  0.000000  0.000000  0.000000
  0.000000  0.000000
  1.000000  0.000000
  0.289211  0.289215  0.289218  0.289220  0.289225  0.289229  0.289234  0.289237
  0.289241  0.289244  0.289247  0.289250  0.289252  0.289254  0.289256  0.289258
  0.289260  0.289261  0.289263  0.289264  0.289265  0.289267  0.289269  0.289271
  0.289273  0.289275  0.289278  0.289280  0.289283  0.289286  0.289290  0.289293
  0.289297  0.289301  0.289306  0.289311  0.289316  0.289321  0.289327  0.289334
  0.289340  0.289348  0.289356  0.289364  0.289373  0.289383  0.289394  0.289405
  0.289418  0.289431  0.289446  0.289462  0.289480  0.289499  0.289519  0.289541
  0.289564  0.289587  0.289610  0.289634  0.289657  0.289681  0.289705  0.289728
  0.289751  0.289775  0.289798  0.289821  0.289844  0.289866  0.289887  0.289908
  0.289928  0.289946  0.289964  0.289981  0.289997  0.290011  0.290025  0.290038
  0.290050  0.290062  0.290072  0.290082  0.290091  0.290099  0.290106  0.290113
  0.290119  0.290125  0.290130  0.290133  0.290137  0.290140  0.290144  0.290148
  0.290152  0.290156  0.290160  0.290165  0.290170  0.290175  0.290180  0.290185
  0.290191  0.290197
 ***************************************************************
  ROW NUMBER           9  SECTION NUMBER            2
           0           0           0  IF_DESIGN etc 
   1.00000   0.00000    0
  0.139794  0.140179  0.140524  0.140833  0.141110  0.141359  0.141582  0.141782
  0.141961  0.142122  0.142266  0.142395  0.142511  0.142615  0.142708  0.142791
  0.142866  0.142933  0.142993  0.143047  0.143095  0.143144  0.143194  0.143247
  0.143303  0.143361  0.143423  0.143487  0.143555  0.143627  0.143702  0.143782
  0.143866  0.143954  0.144047  0.144144  0.144247  0.144354  0.144467  0.144585
  0.144710  0.144841  0.144978  0.145122  0.145274  0.145433  0.145601  0.145778
  0.145965  0.146165  0.146379  0.146608  0.146853  0.147112  0.147385  0.147669
  0.147961  0.148256  0.148552  0.148848  0.149143  0.149437  0.149728  0.150018
  0.150310  0.150603  0.150896  0.151189  0.151481  0.151772  0.152058  0.152339
  0.152613  0.152880  0.153140  0.153391  0.153635  0.153871  0.154100  0.154322
  0.154537  0.154745  0.154946  0.155140  0.155327  0.155507  0.155680  0.155846
  0.156005  0.156157  0.156302  0.156447  0.156601  0.156763  0.156934  0.157115
  0.157307  0.157509  0.157723  0.157949  0.158188  0.158441  0.158708  0.158990
  0.159289  0.159605
  1.000000  0.000000
  0.013122  0.012527  0.011993  0.011514  0.011085  0.010701  0.010356  0.010047
  0.009770  0.009521  0.009298  0.009098  0.008919  0.008759  0.008615  0.008486
  0.008370  0.008266  0.008173  0.008090  0.008015  0.008069  0.008050  0.008011
  0.007956  0.007887  0.007805  0.007714  0.007618  0.007518  0.007413  0.007304
  0.007190  0.007072  0.006948  0.006819  0.006685  0.006546  0.006401  0.006251
  0.006094  0.005932  0.005763  0.005588  0.005405  0.005215  0.005018  0.004811
  0.004595  0.004368  0.004127  0.003871  0.003601  0.003318  0.003023  0.002719
  0.002410  0.002101  0.001793  0.001487  0.001184  0.000885  0.000589  0.000295
  0.000000 -0.000295 -0.000590 -0.000885 -0.001178 -0.001471 -0.001760 -0.002043
 -0.002321 -0.002592 -0.002856 -0.003114 -0.003364 -0.003607 -0.003845 -0.004076
 -0.004301 -0.004520 -0.004732 -0.004938 -0.005138 -0.005331 -0.005518 -0.005698
 -0.005871 -0.006037 -0.006277 -0.006386 -0.006501 -0.006622 -0.006751 -0.006887
 -0.007030 -0.007182 -0.007342 -0.007512 -0.007691 -0.007880 -0.008080 -0.008292
 -0.008516 -0.008752
  1.000000
  0.000000  0.000000  0.000000  0.000000  0.000000  0.000000  0.000000  0.000000
  0.000000  0.000000  0.000000  0.000000  0.000000  0.000000  0.000000  0.000000
  0.000000  0.000000  0.000000  0.000000  0.000000  0.000223  0.000302  0.000352
  0.000385  0.000409  0.000425  0.000437  0.000450  0.000463  0.000479  0.000495
  0.000514  0.000534  0.000555  0.000579  0.000604  0.000632  0.000661  0.000693
  0.000726  0.000762  0.000801  0.000841  0.000884  0.000930  0.000978  0.001029
  0.001082  0.001138  0.001198  0.001262  0.001328  0.001396  0.001464  0.001533
  0.001599  0.001661  0.001719  0.001771  0.001817  0.001857  0.001890  0.001916
  0.001935  0.001947  0.001950  0.001946  0.001932  0.001910  0.001879  0.001840
  0.001793  0.001739  0.001678  0.001610  0.001537  0.001459  0.001376  0.001289
  0.001198  0.001104  0.001007  0.000908  0.000807  0.000705  0.000602  0.000500
  0.000397  0.000286  0.000000  0.000000  0.000000  0.000000  0.000000  0.000000
  0.000000  0.000000  0.000000  0.000000  0.000000  0.000000  0.000000  0.000000
  0.000000  0.000000
  1.000000  0.000000
  0.300000  0.300000  0.300000  0.300000  0.300000  0.300000  0.300000  0.300000
  0.300000  0.300000  0.300000  0.300000  0.300000  0.300000  0.300000  0.300000
  0.300000  0.300000  0.300000  0.300000  0.300000  0.300000  0.300000  0.300000
  0.300000  0.300000  0.300000  0.300000  0.300000  0.300000  0.300000  0.300000
  0.300000  0.300000  0.300000  0.300000  0.300000  0.300000  0.300000  0.300000
  0.300000  0.300000  0.300000  0.300000  0.300000  0.300000  0.300000  0.300000
  0.300000  0.300000  0.300000  0.300000  0.300000  0.300000  0.300000  0.300000
  0.300000  0.300000  0.300000  0.300000  0.300000  0.300000  0.300000  0.300000
  0.300000  0.300000  0.300000  0.300000  0.300000  0.300000  0.300000  0.300000
  0.300000  0.300000  0.300000  0.300000  0.300000  0.300000  0.300000  0.300000
  0.300000  0.300000  0.300000  0.300000  0.300000  0.300000  0.300000  0.300000
  0.300000  0.300000  0.300000  0.300000  0.300000  0.300000  0.300000  0.300000
  0.300000  0.300000  0.300000  0.300000  0.300000  0.300000  0.300000  0.300000
  0.300000  0.300000
 ***************************************************************
  ROW NUMBER           9  SECTION NUMBER            3
           0           0           0  IF_DESIGN etc 
   1.00000   0.00000    0
  0.139786  0.140172  0.140518  0.140828  0.141106  0.141355  0.141579  0.141779
  0.141959  0.142120  0.142264  0.142393  0.142509  0.142613  0.142707  0.142790
  0.142865  0.142932  0.142993  0.143047  0.143095  0.143144  0.143194  0.143247
  0.143303  0.143361  0.143423  0.143487  0.143555  0.143627  0.143703  0.143782
  0.143866  0.143954  0.144047  0.144145  0.144247  0.144355  0.144468  0.144586
  0.144711  0.144842  0.144979  0.145123  0.145275  0.145434  0.145602  0.145780
  0.145967  0.146166  0.146380  0.146609  0.146854  0.147113  0.147385  0.147670
  0.147962  0.148257  0.148553  0.148849  0.149143  0.149436  0.149727  0.150018
  0.150309  0.150602  0.150895  0.151188  0.151480  0.151770  0.152057  0.152337
  0.152611  0.152878  0.153138  0.153389  0.153633  0.153869  0.154098  0.154320
  0.154535  0.154743  0.154945  0.155139  0.155326  0.155506  0.155679  0.155846
  0.156005  0.156157  0.156302  0.156447  0.156601  0.156763  0.156935  0.157117
  0.157308  0.157511  0.157725  0.157952  0.158192  0.158445  0.158712  0.158995
  0.159295  0.159611
  1.000000  0.000000
  0.014262  0.013624  0.013052  0.012539  0.012080  0.011667  0.011298  0.010966
  0.010669  0.010403  0.010164  0.009950  0.009758  0.009586  0.009431  0.009293
  0.009169  0.009058  0.008958  0.008869  0.008789  0.008844  0.008824  0.008782
  0.008723  0.008649  0.008562  0.008464  0.008361  0.008253  0.008140  0.008023
  0.007900  0.007772  0.007638  0.007499  0.007354  0.007203  0.007047  0.006884
  0.006715  0.006538  0.006355  0.006164  0.005965  0.005758  0.005542  0.005317
  0.005081  0.004833  0.004568  0.004287  0.003991  0.003680  0.003356  0.003020
  0.002679  0.002336  0.001995  0.001656  0.001320  0.000987  0.000657  0.000329
  0.000000 -0.000330 -0.000659 -0.000989 -0.001319 -0.001647 -0.001971 -0.002290
 -0.002602 -0.002907 -0.003205 -0.003495 -0.003776 -0.004051 -0.004319 -0.004580
 -0.004834 -0.005081 -0.005321 -0.005554 -0.005780 -0.005998 -0.006209 -0.006413
 -0.006609 -0.006797 -0.007052 -0.007179 -0.007313 -0.007455 -0.007604 -0.007762
 -0.007930 -0.008106 -0.008293 -0.008491 -0.008699 -0.008920 -0.009154 -0.009400
 -0.009661 -0.009936
  1.000000
  0.000000  0.000000  0.000000  0.000000  0.000000  0.000000  0.000000  0.000000
  0.000000  0.000000  0.000000  0.000000  0.000000  0.000000  0.000000  0.000000
  0.000000  0.000000  0.000000  0.000000  0.000000  0.000235  0.000318  0.000371
  0.000408  0.000433  0.000451  0.000464  0.000477  0.000492  0.000508  0.000525
  0.000545  0.000566  0.000589  0.000614  0.000641  0.000670  0.000701  0.000735
  0.000771  0.000809  0.000849  0.000893  0.000938  0.000987  0.001037  0.001091
  0.001148  0.001208  0.001272  0.001339  0.001409  0.001481  0.001554  0.001627
  0.001697  0.001763  0.001824  0.001880  0.001929  0.001971  0.002006  0.002034
  0.002054  0.002066  0.002070  0.002065  0.002050  0.002027  0.001994  0.001953
  0.001903  0.001845  0.001780  0.001709  0.001632  0.001549  0.001461  0.001368
  0.001272  0.001172  0.001069  0.000964  0.000857  0.000748  0.000639  0.000530
  0.000421  0.000301  0.000000  0.000000  0.000000  0.000000  0.000000  0.000000
  0.000000  0.000000  0.000000  0.000000  0.000000  0.000000  0.000000  0.000000
  0.000000  0.000000
  1.000000  0.000000
  0.310789  0.310785  0.310782  0.310780  0.310775  0.310771  0.310766  0.310763
  0.310759  0.310756  0.310753  0.310750  0.310748  0.310746  0.310744  0.310742
  0.310740  0.310739  0.310737  0.310736  0.310735  0.310733  0.310731  0.310729
  0.310727  0.310725  0.310722  0.310720  0.310717  0.310714  0.310710  0.310707
  0.310703  0.310699  0.310694  0.310690  0.310684  0.310679  0.310673  0.310667
  0.310660  0.310652  0.310644  0.310636  0.310627  0.310617  0.310606  0.310595
  0.310582  0.310569  0.310554  0.310538  0.310520  0.310501  0.310481  0.310459
  0.310436  0.310413  0.310390  0.310366  0.310343  0.310319  0.310296  0.310272
  0.310249  0.310225  0.310202  0.310179  0.310157  0.310134  0.310113  0.310092
  0.310072  0.310054  0.310036  0.310019  0.310003  0.309989  0.309975  0.309962
  0.309950  0.309938  0.309928  0.309918  0.309909  0.309901  0.309894  0.309887
  0.309881  0.309875  0.309870  0.309867  0.309863  0.309860  0.309856  0.309852
  0.309848  0.309844  0.309839  0.309835  0.309830  0.309825  0.309820  0.309815
  0.309809  0.309803
 ***************************************************************
 ************STARTING THE INPUT FOR EACH BLADE ROW**************
  BLADE ROW NUMBER =       10                                           
    NUMBER OF BLADES IN ROW 
       117
        JM        JLE       JTE 
       106        21        91
      KTIPSTART  KTIPEND 
         0         0
       BOUNDARY LAYER TRANSITION POINTS 
         0         0         0         0
  SET NEWGRID= 1 TO GENERATE A NEW GRID WITH DIFFERENT "J" POINTS AND SPACINGS.
         0
   RPMROW,    RPMHUB 
       0.0       0.0
       JROTHS    JROTHE    JROTTS    JROTTE 
         1         1         1         1
   PUPROW    PLEROW   PTEROW    PDROW 
  437616.6  437616.6  505420.2  505420.2
      NSECS_ROW   INSURF  
         3         0
  IF_CUSP_OUT   IFANGLES 
         1         0
         0         3         0
 ***************************************************************
  ROW NUMBER          10  SECTION NUMBER            1
           0           0           0  IF_DESIGN etc 
   1.00000   0.00000    0
  0.156292  0.156678  0.157023  0.157333  0.157610  0.157859  0.158083  0.158283
  0.158462  0.158623  0.158767  0.158897  0.159013  0.159117  0.159210  0.159293
  0.159368  0.159435  0.159496  0.159550  0.159598  0.159646  0.159697  0.159750
  0.159806  0.159864  0.159925  0.159990  0.160058  0.160130  0.160205  0.160285
  0.160369  0.160457  0.160550  0.160648  0.160750  0.160858  0.160970  0.161089
  0.161213  0.161344  0.161482  0.161626  0.161777  0.161937  0.162105  0.162282
  0.162469  0.162669  0.162883  0.163112  0.163357  0.163616  0.163888  0.164173
  0.164465  0.164760  0.165056  0.165352  0.165646  0.165939  0.166230  0.166521
  0.166812  0.167105  0.167397  0.167690  0.167982  0.168273  0.168559  0.168840
  0.169113  0.169380  0.169639  0.169891  0.170134  0.170370  0.170598  0.170820
  0.171035  0.171243  0.171444  0.171638  0.171825  0.172005  0.172177  0.172343
  0.172502  0.172654  0.172799  0.172944  0.173097  0.173259  0.173430  0.173611
  0.173802  0.174004  0.174218  0.174444  0.174683  0.174936  0.175203  0.175486
  0.175785  0.176101
  1.000000  0.000000
 -0.014944 -0.014328 -0.013775 -0.013280 -0.012836 -0.012438 -0.012081 -0.011761
 -0.011474 -0.011217 -0.010987 -0.010780 -0.010595 -0.010428 -0.010279 -0.010146
 -0.010026 -0.009919 -0.009822 -0.009736 -0.009659 -0.009467 -0.009355 -0.009255
 -0.009153 -0.009047 -0.008937 -0.008821 -0.008699 -0.008572 -0.008439 -0.008300
 -0.008154 -0.008002 -0.007843 -0.007676 -0.007504 -0.007324 -0.007137 -0.006942
 -0.006740 -0.006529 -0.006310 -0.006083 -0.005846 -0.005601 -0.005345 -0.005080
 -0.004803 -0.004512 -0.004204 -0.003880 -0.003540 -0.003187 -0.002824 -0.002452
 -0.002079 -0.001711 -0.001350 -0.000997 -0.000655 -0.000322  0.000000  0.000314
  0.000621  0.000921  0.001214  0.001499  0.001775  0.002042  0.002298  0.002541
  0.002773  0.002991  0.003198  0.003392  0.003575  0.003748  0.003911  0.004064
  0.004209  0.004345  0.004473  0.004593  0.004706  0.004812  0.004911  0.005003
  0.005090  0.005162  0.005126  0.005238  0.005357  0.005483  0.005616  0.005756
  0.005904  0.006061  0.006227  0.006402  0.006588  0.006783  0.006990  0.007209
  0.007440  0.007685
  1.000000
  0.000000  0.000000  0.000000  0.000000  0.000000  0.000000  0.000000  0.000000
  0.000000  0.000000  0.000000  0.000000  0.000000  0.000000  0.000000  0.000000
  0.000000  0.000000  0.000000  0.000000  0.000000  0.000255  0.000349  0.000413
  0.000465  0.000510  0.000548  0.000580  0.000612  0.000645  0.000679  0.000715
  0.000752  0.000790  0.000830  0.000871  0.000913  0.000957  0.001001  0.001047
  0.001094  0.001142  0.001191  0.001241  0.001292  0.001344  0.001396  0.001448
  0.001501  0.001554  0.001608  0.001662  0.001715  0.001766  0.001813  0.001857
  0.001896  0.001928  0.001953  0.001972  0.001984  0.001989  0.001987  0.001979
  0.001964  0.001942  0.001914  0.001879  0.001838  0.001790  0.001737  0.001678
  0.001615  0.001548  0.001477  0.001404  0.001328  0.001250  0.001171  0.001090
  0.001007  0.000925  0.000841  0.000758  0.000675  0.000592  0.000510  0.000430
  0.000350  0.000264  0.000000  0.000000  0.000000  0.000000  0.000000  0.000000
  0.000000  0.000000  0.000000  0.000000  0.000000  0.000000  0.000000  0.000000
  0.000000  0.000000
  1.000000  0.000000
  0.290130  0.290138  0.290146  0.290152  0.290158  0.290163  0.290168  0.290172
  0.290175  0.290178  0.290181  0.290183  0.290186  0.290188  0.290189  0.290191
  0.290193  0.290194  0.290195  0.290196  0.290197  0.290198  0.290200  0.290201
  0.290203  0.290205  0.290206  0.290208  0.290210  0.290213  0.290215  0.290218
  0.290221  0.290224  0.290227  0.290230  0.290234  0.290238  0.290243  0.290247
  0.290252  0.290258  0.290263  0.290270  0.290276  0.290284  0.290291  0.290300
  0.290309  0.290319  0.290330  0.290342  0.290356  0.290370  0.290386  0.290402
  0.290420  0.290438  0.290457  0.290476  0.290495  0.290514  0.290534  0.290554
  0.290574  0.290594  0.290615  0.290636  0.290657  0.290678  0.290699  0.290719
  0.290739  0.290759  0.290778  0.290796  0.290814  0.290832  0.290849  0.290865
  0.290881  0.290896  0.290910  0.290924  0.290938  0.290951  0.290963  0.290975
  0.290986  0.290997  0.291007  0.291019  0.291032  0.291045  0.291058  0.291072
  0.291085  0.291099  0.291112  0.291125  0.291138  0.291150  0.291159  0.291165
  0.291171  0.291175
 ***************************************************************
  ROW NUMBER          10  SECTION NUMBER            2
           0           0           0  IF_DESIGN etc 
   1.00000   0.00000    0
  0.156299  0.156683  0.157028  0.157337  0.157615  0.157863  0.158086  0.158286
  0.158465  0.158626  0.158770  0.158899  0.159015  0.159118  0.159211  0.159295
  0.159370  0.159437  0.159497  0.159551  0.159599  0.159647  0.159698  0.159751
  0.159806  0.159865  0.159926  0.159990  0.160058  0.160130  0.160206  0.160285
  0.160369  0.160457  0.160550  0.160647  0.160750  0.160857  0.160970  0.161088
  0.161213  0.161343  0.161481  0.161625  0.161776  0.161936  0.162103  0.162281
  0.162468  0.162667  0.162881  0.163110  0.163355  0.163614  0.163886  0.164171
  0.164463  0.164757  0.165053  0.165349  0.165644  0.165937  0.166228  0.166519
  0.166810  0.167103  0.167396  0.167689  0.167981  0.168271  0.168558  0.168838
  0.169112  0.169379  0.169639  0.169890  0.170133  0.170369  0.170598  0.170820
  0.171035  0.171243  0.171444  0.171638  0.171825  0.172005  0.172178  0.172344
  0.172503  0.172655  0.172800  0.172945  0.173098  0.173260  0.173431  0.173612
  0.173804  0.174006  0.174220  0.174446  0.174685  0.174937  0.175204  0.175487
  0.175785  0.176101
  1.000000  0.000000
 -0.014452 -0.013857 -0.013324 -0.012845 -0.012416 -0.012032 -0.011687 -0.011378
 -0.011101 -0.010853 -0.010630 -0.010430 -0.010251 -0.010091 -0.009947 -0.009818
 -0.009702 -0.009598 -0.009505 -0.009422 -0.009347 -0.009160 -0.009052 -0.008954
 -0.008856 -0.008754 -0.008647 -0.008534 -0.008417 -0.008294 -0.008165 -0.008030
 -0.007889 -0.007742 -0.007588 -0.007427 -0.007260 -0.007086 -0.006904 -0.006716
 -0.006520 -0.006316 -0.006104 -0.005884 -0.005656 -0.005418 -0.005170 -0.004913
 -0.004645 -0.004364 -0.004066 -0.003752 -0.003424 -0.003082 -0.002730 -0.002371
 -0.002010 -0.001654 -0.001305 -0.000964 -0.000633 -0.000311  0.000000  0.000303
  0.000600  0.000890  0.001173  0.001448  0.001714  0.001972  0.002219  0.002454
  0.002677  0.002888  0.003087  0.003275  0.003451  0.003617  0.003774  0.003922
  0.004061  0.004192  0.004315  0.004431  0.004539  0.004641  0.004736  0.004825
  0.004908  0.004977  0.004940  0.005048  0.005163  0.005284  0.005413  0.005548
  0.005692  0.005843  0.006004  0.006173  0.006352  0.006541  0.006742  0.006953
  0.007177  0.007413
  1.000000
  0.000000  0.000000  0.000000  0.000000  0.000000  0.000000  0.000000  0.000000
  0.000000  0.000000  0.000000  0.000000  0.000000  0.000000  0.000000  0.000000
  0.000000  0.000000  0.000000  0.000000  0.000000  0.000250  0.000342  0.000406
  0.000457  0.000500  0.000537  0.000569  0.000600  0.000632  0.000666  0.000701
  0.000737  0.000775  0.000814  0.000854  0.000895  0.000938  0.000982  0.001027
  0.001073  0.001120  0.001168  0.001217  0.001267  0.001318  0.001369  0.001420
  0.001472  0.001524  0.001577  0.001630  0.001681  0.001731  0.001778  0.001821
  0.001859  0.001890  0.001915  0.001934  0.001945  0.001950  0.001948  0.001940
  0.001926  0.001905  0.001877  0.001843  0.001802  0.001755  0.001703  0.001645
  0.001583  0.001517  0.001448  0.001376  0.001303  0.001226  0.001148  0.001069
  0.000988  0.000907  0.000825  0.000743  0.000662  0.000581  0.000501  0.000421
  0.000344  0.000260  0.000000  0.000000  0.000000  0.000000  0.000000  0.000000
  0.000000  0.000000  0.000000  0.000000  0.000000  0.000000  0.000000  0.000000
  0.000000  0.000000
  1.000000  0.000000
  0.300000  0.300000  0.300000  0.300000  0.300000  0.300000  0.300000  0.300000
  0.300000  0.300000  0.300000  0.300000  0.300000  0.300000  0.300000  0.300000
  0.300000  0.300000  0.300000  0.300000  0.300000  0.300000  0.300000  0.300000
  0.300000  0.300000  0.300000  0.300000  0.300000  0.300000  0.300000  0.300000
  0.300000  0.300000  0.300000  0.300000  0.300000  0.300000  0.300000  0.300000
  0.300000  0.300000  0.300000  0.300000  0.300000  0.300000  0.300000  0.300000
  0.300000  0.300000  0.300000  0.300000  0.300000  0.300000  0.300000  0.300000
  0.300000  0.300000  0.300000  0.300000  0.300000  0.300000  0.300000  0.300000
  0.300000  0.300000  0.300000  0.300000  0.300000  0.300000  0.300000  0.300000
  0.300000  0.300000  0.300000  0.300000  0.300000  0.300000  0.300000  0.300000
  0.300000  0.300000  0.300000  0.300000  0.300000  0.300000  0.300000  0.300000
  0.300000  0.300000  0.300000  0.300000  0.300000  0.300000  0.300000  0.300000
  0.300000  0.300000  0.300000  0.300000  0.300000  0.300000  0.300000  0.300000
  0.300000  0.300000
 ***************************************************************
  ROW NUMBER          10  SECTION NUMBER            3
           0           0           0  IF_DESIGN etc 
   1.00000   0.00000    0
  0.156292  0.156677  0.157023  0.157333  0.157610  0.157859  0.158083  0.158283
  0.158462  0.158623  0.158767  0.158897  0.159013  0.159117  0.159210  0.159293
  0.159368  0.159435  0.159496  0.159550  0.159598  0.159646  0.159697  0.159750
  0.159806  0.159864  0.159925  0.159990  0.160058  0.160130  0.160205  0.160285
  0.160369  0.160457  0.160550  0.160648  0.160750  0.160858  0.160970  0.161089
  0.161213  0.161344  0.161482  0.161626  0.161777  0.161937  0.162105  0.162282
  0.162469  0.162668  0.162883  0.163112  0.163357  0.163616  0.163888  0.164173
  0.164465  0.164760  0.165056  0.165352  0.165646  0.165939  0.166230  0.166521
  0.166812  0.167105  0.167397  0.167690  0.167982  0.168273  0.168559  0.168839
  0.169113  0.169380  0.169639  0.169891  0.170134  0.170370  0.170598  0.170820
  0.171035  0.171243  0.171444  0.171638  0.171825  0.172005  0.172177  0.172343
  0.172502  0.172654  0.172799  0.172944  0.173097  0.173259  0.173430  0.173611
  0.173802  0.174004  0.174218  0.174444  0.174683  0.174936  0.175203  0.175486
  0.175785  0.176101
  1.000000  0.000000
 -0.014044 -0.013466 -0.012948 -0.012484 -0.012068 -0.011695 -0.011360 -0.011060
 -0.010791 -0.010550 -0.010334 -0.010140 -0.009967 -0.009811 -0.009671 -0.009546
 -0.009434 -0.009333 -0.009243 -0.009162 -0.009090 -0.008906 -0.008801 -0.008706
 -0.008610 -0.008511 -0.008406 -0.008297 -0.008183 -0.008063 -0.007938 -0.007807
 -0.007670 -0.007526 -0.007376 -0.007220 -0.007057 -0.006888 -0.006712 -0.006529
 -0.006338 -0.006140 -0.005934 -0.005720 -0.005497 -0.005266 -0.005025 -0.004775
 -0.004515 -0.004241 -0.003952 -0.003646 -0.003327 -0.002995 -0.002653 -0.002303
 -0.001953 -0.001607 -0.001267 -0.000936 -0.000615 -0.000302  0.000000  0.000295
  0.000583  0.000864  0.001138  0.001405  0.001664  0.001914  0.002153  0.002381
  0.002597  0.002802  0.002994  0.003176  0.003347  0.003508  0.003659  0.003802
  0.003937  0.004063  0.004182  0.004294  0.004399  0.004497  0.004589  0.004674
  0.004754  0.004822  0.004782  0.004888  0.004999  0.005117  0.005242  0.005373
  0.005513  0.005660  0.005816  0.005980  0.006154  0.006338  0.006532  0.006738
  0.006955  0.007185
  1.000000
  0.000000  0.000000  0.000000  0.000000  0.000000  0.000000  0.000000  0.000000
  0.000000  0.000000  0.000000  0.000000  0.000000  0.000000  0.000000  0.000000
  0.000000  0.000000  0.000000  0.000000  0.000000  0.000247  0.000338  0.000400
  0.000450  0.000493  0.000529  0.000561  0.000591  0.000623  0.000656  0.000691
  0.000726  0.000763  0.000802  0.000842  0.000882  0.000924  0.000968  0.001012
  0.001057  0.001104  0.001151  0.001199  0.001248  0.001298  0.001349  0.001399
  0.001450  0.001502  0.001554  0.001606  0.001657  0.001706  0.001752  0.001794
  0.001832  0.001863  0.001887  0.001905  0.001917  0.001921  0.001920  0.001912
  0.001898  0.001877  0.001849  0.001816  0.001776  0.001729  0.001678  0.001621
  0.001560  0.001495  0.001427  0.001357  0.001283  0.001208  0.001131  0.001053
  0.000973  0.000893  0.000813  0.000732  0.000652  0.000572  0.000493  0.000415
  0.000339  0.000256  0.000000  0.000000  0.000000  0.000000  0.000000  0.000000
  0.000000  0.000000  0.000000  0.000000  0.000000  0.000000  0.000000  0.000000
  0.000000  0.000000
  1.000000  0.000000
  0.309870  0.309862  0.309854  0.309848  0.309842  0.309837  0.309832  0.309828
  0.309825  0.309822  0.309819  0.309817  0.309814  0.309812  0.309811  0.309809
  0.309807  0.309806  0.309805  0.309804  0.309803  0.309802  0.309800  0.309799
  0.309797  0.309795  0.309794  0.309792  0.309789  0.309787  0.309785  0.309782
  0.309779  0.309776  0.309773  0.309770  0.309766  0.309762  0.309758  0.309753
  0.309748  0.309742  0.309737  0.309730  0.309724  0.309716  0.309709  0.309700
  0.309691  0.309681  0.309670  0.309658  0.309644  0.309630  0.309614  0.309598
  0.309580  0.309562  0.309544  0.309525  0.309505  0.309486  0.309466  0.309446
  0.309426  0.309406  0.309385  0.309364  0.309343  0.309322  0.309301  0.309281
  0.309261  0.309241  0.309222  0.309204  0.309186  0.309168  0.309152  0.309135
  0.309119  0.309104  0.309090  0.309076  0.309062  0.309049  0.309037  0.309025
  0.309014  0.309003  0.308993  0.308981  0.308968  0.308955  0.308942  0.308928
  0.308915  0.308901  0.308888  0.308875  0.308862  0.308850  0.308841  0.308835
  0.308829  0.308825
 ***************************************************************
 ************STARTING THE INPUT FOR EACH BLADE ROW**************
  BLADE ROW NUMBER =       11                                           
    NUMBER OF BLADES IN ROW 
       117
        JM        JLE       JTE 
       106        21        91
      KTIPSTART  KTIPEND 
         0         0
       BOUNDARY LAYER TRANSITION POINTS 
         0         0         0         0
  SET NEWGRID= 1 TO GENERATE A NEW GRID WITH DIFFERENT "J" POINTS AND SPACINGS.
         0
   RPMROW,    RPMHUB 
   12000.0   12000.0
       JROTHS    JROTHE    JROTTS    JROTTE 
         1         1         1         1
   PUPROW    PLEROW   PTEROW    PDROW 
  505420.1  505420.1  580389.4  580389.4
      NSECS_ROW   INSURF  
         3         0
  IF_CUSP_OUT   IFANGLES 
         1         0
         0         3         0
 ***************************************************************
  ROW NUMBER          11  SECTION NUMBER            1
           0           0           0  IF_DESIGN etc 
   1.00000   0.00000    0
  0.176093  0.176478  0.176824  0.177134  0.177411  0.177660  0.177883  0.178083
  0.178263  0.178424  0.178568  0.178697  0.178813  0.178917  0.179010  0.179093
  0.179168  0.179236  0.179296  0.179350  0.179398  0.179446  0.179497  0.179550
  0.179605  0.179664  0.179725  0.179790  0.179858  0.179930  0.180005  0.180085
  0.180168  0.180257  0.180349  0.180447  0.180550  0.180657  0.180770  0.180888
  0.181013  0.181143  0.181281  0.181425  0.181577  0.181736  0.181904  0.182081
  0.182268  0.182467  0.182681  0.182911  0.183155  0.183414  0.183687  0.183971
  0.184263  0.184558  0.184854  0.185150  0.185445  0.185738  0.186029  0.186319
  0.186611  0.186903  0.187196  0.187489  0.187781  0.188072  0.188358  0.188639
  0.188913  0.189180  0.189439  0.189691  0.189934  0.190170  0.190399  0.190621
  0.190836  0.191044  0.191245  0.191439  0.191626  0.191807  0.191980  0.192146
  0.192305  0.192457  0.192602  0.192747  0.192901  0.193063  0.193234  0.193415
  0.193607  0.193810  0.194024  0.194250  0.194489  0.194742  0.195010  0.195292
  0.195591  0.195907
  1.000000  0.000000
  0.012206  0.011645  0.011141  0.010690  0.010285  0.009923  0.009597  0.009306
  0.009044  0.008810  0.008600  0.008411  0.008242  0.008091  0.007955  0.007833
  0.007724  0.007626  0.007539  0.007460  0.007389  0.007442  0.007425  0.007388
  0.007336  0.007270  0.007193  0.007108  0.007017  0.006923  0.006825  0.006723
  0.006616  0.006505  0.006389  0.006268  0.006143  0.006013  0.005878  0.005737
  0.005592  0.005440  0.005283  0.005120  0.004951  0.004774  0.004591  0.004400
  0.004200  0.003990  0.003768  0.003532  0.003283  0.003023  0.002753  0.002474
  0.002192  0.001909  0.001628  0.001349  0.001074  0.000802  0.000534  0.000267
  0.000000 -0.000267 -0.000533 -0.000799 -0.001064 -0.001327 -0.001587 -0.001842
 -0.002091 -0.002334 -0.002571 -0.002802 -0.003026 -0.003244 -0.003456 -0.003663
 -0.003865 -0.004060 -0.004250 -0.004434 -0.004613 -0.004785 -0.004952 -0.005112
 -0.005267 -0.005415 -0.005633 -0.005727 -0.005826 -0.005931 -0.006042 -0.006159
 -0.006282 -0.006413 -0.006552 -0.006698 -0.006853 -0.007016 -0.007189 -0.007371
 -0.007564 -0.007769
  1.000000
  0.000000  0.000000  0.000000  0.000000  0.000000  0.000000  0.000000  0.000000
  0.000000  0.000000  0.000000  0.000000  0.000000  0.000000  0.000000  0.000000
  0.000000  0.000000  0.000000  0.000000  0.000000  0.000215  0.000290  0.000337
  0.000369  0.000391  0.000406  0.000417  0.000429  0.000442  0.000456  0.000472
  0.000490  0.000509  0.000530  0.000552  0.000577  0.000603  0.000631  0.000661
  0.000693  0.000727  0.000764  0.000802  0.000843  0.000887  0.000933  0.000981
  0.001032  0.001086  0.001143  0.001203  0.001266  0.001331  0.001396  0.001462
  0.001525  0.001585  0.001640  0.001689  0.001733  0.001771  0.001802  0.001827
  0.001845  0.001856  0.001860  0.001855  0.001842  0.001821  0.001792  0.001754
  0.001710  0.001658  0.001600  0.001535  0.001466  0.001391  0.001312  0.001229
  0.001143  0.001053  0.000960  0.000866  0.000770  0.000672  0.000574  0.000476
  0.000379  0.000274  0.000000  0.000000  0.000000  0.000000  0.000000  0.000000
  0.000000  0.000000  0.000000  0.000000  0.000000  0.000000  0.000000  0.000000
  0.000000  0.000000
  1.000000  0.000000
  0.291175  0.291179  0.291181  0.291183  0.291186  0.291189  0.291193  0.291196
  0.291198  0.291201  0.291203  0.291205  0.291206  0.291208  0.291210  0.291211
  0.291212  0.291213  0.291214  0.291215  0.291216  0.291217  0.291219  0.291220
  0.291222  0.291224  0.291225  0.291227  0.291230  0.291232  0.291234  0.291237
  0.291240  0.291243  0.291246  0.291250  0.291254  0.291258  0.291262  0.291267
  0.291272  0.291277  0.291283  0.291289  0.291296  0.291304  0.291312  0.291320
  0.291329  0.291339  0.291350  0.291362  0.291375  0.291389  0.291404  0.291420
  0.291437  0.291454  0.291471  0.291489  0.291506  0.291524  0.291541  0.291558
  0.291575  0.291593  0.291610  0.291627  0.291644  0.291660  0.291676  0.291691
  0.291706  0.291719  0.291733  0.291745  0.291757  0.291768  0.291778  0.291787
  0.291796  0.291805  0.291812  0.291819  0.291826  0.291832  0.291838  0.291843
  0.291847  0.291851  0.291855  0.291858  0.291860  0.291863  0.291866  0.291869
  0.291872  0.291875  0.291878  0.291881  0.291884  0.291888  0.291891  0.291895
  0.291898  0.291902
 ***************************************************************
  ROW NUMBER          11  SECTION NUMBER            2
           0           0           0  IF_DESIGN etc 
   1.00000   0.00000    0
  0.176097  0.176481  0.176826  0.177136  0.177413  0.177662  0.177884  0.178084
  0.178263  0.178424  0.178568  0.178697  0.178813  0.178917  0.179010  0.179093
  0.179168  0.179235  0.179295  0.179349  0.179398  0.179446  0.179496  0.179549
  0.179605  0.179663  0.179725  0.179789  0.179857  0.179929  0.180004  0.180084
  0.180167  0.180256  0.180349  0.180446  0.180548  0.180656  0.180769  0.180887
  0.181012  0.181142  0.181280  0.181424  0.181575  0.181735  0.181903  0.182080
  0.182267  0.182466  0.182680  0.182910  0.183154  0.183413  0.183686  0.183970
  0.184262  0.184557  0.184853  0.185149  0.185444  0.185737  0.186028  0.186319
  0.186611  0.186903  0.187196  0.187489  0.187781  0.188072  0.188358  0.188639
  0.188913  0.189180  0.189440  0.189691  0.189934  0.190170  0.190399  0.190621
  0.190836  0.191044  0.191246  0.191440  0.191627  0.191807  0.191980  0.192146
  0.192305  0.192457  0.192602  0.192746  0.192900  0.193062  0.193233  0.193414
  0.193606  0.193808  0.194022  0.194248  0.194487  0.194740  0.195007  0.195289
  0.195587  0.195903
  1.000000  0.000000
  0.013119  0.012524  0.011990  0.011512  0.011083  0.010698  0.010354  0.010044
  0.009767  0.009519  0.009296  0.009096  0.008917  0.008757  0.008613  0.008484
  0.008368  0.008264  0.008171  0.008088  0.008013  0.008067  0.008049  0.008009
  0.007954  0.007885  0.007803  0.007712  0.007616  0.007516  0.007412  0.007303
  0.007189  0.007070  0.006946  0.006817  0.006683  0.006544  0.006400  0.006249
  0.006093  0.005931  0.005762  0.005586  0.005404  0.005214  0.005016  0.004810
  0.004594  0.004367  0.004126  0.003870  0.003600  0.003317  0.003023  0.002719
  0.002410  0.002100  0.001792  0.001487  0.001184  0.000885  0.000589  0.000295
  0.000000 -0.000295 -0.000590 -0.000884 -0.001178 -0.001471 -0.001759 -0.002043
 -0.002320 -0.002591 -0.002856 -0.003113 -0.003363 -0.003606 -0.003844 -0.004075
 -0.004300 -0.004519 -0.004731 -0.004937 -0.005137 -0.005330 -0.005517 -0.005697
 -0.005870 -0.006036 -0.006276 -0.006385 -0.006500 -0.006621 -0.006749 -0.006885
 -0.007028 -0.007180 -0.007340 -0.007510 -0.007689 -0.007878 -0.008078 -0.008290
 -0.008514 -0.008750
  1.000000
  0.000000  0.000000  0.000000  0.000000  0.000000  0.000000  0.000000  0.000000
  0.000000  0.000000  0.000000  0.000000  0.000000  0.000000  0.000000  0.000000
  0.000000  0.000000  0.000000  0.000000  0.000000  0.000223  0.000302  0.000352
  0.000385  0.000409  0.000425  0.000437  0.000450  0.000463  0.000478  0.000495
  0.000513  0.000533  0.000555  0.000579  0.000604  0.000632  0.000661  0.000693
  0.000726  0.000762  0.000800  0.000841  0.000884  0.000930  0.000978  0.001028
  0.001082  0.001138  0.001198  0.001261  0.001327  0.001395  0.001464  0.001533
  0.001599  0.001661  0.001719  0.001771  0.001817  0.001857  0.001890  0.001916
  0.001935  0.001946  0.001950  0.001945  0.001932  0.001910  0.001879  0.001840
  0.001793  0.001738  0.001677  0.001610  0.001537  0.001459  0.001376  0.001289
  0.001198  0.001104  0.001007  0.000908  0.000807  0.000705  0.000602  0.000499
  0.000397  0.000286  0.000000  0.000000  0.000000  0.000000  0.000000  0.000000
  0.000000  0.000000  0.000000  0.000000  0.000000  0.000000  0.000000  0.000000
  0.000000  0.000000
  1.000000  0.000000
  0.300000  0.300000  0.300000  0.300000  0.300000  0.300000  0.300000  0.300000
  0.300000  0.300000  0.300000  0.300000  0.300000  0.300000  0.300000  0.300000
  0.300000  0.300000  0.300000  0.300000  0.300000  0.300000  0.300000  0.300000
  0.300000  0.300000  0.300000  0.300000  0.300000  0.300000  0.300000  0.300000
  0.300000  0.300000  0.300000  0.300000  0.300000  0.300000  0.300000  0.300000
  0.300000  0.300000  0.300000  0.300000  0.300000  0.300000  0.300000  0.300000
  0.300000  0.300000  0.300000  0.300000  0.300000  0.300000  0.300000  0.300000
  0.300000  0.300000  0.300000  0.300000  0.300000  0.300000  0.300000  0.300000
  0.300000  0.300000  0.300000  0.300000  0.300000  0.300000  0.300000  0.300000
  0.300000  0.300000  0.300000  0.300000  0.300000  0.300000  0.300000  0.300000
  0.300000  0.300000  0.300000  0.300000  0.300000  0.300000  0.300000  0.300000
  0.300000  0.300000  0.300000  0.300000  0.300000  0.300000  0.300000  0.300000
  0.300000  0.300000  0.300000  0.300000  0.300000  0.300000  0.300000  0.300000
  0.300000  0.300000
 ***************************************************************
  ROW NUMBER          11  SECTION NUMBER            3
           0           0           0  IF_DESIGN etc 
   1.00000   0.00000    0
  0.176093  0.176478  0.176823  0.177133  0.177411  0.177659  0.177883  0.178083
  0.178262  0.178423  0.178567  0.178696  0.178812  0.178916  0.179009  0.179093
  0.179168  0.179235  0.179295  0.179349  0.179397  0.179446  0.179496  0.179549
  0.179605  0.179663  0.179725  0.179789  0.179857  0.179929  0.180004  0.180084
  0.180168  0.180256  0.180349  0.180446  0.180549  0.180656  0.180769  0.180888
  0.181012  0.181143  0.181280  0.181424  0.181576  0.181735  0.181903  0.182080
  0.182267  0.182467  0.182681  0.182910  0.183155  0.183414  0.183686  0.183971
  0.184263  0.184557  0.184853  0.185149  0.185444  0.185737  0.186028  0.186318
  0.186610  0.186903  0.187195  0.187488  0.187780  0.188071  0.188357  0.188638
  0.188912  0.189179  0.189438  0.189690  0.189933  0.190169  0.190398  0.190620
  0.190835  0.191043  0.191245  0.191439  0.191626  0.191806  0.191979  0.192145
  0.192304  0.192456  0.192601  0.192746  0.192900  0.193062  0.193233  0.193415
  0.193606  0.193809  0.194023  0.194249  0.194489  0.194742  0.195009  0.195292
  0.195590  0.195906
  1.000000  0.000000
  0.014046  0.013416  0.012852  0.012346  0.011892  0.011485  0.011120  0.010793
  0.010500  0.010237  0.010001  0.009790  0.009600  0.009430  0.009278  0.009141
  0.009019  0.008909  0.008811  0.008723  0.008644  0.008699  0.008679  0.008637
  0.008579  0.008506  0.008420  0.008323  0.008222  0.008115  0.008004  0.007888
  0.007767  0.007641  0.007509  0.007372  0.007229  0.007081  0.006926  0.006766
  0.006599  0.006425  0.006245  0.006057  0.005861  0.005657  0.005445  0.005223
  0.004991  0.004747  0.004486  0.004210  0.003919  0.003613  0.003294  0.002964
  0.002629  0.002293  0.001958  0.001625  0.001295  0.000968  0.000645  0.000323
  0.000000 -0.000323 -0.000647 -0.000970 -0.001293 -0.001615 -0.001933 -0.002245
 -0.002551 -0.002850 -0.003141 -0.003425 -0.003701 -0.003970 -0.004233 -0.004488
 -0.004737 -0.004979 -0.005214 -0.005442 -0.005663 -0.005877 -0.006084 -0.006283
 -0.006475 -0.006659 -0.006910 -0.007033 -0.007164 -0.007302 -0.007448 -0.007602
 -0.007765 -0.007937 -0.008119 -0.008312 -0.008515 -0.008730 -0.008958 -0.009198
 -0.009452 -0.009721
  1.000000
  0.000000  0.000000  0.000000  0.000000  0.000000  0.000000  0.000000  0.000000
  0.000000  0.000000  0.000000  0.000000  0.000000  0.000000  0.000000  0.000000
  0.000000  0.000000  0.000000  0.000000  0.000000  0.000232  0.000315  0.000367
  0.000403  0.000429  0.000446  0.000459  0.000472  0.000486  0.000502  0.000519
  0.000539  0.000560  0.000583  0.000607  0.000634  0.000663  0.000694  0.000727
  0.000762  0.000800  0.000840  0.000883  0.000928  0.000976  0.001026  0.001079
  0.001135  0.001194  0.001257  0.001324  0.001393  0.001464  0.001537  0.001608
  0.001678  0.001743  0.001804  0.001859  0.001907  0.001949  0.001984  0.002011
  0.002031  0.002043  0.002047  0.002041  0.002027  0.002004  0.001972  0.001931
  0.001881  0.001824  0.001760  0.001690  0.001614  0.001532  0.001445  0.001353
  0.001258  0.001159  0.001057  0.000953  0.000847  0.000740  0.000632  0.000524
  0.000417  0.000298  0.000000  0.000000  0.000000  0.000000  0.000000  0.000000
  0.000000  0.000000  0.000000  0.000000  0.000000  0.000000  0.000000  0.000000
  0.000000  0.000000
  1.000000  0.000000
  0.308825  0.308821  0.308819  0.308817  0.308814  0.308811  0.308807  0.308804
  0.308802  0.308799  0.308797  0.308795  0.308793  0.308792  0.308790  0.308789
  0.308788  0.308787  0.308786  0.308785  0.308784  0.308783  0.308781  0.308780
  0.308778  0.308776  0.308775  0.308773  0.308770  0.308768  0.308766  0.308763
  0.308760  0.308757  0.308754  0.308750  0.308747  0.308742  0.308738  0.308733
  0.308728  0.308723  0.308717  0.308711  0.308704  0.308696  0.308689  0.308680
  0.308671  0.308661  0.308650  0.308638  0.308625  0.308611  0.308596  0.308580
  0.308563  0.308546  0.308529  0.308511  0.308494  0.308476  0.308459  0.308442
  0.308425  0.308407  0.308390  0.308373  0.308356  0.308340  0.308324  0.308309
  0.308294  0.308280  0.308267  0.308255  0.308243  0.308233  0.308222  0.308213
  0.308204  0.308195  0.308188  0.308181  0.308174  0.308168  0.308163  0.308157
  0.308153  0.308149  0.308145  0.308142  0.308140  0.308137  0.308134  0.308131
  0.308128  0.308125  0.308122  0.308119  0.308116  0.308112  0.308109  0.308105
  0.308102  0.308098
 ***************************************************************
 ************STARTING THE INPUT FOR EACH BLADE ROW**************
  BLADE ROW NUMBER =       12                                           
    NUMBER OF BLADES IN ROW 
       118
        JM        JLE       JTE 
       111        21        91
      KTIPSTART  KTIPEND 
         0         0
       BOUNDARY LAYER TRANSITION POINTS 
         0         0         0         0
  SET NEWGRID= 1 TO GENERATE A NEW GRID WITH DIFFERENT "J" POINTS AND SPACINGS.
         0
   RPMROW,    RPMHUB 
       0.0       0.0
       JROTHS    JROTHE    JROTTS    JROTTE 
         1         1         1         1
   PUPROW    PLEROW   PTEROW    PDROW 
  580389.4  580389.4  662108.5  662108.5
      NSECS_ROW   INSURF  
         3         0
  IF_CUSP_OUT   IFANGLES 
         1         0
         0         3         0
 ***************************************************************
  ROW NUMBER          12  SECTION NUMBER            1
           0           0           0  IF_DESIGN etc 
   1.00000   0.00000    0
  0.192596  0.192981  0.193326  0.193636  0.193913  0.194162  0.194385  0.194585
  0.194764  0.194925  0.195069  0.195198  0.195314  0.195418  0.195511  0.195595
  0.195669  0.195737  0.195797  0.195851  0.195899  0.195947  0.195998  0.196051
  0.196106  0.196165  0.196226  0.196291  0.196359  0.196431  0.196506  0.196586
  0.196669  0.196757  0.196850  0.196948  0.197050  0.197158  0.197271  0.197389
  0.197514  0.197644  0.197782  0.197926  0.198077  0.198237  0.198405  0.198582
  0.198769  0.198968  0.199183  0.199412  0.199657  0.199916  0.200188  0.200473
  0.200765  0.201059  0.201356  0.201651  0.201946  0.202239  0.202530  0.202821
  0.203112  0.203405  0.203698  0.203991  0.204283  0.204574  0.204860  0.205141
  0.205415  0.205682  0.205941  0.206193  0.206436  0.206672  0.206901  0.207123
  0.207338  0.207546  0.207747  0.207941  0.208128  0.208308  0.208481  0.208647
  0.208806  0.208958  0.209103  0.209248  0.209405  0.209574  0.209756  0.209953
  0.210166  0.210396  0.210644  0.210911  0.211200  0.211512  0.211849  0.212212
  0.212605  0.213029  0.213486  0.213980  0.214513  0.215088  0.215710
  1.000000  0.000000
 -0.014848 -0.014236 -0.013687 -0.013196 -0.012755 -0.012359 -0.012005 -0.011687
 -0.011402 -0.011146 -0.010917 -0.010712 -0.010528 -0.010363 -0.010215 -0.010082
 -0.009963 -0.009856 -0.009761 -0.009675 -0.009598 -0.009407 -0.009296 -0.009196
 -0.009095 -0.008990 -0.008880 -0.008765 -0.008644 -0.008518 -0.008386 -0.008247
 -0.008103 -0.007951 -0.007793 -0.007628 -0.007456 -0.007277 -0.007092 -0.006898
 -0.006697 -0.006488 -0.006270 -0.006044 -0.005809 -0.005565 -0.005311 -0.005047
 -0.004772 -0.004483 -0.004177 -0.003855 -0.003518 -0.003167 -0.002806 -0.002436
 -0.002065 -0.001700 -0.001341 -0.000991 -0.000650 -0.000320  0.000000  0.000312
  0.000617  0.000915  0.001206  0.001489  0.001763  0.002028  0.002282  0.002524
  0.002754  0.002971  0.003176  0.003369  0.003551  0.003723  0.003884  0.004036
  0.004180  0.004315  0.004442  0.004561  0.004673  0.004778  0.004876  0.004968
  0.005054  0.005125  0.005089  0.005201  0.005321  0.005451  0.005591  0.005743
  0.005907  0.006083  0.006274  0.006480  0.006702  0.006942  0.007201  0.007480
  0.007782  0.008108  0.008459  0.008839  0.009249  0.009691  0.010169
  1.000000
  0.000000  0.000000  0.000000  0.000000  0.000000  0.000000  0.000000  0.000000
  0.000000  0.000000  0.000000  0.000000  0.000000  0.000000  0.000000  0.000000
  0.000000  0.000000  0.000000  0.000000  0.000000  0.000254  0.000347  0.000412
  0.000464  0.000508  0.000545  0.000578  0.000610  0.000642  0.000676  0.000712
  0.000749  0.000787  0.000827  0.000867  0.000910  0.000953  0.000997  0.001043
  0.001090  0.001138  0.001187  0.001236  0.001287  0.001338  0.001390  0.001442
  0.001495  0.001548  0.001602  0.001655  0.001708  0.001758  0.001806  0.001850
  0.001888  0.001920  0.001945  0.001964  0.001976  0.001981  0.001979  0.001971
  0.001956  0.001935  0.001907  0.001872  0.001830  0.001783  0.001730  0.001671
  0.001608  0.001541  0.001471  0.001398  0.001323  0.001245  0.001166  0.001085
  0.001003  0.000921  0.000838  0.000755  0.000672  0.000590  0.000508  0.000428
  0.000349  0.000263  0.000000  0.000000  0.000000  0.000000  0.000000  0.000000
  0.000000  0.000000  0.000000  0.000000  0.000000  0.000000  0.000000  0.000000
  0.000000  0.000000  0.000000  0.000000  0.000000  0.000000  0.000000
  1.000000  0.000000
  0.291855  0.291862  0.291867  0.291872  0.291876  0.291880  0.291883  0.291886
  0.291888  0.291890  0.291892  0.291893  0.291895  0.291896  0.291897  0.291898
  0.291899  0.291900  0.291901  0.291901  0.291902  0.291903  0.291904  0.291905
  0.291906  0.291907  0.291909  0.291910  0.291911  0.291913  0.291915  0.291917
  0.291919  0.291921  0.291923  0.291925  0.291928  0.291931  0.291934  0.291937
  0.291941  0.291945  0.291949  0.291953  0.291958  0.291963  0.291969  0.291975
  0.291981  0.291988  0.291996  0.292004  0.292014  0.292024  0.292035  0.292046
  0.292058  0.292071  0.292083  0.292096  0.292109  0.292122  0.292135  0.292148
  0.292161  0.292175  0.292188  0.292201  0.292214  0.292227  0.292240  0.292253
  0.292265  0.292276  0.292287  0.292298  0.292308  0.292318  0.292327  0.292336
  0.292344  0.292352  0.292360  0.292367  0.292373  0.292380  0.292386  0.292391
  0.292397  0.292401  0.292406  0.292408  0.292411  0.292413  0.292416  0.292418
  0.292421  0.292424  0.292427  0.292430  0.292433  0.292436  0.292439  0.292442
  0.292445  0.292447  0.292450  0.292452  0.292454  0.292455  0.292456
 ***************************************************************
  ROW NUMBER          12  SECTION NUMBER            2
           0           0           0  IF_DESIGN etc 
   1.00000   0.00000    0
  0.192598  0.192983  0.193328  0.193637  0.193915  0.194163  0.194386  0.194586
  0.194765  0.194926  0.195070  0.195199  0.195315  0.195419  0.195512  0.195595
  0.195670  0.195737  0.195797  0.195851  0.195899  0.195948  0.195998  0.196051
  0.196107  0.196165  0.196226  0.196291  0.196359  0.196431  0.196506  0.196585
  0.196669  0.196757  0.196850  0.196948  0.197050  0.197158  0.197270  0.197389
  0.197513  0.197644  0.197781  0.197925  0.198077  0.198236  0.198404  0.198582
  0.198769  0.198968  0.199182  0.199411  0.199656  0.199915  0.200187  0.200472
  0.200764  0.201059  0.201355  0.201651  0.201946  0.202239  0.202530  0.202821
  0.203112  0.203405  0.203698  0.203991  0.204283  0.204574  0.204860  0.205141
  0.205415  0.205682  0.205941  0.206193  0.206436  0.206672  0.206901  0.207123
  0.207338  0.207546  0.207747  0.207941  0.208128  0.208308  0.208481  0.208647
  0.208806  0.208958  0.209103  0.209248  0.209405  0.209574  0.209756  0.209953
  0.210166  0.210395  0.210643  0.210910  0.211199  0.211511  0.211847  0.212211
  0.212603  0.213026  0.213483  0.213977  0.214509  0.215084  0.215705
  1.000000  0.000000
 -0.014455 -0.013860 -0.013327 -0.012848 -0.012419 -0.012035 -0.011690 -0.011381
 -0.011104 -0.010855 -0.010632 -0.010433 -0.010254 -0.010093 -0.009949 -0.009820
 -0.009704 -0.009601 -0.009508 -0.009424 -0.009349 -0.009162 -0.009054 -0.008957
 -0.008858 -0.008756 -0.008649 -0.008536 -0.008419 -0.008296 -0.008167 -0.008032
 -0.007891 -0.007744 -0.007589 -0.007429 -0.007261 -0.007087 -0.006906 -0.006718
 -0.006522 -0.006318 -0.006106 -0.005886 -0.005657 -0.005419 -0.005172 -0.004914
 -0.004646 -0.004365 -0.004067 -0.003753 -0.003425 -0.003083 -0.002731 -0.002371
 -0.002010 -0.001654 -0.001305 -0.000964 -0.000633 -0.000311  0.000000  0.000303
  0.000600  0.000890  0.001173  0.001448  0.001715  0.001973  0.002220  0.002455
  0.002678  0.002889  0.003088  0.003275  0.003452  0.003618  0.003775  0.003923
  0.004062  0.004193  0.004316  0.004432  0.004540  0.004642  0.004737  0.004826
  0.004909  0.004978  0.004941  0.005049  0.005167  0.005293  0.005430  0.005578
  0.005737  0.005909  0.006095  0.006295  0.006511  0.006745  0.006997  0.007270
  0.007563  0.007881  0.008223  0.008593  0.008992  0.009423  0.009889
  1.000000
  0.000000  0.000000  0.000000  0.000000  0.000000  0.000000  0.000000  0.000000
  0.000000  0.000000  0.000000  0.000000  0.000000  0.000000  0.000000  0.000000
  0.000000  0.000000  0.000000  0.000000  0.000000  0.000250  0.000342  0.000406
  0.000457  0.000500  0.000537  0.000569  0.000600  0.000633  0.000666  0.000701
  0.000737  0.000775  0.000814  0.000854  0.000896  0.000938  0.000982  0.001027
  0.001073  0.001120  0.001169  0.001217  0.001267  0.001318  0.001369  0.001420
  0.001472  0.001524  0.001577  0.001630  0.001682  0.001732  0.001779  0.001822
  0.001859  0.001891  0.001916  0.001934  0.001946  0.001950  0.001949  0.001941
  0.001926  0.001905  0.001877  0.001843  0.001803  0.001756  0.001703  0.001646
  0.001584  0.001518  0.001449  0.001377  0.001303  0.001226  0.001148  0.001069
  0.000988  0.000907  0.000825  0.000743  0.000662  0.000581  0.000501  0.000422
  0.000344  0.000260  0.000000  0.000000  0.000000  0.000000  0.000000  0.000000
  0.000000  0.000000  0.000000  0.000000  0.000000  0.000000  0.000000  0.000000
  0.000000  0.000000  0.000000  0.000000  0.000000  0.000000  0.000000
  1.000000  0.000000
  0.300000  0.300000  0.300000  0.300000  0.300000  0.300000  0.300000  0.300000
  0.300000  0.300000  0.300000  0.300000  0.300000  0.300000  0.300000  0.300000
  0.300000  0.300000  0.300000  0.300000  0.300000  0.300000  0.300000  0.300000
  0.300000  0.300000  0.300000  0.300000  0.300000  0.300000  0.300000  0.300000
  0.300000  0.300000  0.300000  0.300000  0.300000  0.300000  0.300000  0.300000
  0.300000  0.300000  0.300000  0.300000  0.300000  0.300000  0.300000  0.300000
  0.300000  0.300000  0.300000  0.300000  0.300000  0.300000  0.300000  0.300000
  0.300000  0.300000  0.300000  0.300000  0.300000  0.300000  0.300000  0.300000
  0.300000  0.300000  0.300000  0.300000  0.300000  0.300000  0.300000  0.300000
  0.300000  0.300000  0.300000  0.300000  0.300000  0.300000  0.300000  0.300000
  0.300000  0.300000  0.300000  0.300000  0.300000  0.300000  0.300000  0.300000
  0.300000  0.300000  0.300000  0.300000  0.300000  0.300000  0.300000  0.300000
  0.300000  0.300000  0.300000  0.300000  0.300000  0.300000  0.300000  0.300000
  0.300000  0.300000  0.300000  0.300000  0.300000  0.300000  0.300000
 ***************************************************************
  ROW NUMBER          12  SECTION NUMBER            3
           0           0           0  IF_DESIGN etc 
   1.00000   0.00000    0
  0.192596  0.192981  0.193326  0.193636  0.193913  0.194162  0.194385  0.194585
  0.194764  0.194925  0.195069  0.195198  0.195314  0.195418  0.195511  0.195595
  0.195669  0.195737  0.195797  0.195851  0.195899  0.195947  0.195998  0.196051
  0.196107  0.196165  0.196226  0.196291  0.196359  0.196431  0.196506  0.196586
  0.196669  0.196758  0.196850  0.196948  0.197050  0.197158  0.197271  0.197389
  0.197514  0.197644  0.197782  0.197926  0.198078  0.198237  0.198405  0.198582
  0.198769  0.198968  0.199183  0.199412  0.199657  0.199916  0.200188  0.200473
  0.200765  0.201060  0.201356  0.201651  0.201946  0.202239  0.202530  0.202821
  0.203113  0.203405  0.203698  0.203991  0.204283  0.204574  0.204860  0.205141
  0.205415  0.205682  0.205941  0.206193  0.206436  0.206672  0.206901  0.207123
  0.207338  0.207546  0.207747  0.207941  0.208128  0.208308  0.208481  0.208647
  0.208806  0.208958  0.209103  0.209248  0.209405  0.209574  0.209756  0.209953
  0.210166  0.210396  0.210644  0.210911  0.211200  0.211512  0.211849  0.212213
  0.212605  0.213029  0.213486  0.213980  0.214513  0.215088  0.215710
  1.000000  0.000000
 -0.014104 -0.013523 -0.013003 -0.012537 -0.012119 -0.011744 -0.011408 -0.011107
 -0.010837 -0.010594 -0.010377 -0.010183 -0.010008 -0.009852 -0.009711 -0.009586
 -0.009473 -0.009372 -0.009281 -0.009200 -0.009127 -0.008943 -0.008837 -0.008742
 -0.008646 -0.008546 -0.008441 -0.008332 -0.008217 -0.008097 -0.007971 -0.007839
 -0.007702 -0.007558 -0.007407 -0.007250 -0.007087 -0.006917 -0.006740 -0.006556
 -0.006364 -0.006165 -0.005958 -0.005744 -0.005520 -0.005288 -0.005047 -0.004795
 -0.004534 -0.004259 -0.003968 -0.003662 -0.003341 -0.003008 -0.002664 -0.002313
 -0.001961 -0.001614 -0.001273 -0.000940 -0.000617 -0.000304  0.000000  0.000296
  0.000585  0.000868  0.001143  0.001411  0.001671  0.001923  0.002163  0.002392
  0.002609  0.002814  0.003008  0.003191  0.003362  0.003524  0.003677  0.003820
  0.003956  0.004083  0.004203  0.004315  0.004420  0.004519  0.004611  0.004698
  0.004778  0.004846  0.004807  0.004913  0.005027  0.005151  0.005284  0.005428
  0.005584  0.005752  0.005933  0.006129  0.006340  0.006568  0.006814  0.007080
  0.007367  0.007676  0.008011  0.008372  0.008761  0.009182  0.009636
  1.000000
  0.000000  0.000000  0.000000  0.000000  0.000000  0.000000  0.000000  0.000000
  0.000000  0.000000  0.000000  0.000000  0.000000  0.000000  0.000000  0.000000
  0.000000  0.000000  0.000000  0.000000  0.000000  0.000247  0.000338  0.000401
  0.000451  0.000494  0.000530  0.000562  0.000592  0.000624  0.000658  0.000692
  0.000728  0.000765  0.000803  0.000843  0.000884  0.000926  0.000969  0.001014
  0.001059  0.001106  0.001153  0.001202  0.001251  0.001301  0.001351  0.001402
  0.001453  0.001504  0.001557  0.001609  0.001660  0.001709  0.001755  0.001798
  0.001835  0.001866  0.001891  0.001909  0.001920  0.001925  0.001923  0.001915
  0.001901  0.001880  0.001853  0.001819  0.001779  0.001733  0.001681  0.001624
  0.001563  0.001498  0.001430  0.001359  0.001286  0.001210  0.001133  0.001055
  0.000975  0.000895  0.000814  0.000734  0.000653  0.000573  0.000494  0.000416
  0.000339  0.000257  0.000000  0.000000  0.000000  0.000000  0.000000  0.000000
  0.000000  0.000000  0.000000  0.000000  0.000000  0.000000  0.000000  0.000000
  0.000000  0.000000  0.000000  0.000000  0.000000  0.000000  0.000000
  1.000000  0.000000
  0.308145  0.308138  0.308133  0.308128  0.308124  0.308120  0.308117  0.308114
  0.308112  0.308110  0.308108  0.308107  0.308105  0.308104  0.308103  0.308102
  0.308101  0.308100  0.308099  0.308099  0.308098  0.308097  0.308096  0.308095
  0.308094  0.308093  0.308091  0.308090  0.308089  0.308087  0.308085  0.308083
  0.308081  0.308079  0.308077  0.308075  0.308072  0.308069  0.308066  0.308063
  0.308059  0.308055  0.308051  0.308047  0.308042  0.308037  0.308031  0.308025
  0.308019  0.308012  0.308004  0.307996  0.307986  0.307976  0.307965  0.307954
  0.307942  0.307929  0.307916  0.307904  0.307891  0.307878  0.307865  0.307852
  0.307838  0.307825  0.307812  0.307799  0.307786  0.307773  0.307760  0.307747
  0.307735  0.307724  0.307713  0.307702  0.307692  0.307682  0.307673  0.307664
  0.307656  0.307648  0.307640  0.307633  0.307627  0.307620  0.307614  0.307609
  0.307603  0.307599  0.307594  0.307592  0.307589  0.307587  0.307584  0.307582
  0.307579  0.307576  0.307573  0.307570  0.307567  0.307564  0.307561  0.307558
  0.307555  0.307553  0.307550  0.307548  0.307546  0.307545  0.307544
  STARTING INLET BOUNDARY CONDITION DATA .
  NUMBER OF POINTS FOR INLET BOUNDARY CONDITIONS 
        37
  SPACING OF INLET BOUNDARY CONDITION POINTS 
  1.000000  1.250000  1.562500  1.953125  2.441406  3.051758  3.814697  4.768372
  5.960464  7.450581  9.313226 11.641532 14.551915 18.189894 20.000000 20.000000
 20.000000 20.000000 20.000000 20.000000 20.000000 20.000000 18.189894 14.551915
 11.641532  9.313226  7.450581  5.960464  4.768372  3.814697  3.051758  2.441406
  1.953125  1.562500  1.250000  1.000000
   INLET STAGNATION PRESSURES 
  101320.0  101320.0  101320.0  101320.0  101320.0  101320.0  101320.0  101320.0
  101320.0  101320.0  101320.0  101320.0  101320.0  101320.0  101320.0  101320.0
  101320.0  101320.0  101320.0  101320.0  101320.0  101320.0  101320.0  101320.0
  101320.0  101320.0  101320.0  101320.0  101320.0  101320.0  101320.0  101320.0
  101320.0  101320.0  101320.0  101320.0  101320.0
   INLET STAGNATION TEMPERATURES 
  288.1500  288.1500  288.1500  288.1500  288.1500  288.1500  288.1500  288.1500
  288.1500  288.1500  288.1500  288.1500  288.1500  288.1500  288.1500  288.1500
  288.1500  288.1500  288.1500  288.1500  288.1500  288.1500  288.1500  288.1500
  288.1500  288.1500  288.1500  288.1500  288.1500  288.1500  288.1500  288.1500
  288.1500  288.1500  288.1500  288.1500  288.1500
   INLET ABSOLUTE TANGENTIAL VELOCITY 
    0.0000    0.0000    0.0000    0.0000    0.0000    0.0000    0.0000    0.0000
    0.0000    0.0000    0.0000    0.0000    0.0000    0.0000    0.0000    0.0000
    0.0000    0.0000    0.0000    0.0000    0.0000    0.0000    0.0000    0.0000
    0.0000    0.0000    0.0000    0.0000    0.0000    0.0000    0.0000    0.0000
    0.0000    0.0000    0.0000    0.0000    0.0000
   INLET MERIDIONAL VELOCITY 
  166.0267  166.0267  166.0268  166.0268  166.0267  166.0267  166.0267  166.0267
  166.0267  166.0267  166.0267  166.0267  166.0267  166.0267  166.0267  166.0267
  166.0267  166.0267  166.0267  166.0267  166.0267  166.0267  166.0267  166.0267
  166.0267  166.0267  166.0267  166.0267  166.0267  166.0267  166.0267  166.0267
  166.0267  166.0267  166.0267  166.0267  166.0267
   INLET MERIDIONAL YAW ANGLE  
   38.0099   38.0099   38.0099   38.0099   38.0099   38.0099   38.0099   38.0099
   38.0099   38.0099   38.0099   38.0099   38.0099   38.0099   38.0099   38.0099
   38.0099   38.0099   38.0099   38.0099   38.0099   38.0099   38.0099   38.0099
   38.0099   38.0099   38.0099   38.0099   38.0099   38.0099   38.0099   38.0099
   38.0099   38.0099   38.0099   38.0099   38.0099
   INLET PITCH ANGLE 
   -0.6697   -0.6657   -0.6607   -0.6544   -0.6466   -0.6368   -0.6245   -0.6092
   -0.5901   -0.5662   -0.5363   -0.4989   -0.4522   -0.3939   -0.3209   -0.2407
   -0.1605   -0.0802    0.0000    0.0802    0.1605    0.2407    0.3209    0.3939
    0.4522    0.4989    0.5363    0.5662    0.5901    0.6092    0.6245    0.6368
    0.6466    0.6544    0.6607    0.6657    0.6697
   PDOWN_HUB   PDOWN_TIP 
  662108.5  662108.5
 MIXING LENGTH LIMITS ON ALL BLADE ROWS
  0.050000  0.050000  0.050000  0.050000  0.050000  0.030000
  0.050000  0.050000  0.050000  0.050000  0.050000  0.030000
  0.050000  0.050000  0.050000  0.050000  0.050000  0.030000
  0.050000  0.050000  0.050000  0.050000  0.050000  0.030000
  0.050000  0.050000  0.050000  0.050000  0.050000  0.030000
  0.050000  0.050000  0.050000  0.050000  0.050000  0.030000
  0.050000  0.050000  0.050000  0.050000  0.050000  0.030000
  0.050000  0.050000  0.050000  0.050000  0.050000  0.030000
  0.050000  0.050000  0.050000  0.050000  0.050000  0.030000
  0.050000  0.050000  0.050000  0.050000  0.050000  0.030000
  0.050000  0.050000  0.050000  0.050000  0.050000  0.030000
  0.050000  0.050000  0.050000  0.050000  0.050000  0.030000
  FACTOR TO INCREASE THE TURBULENT VISCOSITY OVER THE FIRST NMIXUP STEPS 
   2.00000 1000
